customer_id;plan_id;signup_date;termination_date;percentage_discount
C354316;PLN002;42736;;0.00
C380045;PLN005;42736;43101;0.00
C145069;PLN006;42767;43132;0.00
C252920;PLN002;42767;;0.00
C329347;PLN004;42767;43132;0.00
C342702;PLN006;42767;43132;0.00
C26694;PLN002;42795;;0.00
C346360;PLN002;42795;;0.00
C438953;PLN006;42795;43160;0.00
C188494;PLN003;42826;43191;0.00
C264218;PLN004;42826;43191;0.00
C327192;PLN004;42826;43191;0.00
C342131;PLN003;42826;43191;0.00
C353034;PLN003;42826;43191;0.00
C381185;PLN006;42826;43191;0.00
C441592;PLN001;42826;;0.07
C147333;PLN003;42856;43221;0.00
C20095;PLN002;42887;;0.00
C449050;PLN001;42917;;0.00
C456850;PLN002;42917;;0.00
C250698;PLN004;42948;43313;0.00
C45628;PLN005;42948;43313;0.00
C145191;PLN006;42979;43344;0.05
C151555;PLN005;42979;43344;0.00
C199858;PLN006;42979;43344;0.00
C361372;PLN005;42979;43344;0.00
C179414;PLN002;43009;;0.00
C196277;PLN001;43009;;0.00
C376558;PLN001;43009;;0.10
C101045;PLN005;43040;43405;0.00
C117760;PLN005;43040;43405;0.05
C290188;PLN002;43040;;0.00
C318997;PLN001;43040;;0.00
C331621;PLN003;43040;43405;0.00
C345694;PLN005;43040;43405;0.00
C123504;PLN006;43070;43435;0.00
C384560;PLN004;43070;43435;0.00
C448809;PLN002;43070;;0.00
C198732;PLN003;42748;43113;0.00
C312470;PLN005;42748;43113;0.00
C406329;PLN002;42749;;0.00
C451766;PLN006;42749;43114;0.00
C412444;PLN004;42750;43115;0.00
C114810;PLN003;42751;43116;0.00
C123809;PLN004;42751;43116;0.07
C195211;PLN003;42751;43116;0.00
C228693;PLN003;42751;43116;0.00
C285114;PLN002;42751;;0.00
C131242;PLN004;42752;43117;0.00
C170291;PLN005;42752;43117;0.05
C273527;PLN004;42752;43117;0.04
C294519;PLN003;42752;43117;0.00
C346897;PLN002;42752;;0.00
C39442;PLN001;42752;;0.00
C432840;PLN003;42752;43117;0.00
C109216;PLN001;42753;;0.00
C132018;PLN006;42753;43118;0.00
C41119;PLN001;42753;;0.00
C421085;PLN006;42753;43118;0.00
C446060;PLN001;42753;;0.02
C124173;PLN001;42754;;0.09
C131401;PLN006;42754;43119;0.00
C270782;PLN001;42754;;0.00
C27286;PLN006;42754;43119;0.05
C33443;PLN006;42754;43119;0.00
C349843;PLN006;42754;43119;0.01
C368597;PLN003;42754;43119;0.10
C182356;PLN002;42755;;0.00
C283116;PLN004;42755;43120;0.00
C391422;PLN003;42755;43120;0.00
C409265;PLN003;42755;43120;0.00
C265332;PLN006;42756;43121;0.01
C339470;PLN003;42756;43121;0.00
C420458;PLN006;42756;43121;0.00
C293678;PLN003;42757;43122;0.00
C431751;PLN001;42757;;0.02
C181191;PLN004;42758;43123;0.00
C374473;PLN003;42758;43123;0.10
C126644;PLN004;42759;43124;0.00
C358640;PLN001;42759;;0.00
C283789;PLN005;42760;43125;0.05
C292552;PLN004;42760;43125;0.00
C394872;PLN004;42760;43125;0.00
C404328;PLN004;42760;43125;0.00
C435983;PLN006;42760;43125;0.03
C436205;PLN003;42760;43125;0.00
C196558;PLN003;42761;43126;0.00
C288331;PLN006;42761;43126;0.00
C365568;PLN004;42761;43126;0.00
C383623;PLN005;42761;43126;0.00
C435523;PLN006;42761;43126;0.00
C438147;PLN002;42761;;0.00
C457858;PLN004;42761;43126;0.00
C112113;PLN004;42762;43127;0.00
C132828;PLN005;42762;43127;0.00
C146853;PLN001;42762;;0.05
C330812;PLN003;42762;43127;0.00
C432308;PLN001;42762;;0.00
C162264;PLN006;42763;43128;0.00
C238457;PLN002;42763;;0.00
C108004;PLN005;42764;43129;0.00
C161888;PLN001;42764;;0.10
C313435;PLN004;42764;43129;0.00
C139916;PLN004;42765;43130;0.00
C363831;PLN003;42765;43130;0.04
C406914;PLN005;42765;43130;0.00
C339617;PLN003;42766;43131;0.00
C388327;PLN001;42766;;0.00
C4398;PLN001;42766;;0.00
C109901;PLN001;42768;;0.00
C146731;PLN005;42768;43133;0.00
C160769;PLN004;42796;43161;0.00
C272784;PLN001;42796;;0.00
C445589;PLN002;42796;;0.00
C196568;PLN002;42827;;0.00
C321928;PLN003;42827;43192;0.00
C402926;PLN006;42857;43222;0.00
C107154;PLN006;42888;43253;0.00
C139812;PLN004;42888;43253;0.00
C292630;PLN006;42888;43253;0.00
C371394;PLN006;42888;43253;0.00
C395367;PLN001;42888;;0.00
C422040;PLN005;42888;43253;0.00
C340940;PLN005;42918;43283;0.00
C359684;PLN006;42918;43283;0.00
C189638;PLN004;42949;43314;0.00
C238832;PLN001;42949;;0.00
C257453;PLN005;42949;43314;0.00
C17384;PLN003;42980;43345;0.00
C22521;PLN005;42980;43345;0.00
C229924;PLN006;42980;43345;0.00
C314786;PLN003;42980;43345;0.00
C344210;PLN003;42980;43345;0.00
C23738;PLN004;43010;43375;0.00
C31064;PLN004;43010;43375;0.00
C361099;PLN002;43010;;0.00
C364477;PLN001;43010;;0.00
C390244;PLN004;43010;43375;0.00
C121405;PLN006;43041;43406;0.00
C210610;PLN006;43041;43406;0.00
C373245;PLN004;43041;43406;0.00
C43362;PLN004;43041;43406;0.02
C440246;PLN002;43041;;0.00
C110516;PLN003;43071;43436;0.00
C167163;PLN005;43071;43436;0.03
C129416;PLN001;42779;;0.00
C267219;PLN005;42779;43144;0.00
C281448;PLN005;42779;43144;0.00
C295852;PLN002;42779;;0.00
C317648;PLN006;42779;43144;0.00
C431579;PLN004;42779;43144;0.00
C112706;PLN006;42780;43145;0.00
C166273;PLN004;42780;43145;0.00
C188437;PLN006;42780;43145;0.00
C304061;PLN005;42780;43145;0.00
C309826;PLN004;42780;43145;0.00
C340732;PLN001;42780;;0.00
C122813;PLN003;42781;43146;0.00
C157693;PLN004;42781;43146;0.00
C396927;PLN004;42781;43146;0.00
C397036;PLN001;42781;;0.00
C417119;PLN005;42781;43146;0.00
C126424;PLN005;42782;43147;0.00
C133321;PLN003;42782;43147;0.06
C216629;PLN002;42782;;0.00
C350279;PLN002;42782;;0.07
C367319;PLN001;42783;;0.00
C38830;PLN006;42784;43149;0.00
C124969;PLN006;42785;43150;0.00
C126040;PLN002;42785;;0.00
C226189;PLN004;42785;43150;0.08
C282091;PLN002;42785;;0.00
C357053;PLN006;42785;43150;0.05
C451062;PLN005;42785;43150;0.00
C145834;PLN002;42786;;0.00
C146427;PLN005;42786;43151;0.00
C181008;PLN006;42786;43151;0.00
C210985;PLN006;42786;43151;0.00
C240539;PLN005;42786;43151;0.00
C407930;PLN004;42786;43151;0.00
C179513;PLN006;42787;43152;0.00
C290968;PLN006;42787;43152;0.00
C337991;PLN004;42788;43153;0.00
C149598;PLN006;42789;43154;0.00
C157545;PLN003;42789;43154;0.00
C168861;PLN006;42789;43154;0.00
C22627;PLN002;42789;;0.00
C276106;PLN003;42789;43154;0.00
C380767;PLN004;42789;43154;0.01
C252293;PLN002;42790;;0.00
C294169;PLN006;42790;43155;0.00
C38187;PLN004;42790;43155;0.00
C130398;PLN006;42791;43156;0.00
C184430;PLN005;42791;43156;0.00
C196036;PLN003;42791;43156;0.00
C217093;PLN003;42791;43156;0.00
C337670;PLN003;42791;43156;0.00
C440745;PLN003;42791;43156;0.00
C161677;PLN006;42792;43157;0.06
C234373;PLN006;42792;43157;0.00
C263862;PLN001;42792;;0.05
C433931;PLN003;42792;43157;0.05
C360610;PLN005;42794;43159;0.00
C40258;PLN006;42794;43159;0.00
C449747;PLN003;42794;43159;0.00
C129416;PLN003;42738;43103;0.00
C372589;PLN003;42738;43103;0.00
C209292;PLN005;42769;43134;0.00
C41825;PLN003;42769;43134;0.00
C45521;PLN003;42769;43134;0.00
C344938;PLN001;42797;;0.00
C432427;PLN006;42797;43162;0.00
C272667;PLN006;42828;43193;0.00
C304167;PLN005;42828;43193;0.00
C415751;PLN001;42828;;0.00
C126462;PLN003;42858;43223;0.03
C14721;PLN004;42858;43223;0.00
C22627;PLN005;42858;43223;0.00
C441501;PLN004;42858;43223;0.00
C185759;PLN006;42889;43254;0.00
C265742;PLN002;42889;;0.00
C401533;PLN005;42889;43254;0.00
C446916;PLN002;42889;;0.00
C109347;PLN004;42919;43284;0.05
C356681;PLN002;42919;;0.10
C449838;PLN004;42919;43284;0.00
C102373;PLN005;42950;43315;0.00
C131623;PLN006;42950;43315;0.00
C134731;PLN006;42950;43315;0.00
C143719;PLN003;42950;43315;0.07
C360538;PLN001;42950;;0.00
C441108;PLN004;42950;43315;0.00
C15666;PLN002;42981;;0.00
C176004;PLN003;42981;43346;0.00
C263243;PLN006;42981;43346;0.00
C379358;PLN001;42981;;0.00
C435636;PLN001;42981;;0.00
C451810;PLN003;42981;43346;0.00
C139981;PLN003;43011;43376;0.09
C144295;PLN002;43011;;0.00
C166322;PLN006;43011;43376;0.00
C28559;PLN003;43011;43376;0.00
C433882;PLN003;43011;43376;0.00
C125243;PLN004;43042;43407;0.00
C291461;PLN006;43042;43407;0.00
C442418;PLN004;43042;43407;0.00
C310845;PLN001;43072;;0.00
C135226;PLN003;42807;43172;0.00
C180639;PLN001;42807;;0.00
C247312;PLN006;42807;43172;0.00
C320480;PLN006;42807;43172;0.00
C420894;PLN003;42807;43172;0.00
C166791;PLN006;42808;43173;0.00
C245245;PLN004;42808;43173;0.00
C291834;PLN006;42808;43173;0.00
C37315;PLN002;42808;;0.00
C218512;PLN002;42809;;0.00
C264322;PLN004;42809;43174;0.00
C110048;PLN006;42810;43175;0.00
C29613;PLN005;42810;43175;0.00
C311597;PLN001;42810;;0.00
C394872;PLN002;42810;;0.00
C141152;PLN002;42811;;0.00
C174805;PLN006;42811;43176;0.00
C311581;PLN001;42811;;0.00
C417637;PLN006;42811;43176;0.00
C100823;PLN004;42812;43177;0.00
C163645;PLN003;42813;43178;0.05
C351862;PLN002;42813;;0.00
C366950;PLN006;42813;43178;0.08
C424377;PLN004;42813;43178;0.00
C451376;PLN005;42813;43178;0.03
C41293;PLN003;42814;43179;0.00
C193590;PLN005;42815;43180;0.00
C269792;PLN003;42815;43180;0.00
C454079;PLN005;42815;43180;0.10
C175257;PLN003;42816;43181;0.00
C237838;PLN003;42816;43181;0.00
C431794;PLN006;42816;43181;0.00
C453534;PLN006;42816;43181;0.00
C142885;PLN006;42817;43182;0.00
C196558;PLN005;42817;43182;0.00
C218684;PLN005;42817;43182;0.06
C279313;PLN004;42817;43182;0.00
C234440;PLN005;42818;43183;0.00
C109377;PLN006;42819;43184;0.00
C150954;PLN005;42819;43184;0.00
C272011;PLN005;42819;43184;0.00
C375244;PLN001;42819;;0.00
C427404;PLN005;42819;43184;0.00
C428632;PLN005;42819;43184;0.01
C453894;PLN002;42819;;0.00
C207901;PLN006;42820;43185;0.00
C293406;PLN001;42820;;0.00
C316329;PLN003;42820;43185;0.00
C357733;PLN003;42820;43185;0.00
C191530;PLN003;42821;43186;0.00
C244935;PLN004;42821;43186;0.10
C3404;PLN002;42821;;0.00
C370563;PLN006;42821;43186;0.00
C394094;PLN003;42821;43186;0.00
C197929;PLN002;42822;;0.00
C20805;PLN005;42822;43187;0.00
C319528;PLN001;42822;;0.00
C322526;PLN004;42822;43187;0.00
C114297;PLN003;42823;43188;0.00
C141279;PLN002;42823;;0.00
C456879;PLN003;42823;43188;0.06
C359415;PLN002;42824;;0.07
C409605;PLN001;42824;;0.00
C16791;PLN005;42825;43190;0.01
C353158;PLN005;42825;43190;0.07
C416497;PLN001;42825;;0.04
C425915;PLN005;42825;43190;0.00
C442127;PLN001;42825;;0.04
C452784;PLN006;42825;43190;0.08
C403700;PLN002;42770;;0.00
C42433;PLN003;42770;43135;0.00
C123404;PLN006;42798;43163;0.00
C139925;PLN004;42798;43163;0.00
C265856;PLN005;42798;43163;0.00
C296856;PLN006;42798;43163;0.00
C130822;PLN006;42829;43194;0.00
C225885;PLN004;42829;43194;0.00
C285627;PLN006;42829;43194;0.00
C313444;PLN006;42829;43194;0.00
C212721;PLN002;42859;;0.00
C135895;PLN003;42890;43255;0.07
C201712;PLN002;42890;;0.00
C401285;PLN004;42890;43255;0.00
C452644;PLN006;42890;43255;0.01
C206792;PLN005;42920;43285;0.00
C414465;PLN003;42920;43285;0.00
C14162;PLN002;42951;;0.00
C161677;PLN005;42951;43316;0.00
C166011;PLN005;42951;43316;0.04
C286546;PLN001;42951;;0.00
C347342;PLN004;42951;43316;0.00
C178935;PLN002;42982;;0.00
C293056;PLN001;42982;;0.00
C318921;PLN002;42982;;0.00
C158835;PLN002;43012;;0.00
C366555;PLN004;43012;43377;0.00
C153397;PLN004;43043;43408;0.00
C262872;PLN006;43043;43408;0.00
C277094;PLN004;43043;43408;0.00
C256297;PLN004;43073;43438;0.00
C385121;PLN004;43073;43438;0.00
C194664;PLN001;42838;;0.00
C332893;PLN002;42838;;0.00
C358684;PLN004;42838;43203;0.04
C43777;PLN001;42838;;0.00
C215244;PLN003;42839;43204;0.00
C375240;PLN006;42839;43204;0.00
C356609;PLN004;42840;43205;0.00
C111905;PLN005;42841;43206;0.00
C339470;PLN002;42841;;0.00
C187774;PLN002;42842;;0.00
C299386;PLN003;42842;43207;0.00
C316329;PLN006;42842;43207;0.00
C387926;PLN005;42842;43207;0.08
C242587;PLN004;42843;43208;0.00
C299301;PLN006;42843;43208;0.00
C21163;PLN001;42844;;0.00
C458943;PLN003;42844;43209;0.04
C165038;PLN002;42845;;0.00
C112706;PLN002;42846;;0.00
C284489;PLN005;42846;43211;0.09
C216315;PLN006;42847;43212;0.00
C23309;PLN006;42847;43212;0.00
C336643;PLN003;42847;43212;0.00
C421439;PLN006;42847;43212;0.00
C110988;PLN005;42848;43213;0.00
C348867;PLN005;42848;43213;0.00
C398167;PLN004;42848;43213;0.00
C415307;PLN004;42848;43213;0.00
C160633;PLN005;42849;43214;0.00
C331005;PLN004;42849;43214;0.00
C332203;PLN005;42849;43214;0.00
C193771;PLN004;42850;43215;0.00
C354618;PLN004;42850;43215;0.04
C116158;PLN002;42851;;0.00
C335497;PLN002;42851;;0.07
C337129;PLN003;42851;43216;0.00
C434846;PLN002;42851;;0.00
C109150;PLN004;42852;43217;0.00
C127814;PLN004;42852;43217;0.03
C147222;PLN003;42852;43217;0.00
C291088;PLN004;42852;43217;0.00
C426063;PLN005;42852;43217;0.00
C188029;PLN006;42854;43219;0.00
C269569;PLN003;42854;43219;0.00
C312044;PLN001;42854;;0.00
C217768;PLN001;42855;;0.00
C244212;PLN004;42855;43220;0.00
C408575;PLN004;42855;43220;0.00
C227771;PLN006;42740;43105;0.09
C292689;PLN003;42740;43105;0.00
C439729;PLN003;42740;43105;0.00
C456644;PLN006;42740;43105;0.00
C106449;PLN005;42799;43164;0.00
C181467;PLN005;42799;43164;0.00
C33659;PLN003;42799;43164;0.00
C151861;PLN003;42830;43195;0.00
C228867;PLN004;42830;43195;0.00
C141303;PLN001;42860;;0.00
C141741;PLN003;42860;43225;0.08
C184724;PLN001;42891;;0.00
C244299;PLN004;42891;43256;0.00
C314802;PLN002;42891;;0.00
C200297;PLN006;42921;43286;0.00
C10444;PLN002;42952;;0.05
C200983;PLN006;42952;43317;0.00
C245789;PLN001;42952;;0.00
C355070;PLN003;42952;43317;0.00
C414080;PLN006;42952;43317;0.00
C408617;PLN002;42983;;0.00
C452860;PLN002;42983;;0.00
C189143;PLN006;43013;43378;0.00
C18943;PLN004;43044;43409;0.00
C239761;PLN006;43044;43409;0.00
C248666;PLN003;43044;43409;0.00
C263790;PLN003;43044;43409;0.06
C266675;PLN002;43044;;0.00
C287022;PLN004;43044;43409;0.00
C437337;PLN005;43044;43409;0.00
C198163;PLN006;43074;43439;0.00
C341997;PLN001;43074;;0.00
C369408;PLN003;43074;43439;0.00
C401571;PLN006;43074;43439;0.01
C176340;PLN005;42868;43233;0.00
C323932;PLN003;42868;43233;0.00
C135226;PLN006;42869;43234;0.00
C140722;PLN001;42869;;0.00
C151363;PLN004;42869;43234;0.00
C165524;PLN006;42869;43234;0.00
C264165;PLN002;42869;;0.00
C376768;PLN006;42869;43234;0.00
C446712;PLN002;42869;;0.00
C153139;PLN002;42870;;0.00
C211879;PLN006;42870;43235;0.00
C276212;PLN003;42870;43235;0.00
C352291;PLN003;42870;43235;0.02
C434272;PLN003;42870;43235;0.00
C365850;PLN006;42871;43236;0.00
C429396;PLN003;42871;43236;0.00
C436751;PLN005;42871;43236;0.00
C128639;PLN001;42872;;0.00
C147332;PLN002;42872;;0.03
C168424;PLN002;42872;;0.00
C275728;PLN004;42872;43237;0.00
C282091;PLN005;42872;43237;0.00
C399438;PLN002;42872;;0.00
C15353;PLN006;42873;43238;0.00
C164477;PLN004;42873;43238;0.00
C276538;PLN005;42873;43238;0.00
C44174;PLN001;42873;;0.00
C148955;PLN001;42874;;0.00
C188092;PLN002;42874;;0.00
C42784;PLN006;42874;43239;0.00
C111175;PLN005;42875;43240;0.00
C177830;PLN003;42875;43240;0.00
C177968;PLN004;42875;43240;0.00
C178625;PLN004;42875;43240;0.00
C274278;PLN002;42876;;0.00
C393862;PLN005;42876;43241;0.00
C147455;PLN003;42877;43242;0.00
C265473;PLN002;42877;;0.00
C350112;PLN001;42877;;0.00
C378755;PLN004;42877;43242;0.00
C237500;PLN003;42878;43243;0.00
C359410;PLN002;42878;;0.00
C350112;PLN003;42879;43244;0.00
C158432;PLN001;42880;;0.00
C193015;PLN006;42880;43245;0.00
C218395;PLN003;42880;43245;0.00
C281117;PLN003;42880;43245;0.00
C351837;PLN006;42880;43245;0.00
C142239;PLN005;42881;43246;0.00
C143321;PLN001;42881;;0.00
C202044;PLN003;42881;43246;0.00
C206792;PLN001;42881;;0.00
C258744;PLN005;42881;43246;0.00
C132462;PLN006;42882;43247;0.00
C198483;PLN005;42882;43247;0.00
C182924;PLN004;42883;43248;0.00
C191355;PLN002;42883;;0.00
C294010;PLN005;42884;43249;0.00
C301073;PLN002;42884;;0.00
C366171;PLN006;42884;43249;0.00
C38307;PLN004;42884;43249;0.00
C425013;PLN003;42884;43249;0.00
C3404;PLN005;42885;43250;0.00
C433479;PLN003;42885;43250;0.03
C242587;PLN002;42886;;0.00
C270227;PLN006;42886;43251;0.00
C330868;PLN004;42886;43251;0.06
C335229;PLN002;42886;;0.00
C430097;PLN003;42886;43251;0.00
C136554;PLN006;42741;43106;0.00
C14162;PLN003;42741;43106;0.00
C273580;PLN006;42741;43106;0.00
C319692;PLN003;42741;43106;0.07
C360348;PLN003;42741;43106;0.00
C368852;PLN004;42741;43106;0.10
C431840;PLN004;42741;43106;0.00
C439904;PLN006;42741;43106;0.00
C457141;PLN002;42741;;0.00
C31823;PLN002;42772;;0.00
C132847;PLN005;42800;43165;0.00
C205153;PLN006;42800;43165;0.00
C230769;PLN003;42800;43165;0.00
C267400;PLN001;42800;;0.07
C397794;PLN002;42800;;0.00
C439354;PLN005;42800;43165;0.00
C127814;PLN003;42831;43196;0.00
C151112;PLN004;42831;43196;0.00
C163118;PLN006;42831;43196;0.00
C345218;PLN004;42831;43196;0.00
C355671;PLN005;42831;43196;0.00
C378247;PLN003;42831;43196;0.00
C181098;PLN006;42861;43226;0.06
C281311;PLN001;42861;;0.00
C337957;PLN006;42861;43226;0.00
C348568;PLN001;42861;;0.00
C374473;PLN005;42861;43226;0.07
C102150;PLN003;42892;43257;0.00
C131764;PLN006;42892;43257;0.00
C238457;PLN003;42892;43257;0.00
C246849;PLN002;42892;;0.00
C267156;PLN004;42892;43257;0.00
C298377;PLN006;42892;43257;0.00
C338564;PLN005;42892;43257;0.03
C350333;PLN006;42892;43257;0.00
C436994;PLN001;42892;;0.00
C110028;PLN001;42922;;0.00
C424714;PLN001;42922;;0.00
C434850;PLN004;42922;43287;0.06
C441592;PLN005;42922;43287;0.00
C170616;PLN001;42953;;0.00
C184430;PLN006;42953;43318;0.00
C199295;PLN004;42953;43318;0.00
C40526;PLN002;42953;;0.00
C151886;PLN006;42984;43349;0.05
C169948;PLN005;42984;43349;0.00
C184415;PLN002;42984;;0.00
C18530;PLN001;42984;;0.00
C194599;PLN006;42984;43349;0.00
C283903;PLN002;42984;;0.00
C298675;PLN001;42984;;0.00
C393215;PLN003;42984;43349;0.00
C103223;PLN006;43014;43379;0.00
C201858;PLN005;43014;43379;0.00
C288457;PLN005;43014;43379;0.00
C421851;PLN003;43014;43379;0.00
C134818;PLN001;43045;;0.00
C143999;PLN001;43045;;0.00
C277398;PLN004;43045;43410;0.00
C279775;PLN005;43045;43410;0.00
C396421;PLN005;43045;43410;0.00
C103223;PLN001;43075;;0.01
C125411;PLN005;43075;43440;0.00
C207002;PLN003;43075;43440;0.00
C185643;PLN005;42899;43264;0.00
C238918;PLN003;42899;43264;0.00
C33362;PLN001;42899;;0.00
C410158;PLN004;42899;43264;0.00
C455374;PLN005;42899;43264;0.00
C165465;PLN002;42900;;0.07
C306338;PLN001;42900;;0.00
C338558;PLN006;42900;43265;0.00
C353354;PLN004;42900;43265;0.00
C386813;PLN005;42900;43265;0.00
C437337;PLN006;42900;43265;0.00
C129570;PLN003;42901;43266;0.00
C165524;PLN004;42901;43266;0.00
C279082;PLN006;42901;43266;0.00
C388990;PLN006;42901;43266;0.10
C153327;PLN004;42902;43267;0.00
C239192;PLN005;42902;43267;0.00
C274036;PLN005;42902;43267;0.00
C345016;PLN005;42902;43267;0.00
C457882;PLN005;42902;43267;0.00
C124251;PLN003;42903;43268;0.03
C295528;PLN002;42903;;0.00
C143157;PLN002;42904;;0.00
C378647;PLN006;42904;43269;0.00
C189864;PLN001;42905;;0.00
C252942;PLN003;42905;43270;0.00
C27186;PLN001;42905;;0.00
C319577;PLN002;42905;;0.00
C440246;PLN004;42905;43270;0.00
C458940;PLN005;42905;43270;0.00
C131683;PLN004;42906;43271;0.00
C160520;PLN006;42906;43271;0.08
C192710;PLN001;42906;;0.00
C23149;PLN003;42906;43271;0.00
C378850;PLN001;42906;;0.00
C173553;PLN001;42907;;0.00
C244474;PLN002;42907;;0.00
C336067;PLN006;42907;43272;0.06
C354612;PLN005;42907;43272;0.00
C391528;PLN006;42907;43272;0.00
C126044;PLN006;42908;43273;0.00
C214255;PLN001;42908;;0.00
C222687;PLN005;42908;43273;0.00
C126234;PLN003;42909;43274;0.07
C126686;PLN003;42909;43274;0.10
C260438;PLN004;42909;43274;0.00
C363737;PLN003;42909;43274;0.00
C369060;PLN004;42909;43274;0.00
C371656;PLN006;42909;43274;0.00
C288609;PLN003;42910;43275;0.00
C293255;PLN003;42910;43275;0.07
C374473;PLN002;42910;;0.00
C17294;PLN003;42911;43276;0.00
C359205;PLN005;42911;43276;0.00
C178635;PLN002;42912;;0.00
C30394;PLN002;42913;;0.08
C370125;PLN003;42913;43278;0.00
C245872;PLN004;42914;43279;0.00
C296494;PLN005;42914;43279;0.02
C345703;PLN004;42914;43279;0.00
C368808;PLN006;42914;43279;0.00
C415510;PLN004;42914;43279;0.00
C418251;PLN004;42914;43279;0.00
C456310;PLN005;42914;43279;0.00
C200897;PLN006;42915;43280;0.00
C244882;PLN001;42915;;0.00
C253419;PLN005;42915;43280;0.06
C373985;PLN006;42915;43280;0.00
C190312;PLN004;42916;43281;0.00
C217768;PLN004;42916;43281;0.00
C344216;PLN002;42916;;0.00
C440621;PLN003;42916;43281;0.02
C441975;PLN003;42916;43281;0.01
C457945;PLN006;42742;43107;0.00
C112706;PLN004;42773;43138;0.00
C117771;PLN006;42773;43138;0.00
C34622;PLN001;42773;;0.00
C35387;PLN006;42801;43166;0.00
C425746;PLN001;42801;;0.00
C137348;PLN003;42832;43197;0.00
C328787;PLN003;42832;43197;0.00
C383528;PLN005;42832;43197;0.00
C175377;PLN001;42862;;0.00
C314257;PLN003;42862;43227;0.00
C101644;PLN003;42893;43258;0.00
C140019;PLN004;42893;43258;0.01
C218376;PLN003;42893;43258;0.00
C299949;PLN004;42893;43258;0.00
C388327;PLN003;42893;43258;0.00
C3962;PLN002;42893;;0.00
C400199;PLN005;42893;43258;0.00
C295680;PLN006;42923;43288;0.00
C31687;PLN003;42923;43288;0.10
C448404;PLN004;42923;43288;0.00
C181467;PLN006;42954;43319;0.00
C194834;PLN004;42954;43319;0.00
C318009;PLN002;42954;;0.03
C356281;PLN005;42954;43319;0.00
C387926;PLN006;42954;43319;0.00
C408569;PLN004;42954;43319;0.00
C425151;PLN003;42954;43319;0.00
C123228;PLN004;42985;43350;0.00
C170096;PLN005;42985;43350;0.02
C176426;PLN004;42985;43350;0.00
C246829;PLN003;42985;43350;0.00
C239759;PLN001;43015;;0.00
C25344;PLN005;43015;43380;0.00
C321782;PLN005;43015;43380;0.00
C388018;PLN006;43015;43380;0.00
C166900;PLN001;43046;;0.00
C253419;PLN003;43046;43411;0.00
C309133;PLN001;43046;;0.00
C342131;PLN006;43046;43411;0.00
C160219;PLN003;43076;43441;0.00
C225094;PLN002;43076;;0.00
C392735;PLN006;43076;43441;0.00
C394129;PLN002;43076;;0.00
C435126;PLN004;43076;43441;0.09
C45537;PLN002;43076;;0.00
C165798;PLN006;42929;43294;0.00
C291060;PLN001;42929;;0.00
C455044;PLN003;42929;43294;0.00
C414663;PLN002;42930;;0.00
C437941;PLN006;42930;43295;0.08
C169786;PLN004;42931;43296;0.00
C380587;PLN002;42931;;0.07
C398336;PLN006;42931;43296;0.10
C226856;PLN006;42932;43297;0.00
C251323;PLN005;42932;43297;0.00
C168000;PLN005;42933;43298;0.00
C26284;PLN003;42933;43298;0.00
C294272;PLN006;42933;43298;0.00
C430300;PLN001;42933;;0.07
C13755;PLN003;42934;43299;0.00
C37219;PLN005;42934;43299;0.00
C186256;PLN003;42935;43300;0.00
C277094;PLN005;42935;43300;0.00
C329922;PLN004;42935;43300;0.00
C373672;PLN005;42935;43300;0.00
C395063;PLN006;42935;43300;0.00
C102570;PLN006;42936;43301;0.00
C239681;PLN002;42936;;0.08
C308671;PLN006;42936;43301;0.00
C422205;PLN004;42936;43301;0.00
C231964;PLN004;42937;43302;0.00
C293239;PLN003;42937;43302;0.00
C146394;PLN005;42938;43303;0.00
C259716;PLN001;42938;;0.00
C144680;PLN001;42939;;0.00
C221834;PLN003;42939;43304;0.00
C341666;PLN001;42940;;0.00
C100811;PLN004;42941;43306;0.00
C308927;PLN001;42941;;0.00
C341997;PLN005;42941;43306;0.00
C205901;PLN006;42942;43307;0.00
C272013;PLN003;42942;43307;0.00
C388542;PLN005;42942;43307;0.00
C259603;PLN003;42943;43308;0.00
C260739;PLN003;42943;43308;0.00
C451614;PLN004;42943;43308;0.00
C15822;PLN006;42944;43309;0.00
C299055;PLN005;42944;43309;0.00
C32600;PLN004;42944;43309;0.00
C449592;PLN003;42944;43309;0.00
C210859;PLN004;42945;43310;0.00
C306527;PLN001;42945;;0.00
C320248;PLN003;42945;43310;0.00
C251071;PLN002;42946;;0.00
C27974;PLN003;42743;43108;0.03
C412288;PLN006;42743;43108;0.00
C433957;PLN006;42743;43108;0.00
C138196;PLN003;42774;43139;0.00
C191786;PLN003;42774;43139;0.00
C195903;PLN006;42774;43139;0.00
C20307;PLN001;42774;;0.00
C293846;PLN003;42774;43139;0.00
C124251;PLN004;42802;43167;0.00
C192233;PLN002;42802;;0.00
C209029;PLN005;42802;43167;0.00
C318550;PLN005;42802;43167;0.00
C110001;PLN003;42833;43198;0.00
C119072;PLN005;42833;43198;0.00
C191959;PLN003;42833;43198;0.10
C259617;PLN005;42833;43198;0.00
C312295;PLN005;42833;43198;0.00
C428775;PLN005;42833;43198;0.06
C201224;PLN003;42863;43228;0.05
C335109;PLN004;42863;43228;0.00
C397548;PLN004;42863;43228;0.00
C137770;PLN004;42894;43259;0.00
C221191;PLN003;42894;43259;0.00
C457647;PLN004;42894;43259;0.00
C104211;PLN005;42924;43289;0.01
C238575;PLN005;42924;43289;0.00
C394681;PLN005;42924;43289;0.05
C396351;PLN003;42924;43289;0.00
C186937;PLN002;42955;;0.00
C196234;PLN006;42955;43320;0.00
C279082;PLN004;42955;43320;0.06
C110709;PLN002;42986;;0.00
C141709;PLN001;42986;;0.00
C212046;PLN006;43016;43381;0.00
C290994;PLN006;43016;43381;0.00
C388270;PLN002;43016;;0.00
C125243;PLN003;43047;43412;0.00
C147691;PLN002;43047;;0.04
C168195;PLN001;43047;;0.00
C358965;PLN003;43047;43412;0.00
C16383;PLN006;43077;43442;0.00
C176362;PLN006;43077;43442;0.00
C190312;PLN006;43077;43442;0.02
C273392;PLN005;43077;43442;0.00
C363863;PLN001;43077;;0.00
C394785;PLN003;43077;43442;0.00
C418563;PLN006;43077;43442;0.00
C173553;PLN003;42960;43325;0.00
C213999;PLN003;42960;43325;0.00
C231349;PLN005;42960;43325;0.00
C290190;PLN002;42960;;0.00
C361745;PLN004;42960;43325;0.00
C458981;PLN002;42960;;0.00
C234264;PLN006;42961;43326;0.00
C265823;PLN004;42961;43326;0.00
C323814;PLN002;42962;;0.00
C456546;PLN004;42962;43327;0.00
C232115;PLN005;42963;43328;0.00
C27689;PLN006;42963;43328;0.00
C186524;PLN003;42964;43329;0.00
C210875;PLN005;42964;43329;0.00
C243288;PLN004;42964;43329;0.05
C398232;PLN005;42964;43329;0.00
C196568;PLN005;42965;43330;0.00
C198703;PLN006;42965;43330;0.00
C278564;PLN004;42966;43331;0.00
C380328;PLN003;42966;43331;0.02
C426685;PLN001;42966;;0.00
C121995;PLN003;42967;43332;0.00
C172603;PLN003;42967;43332;0.07
C265856;PLN006;42967;43332;0.00
C283519;PLN005;42967;43332;0.00
C314483;PLN001;42967;;0.00
C372865;PLN002;42967;;0.00
C129214;PLN003;42968;43333;0.00
C151228;PLN004;42968;43333;0.03
C221189;PLN004;42968;43333;0.00
C28240;PLN004;42968;43333;0.00
C31725;PLN003;42968;43333;0.00
C419331;PLN004;42968;43333;0.00
C441501;PLN005;42968;43333;0.00
C120768;PLN006;42969;43334;0.00
C178064;PLN002;42969;;0.00
C366865;PLN005;42969;43334;0.00
C129713;PLN006;42970;43335;0.00
C211999;PLN006;42970;43335;0.03
C403977;PLN001;42970;;0.01
C417172;PLN004;42970;43335;0.00
C100060;PLN003;42971;43336;0.10
C149954;PLN005;42971;43336;0.01
C217325;PLN002;42971;;0.00
C14686;PLN005;42972;43337;0.00
C248336;PLN006;42972;43337;0.00
C364068;PLN005;42972;43337;0.00
C125342;PLN001;42973;;0.00
C126072;PLN003;42973;43338;0.00
C427593;PLN002;42973;;0.00
C445492;PLN004;42973;43338;0.00
C120768;PLN004;42974;43339;0.00
C286354;PLN003;42974;43339;0.00
C289105;PLN005;42974;43339;0.00
C32203;PLN002;42974;;0.00
C328533;PLN001;42974;;0.00
C119613;PLN006;42975;43340;0.09
C135784;PLN005;42975;43340;0.00
C232882;PLN001;42975;;0.00
C100214;PLN005;42976;43341;0.00
C182440;PLN005;42976;43341;0.01
C358684;PLN005;42976;43341;0.00
C367703;PLN001;42976;;0.00
C377068;PLN006;42976;43341;0.00
C37830;PLN003;42976;43341;0.00
C416277;PLN005;42976;43341;0.00
C115892;PLN001;42977;;0.00
C171568;PLN004;42977;43342;0.00
C228338;PLN003;42977;43342;0.00
C244808;PLN001;42977;;0.00
C300982;PLN006;42977;43342;0.00
C11475;PLN006;42978;43343;0.00
C165931;PLN001;42978;;0.00
C203151;PLN001;42978;;0.00
C252770;PLN006;42978;43343;0.00
C318713;PLN001;42978;;0.00
C404207;PLN004;42978;43343;0.00
C183298;PLN001;42744;;0.00
C33552;PLN002;42744;;0.00
C40526;PLN003;42744;43109;0.00
C148493;PLN004;42775;43140;0.00
C197680;PLN005;42775;43140;0.00
C216302;PLN003;42775;43140;0.00
C267672;PLN003;42775;43140;0.00
C358648;PLN005;42775;43140;0.00
C147332;PLN004;42803;43168;0.00
C435795;PLN006;42803;43168;0.00
C143548;PLN005;42834;43199;0.00
C403384;PLN001;42834;;0.00
C425427;PLN001;42834;;0.06
C449592;PLN005;42834;43199;0.00
C386127;PLN003;42864;43229;0.00
C400199;PLN001;42864;;0.00
C426739;PLN003;42864;43229;0.05
C131428;PLN002;42895;;0.00
C382500;PLN004;42895;43260;0.00
C418241;PLN005;42895;43260;0.00
C327075;PLN003;42925;43290;0.08
C445799;PLN005;42925;43290;0.00
C133235;PLN006;42956;43321;0.00
C250095;PLN001;42956;;0.10
C363007;PLN004;42956;43321;0.00
C445492;PLN002;42956;;0.00
C121995;PLN006;42987;43352;0.00
C293084;PLN004;42987;43352;0.00
C390045;PLN004;42987;43352;0.00
C394118;PLN005;42987;43352;0.04
C435983;PLN003;42987;43352;0.00
C105626;PLN004;43017;43382;0.04
C273948;PLN006;43048;43413;0.00
C149198;PLN006;43078;43443;0.00
C177737;PLN003;43078;43443;0.00
C203875;PLN002;43078;;0.00
C236784;PLN006;43078;43443;0.00
C376330;PLN001;43078;;0.00
C290931;PLN006;42991;43356;0.00
C309113;PLN003;42991;43356;0.00
C314455;PLN003;42991;43356;0.00
C133321;PLN006;42992;43357;0.04
C153956;PLN006;42992;43357;0.00
C258104;PLN001;42992;;0.00
C346940;PLN005;42992;43357;0.00
C18042;PLN001;42993;;0.00
C362170;PLN005;42993;43358;0.00
C123359;PLN002;42994;;0.00
C255157;PLN003;42994;43359;0.00
C281448;PLN006;42994;43359;0.09
C125243;PLN001;42995;;0.00
C145631;PLN003;42995;43360;0.04
C192449;PLN002;42995;;0.00
C231297;PLN006;42995;43360;0.00
C237197;PLN002;42995;;0.04
C223943;PLN006;42996;43361;0.00
C240304;PLN004;42996;43361;0.00
C377100;PLN005;42996;43361;0.01
C396459;PLN004;42996;43361;0.00
C223083;PLN003;42997;43362;0.00
C242973;PLN005;42997;43362;0.00
C336076;PLN006;42997;43362;0.00
C345416;PLN004;42997;43362;0.00
C415123;PLN003;42997;43362;0.00
C455652;PLN004;42997;43362;0.00
C106561;PLN003;42998;43363;0.00
C110892;PLN003;42998;43363;0.00
C121459;PLN002;42998;;0.00
C199052;PLN001;42998;;0.00
C366967;PLN003;42998;43363;0.00
C379815;PLN001;42998;;0.00
C427576;PLN003;42998;43363;0.00
C104764;PLN001;42999;;0.00
C15858;PLN004;42999;43364;0.00
C289587;PLN004;42999;43364;0.00
C4177;PLN001;42999;;0.00
C430097;PLN005;42999;43364;0.00
C441718;PLN003;42999;43364;0.00
C198160;PLN005;43000;43365;0.00
C364149;PLN004;43000;43365;0.00
C199144;PLN002;43001;;0.00
C241998;PLN001;43001;;0.06
C338552;PLN004;43001;43366;0.08
C320113;PLN005;43003;43368;0.00
C248300;PLN004;43004;43369;0.00
C433116;PLN003;43004;43369;0.08
C431122;PLN004;43005;43370;0.00
C136692;PLN001;43006;;0.00
C316237;PLN006;43006;43371;0.00
C135360;PLN002;43007;;0.00
C259545;PLN003;43007;43372;0.00
C279254;PLN003;43007;43372;0.00
C454020;PLN002;43007;;0.00
C118685;PLN001;43008;;0.00
C200891;PLN003;43008;43373;0.00
C391888;PLN005;43008;43373;0.00
C168806;PLN003;42745;43110;0.00
C262330;PLN004;42745;43110;0.06
C180983;PLN004;42776;43141;0.03
C240487;PLN001;42776;;0.07
C258684;PLN002;42776;;0.00
C287230;PLN006;42776;43141;0.00
C313833;PLN004;42776;43141;0.00
C346930;PLN006;42776;43141;0.00
C408340;PLN003;42776;43141;0.00
C206717;PLN005;42804;43169;0.00
C298344;PLN001;42804;;0.03
C314802;PLN005;42804;43169;0.00
C364813;PLN003;42804;43169;0.00
C407797;PLN001;42804;;0.00
C112618;PLN004;42835;43200;0.00
C130636;PLN005;42835;43200;0.00
C159629;PLN005;42835;43200;0.00
C282496;PLN006;42835;43200;0.00
C358135;PLN006;42835;43200;0.00
C400813;PLN005;42835;43200;0.00
C109083;PLN002;42865;;0.00
C129249;PLN003;42865;43230;0.00
C209435;PLN004;42865;43230;0.00
C330592;PLN006;42865;43230;0.00
C365568;PLN002;42865;;0.00
C121090;PLN004;42896;43261;0.10
C141959;PLN006;42896;43261;0.00
C266433;PLN001;42896;;0.00
C111439;PLN005;42926;43291;0.00
C120400;PLN005;42926;43291;0.07
C279313;PLN005;42926;43291;0.00
C134818;PLN006;42957;43322;0.00
C123964;PLN001;42988;;0.01
C378344;PLN006;42988;43353;0.00
C214185;PLN006;43018;43383;0.00
C262887;PLN004;43018;43383;0.09
C286037;PLN003;43018;43383;0.00
C274231;PLN002;43049;;0.00
C320880;PLN002;43049;;0.00
C417882;PLN006;43079;43444;0.00
C283903;PLN006;43021;43386;0.00
C266030;PLN004;43022;43387;0.00
C172312;PLN002;43023;;0.00
C201519;PLN006;43023;43388;0.00
C126595;PLN002;43024;;0.00
C41092;PLN006;43024;43389;0.00
C4526;PLN006;43025;43390;0.00
C317012;PLN004;43026;43391;0.07
C440089;PLN006;43026;43391;0.00
C121992;PLN005;43027;43392;0.00
C140858;PLN004;43027;43392;0.00
C299386;PLN005;43027;43392;0.00
C319108;PLN005;43027;43392;0.00
C135501;PLN005;43028;43393;0.06
C219501;PLN003;43028;43393;0.00
C264126;PLN003;43028;43393;0.00
C377705;PLN006;43028;43393;0.00
C110005;PLN006;43029;43394;0.00
C290157;PLN005;43029;43394;0.03
C351607;PLN003;43030;43395;0.00
C373309;PLN003;43030;43395;0.00
C411318;PLN005;43030;43395;0.00
C200436;PLN006;43031;43396;0.00
C138955;PLN002;43032;;0.00
C157468;PLN001;43032;;0.00
C234538;PLN003;43032;43397;0.00
C420394;PLN005;43032;43397;0.00
C102745;PLN006;43033;43398;0.00
C13422;PLN001;43033;;0.00
C213785;PLN003;43033;43398;0.00
C232455;PLN005;43033;43398;0.00
C264408;PLN005;43033;43398;0.00
C447911;PLN004;43033;43398;0.00
C104764;PLN006;43034;43399;0.00
C133824;PLN001;43034;;0.00
C178443;PLN003;43034;43399;0.03
C178696;PLN006;43034;43399;0.00
C225868;PLN001;43034;;0.00
C226861;PLN006;43034;43399;0.00
C323774;PLN004;43034;43399;0.00
C35382;PLN001;43034;;0.00
C366555;PLN004;43034;43399;0.00
C245851;PLN002;43035;;0.10
C320116;PLN005;43035;43400;0.00
C43421;PLN004;43035;43400;0.00
C119401;PLN006;43036;43401;0.00
C18844;PLN001;43036;;0.00
C198783;PLN006;43036;43401;0.00
C236630;PLN005;43036;43401;0.00
C273948;PLN004;43036;43401;0.00
C300982;PLN005;43036;43401;0.00
C315952;PLN004;43036;43401;0.08
C436673;PLN006;43036;43401;0.00
C436721;PLN001;43036;;0.00
C133378;PLN002;43037;;0.00
C234929;PLN004;43037;43402;0.00
C27520;PLN006;43037;43402;0.00
C362227;PLN006;43037;43402;0.00
C118056;PLN006;43038;43403;0.00
C294953;PLN002;43038;;0.00
C355404;PLN001;43038;;0.00
C38744;PLN004;43038;43403;0.00
C290968;PLN004;43039;43404;0.00
C306713;PLN004;43039;43404;0.00
C432340;PLN003;43039;43404;0.00
C446686;PLN003;43039;43404;0.00
C430758;PLN006;42746;43111;0.00
C133434;PLN005;42777;43142;0.00
C18738;PLN005;42777;43142;0.00
C38830;PLN003;42777;43142;0.00
C25750;PLN002;42805;;0.00
C264789;PLN004;42805;43170;0.04
C350668;PLN006;42805;43170;0.00
C352260;PLN006;42805;43170;0.00
C455743;PLN006;42805;43170;0.00
C374566;PLN004;42836;43201;0.00
C393580;PLN004;42836;43201;0.10
C449838;PLN006;42836;43201;0.00
C19964;PLN005;42866;43231;0.00
C363750;PLN001;42897;;0.00
C162264;PLN001;42927;;0.00
C298941;PLN002;42927;;0.00
C348747;PLN004;42927;43292;0.07
C430290;PLN004;42927;43292;0.00
C45628;PLN004;42927;43292;0.00
C219992;PLN004;42958;43323;0.00
C137788;PLN001;42989;;0.00
C146091;PLN003;42989;43354;0.00
C219265;PLN003;42989;43354;0.07
C231512;PLN003;42989;43354;0.00
C30707;PLN006;42989;43354;0.00
C36736;PLN005;42989;43354;0.00
C22202;PLN004;43019;43384;0.00
C296870;PLN002;43019;;0.00
C333070;PLN005;43019;43384;0.00
C365568;PLN005;43019;43384;0.00
C372335;PLN003;43019;43384;0.00
C380834;PLN004;43019;43384;0.00
C448033;PLN006;43019;43384;0.01
C101555;PLN003;43050;43415;0.00
C210721;PLN001;43050;;0.00
C249231;PLN003;43050;43415;0.00
C346017;PLN002;43050;;0.00
C136555;PLN001;43080;;0.00
C140226;PLN005;43080;43445;0.08
C346247;PLN006;43080;43445;0.05
C148971;PLN005;43052;43417;0.00
C22233;PLN001;43052;;0.06
C145426;PLN005;43053;43418;0.00
C224960;PLN005;43053;43418;0.00
C364925;PLN003;43053;43418;0.00
C404328;PLN003;43054;43419;0.00
C446781;PLN003;43054;43419;0.00
C449543;PLN003;43054;43419;0.00
C161177;PLN006;43055;43420;0.00
C198163;PLN003;43055;43420;0.00
C278270;PLN005;43055;43420;0.00
C313239;PLN004;43055;43420;0.00
C319973;PLN003;43055;43420;0.00
C340937;PLN001;43055;;0.00
C375020;PLN005;43055;43420;0.00
C386077;PLN003;43055;43420;0.00
C137348;PLN005;43056;43421;0.00
C156325;PLN004;43056;43421;0.00
C286775;PLN002;43056;;0.00
C121459;PLN006;43057;43422;0.00
C150954;PLN006;43057;43422;0.02
C154507;PLN006;43057;43422;0.00
C186937;PLN005;43057;43422;0.00
C234859;PLN003;43057;43422;0.00
C246250;PLN001;43057;;0.00
C425003;PLN002;43057;;0.00
C309221;PLN001;43058;;0.00
C431116;PLN003;43058;43423;0.05
C132152;PLN001;43059;;0.00
C341352;PLN003;43059;43424;0.00
C356056;PLN005;43059;43424;0.00
C441270;PLN004;43059;43424;0.00
C448718;PLN002;43059;;0.00
C216706;PLN002;43060;;0.00
C290190;PLN006;43060;43425;0.00
C360051;PLN005;43060;43425;0.03
C163624;PLN005;43061;43426;0.00
C333659;PLN001;43061;;0.00
C125286;PLN005;43062;43427;0.10
C144619;PLN006;43062;43427;0.00
C190290;PLN006;43062;43427;0.00
C267219;PLN006;43062;43427;0.00
C2902;PLN006;43062;43427;0.00
C42045;PLN004;43062;43427;0.00
C188029;PLN005;43063;43428;0.00
C231231;PLN003;43063;43428;0.00
C366209;PLN002;43063;;0.00
C395657;PLN005;43063;43428;0.00
C440260;PLN004;43063;43428;0.00
C355879;PLN003;43064;43429;0.00
C193425;PLN006;43065;43430;0.00
C435710;PLN001;43065;;0.00
C169007;PLN001;43066;;0.00
C291920;PLN006;43066;43431;0.00
C29860;PLN006;43066;43431;0.00
C39139;PLN004;43066;43431;0.00
C121445;PLN004;43067;43432;0.00
C30091;PLN003;43067;43432;0.00
C366950;PLN004;43067;43432;0.00
C384545;PLN004;43067;43432;0.00
C202892;PLN006;43068;43433;0.00
C297116;PLN002;43068;;0.00
C376558;PLN004;43068;43433;0.00
C160424;PLN001;43069;;0.00
C188641;PLN006;43069;43434;0.00
C261507;PLN002;43069;;0.00
C37040;PLN002;43069;;0.00
C444348;PLN001;43069;;0.00
C166739;PLN003;42747;43112;0.00
C168861;PLN004;42747;43112;0.00
C339863;PLN006;42747;43112;0.03
C381072;PLN003;42747;43112;0.00
C452601;PLN001;42747;;0.00
C239723;PLN002;42778;;0.00
C33443;PLN005;42778;43143;0.00
C371084;PLN003;42778;43143;0.00
C212209;PLN002;42806;;0.04
C292952;PLN006;42806;43171;0.00
C119329;PLN001;42837;;0.00
C176685;PLN003;42837;43202;0.00
C182543;PLN002;42837;;0.00
C224777;PLN006;42837;43202;0.00
C241467;PLN005;42837;43202;0.00
C242973;PLN001;42837;;0.00
C253462;PLN002;42837;;0.00
C381601;PLN003;42867;43232;0.00
C131558;PLN003;42898;43263;0.08
C145834;PLN005;42898;43263;0.00
C428044;PLN001;42898;;0.00
C432840;PLN004;42898;43263;0.00
C272667;PLN001;42928;;0.00
C126390;PLN005;42959;43324;0.00
C203563;PLN002;42990;;0.00
C275424;PLN002;43020;;0.00
C106737;PLN003;43051;43416;0.00
C145909;PLN006;43051;43416;0.00
C249166;PLN003;43051;43416;0.00
C136716;PLN001;43081;;0.00
C265571;PLN006;43081;43446;0.00
C347970;PLN004;43081;43446;0.00
C324227;PLN002;43082;;0.00
C304061;PLN002;43083;;0.00
C30630;PLN006;43083;43448;0.00
C377193;PLN004;43083;43448;0.00
C422745;PLN005;43083;43448;0.00
C45346;PLN004;43083;43448;0.09
C455737;PLN003;43083;43448;0.00
C224867;PLN006;43084;43449;0.00
C237985;PLN001;43084;;0.00
C314270;PLN002;43084;;0.00
C347009;PLN005;43084;43449;0.00
C417412;PLN001;43084;;0.00
C139173;PLN003;43085;43450;0.00
C184724;PLN005;43085;43450;0.00
C360983;PLN006;43085;43450;0.00
C372346;PLN004;43085;43450;0.00
C43953;PLN003;43085;43450;0.00
C45538;PLN003;43085;43450;0.00
C119474;PLN002;43086;;0.00
C176900;PLN004;43086;43451;0.04
C248415;PLN004;43086;43451;0.00
C261370;PLN003;43086;43451;0.00
C16059;PLN004;43088;43453;0.00
C392737;PLN003;43088;43453;0.00
C435195;PLN001;43088;;0.00
C285224;PLN005;43089;43454;0.06
C304240;PLN004;43089;43454;0.00
C169935;PLN001;43090;;0.00
C219259;PLN003;43090;43455;0.00
C115822;PLN005;43091;43456;0.00
C164387;PLN004;43091;43456;0.00
C203248;PLN005;43092;43457;0.00
C210332;PLN006;43092;43457;0.00
C211728;PLN003;43092;43457;0.00
C236630;PLN006;43092;43457;0.00
C296870;PLN006;43092;43457;0.00
C369324;PLN004;43092;43457;0.00
C129548;PLN006;43093;43458;0.00
C234277;PLN002;43093;;0.00
C168293;PLN003;43094;43459;0.00
C261507;PLN003;43094;43459;0.00
C44659;PLN002;43094;;0.00
C121267;PLN002;43095;;0.00
C158432;PLN006;43095;43460;0.00
C24521;PLN005;43095;43460;0.00
C313239;PLN006;43095;43460;0.00
C362043;PLN002;43095;;0.00
C43421;PLN003;43095;43460;0.00
C162501;PLN005;43096;43461;0.10
C436738;PLN006;43097;43462;0.00
C143999;PLN004;43098;43463;0.00
C212473;PLN002;43098;;0.00
C300057;PLN003;43098;43463;0.00
C354601;PLN004;43098;43463;0.00
C404624;PLN005;43098;43463;0.00
C150109;PLN002;43099;;0.00
C246007;PLN003;43099;43464;0.00
C178064;PLN003;43100;43465;0.03
C180898;PLN005;43100;43465;0.00
C180898;PLN002;43101;;0.00
C181146;PLN002;43101;;0.00
C210643;PLN002;43101;;0.00
C250029;PLN001;43101;;0.00
C318530;PLN004;43101;43466;0.00
C11271;PLN002;43132;;0.00
C152587;PLN005;43132;43497;0.00
C158835;PLN004;43132;43497;0.00
C295855;PLN004;43132;43497;0.00
C313591;PLN004;43132;43497;0.00
C370328;PLN006;43132;43497;0.04
C110910;PLN003;43160;43525;0.00
C242311;PLN003;43191;43556;0.00
C314119;PLN004;43191;43556;0.00
C362665;PLN001;43191;;0.00
C134011;PLN003;43221;43586;0.00
C193015;PLN003;43221;43586;0.00
C219929;PLN005;43221;43586;0.00
C296400;PLN006;43221;43586;0.00
C187136;PLN006;43252;43617;0.03
C234859;PLN003;43252;43617;0.00
C333639;PLN004;43252;43617;0.00
C163410;PLN004;43282;43647;0.00
C241624;PLN002;43282;;0.00
C410421;PLN003;43282;43647;0.00
C111816;PLN001;43313;;0.00
C375080;PLN006;43313;43678;0.00
C398336;PLN003;43344;43709;0.00
C116583;PLN005;43374;43739;0.00
C317191;PLN004;43374;43739;0.00
C321332;PLN002;43374;;0.00
C330256;PLN005;43374;43739;0.03
C442530;PLN005;43374;43739;0.05
C398557;PLN001;43405;;0.00
C419684;PLN005;43405;43770;0.00
C217583;PLN005;43435;43800;0.00
C270236;PLN003;43435;43800;0.00
C418055;PLN006;43435;43800;0.00
C453929;PLN005;43435;43800;0.00
C22821;PLN001;43113;;0.00
C291088;PLN005;43113;43478;0.00
C369060;PLN001;43113;;0.00
C122806;PLN006;43114;43479;0.00
C252093;PLN006;43115;43480;0.00
C221859;PLN002;43116;;0.00
C330140;PLN006;43116;43481;0.00
C424557;PLN004;43116;43481;0.00
C239888;PLN006;43117;43482;0.00
C25273;PLN004;43117;43482;0.00
C370849;PLN004;43117;43482;0.00
C279755;PLN005;43118;43483;0.00
C321764;PLN006;43118;43483;0.00
C155916;PLN002;43119;;0.00
C250933;PLN006;43119;43484;0.00
C371311;PLN001;43119;;0.00
C451708;PLN006;43119;43484;0.00
C132954;PLN004;43120;43485;0.04
C317048;PLN003;43120;43485;0.06
C124741;PLN001;43121;;0.00
C134011;PLN005;43121;43486;0.00
C150109;PLN006;43121;43486;0.00
C204798;PLN004;43121;43486;0.00
C25900;PLN003;43121;43486;0.08
C333639;PLN006;43121;43486;0.00
C403506;PLN002;43121;;0.00
C16340;PLN001;43122;;0.00
C209337;PLN006;43122;43487;0.00
C272568;PLN002;43122;;0.00
C107154;PLN001;43123;;0.00
C118434;PLN005;43123;43488;0.10
C145909;PLN006;43123;43488;0.00
C185033;PLN006;43123;43488;0.10
C244935;PLN006;43123;43488;0.00
C285142;PLN005;43123;43488;0.03
C327566;PLN006;43123;43488;0.00
C369655;PLN003;43123;43488;0.00
C440395;PLN006;43123;43488;0.00
C129255;PLN003;43124;43489;0.04
C35909;PLN003;43124;43489;0.00
C372622;PLN002;43124;;0.00
C242718;PLN003;43125;43490;0.00
C318221;PLN006;43125;43490;0.00
C332027;PLN006;43125;43490;0.00
C405280;PLN001;43125;;0.00
C233483;PLN005;43126;43491;0.00
C319606;PLN002;43126;;0.00
C40626;PLN002;43126;;0.00
C369948;PLN002;43127;;0.00
C428889;PLN005;43127;43492;0.00
C140041;PLN006;43128;43493;0.09
C298133;PLN005;43128;43493;0.00
C312436;PLN004;43129;43494;0.00
C39565;PLN005;43129;43494;0.00
C4526;PLN004;43129;43494;0.00
C187937;PLN003;43130;43495;0.00
C221777;PLN004;43130;43495;0.00
C312338;PLN003;43130;43495;0.00
C352429;PLN006;43130;43495;0.00
C200891;PLN006;43131;43496;0.00
C29625;PLN001;43131;;0.00
C326814;PLN004;43131;43496;0.00
C109134;PLN004;43102;43467;0.00
C322651;PLN002;43102;;0.07
C323181;PLN006;43102;43467;0.00
C409928;PLN003;43102;43467;0.00
C438838;PLN002;43102;;0.00
C191606;PLN005;43133;43498;0.00
C246866;PLN003;43133;43498;0.00
C298792;PLN003;43133;43498;0.00
C334895;PLN005;43133;43498;0.00
C348771;PLN005;43133;43498;0.00
C36821;PLN001;43133;;0.00
C175754;PLN005;43161;43526;0.00
C39790;PLN004;43161;43526;0.00
C231048;PLN005;43192;43557;0.00
C263387;PLN001;43192;;0.09
C265985;PLN004;43192;43557;0.00
C344465;PLN006;43192;43557;0.00
C346741;PLN001;43192;;0.00
C375999;PLN002;43192;;0.00
C420979;PLN001;43222;;0.00
C445105;PLN006;43222;43587;0.00
C174475;PLN003;43253;43618;0.00
C204223;PLN001;43253;;0.00
C192001;PLN002;43283;;0.00
C286518;PLN006;43283;43648;0.00
C344938;PLN005;43283;43648;0.06
C364577;PLN001;43283;;0.00
C280798;PLN001;43314;;0.00
C141959;PLN003;43345;43710;0.00
C18546;PLN005;43345;43710;0.00
C117192;PLN004;43375;43740;0.00
C302625;PLN002;43375;;0.00
C332420;PLN005;43375;43740;0.00
C369409;PLN006;43375;43740;0.00
C418342;PLN004;43375;43740;0.00
C248666;PLN001;43406;;0.00
C27317;PLN004;43406;43771;0.00
C104937;PLN005;43436;43801;0.00
C146731;PLN006;43436;43801;0.08
C295388;PLN003;43436;43801;0.00
C387478;PLN003;43436;43801;0.00
C17554;PLN006;43144;43509;0.00
C244960;PLN006;43144;43509;0.00
C255902;PLN004;43144;43509;0.00
C446816;PLN003;43144;43509;0.00
C131819;PLN004;43145;43510;0.00
C328423;PLN001;43145;;0.10
C129591;PLN006;43146;43511;0.00
C363775;PLN004;43146;43511;0.09
C419363;PLN006;43146;43511;0.02
C129306;PLN006;43147;43512;0.00
C129708;PLN006;43147;43512;0.00
C141595;PLN004;43147;43512;0.00
C281676;PLN001;43147;;0.00
C443666;PLN006;43147;43512;0.00
C104762;PLN001;43148;;0.00
C173801;PLN002;43148;;0.00
C38744;PLN003;43148;43513;0.00
C396744;PLN001;43148;;0.00
C10779;PLN002;43149;;0.00
C218932;PLN005;43149;43514;0.00
C308163;PLN004;43149;43514;0.00
C321371;PLN002;43149;;0.00
C344887;PLN003;43149;43514;0.00
C362094;PLN001;43149;;0.00
C381017;PLN006;43149;43514;0.00
C441575;PLN004;43149;43514;0.08
C328423;PLN006;43150;43515;0.00
C313591;PLN005;43151;43516;0.00
C343292;PLN003;43151;43516;0.00
C161556;PLN004;43152;43517;0.00
C211873;PLN005;43152;43517;0.00
C242515;PLN001;43152;;0.00
C243956;PLN004;43152;43517;0.00
C249205;PLN005;43152;43517;0.00
C159570;PLN004;43154;43519;0.00
C266675;PLN005;43154;43519;0.00
C200514;PLN005;43155;43520;0.03
C234538;PLN001;43155;;0.00
C248237;PLN006;43155;43520;0.00
C257607;PLN004;43155;43520;0.05
C322361;PLN001;43155;;0.00
C377299;PLN004;43155;43520;0.00
C401811;PLN001;43155;;0.00
C42843;PLN001;43155;;0.00
C144794;PLN005;43156;43521;0.00
C241107;PLN004;43156;43521;0.08
C390665;PLN005;43156;43521;0.00
C121722;PLN002;43157;;0.00
C181316;PLN004;43157;43522;0.00
C228084;PLN001;43157;;0.00
C253380;PLN005;43157;43522;0.00
C397746;PLN005;43157;43522;0.00
C404584;PLN006;43157;43522;0.00
C416731;PLN003;43157;43522;0.06
C447727;PLN006;43157;43522;0.00
C188763;PLN006;43158;43523;0.00
C249166;PLN005;43158;43523;0.00
C30955;PLN005;43158;43523;0.00
C364126;PLN001;43158;;0.00
C392720;PLN003;43158;43523;0.00
C262811;PLN005;43159;43524;0.00
C342430;PLN001;43159;;0.00
C380734;PLN004;43159;43524;0.07
C441270;PLN005;43159;43524;0.00
C218376;PLN006;43103;43468;0.00
C281448;PLN003;43103;43468;0.06
C349305;PLN004;43103;43468;0.00
C451062;PLN003;43103;43468;0.00
C158555;PLN005;43134;43499;0.03
C321580;PLN002;43134;;0.00
C358742;PLN005;43134;43499;0.00
C440621;PLN002;43134;;0.00
C120884;PLN004;43162;43527;0.00
C213682;PLN006;43162;43527;0.00
C422769;PLN001;43162;;0.00
C424659;PLN003;43162;43527;0.00
C191355;PLN005;43193;43558;0.00
C144295;PLN003;43223;43588;0.00
C251323;PLN006;43223;43588;0.00
C380430;PLN006;43223;43588;0.00
C259169;PLN005;43254;43619;0.00
C274851;PLN002;43254;;0.10
C284851;PLN002;43284;;0.00
C39790;PLN005;43284;43649;0.00
C416300;PLN003;43284;43649;0.00
C15437;PLN006;43315;43680;0.00
C251338;PLN004;43346;43711;0.00
C275448;PLN003;43346;43711;0.00
C362167;PLN003;43346;43711;0.00
C39247;PLN004;43346;43711;0.00
C162309;PLN006;43376;43741;0.00
C181836;PLN002;43376;;0.00
C263535;PLN003;43376;43741;0.00
C151555;PLN006;43407;43772;0.07
C218929;PLN004;43407;43772;0.00
C330902;PLN004;43407;43772;0.00
C328066;PLN003;43437;43802;0.00
C397927;PLN002;43437;;0.00
C139194;PLN005;43172;43537;0.00
C250145;PLN001;43172;;0.09
C336142;PLN006;43172;43537;0.00
C381167;PLN005;43172;43537;0.00
C392021;PLN003;43172;43537;0.00
C229859;PLN006;43173;43538;0.00
C254679;PLN003;43173;43538;0.05
C414120;PLN004;43173;43538;0.00
C394299;PLN006;43174;43539;0.00
C117936;PLN004;43175;43540;0.00
C176362;PLN004;43175;43540;0.00
C440745;PLN002;43175;;0.00
C241651;PLN005;43176;43541;0.00
C298623;PLN006;43176;43541;0.00
C140184;PLN005;43177;43542;0.00
C261179;PLN004;43177;43542;0.00
C304992;PLN006;43177;43542;0.06
C325594;PLN003;43177;43542;0.00
C367128;PLN001;43177;;0.00
C384560;PLN006;43177;43542;0.08
C176680;PLN005;43178;43543;0.00
C21369;PLN003;43178;43543;0.00
C317526;PLN004;43178;43543;0.00
C403554;PLN001;43178;;0.00
C435984;PLN006;43178;43543;0.00
C204750;PLN003;43179;43544;0.00
C22034;PLN001;43179;;0.06
C290501;PLN004;43179;43544;0.00
C340592;PLN001;43179;;0.00
C228867;PLN004;43180;43545;0.00
C378647;PLN005;43180;43545;0.00
C414292;PLN006;43180;43545;0.05
C186912;PLN002;43181;;0.09
C322599;PLN006;43181;43546;0.00
C441988;PLN001;43181;;0.00
C457510;PLN004;43181;43546;0.00
C145111;PLN001;43182;;0.00
C264271;PLN003;43182;43547;0.00
C447367;PLN006;43182;43547;0.00
C137861;PLN006;43183;43548;0.08
C146394;PLN004;43183;43548;0.00
C176370;PLN006;43183;43548;0.00
C317806;PLN003;43183;43548;0.00
C456040;PLN003;43183;43548;0.09
C457449;PLN006;43183;43548;0.00
C274856;PLN004;43184;43549;0.00
C289366;PLN006;43184;43549;0.00
C141320;PLN002;43185;;0.00
C282901;PLN004;43185;43550;0.00
C191681;PLN004;43186;43551;0.00
C219265;PLN005;43186;43551;0.00
C367777;PLN003;43186;43551;0.00
C252587;PLN004;43187;43552;0.00
C263472;PLN006;43187;43552;0.00
C364888;PLN005;43187;43552;0.07
C215890;PLN004;43188;43553;0.00
C222804;PLN004;43188;43553;0.00
C168591;PLN001;43189;;0.00
C177282;PLN003;43189;43554;0.00
C205397;PLN005;43189;43554;0.00
C228939;PLN006;43189;43554;0.00
C297588;PLN003;43189;43554;0.00
C307975;PLN005;43189;43554;0.00
C133696;PLN003;43190;43555;0.00
C228271;PLN001;43190;;0.00
C257660;PLN003;43190;43555;0.00
C350533;PLN006;43190;43555;0.00
C400435;PLN005;43190;43555;0.00
C136692;PLN005;43104;43469;0.00
C155418;PLN003;43104;43469;0.00
C163645;PLN001;43104;;0.00
C181329;PLN001;43104;;0.00
C231865;PLN003;43104;43469;0.00
C256845;PLN001;43104;;0.00
C385776;PLN004;43104;43469;0.00
C11065;PLN004;43135;43500;0.00
C118335;PLN004;43135;43500;0.00
C212416;PLN006;43135;43500;0.00
C215220;PLN006;43135;43500;0.00
C320248;PLN002;43135;;0.00
C379502;PLN005;43135;43500;0.04
C451062;PLN004;43135;43500;0.00
C174191;PLN006;43163;43528;0.00
C24411;PLN001;43163;;0.00
C27286;PLN003;43163;43528;0.00
C304984;PLN006;43163;43528;0.00
C435380;PLN003;43163;43528;0.00
C443242;PLN004;43163;43528;0.00
C387601;PLN004;43194;43559;0.00
C419167;PLN005;43194;43559;0.09
C435319;PLN003;43194;43559;0.00
C225364;PLN005;43224;43589;0.00
C296623;PLN005;43224;43589;0.00
C372658;PLN004;43224;43589;0.00
C38949;PLN003;43224;43589;0.05
C408710;PLN002;43224;;0.00
C421164;PLN003;43224;43589;0.00
C409710;PLN004;43255;43620;0.00
C100843;PLN005;43285;43650;0.00
C27974;PLN005;43285;43650;0.00
C324875;PLN005;43285;43650;0.00
C459019;PLN003;43285;43650;0.00
C130724;PLN002;43316;;0.00
C190290;PLN003;43316;43681;0.00
C225190;PLN001;43316;;0.00
C287172;PLN006;43316;43681;0.00
C292736;PLN002;43316;;0.00
C26851;PLN001;43347;;0.05
C368808;PLN004;43347;43712;0.00
C392466;PLN006;43347;43712;0.00
C160633;PLN003;43377;43742;0.00
C179461;PLN001;43377;;0.00
C324770;PLN006;43377;43742;0.00
C334975;PLN002;43377;;0.00
C345959;PLN005;43377;43742;0.00
C387551;PLN005;43408;43773;0.00
C121520;PLN001;43438;;0.00
C418342;PLN005;43438;43803;0.00
C451724;PLN005;43438;43803;0.00
C373905;PLN004;43203;43568;0.00
C425304;PLN001;43203;;0.00
C210859;PLN004;43204;43569;0.10
C305488;PLN006;43204;43569;0.00
C399593;PLN003;43204;43569;0.00
C415994;PLN005;43204;43569;0.00
C232089;PLN003;43205;43570;0.00
C403554;PLN004;43205;43570;0.08
C302401;PLN005;43206;43571;0.00
C129249;PLN005;43207;43572;0.00
C135784;PLN001;43207;;0.00
C21163;PLN003;43207;43572;0.00
C387586;PLN003;43207;43572;0.00
C242718;PLN004;43208;43573;0.00
C383611;PLN002;43208;;0.02
C438644;PLN003;43208;43573;0.00
C148129;PLN002;43209;;0.00
C23998;PLN006;43209;43574;0.00
C391235;PLN003;43209;43574;0.00
C113020;PLN001;43210;;0.00
C22034;PLN004;43210;43575;0.00
C228511;PLN006;43210;43575;0.00
C250658;PLN006;43210;43575;0.00
C316373;PLN005;43210;43575;0.00
C346919;PLN001;43210;;0.00
C14398;PLN001;43211;;0.00
C149514;PLN001;43211;;0.08
C335005;PLN006;43211;43576;0.00
C38676;PLN002;43211;;0.00
C393557;PLN003;43211;43576;0.00
C420143;PLN002;43211;;0.00
C191507;PLN003;43212;43577;0.00
C217768;PLN006;43212;43577;0.00
C223769;PLN002;43212;;0.00
C195838;PLN004;43213;43578;0.00
C391525;PLN001;43213;;0.00
C197196;PLN001;43214;;0.00
C118434;PLN004;43215;43580;0.00
C166030;PLN001;43215;;0.00
C331270;PLN004;43216;43581;0.00
C444062;PLN001;43216;;0.00
C292552;PLN005;43217;43582;0.00
C301846;PLN003;43217;43582;0.09
C337645;PLN006;43217;43582;0.00
C413417;PLN003;43217;43582;0.00
C128890;PLN001;43218;;0.00
C153397;PLN004;43218;43583;0.00
C246821;PLN001;43219;;0.00
C378854;PLN004;43219;43584;0.00
C40098;PLN004;43219;43584;0.00
C41388;PLN005;43219;43584;0.00
C203668;PLN005;43220;43585;0.10
C258684;PLN005;43220;43585;0.00
C319606;PLN003;43220;43585;0.00
C324349;PLN004;43220;43585;0.00
C103398;PLN004;43105;43470;0.00
C186524;PLN004;43105;43470;0.00
C415915;PLN002;43105;;0.00
C437021;PLN002;43105;;0.00
C214876;PLN004;43136;43501;0.00
C312288;PLN005;43136;43501;0.00
C33443;PLN006;43136;43501;0.03
C235812;PLN005;43164;43529;0.00
C317012;PLN003;43164;43529;0.00
C156437;PLN002;43195;;0.00
C158290;PLN002;43195;;0.03
C17627;PLN006;43195;43560;0.00
C233343;PLN002;43195;;0.00
C281117;PLN005;43195;43560;0.03
C375206;PLN001;43195;;0.00
C172603;PLN006;43225;43590;0.00
C321980;PLN003;43225;43590;0.00
C332592;PLN003;43225;43590;0.00
C338542;PLN004;43225;43590;0.00
C36295;PLN005;43225;43590;0.00
C148772;PLN003;43256;43621;0.00
C160729;PLN004;43256;43621;0.00
C242587;PLN005;43256;43621;0.00
C250416;PLN004;43256;43621;0.02
C323469;PLN006;43256;43621;0.00
C347166;PLN001;43256;;0.00
C402562;PLN004;43256;43621;0.00
C192224;PLN003;43286;43651;0.00
C148847;PLN004;43317;43682;0.00
C159119;PLN001;43317;;0.00
C17865;PLN001;43348;;0.00
C260309;PLN002;43348;;0.00
C450847;PLN001;43348;;0.00
C207724;PLN003;43378;43743;0.00
C321928;PLN003;43378;43743;0.00
C362227;PLN003;43378;43743;0.00
C131891;PLN004;43409;43774;0.00
C349060;PLN005;43409;43774;0.00
C41521;PLN002;43409;;0.00
C44276;PLN001;43409;;0.00
C211728;PLN006;43439;43804;0.00
C31476;PLN005;43439;43804;0.00
C344835;PLN005;43439;43804;0.00
C382904;PLN001;43439;;0.00
C376653;PLN001;43233;;0.00
C129570;PLN005;43234;43599;0.00
C162309;PLN005;43234;43599;0.00
C176326;PLN002;43234;;0.00
C226308;PLN005;43234;43599;0.00
C420445;PLN004;43234;43599;0.00
C436580;PLN003;43234;43599;0.00
C169025;PLN001;43235;;0.00
C241390;PLN006;43235;43600;0.00
C406331;PLN001;43235;;0.06
C413712;PLN001;43235;;0.00
C214786;PLN003;43236;43601;0.00
C34079;PLN006;43236;43601;0.00
C455374;PLN004;43236;43601;0.00
C186937;PLN004;43237;43602;0.00
C410473;PLN004;43237;43602;0.00
C268218;PLN002;43238;;0.01
C281388;PLN002;43238;;0.10
C226312;PLN005;43239;43604;0.00
C245831;PLN004;43239;43604;0.00
C258111;PLN006;43239;43604;0.00
C331826;PLN005;43239;43604;0.00
C419871;PLN005;43239;43604;0.00
C438953;PLN003;43239;43604;0.00
C125201;PLN006;43240;43605;0.00
C156945;PLN004;43240;43605;0.00
C259248;PLN002;43240;;0.00
C286213;PLN005;43240;43605;0.00
C345553;PLN006;43240;43605;0.00
C403180;PLN002;43240;;0.00
C162979;PLN004;43241;43606;0.00
C320480;PLN005;43241;43606;0.00
C361461;PLN005;43241;43606;0.06
C112208;PLN003;43242;43607;0.00
C321158;PLN001;43242;;0.00
C327243;PLN003;43242;43607;0.00
C100649;PLN002;43243;;0.00
C111905;PLN001;43243;;0.00
C162501;PLN006;43243;43608;0.00
C345959;PLN002;43243;;0.00
C18738;PLN006;43244;43609;0.00
C299269;PLN005;43244;43609;0.00
C359583;PLN001;43244;;0.00
C290968;PLN005;43245;43610;0.00
C335775;PLN006;43245;43610;0.00
C37456;PLN004;43245;43610;0.00
C246318;PLN004;43246;43611;0.00
C35363;PLN004;43246;43611;0.08
C416497;PLN003;43246;43611;0.00
C115822;PLN006;43247;43612;0.00
C265985;PLN003;43247;43612;0.00
C311132;PLN005;43247;43612;0.10
C339603;PLN003;43247;43612;0.00
C345835;PLN006;43247;43612;0.00
C389948;PLN001;43247;;0.00
C40388;PLN003;43247;43612;0.00
C244960;PLN004;43248;43613;0.00
C283070;PLN003;43248;43613;0.00
C356286;PLN001;43248;;0.00
C392466;PLN004;43248;43613;0.09
C39565;PLN006;43249;43614;0.00
C339307;PLN006;43250;43615;0.00
C362264;PLN001;43250;;0.00
C150954;PLN003;43251;43616;0.00
C303253;PLN002;43251;;0.00
C326615;PLN005;43251;43616;0.00
C352356;PLN005;43251;43616;0.00
C353072;PLN003;43251;43616;0.00
C129024;PLN003;43106;43471;0.00
C169333;PLN006;43106;43471;0.00
C40085;PLN003;43106;43471;0.00
C413954;PLN003;43106;43471;0.00
C339773;PLN002;43137;;0.00
C292856;PLN006;43165;43530;0.00
C438013;PLN002;43165;;0.00
C194138;PLN006;43196;43561;0.00
C453855;PLN002;43196;;0.00
C101453;PLN006;43226;43591;0.00
C387327;PLN001;43226;;0.00
C445492;PLN003;43226;43591;0.00
C157651;PLN006;43257;43622;0.00
C231959;PLN003;43257;43622;0.00
C236702;PLN004;43257;43622;0.00
C360966;PLN004;43257;43622;0.00
C11962;PLN005;43287;43652;0.00
C244755;PLN006;43287;43652;0.00
C152406;PLN005;43318;43683;0.00
C222615;PLN003;43318;43683;0.00
C245209;PLN002;43318;;0.00
C211873;PLN006;43349;43714;0.00
C395657;PLN005;43349;43714;0.00
C207816;PLN005;43379;43744;0.00
C343903;PLN001;43379;;0.00
C372155;PLN004;43379;43744;0.00
C202542;PLN004;43410;43775;0.00
C221041;PLN005;43410;43775;0.00
C286518;PLN004;43410;43775;0.00
C173427;PLN006;43440;43805;0.00
C255504;PLN006;43440;43805;0.00
C366555;PLN002;43440;;0.00
C380328;PLN006;43440;43805;0.00
C389585;PLN004;43440;43805;0.00
C392341;PLN001;43440;;0.00
C37270;PLN005;43264;43629;0.00
C434967;PLN002;43264;;0.00
C129607;PLN004;43265;43630;0.00
C260029;PLN004;43265;43630;0.00
C314802;PLN003;43265;43630;0.00
C329355;PLN006;43265;43630;0.00
C135976;PLN001;43266;;0.00
C304110;PLN004;43266;43631;0.00
C180077;PLN006;43267;43632;0.00
C241107;PLN001;43267;;0.00
C261725;PLN004;43267;43632;0.00
C26485;PLN005;43267;43632;0.00
C31687;PLN004;43267;43632;0.00
C374238;PLN006;43267;43632;0.00
C381185;PLN004;43267;43632;0.00
C396103;PLN005;43267;43632;0.04
C320775;PLN004;43268;43633;0.00
C323540;PLN005;43268;43633;0.00
C40732;PLN003;43268;43633;0.00
C121995;PLN004;43269;43634;0.00
C261531;PLN002;43269;;0.00
C31843;PLN005;43269;43634;0.00
C330839;PLN006;43269;43634;0.00
C454778;PLN001;43269;;0.00
C128697;PLN006;43270;43635;0.00
C261179;PLN002;43270;;0.00
C264118;PLN005;43270;43635;0.00
C275417;PLN002;43270;;0.06
C441388;PLN001;43270;;0.00
C243717;PLN006;43271;43636;0.09
C245872;PLN003;43271;43636;0.00
C252318;PLN001;43271;;0.00
C12223;PLN005;43272;43637;0.00
C182697;PLN003;43272;43637;0.00
C403679;PLN002;43272;;0.00
C182697;PLN005;43273;43638;0.08
C339394;PLN004;43274;43639;0.05
C356609;PLN006;43274;43639;0.00
C386842;PLN002;43274;;0.01
C400314;PLN006;43274;43639;0.00
C264852;PLN005;43275;43640;0.00
C101555;PLN001;43276;;0.00
C118735;PLN004;43276;43641;0.00
C17115;PLN001;43276;;0.02
C449745;PLN003;43276;43641;0.03
C109150;PLN005;43277;43642;0.00
C31428;PLN002;43277;;0.09
C328462;PLN005;43277;43642;0.00
C418550;PLN003;43277;43642;0.02
C354997;PLN006;43278;43643;0.09
C361036;PLN004;43278;43643;0.00
C4199;PLN003;43278;43643;0.00
C457647;PLN005;43278;43643;0.00
C12497;PLN006;43279;43644;0.00
C245613;PLN003;43279;43644;0.00
C286443;PLN001;43279;;0.00
C314853;PLN005;43279;43644;0.00
C341158;PLN003;43279;43644;0.00
C43777;PLN004;43279;43644;0.00
C192779;PLN004;43280;43645;0.00
C231573;PLN001;43280;;0.02
C366743;PLN004;43280;43645;0.05
C369001;PLN006;43280;43645;0.00
C390182;PLN005;43280;43645;0.08
C405208;PLN005;43280;43645;0.00
C205366;PLN006;43281;43646;0.05
C375556;PLN001;43281;;0.00
C415510;PLN004;43281;43646;0.00
C146835;PLN004;43107;43472;0.00
C171287;PLN006;43107;43472;0.00
C219038;PLN006;43107;43472;0.00
C280217;PLN006;43107;43472;0.10
C429721;PLN003;43107;43472;0.00
C391888;PLN002;43138;;0.00
C110858;PLN004;43166;43531;0.00
C192623;PLN001;43197;;0.00
C245245;PLN006;43197;43562;0.00
C331892;PLN003;43197;43562;0.00
C429099;PLN003;43197;43562;0.00
C246272;PLN002;43227;;0.00
C329336;PLN005;43227;43592;0.00
C43014;PLN001;43227;;0.00
C221720;PLN004;43258;43623;0.02
C223339;PLN006;43258;43623;0.00
C247344;PLN001;43258;;0.00
C261019;PLN001;43258;;0.00
C26441;PLN002;43258;;0.00
C319427;PLN005;43258;43623;0.01
C355286;PLN001;43258;;0.00
C100438;PLN003;43288;43653;0.00
C25717;PLN006;43288;43653;0.00
C285224;PLN003;43288;43653;0.00
C296026;PLN003;43288;43653;0.00
C348568;PLN003;43288;43653;0.00
C358268;PLN004;43288;43653;0.06
C40388;PLN003;43288;43653;0.00
C434332;PLN006;43288;43653;0.00
C149535;PLN002;43319;;0.00
C12801;PLN002;43350;;0.00
C226732;PLN006;43350;43715;0.00
C365499;PLN001;43350;;0.00
C103633;PLN001;43380;;0.00
C191794;PLN003;43380;43745;0.00
C276233;PLN003;43380;43745;0.00
C295127;PLN004;43380;43745;0.00
C161987;PLN002;43411;;0.08
C239851;PLN006;43411;43776;0.00
C273734;PLN004;43411;43776;0.00
C393918;PLN006;43411;43776;0.00
C408575;PLN001;43411;;0.00
C159414;PLN006;43441;43806;0.00
C295873;PLN003;43441;43806;0.00
C125454;PLN005;43294;43659;0.00
C127091;PLN002;43294;;0.00
C153795;PLN004;43294;43659;0.00
C218932;PLN003;43294;43659;0.00
C263322;PLN001;43294;;0.00
C323554;PLN005;43294;43659;0.00
C435463;PLN006;43294;43659;0.09
C214756;PLN001;43295;;0.00
C41734;PLN003;43295;43660;0.00
C234711;PLN002;43296;;0.00
C413412;PLN005;43296;43661;0.00
C440794;PLN001;43296;;0.00
C142354;PLN001;43297;;0.00
C15437;PLN005;43297;43662;0.00
C304867;PLN004;43297;43662;0.00
C354650;PLN004;43297;43662;0.00
C147121;PLN004;43298;43663;0.00
C186843;PLN002;43298;;0.00
C418555;PLN003;43298;43663;0.00
C431840;PLN006;43298;43663;0.00
C437146;PLN004;43298;43663;0.00
C453302;PLN003;43298;43663;0.00
C129477;PLN002;43299;;0.00
C365642;PLN003;43301;43666;0.00
C125327;PLN004;43302;43667;0.00
C222615;PLN004;43302;43667;0.10
C13422;PLN003;43303;43668;0.00
C350092;PLN001;43303;;0.00
C381017;PLN004;43303;43668;0.00
C397778;PLN002;43303;;0.01
C220246;PLN005;43304;43669;0.00
C128796;PLN006;43305;43670;0.00
C196735;PLN006;43305;43670;0.00
C236802;PLN006;43305;43670;0.00
C291461;PLN003;43305;43670;0.00
C427576;PLN005;43305;43670;0.00
C11456;PLN005;43306;43671;0.00
C223184;PLN002;43306;;0.00
C21975;PLN006;43307;43672;0.00
C287960;PLN005;43307;43672;0.00
C304975;PLN001;43308;;0.00
C363477;PLN001;43308;;0.00
C430050;PLN004;43308;43673;0.00
C431998;PLN005;43308;43673;0.00
C136508;PLN004;43310;43675;0.00
C247983;PLN002;43310;;0.00
C221777;PLN002;43311;;0.00
C437714;PLN006;43311;43676;0.00
C176898;PLN003;43312;43677;0.00
C317191;PLN002;43312;;0.10
C37637;PLN003;43312;43677;0.00
C39139;PLN004;43312;43677;0.02
C383038;PLN002;43108;;0.00
C410158;PLN005;43108;43473;0.09
C146427;PLN003;43139;43504;0.00
C154483;PLN001;43139;;0.00
C26072;PLN001;43139;;0.00
C319290;PLN003;43139;43504;0.00
C386137;PLN004;43139;43504;0.00
C167054;PLN004;43167;43532;0.00
C349244;PLN004;43167;43532;0.00
C40626;PLN004;43167;43532;0.00
C449575;PLN003;43167;43532;0.00
C457992;PLN003;43167;43532;0.00
C258889;PLN006;43198;43563;0.00
C267290;PLN003;43198;43563;0.00
C420447;PLN004;43198;43563;0.00
C45496;PLN005;43198;43563;0.00
C206538;PLN001;43228;;0.00
C236786;PLN001;43228;;0.00
C278281;PLN006;43228;43593;0.00
C341776;PLN003;43228;43593;0.00
C345120;PLN006;43228;43593;0.00
C204763;PLN003;43259;43624;0.06
C322078;PLN002;43259;;0.00
C324770;PLN005;43259;43624;0.00
C118813;PLN004;43289;43654;0.00
C273654;PLN001;43289;;0.00
C307272;PLN003;43289;43654;0.00
C392386;PLN002;43289;;0.00
C426739;PLN006;43289;43654;0.00
C231573;PLN004;43351;43716;0.00
C287960;PLN003;43351;43716;0.00
C295136;PLN006;43351;43716;0.00
C330256;PLN004;43351;43716;0.00
C366725;PLN001;43351;;0.10
C208067;PLN003;43412;43777;0.00
C303508;PLN002;43412;;0.01
C411913;PLN003;43412;43777;0.00
C413659;PLN003;43412;43777;0.00
C212452;PLN002;43442;;0.00
C284680;PLN004;43442;43807;0.00
C152406;PLN001;43325;;0.00
C246076;PLN002;43325;;0.00
C283555;PLN006;43325;43690;0.00
C314095;PLN005;43325;43690;0.00
C13652;PLN006;43326;43691;0.00
C163645;PLN003;43326;43691;0.02
C193425;PLN004;43326;43691;0.00
C263387;PLN005;43326;43691;0.00
C272096;PLN001;43326;;0.00
C140226;PLN002;43327;;0.00
C221294;PLN006;43327;43692;0.00
C110838;PLN006;43328;43693;0.00
C162714;PLN005;43328;43693;0.04
C218708;PLN003;43328;43693;0.01
C35933;PLN005;43328;43693;0.00
C164635;PLN005;43329;43694;0.00
C171845;PLN003;43329;43694;0.00
C248348;PLN005;43329;43694;0.00
C169535;PLN006;43330;43695;0.00
C195026;PLN002;43330;;0.00
C212473;PLN003;43330;43695;0.00
C355954;PLN005;43330;43695;0.00
C11456;PLN004;43331;43696;0.00
C358996;PLN006;43331;43696;0.00
C258744;PLN006;43332;43697;0.00
C262362;PLN001;43332;;0.00
C382900;PLN001;43332;;0.00
C189162;PLN003;43333;43698;0.00
C273420;PLN001;43333;;0.00
C352614;PLN001;43334;;0.00
C157617;PLN001;43335;;0.00
C170291;PLN005;43335;43700;0.00
C221254;PLN005;43335;43700;0.00
C311717;PLN004;43335;43700;0.00
C340257;PLN004;43335;43700;0.00
C343361;PLN005;43335;43700;0.00
C361046;PLN001;43335;;0.00
C188285;PLN001;43336;;0.05
C226085;PLN005;43336;43701;0.00
C252788;PLN006;43336;43701;0.00
C413412;PLN006;43336;43701;0.00
C426916;PLN005;43336;43701;0.00
C199994;PLN006;43337;43702;0.00
C275711;PLN005;43337;43702;0.00
C355019;PLN006;43337;43702;0.08
C37401;PLN006;43337;43702;0.00
C430772;PLN002;43337;;0.00
C263406;PLN003;43338;43703;0.08
C279841;PLN001;43338;;0.00
C281001;PLN004;43338;43703;0.00
C127933;PLN004;43339;43704;0.00
C409137;PLN004;43339;43704;0.04
C161678;PLN003;43340;43705;0.00
C22001;PLN001;43340;;0.05
C118175;PLN006;43341;43706;0.00
C184640;PLN003;43341;43706;0.00
C202835;PLN004;43341;43706;0.00
C374371;PLN005;43341;43706;0.00
C394787;PLN005;43341;43706;0.00
C231048;PLN004;43342;43707;0.05
C239632;PLN004;43342;43707;0.07
C261531;PLN006;43342;43707;0.00
C152082;PLN006;43343;43708;0.00
C162309;PLN002;43343;;0.00
C362264;PLN004;43343;43708;0.00
C141009;PLN002;43109;;0.00
C308886;PLN003;43109;43474;0.00
C37049;PLN006;43140;43505;0.00
C118929;PLN003;43168;43533;0.00
C166011;PLN002;43168;;0.07
C192779;PLN006;43168;43533;0.00
C233954;PLN003;43168;43533;0.00
C39534;PLN006;43168;43533;0.00
C447611;PLN005;43168;43533;0.00
C100803;PLN001;43199;;0.00
C310899;PLN004;43199;43564;0.00
C452784;PLN003;43199;43564;0.05
C188029;PLN003;43260;43625;0.00
C309181;PLN002;43260;;0.00
C318437;PLN004;43260;43625;0.00
C141564;PLN005;43290;43655;0.00
C155915;PLN003;43290;43655;0.00
C171134;PLN001;43290;;0.00
C32072;PLN003;43290;43655;0.00
C336142;PLN005;43290;43655;0.03
C371748;PLN004;43290;43655;0.00
C417119;PLN005;43290;43655;0.00
C404624;PLN006;43321;43686;0.03
C418633;PLN002;43321;;0.00
C192246;PLN003;43352;43717;0.00
C314789;PLN001;43352;;0.00
C38187;PLN001;43352;;0.00
C223617;PLN003;43382;43747;0.00
C390045;PLN001;43382;;0.00
C177998;PLN003;43413;43778;0.00
C226648;PLN004;43413;43778;0.00
C33428;PLN005;43413;43778;0.00
C395641;PLN006;43413;43778;0.00
C228024;PLN003;43356;43721;0.00
C364332;PLN003;43356;43721;0.00
C382253;PLN005;43356;43721;0.00
C409657;PLN006;43356;43721;0.00
C175258;PLN004;43357;43722;0.10
C268966;PLN005;43357;43722;0.00
C314797;PLN005;43357;43722;0.00
C351312;PLN006;43357;43722;0.00
C20945;PLN001;43358;;0.08
C331653;PLN004;43358;43723;0.00
C447041;PLN002;43358;;0.00
C10468;PLN005;43359;43724;0.03
C246318;PLN006;43359;43724;0.00
C357679;PLN006;43359;43724;0.00
C109011;PLN002;43360;;0.00
C283181;PLN003;43360;43725;0.00
C300982;PLN006;43360;43725;0.01
C322849;PLN003;43360;43725;0.00
C367767;PLN006;43360;43725;0.10
C369068;PLN001;43360;;0.00
C11271;PLN006;43361;43726;0.10
C202923;PLN006;43361;43726;0.00
C28447;PLN005;43361;43726;0.00
C125286;PLN001;43362;;0.10
C149353;PLN002;43362;;0.00
C204763;PLN006;43362;43727;0.00
C243120;PLN005;43362;43727;0.00
C313655;PLN004;43362;43727;0.00
C415994;PLN003;43362;43727;0.00
C110218;PLN002;43363;;0.00
C149776;PLN006;43363;43728;0.00
C285601;PLN002;43363;;0.00
C328010;PLN003;43363;43728;0.00
C413412;PLN001;43363;;0.03
C418088;PLN002;43363;;0.00
C129255;PLN006;43364;43729;0.01
C160425;PLN001;43364;;0.00
C281448;PLN004;43364;43729;0.00
C414191;PLN006;43364;43729;0.00
C414964;PLN003;43364;43729;0.00
C142862;PLN006;43365;43730;0.00
C137237;PLN004;43366;43731;0.00
C215659;PLN006;43366;43731;0.00
C308211;PLN002;43366;;0.00
C36185;PLN003;43366;43731;0.00
C368433;PLN002;43366;;0.00
C380081;PLN005;43366;43731;0.00
C387926;PLN006;43366;43731;0.00
C413569;PLN003;43366;43731;0.00
C116858;PLN004;43367;43732;0.00
C117760;PLN005;43367;43732;0.00
C36821;PLN006;43367;43732;0.00
C187012;PLN005;43368;43733;0.00
C192886;PLN004;43368;43733;0.00
C239090;PLN006;43368;43733;0.10
C297459;PLN004;43368;43733;0.00
C304867;PLN003;43368;43733;0.00
C313833;PLN005;43368;43733;0.00
C139995;PLN003;43369;43734;0.00
C167673;PLN003;43369;43734;0.00
C178034;PLN002;43369;;0.00
C4492;PLN005;43369;43734;0.00
C135559;PLN004;43370;43735;0.00
C224791;PLN005;43370;43735;0.00
C382656;PLN003;43370;43735;0.00
C157166;PLN003;43371;43736;0.00
C176947;PLN001;43371;;0.00
C346672;PLN002;43371;;0.00
C229425;PLN005;43372;43737;0.00
C308946;PLN005;43372;43737;0.00
C140722;PLN004;43373;43738;0.00
C166436;PLN003;43373;43738;0.00
C170193;PLN004;43373;43738;0.00
C29002;PLN005;43373;43738;0.00
C324839;PLN002;43373;;0.00
C358414;PLN005;43373;43738;0.00
C370378;PLN006;43373;43738;0.00
C417558;PLN003;43110;43475;0.00
C140028;PLN002;43141;;0.00
C201831;PLN003;43141;43506;0.00
C298679;PLN002;43169;;0.04
C308174;PLN001;43169;;0.01
C277242;PLN006;43200;43565;0.00
C313888;PLN004;43200;43565;0.08
C109150;PLN004;43230;43595;0.00
C122875;PLN005;43230;43595;0.00
C126390;PLN003;43230;43595;0.00
C157693;PLN004;43230;43595;0.00
C28409;PLN002;43230;;0.00
C367759;PLN002;43230;;0.00
C372482;PLN003;43230;43595;0.00
C441595;PLN005;43230;43595;0.00
C261370;PLN004;43261;43626;0.00
C280692;PLN004;43261;43626;0.00
C307272;PLN002;43261;;0.00
C423924;PLN005;43261;43626;0.00
C206654;PLN005;43291;43656;0.00
C319668;PLN005;43291;43656;0.00
C453929;PLN004;43291;43656;0.00
C310077;PLN005;43322;43687;0.00
C335916;PLN003;43322;43687;0.00
C451708;PLN003;43322;43687;0.08
C181308;PLN004;43353;43718;0.00
C19492;PLN001;43353;;0.00
C375559;PLN002;43353;;0.10
C165683;PLN001;43383;;0.00
C198316;PLN002;43383;;0.00
C258329;PLN001;43383;;0.00
C37301;PLN006;43383;43748;0.00
C198483;PLN006;43414;43779;0.00
C318542;PLN006;43414;43779;0.00
C345218;PLN002;43414;;0.04
C406450;PLN005;43414;43779;0.00
C414080;PLN006;43444;43809;0.00
C28036;PLN004;43386;43751;0.05
C31867;PLN002;43386;;0.00
C350090;PLN002;43386;;0.00
C196215;PLN001;43387;;0.00
C216197;PLN001;43387;;0.03
C438655;PLN003;43387;43752;0.02
C454950;PLN004;43387;43752;0.04
C201280;PLN004;43388;43753;0.00
C212939;PLN003;43388;43753;0.00
C388313;PLN006;43388;43753;0.00
C454020;PLN004;43388;43753;0.00
C12764;PLN004;43389;43754;0.06
C157468;PLN005;43389;43754;0.00
C134574;PLN003;43390;43755;0.00
C283146;PLN003;43390;43755;0.00
C326985;PLN005;43390;43755;0.00
C368434;PLN001;43390;;0.00
C165958;PLN003;43391;43756;0.00
C171134;PLN006;43391;43756;0.00
C267219;PLN005;43391;43756;0.00
C31290;PLN001;43392;;0.00
C275907;PLN001;43393;;0.00
C362538;PLN002;43393;;0.00
C395947;PLN002;43393;;0.00
C122711;PLN003;43394;43759;0.00
C243327;PLN001;43394;;0.01
C287322;PLN004;43394;43759;0.02
C40512;PLN001;43394;;0.00
C155145;PLN006;43395;43760;0.00
C237315;PLN005;43395;43760;0.00
C379745;PLN001;43395;;0.00
C394094;PLN003;43395;43760;0.00
C432013;PLN005;43395;43760;0.00
C109835;PLN006;43396;43761;0.00
C121992;PLN006;43396;43761;0.00
C422647;PLN003;43396;43761;0.00
C429552;PLN001;43396;;0.00
C118284;PLN006;43397;43762;0.00
C211415;PLN004;43397;43762;0.09
C234169;PLN006;43397;43762;0.00
C240210;PLN006;43397;43762;0.00
C144326;PLN003;43398;43763;0.02
C192179;PLN003;43398;43763;0.00
C215206;PLN004;43398;43763;0.00
C391223;PLN002;43398;;0.00
C441890;PLN006;43398;43763;0.00
C147333;PLN004;43399;43764;0.00
C352557;PLN003;43399;43764;0.00
C35363;PLN002;43399;;0.00
C294019;PLN001;43400;;0.00
C122923;PLN006;43401;43766;0.00
C13820;PLN001;43401;;0.00
C148950;PLN002;43401;;0.00
C159414;PLN004;43401;43766;0.00
C193997;PLN001;43402;;0.00
C377299;PLN005;43403;43768;0.00
C187864;PLN005;43111;43476;0.00
C274784;PLN003;43111;43476;0.00
C348747;PLN005;43111;43476;0.01
C448652;PLN002;43111;;0.00
C292167;PLN002;43142;;0.00
C339737;PLN004;43142;43507;0.00
C397281;PLN006;43142;43507;0.00
C120880;PLN003;43170;43535;0.00
C155387;PLN004;43170;43535;0.00
C372482;PLN002;43170;;0.00
C139164;PLN004;43201;43566;0.00
C180898;PLN003;43201;43566;0.01
C247895;PLN005;43201;43566;0.00
C391890;PLN004;43201;43566;0.00
C126789;PLN004;43231;43596;0.00
C166877;PLN003;43231;43596;0.00
C234711;PLN005;43231;43596;0.00
C273597;PLN006;43231;43596;0.00
C4492;PLN004;43231;43596;0.10
C167875;PLN002;43262;;0.00
C297500;PLN001;43262;;0.00
C307934;PLN003;43262;43627;0.04
C327192;PLN004;43262;43627;0.08
C365896;PLN005;43262;43627;0.06
C383535;PLN005;43262;43627;0.00
C188713;PLN001;43292;;0.00
C20307;PLN006;43292;43657;0.00
C237894;PLN006;43292;43657;0.00
C246829;PLN005;43292;43657;0.00
C437337;PLN006;43292;43657;0.00
C384590;PLN001;43323;;0.00
C305488;PLN005;43354;43719;0.00
C375992;PLN004;43354;43719;0.00
C128697;PLN002;43384;;0.00
C177453;PLN003;43384;43749;0.00
C39831;PLN002;43384;;0.00
C440726;PLN005;43384;43749;0.03
C129708;PLN006;43415;43780;0.00
C169921;PLN004;43415;43780;0.00
C247895;PLN001;43415;;0.00
C397541;PLN003;43415;43780;0.00
C100576;PLN002;43445;;0.10
C157569;PLN002;43445;;0.00
C195685;PLN006;43445;43810;0.00
C299350;PLN006;43445;43810;0.08
C404624;PLN003;43445;43810;0.00
C188178;PLN002;43417;;0.00
C351768;PLN005;43417;43782;0.00
C432441;PLN004;43417;43782;0.00
C162341;PLN003;43418;43783;0.00
C236351;PLN005;43418;43783;0.00
C339624;PLN006;43418;43783;0.05
C391235;PLN004;43418;43783;0.00
C134802;PLN006;43419;43784;0.00
C173447;PLN004;43419;43784;0.00
C345980;PLN003;43419;43784;0.04
C404508;PLN002;43419;;0.10
C432937;PLN006;43419;43784;0.02
C453254;PLN004;43419;43784;0.00
C126789;PLN003;43420;43785;0.00
C106264;PLN004;43421;43786;0.00
C147316;PLN005;43421;43786;0.00
C172444;PLN004;43421;43786;0.00
C384179;PLN003;43421;43786;0.00
C135553;PLN004;43422;43787;0.00
C284289;PLN003;43422;43787;0.00
C421851;PLN004;43422;43787;0.00
C308268;PLN004;43423;43788;0.00
C346101;PLN004;43423;43788;0.00
C136270;PLN006;43424;43789;0.00
C173833;PLN002;43424;;0.00
C184417;PLN002;43424;;0.01
C361989;PLN003;43424;43789;0.00
C121255;PLN005;43425;43790;0.00
C165924;PLN005;43425;43790;0.04
C433321;PLN005;43425;43790;0.00
C437583;PLN002;43425;;0.00
C269943;PLN002;43426;;0.00
C140472;PLN006;43427;43792;0.07
C301586;PLN003;43427;43792;0.00
C428335;PLN005;43427;43792;0.00
C439052;PLN004;43427;43792;0.02
C179461;PLN005;43428;43793;0.00
C340706;PLN006;43428;43793;0.00
C39139;PLN005;43428;43793;0.03
C226226;PLN002;43429;;0.09
C308163;PLN005;43429;43794;0.00
C389948;PLN006;43429;43794;0.03
C385154;PLN006;43430;43795;0.00
C248559;PLN006;43431;43796;0.02
C426192;PLN005;43431;43796;0.00
C447911;PLN004;43431;43796;0.02
C452515;PLN001;43431;;0.00
C129573;PLN002;43432;;0.00
C171845;PLN004;43432;43797;0.00
C189165;PLN001;43432;;0.10
C213999;PLN004;43432;43797;0.07
C265052;PLN003;43432;43797;0.00
C295855;PLN005;43432;43797;0.00
C334975;PLN005;43432;43797;0.00
C374038;PLN006;43432;43797;0.00
C394310;PLN001;43432;;0.00
C405116;PLN002;43432;;0.00
C245576;PLN004;43433;43798;0.00
C397652;PLN005;43433;43798;0.00
C438775;PLN001;43433;;0.00
C191681;PLN006;43434;43799;0.00
C30291;PLN005;43434;43799;0.00
C312434;PLN005;43434;43799;0.00
C319181;PLN006;43434;43799;0.00
C40388;PLN005;43112;43477;0.00
C120910;PLN005;43143;43508;0.00
C159628;PLN004;43143;43508;0.00
C236430;PLN004;43143;43508;0.00
C344913;PLN003;43143;43508;0.00
C356409;PLN004;43143;43508;0.08
C231109;PLN002;43171;;0.00
C346003;PLN004;43171;43536;0.00
C451605;PLN001;43171;;0.00
C145646;PLN006;43202;43567;0.00
C239324;PLN006;43202;43567;0.00
C105259;PLN002;43232;;0.06
C18755;PLN001;43232;;0.00
C195043;PLN005;43232;43597;0.00
C288104;PLN002;43232;;0.00
C442530;PLN002;43232;;0.00
C182741;PLN004;43263;43628;0.00
C324410;PLN005;43263;43628;0.00
C447095;PLN003;43263;43628;0.00
C364577;PLN006;43293;43658;0.00
C432427;PLN001;43293;;0.00
C188641;PLN004;43324;43689;0.02
C20654;PLN004;43324;43689;0.00
C401363;PLN005;43324;43689;0.00
C12823;PLN005;43355;43720;0.00
C226447;PLN001;43355;;0.01
C245030;PLN005;43355;43720;0.02
C378647;PLN006;43355;43720;0.00
C160184;PLN001;43385;;0.00
C266298;PLN005;43385;43750;0.00
C458530;PLN003;43385;43750;0.00
C163645;PLN005;43416;43781;0.00
C363824;PLN002;43416;;0.05
C414496;PLN002;43416;;0.00
C455791;PLN006;43416;43781;0.00
C129556;PLN004;43446;43811;0.00
C228986;PLN005;43446;43811;0.00
C250397;PLN006;43446;43811;0.00
C335775;PLN005;43446;43811;0.00
C375854;PLN002;43446;;0.00
C121267;PLN005;43447;43812;0.00
C174370;PLN006;43447;43812;0.00
C384242;PLN006;43447;43812;0.00
C13585;PLN006;43448;43813;0.00
C41825;PLN002;43449;;0.00
C435795;PLN001;43449;;0.01
C318437;PLN001;43450;;0.00
C108627;PLN001;43451;;0.00
C249495;PLN006;43451;43816;0.00
C298558;PLN004;43451;43816;0.00
C157151;PLN002;43452;;0.00
C169191;PLN006;43452;43817;0.00
C193425;PLN003;43452;43817;0.00
C317184;PLN004;43452;43817;0.07
C334551;PLN002;43452;;0.00
C181008;PLN005;43454;43819;0.00
C272187;PLN002;43454;;0.00
C350977;PLN005;43455;43820;0.00
C36043;PLN003;43455;43820;0.00
C41825;PLN004;43456;43821;0.00
C424794;PLN002;43456;;0.00
C433959;PLN003;43456;43821;0.00
C30499;PLN003;43457;43822;0.00
C447395;PLN005;43457;43822;0.00
C270115;PLN001;43458;;0.00
C456934;PLN005;43458;43823;0.00
C156447;PLN001;43459;;0.00
C196880;PLN004;43459;43824;0.00
C239723;PLN004;43459;43824;0.00
C275370;PLN004;43459;43824;0.02
C311068;PLN001;43459;;0.00
C122844;PLN004;43460;43825;0.00
C144619;PLN004;43460;43825;0.00
C176685;PLN003;43460;43825;0.00
C213428;PLN001;43460;;0.08
C314056;PLN004;43460;43825;0.00
C371979;PLN005;43460;43825;0.00
C390665;PLN006;43460;43825;0.00
C14506;PLN005;43461;43826;0.00
C335775;PLN004;43461;43826;0.00
C123860;PLN001;43462;;0.00
C146121;PLN004;43462;43827;0.00
C253419;PLN004;43462;43827;0.00
C318591;PLN001;43462;;0.00
C338390;PLN006;43462;43827;0.00
C378755;PLN006;43462;43827;0.00
C139531;PLN003;43463;43828;0.07
C172212;PLN001;43464;;0.00
C314779;PLN005;43464;43829;0.00
C349305;PLN005;43464;43829;0.00
C351082;PLN005;43464;43829;0.00
C396747;PLN004;43464;43829;0.00
C12324;PLN006;43465;43830;0.00
C205887;PLN004;43465;43830;0.00
C236429;PLN006;43465;43830;0.00
C335305;PLN005;43465;43830;0.00
C122743;PLN001;43466;;0.00
C180885;PLN002;43466;;0.00
C197493;PLN002;43466;;0.00
C336643;PLN003;43466;43831;0.00
C347551;PLN006;43466;43831;0.00
C351956;PLN006;43466;43831;0.00
C143976;PLN003;43497;43862;0.00
C173376;PLN003;43497;43862;0.00
C112320;PLN005;43525;43891;0.00
C306337;PLN006;43525;43891;0.00
C347970;PLN006;43525;43891;0.00
C127733;PLN003;43556;43922;0.00
C347605;PLN004;43556;43922;0.00
C12223;PLN003;43586;43952;0.00
C241059;PLN004;43586;43952;0.00
C294519;PLN001;43586;;0.01
C384953;PLN003;43586;43952;0.00
C129206;PLN006;43617;43983;0.00
C240539;PLN002;43647;;0.00
C303530;PLN001;43647;;0.00
C146427;PLN004;43678;44044;0.06
C348771;PLN003;43678;44044;0.09
C457108;PLN005;43678;44044;0.00
C251723;PLN005;43709;44075;0.00
C272970;PLN004;43709;44075;0.06
C33362;PLN003;43709;44075;0.00
C195211;PLN004;43739;44105;0.00
C133280;PLN002;43770;;0.00
C140257;PLN001;43770;;0.00
C344749;PLN006;43770;44136;0.04
C19443;PLN001;43800;;0.00
C144619;PLN006;43478;43843;0.00
C257528;PLN005;43478;43843;0.00
C243975;PLN005;43479;43844;0.00
C343296;PLN006;43479;43844;0.00
C131865;PLN004;43480;43845;0.00
C211696;PLN005;43480;43845;0.00
C21760;PLN003;43480;43845;0.00
C388868;PLN002;43480;;0.00
C205311;PLN002;43481;;0.04
C246840;PLN005;43481;43846;0.00
C281203;PLN003;43481;43846;0.00
C371179;PLN006;43481;43846;0.00
C127799;PLN003;43482;43847;0.00
C319427;PLN003;43482;43847;0.00
C392016;PLN004;43482;43847;0.00
C404136;PLN003;43482;43847;0.04
C447634;PLN005;43482;43847;0.00
C121459;PLN006;43483;43848;0.00
C16343;PLN005;43483;43848;0.00
C458270;PLN006;43483;43848;0.00
C36561;PLN002;43485;;0.00
C446569;PLN001;43485;;0.00
C269532;PLN005;43486;43851;0.00
C442418;PLN005;43486;43851;0.00
C198210;PLN004;43487;43852;0.00
C248336;PLN002;43487;;0.00
C323774;PLN005;43487;43852;0.00
C338558;PLN001;43487;;0.00
C136415;PLN003;43488;43853;0.00
C259771;PLN003;43488;43853;0.00
C307446;PLN003;43488;43853;0.05
C31290;PLN005;43488;43853;0.00
C141558;PLN005;43489;43854;0.00
C143757;PLN006;43489;43854;0.00
C274134;PLN003;43489;43854;0.00
C202967;PLN006;43490;43855;0.00
C360872;PLN006;43490;43855;0.02
C31867;PLN003;43491;43856;0.00
C323069;PLN001;43491;;0.10
C215220;PLN003;43492;43857;0.00
C270901;PLN001;43492;;0.00
C233212;PLN004;43493;43858;0.00
C255610;PLN006;43493;43858;0.03
C33443;PLN003;43493;43858;0.00
C432862;PLN003;43493;43858;0.00
C454555;PLN001;43493;;0.00
C105345;PLN006;43495;43860;0.00
C220808;PLN003;43495;43860;0.00
C249980;PLN006;43495;43860;0.00
C280943;PLN004;43495;43860;0.00
C437146;PLN006;43495;43860;0.00
C101373;PLN003;43496;43861;0.00
C145909;PLN005;43496;43861;0.00
C290985;PLN006;43496;43861;0.00
C313588;PLN005;43467;43832;0.00
C102915;PLN006;43498;43863;0.00
C116119;PLN006;43498;43863;0.00
C129708;PLN003;43498;43863;0.00
C102550;PLN006;43526;43892;0.00
C118708;PLN005;43526;43892;0.00
C124486;PLN002;43526;;0.00
C297043;PLN001;43526;;0.00
C378247;PLN004;43526;43892;0.00
C432526;PLN002;43526;;0.00
C458501;PLN003;43526;43892;0.00
C149522;PLN001;43557;;0.07
C198499;PLN006;43557;43923;0.00
C268607;PLN002;43557;;0.00
C391235;PLN001;43587;;0.00
C434579;PLN004;43587;43953;0.00
C123404;PLN004;43618;43984;0.00
C144526;PLN005;43618;43984;0.00
C320084;PLN001;43618;;0.10
C320951;PLN001;43618;;0.00
C151640;PLN005;43648;44014;0.00
C243021;PLN003;43648;44014;0.00
C298133;PLN005;43648;44014;0.00
C303530;PLN003;43648;44014;0.00
C308155;PLN005;43648;44014;0.00
C229220;PLN006;43679;44045;0.00
C43421;PLN002;43679;;0.00
C248184;PLN002;43710;;0.00
C298489;PLN005;43710;44076;0.00
C341776;PLN006;43710;44076;0.00
C37647;PLN004;43710;44076;0.00
C206294;PLN001;43740;;0.05
C249034;PLN001;43740;;0.00
C262330;PLN005;43740;44106;0.00
C422338;PLN001;43740;;0.00
C296277;PLN003;43771;44137;0.00
C215206;PLN002;43801;;0.00
C206469;PLN003;43509;43874;0.00
C362264;PLN005;43509;43874;0.00
C392579;PLN005;43509;43874;0.00
C400435;PLN002;43509;;0.00
C225693;PLN003;43510;43875;0.00
C310795;PLN004;43510;43875;0.00
C366355;PLN002;43510;;0.01
C417412;PLN003;43510;43875;0.02
C133715;PLN002;43511;;0.00
C143873;PLN005;43511;43876;0.00
C188713;PLN006;43511;43876;0.00
C107595;PLN005;43512;43877;0.02
C107630;PLN003;43512;43877;0.09
C144903;PLN005;43513;43878;0.00
C199135;PLN006;43513;43878;0.00
C347094;PLN006;43514;43879;0.00
C183526;PLN004;43515;43880;0.00
C192755;PLN004;43515;43880;0.00
C224752;PLN003;43515;43880;0.00
C327523;PLN002;43515;;0.00
C402387;PLN003;43515;43880;0.00
C130959;PLN002;43517;;0.00
C22034;PLN003;43517;43882;0.00
C226140;PLN004;43517;43882;0.00
C302899;PLN001;43517;;0.00
C399155;PLN005;43517;43882;0.00
C453894;PLN003;43517;43882;0.00
C260438;PLN001;43518;;0.00
C262134;PLN002;43518;;0.00
C402194;PLN004;43518;43883;0.00
C121255;PLN006;43519;43884;0.00
C199415;PLN001;43519;;0.00
C199854;PLN003;43519;43884;0.00
C301951;PLN006;43519;43884;0.00
C404115;PLN003;43519;43884;0.00
C417560;PLN005;43519;43884;0.00
C110988;PLN005;43520;43885;0.00
C388043;PLN006;43520;43885;0.00
C16873;PLN005;43521;43886;0.00
C297152;PLN005;43521;43886;0.00
C345197;PLN006;43521;43886;0.00
C351802;PLN003;43521;43886;0.00
C111193;PLN004;43522;43887;0.00
C130501;PLN005;43522;43887;0.00
C207947;PLN005;43522;43887;0.00
C237218;PLN005;43522;43887;0.00
C311477;PLN006;43522;43887;0.00
C413287;PLN002;43522;;0.03
C458943;PLN006;43522;43887;0.05
C220412;PLN003;43523;43888;0.07
C225211;PLN004;43523;43888;0.04
C233258;PLN001;43523;;0.00
C250626;PLN004;43523;43888;0.00
C329447;PLN002;43523;;0.00
C361963;PLN003;43523;43888;0.00
C432697;PLN002;43523;;0.00
C146549;PLN003;43524;43889;0.05
C160470;PLN003;43524;43889;0.00
C20805;PLN003;43524;43889;0.00
C389247;PLN003;43524;43889;0.00
C125286;PLN005;43468;43890;0.00
C174143;PLN003;43468;43890;0.00
C288609;PLN004;43468;43890;0.00
C369000;PLN006;43468;43890;0.10
C377068;PLN001;43468;;0.00
C434506;PLN004;43468;43890;0.10
C215925;PLN004;43499;43833;0.00
C130307;PLN003;43527;43864;0.00
C276855;PLN004;43527;43864;0.00
C130284;PLN002;43558;;0.00
C305703;PLN005;43558;43893;0.00
C339177;PLN001;43558;;0.02
C355763;PLN005;43558;43893;0.00
C131567;PLN004;43588;43924;0.00
C144903;PLN003;43588;43924;0.00
C175784;PLN003;43619;43954;0.00
C183606;PLN001;43619;;0.00
C394785;PLN003;43619;43954;0.00
C437146;PLN001;43619;;0.00
C448404;PLN004;43619;43954;0.00
C307388;PLN001;43649;;0.00
C335113;PLN006;43649;43985;0.00
C108757;PLN004;43680;44015;0.00
C132526;PLN001;43680;;0.00
C139916;PLN006;43680;44015;0.00
C209030;PLN004;43680;44015;0.00
C313554;PLN001;43680;;0.00
C288847;PLN003;43711;44046;0.00
C34514;PLN005;43711;44046;0.08
C41051;PLN004;43711;44046;0.00
C431239;PLN005;43711;44046;0.00
C131092;PLN003;43741;44077;0.05
C180548;PLN004;43741;44077;0.00
C334882;PLN004;43741;44077;0.00
C144849;PLN002;43772;;0.00
C231623;PLN006;43772;44107;0.00
C255840;PLN004;43772;44107;0.00
C374238;PLN001;43772;;0.00
C216014;PLN004;43802;44138;0.06
C258569;PLN006;43802;44138;0.00
C338390;PLN005;43802;44138;0.00
C356309;PLN003;43802;44138;0.00
C366868;PLN005;43802;44138;0.09
C418555;PLN002;43802;;0.00
C181467;PLN005;43537;44168;0.00
C28448;PLN003;43537;44168;0.00
C341657;PLN005;43537;44168;0.00
C422725;PLN003;43537;44168;0.10
C448133;PLN003;43537;44168;0.00
C449592;PLN004;43537;44168;0.00
C178988;PLN002;43538;;0.00
C179976;PLN006;43538;43903;0.00
C413666;PLN001;43538;;0.00
C103829;PLN004;43539;43904;0.00
C134840;PLN004;43539;43904;0.00
C455112;PLN006;43539;43904;0.00
C345842;PLN001;43540;;0.00
C393658;PLN006;43540;43905;0.00
C422381;PLN005;43540;43905;0.00
C176128;PLN005;43541;43906;0.00
C336643;PLN002;43541;;0.00
C131981;PLN006;43542;43907;0.00
C186501;PLN003;43542;43907;0.00
C28297;PLN004;43542;43907;0.00
C286213;PLN004;43542;43907;0.00
C440586;PLN002;43542;;0.00
C448422;PLN002;43542;;0.00
C451868;PLN005;43542;43907;0.00
C202923;PLN003;43543;43908;0.00
C243900;PLN002;43543;;0.00
C354631;PLN001;43543;;0.00
C425945;PLN005;43543;43908;0.00
C274892;PLN003;43544;43909;0.00
C353833;PLN006;43544;43909;0.00
C414250;PLN002;43544;;0.09
C197951;PLN005;43545;43910;0.00
C254469;PLN005;43545;43910;0.00
C300996;PLN002;43545;;0.00
C321104;PLN004;43545;43910;0.00
C250981;PLN005;43546;43911;0.00
C311717;PLN006;43547;43912;0.00
C112342;PLN002;43548;;0.00
C132135;PLN001;43548;;0.00
C152717;PLN003;43549;43914;0.06
C15858;PLN003;43549;43914;0.00
C205397;PLN006;43549;43914;0.00
C364126;PLN005;43549;43914;0.00
C397036;PLN003;43549;43914;0.00
C127799;PLN004;43550;43915;0.00
C163091;PLN003;43550;43915;0.00
C252093;PLN005;43550;43915;0.00
C268205;PLN006;43551;43916;0.00
C394872;PLN006;43551;43916;0.00
C396641;PLN004;43551;43916;0.00
C138971;PLN006;43552;43917;0.00
C215489;PLN002;43552;;0.00
C256162;PLN005;43552;43917;0.00
C362238;PLN003;43552;43917;0.00
C142020;PLN006;43553;43918;0.00
C279313;PLN005;43553;43918;0.00
C140229;PLN002;43554;;0.00
C16772;PLN002;43554;;0.00
C369459;PLN005;43554;43919;0.00
C124569;PLN006;43469;43921;0.00
C311706;PLN003;43469;43921;0.00
C397312;PLN003;43469;43921;0.00
C230711;PLN005;43500;43834;0.07
C315537;PLN002;43500;;0.00
C319754;PLN001;43500;;0.00
C433718;PLN003;43500;43834;0.00
C190668;PLN003;43528;43865;0.00
C264852;PLN006;43559;43894;0.07
C344749;PLN005;43559;43894;0.00
C358208;PLN005;43559;43894;0.00
C153697;PLN002;43589;;0.00
C239761;PLN005;43589;43925;0.00
C263737;PLN006;43589;43925;0.00
C354684;PLN006;43589;43925;0.00
C133321;PLN004;43620;43955;0.00
C177968;PLN003;43620;43955;0.00
C339274;PLN002;43620;;0.00
C415510;PLN006;43620;43955;0.00
C129607;PLN003;43650;43986;0.00
C162607;PLN004;43650;43986;0.00
C261196;PLN003;43650;43986;0.00
C312434;PLN004;43650;43986;0.00
C13171;PLN004;43681;44016;0.00
C286546;PLN005;43681;44016;0.02
C316886;PLN003;43681;44016;0.00
C328533;PLN004;43712;44047;0.00
C458530;PLN005;43712;44047;0.00
C114034;PLN004;43742;44078;0.00
C133824;PLN006;43742;44078;0.00
C293019;PLN002;43742;;0.00
C355591;PLN003;43742;44078;0.00
C450036;PLN006;43742;44078;0.00
C118180;PLN006;43773;44108;0.00
C193939;PLN001;43773;;0.07
C192779;PLN006;43803;44139;0.00
C230280;PLN002;43803;;0.10
C124606;PLN006;43568;44169;0.00
C132526;PLN004;43568;44169;0.00
C165798;PLN003;43568;44169;0.00
C306784;PLN004;43568;44169;0.00
C439151;PLN002;43568;;0.01
C445360;PLN001;43568;;0.00
C143321;PLN006;43569;43934;0.00
C151275;PLN005;43569;43934;0.00
C192179;PLN002;43569;;0.00
C321580;PLN004;43569;43934;0.00
C335048;PLN006;43569;43934;0.00
C386084;PLN002;43570;;0.09
C421408;PLN006;43570;43935;0.00
C110048;PLN006;43571;43936;0.00
C270236;PLN004;43571;43936;0.04
C298354;PLN003;43571;43936;0.00
C363834;PLN006;43571;43936;0.00
C178776;PLN004;43572;43937;0.00
C112104;PLN005;43573;43938;0.00
C122844;PLN004;43573;43938;0.00
C275711;PLN003;43573;43938;0.00
C393043;PLN006;43573;43938;0.00
C421408;PLN005;43573;43938;0.00
C112076;PLN002;43574;;0.00
C177419;PLN003;43574;43939;0.03
C398775;PLN003;43574;43939;0.02
C115546;PLN005;43575;43940;0.00
C183063;PLN006;43575;43940;0.00
C24315;PLN006;43575;43940;0.00
C271514;PLN002;43575;;0.00
C362094;PLN003;43575;43940;0.00
C123738;PLN004;43576;43941;0.00
C168626;PLN003;43576;43941;0.00
C428889;PLN005;43576;43941;0.00
C156009;PLN002;43577;;0.00
C358648;PLN006;43577;43942;0.08
C408796;PLN006;43578;43943;0.00
C104991;PLN001;43579;;0.00
C124606;PLN005;43579;43944;0.00
C132807;PLN006;43579;43944;0.00
C251323;PLN002;43580;;0.00
C255157;PLN005;43580;43945;0.09
C331116;PLN005;43580;43945;0.00
C18546;PLN003;43581;43946;0.00
C249034;PLN006;43581;43946;0.00
C331621;PLN006;43581;43946;0.00
C337156;PLN006;43581;43946;0.00
C364577;PLN005;43582;43947;0.04
C419455;PLN003;43582;43947;0.00
C160184;PLN006;43583;43948;0.03
C246115;PLN003;43583;43948;0.00
C275738;PLN005;43583;43948;0.00
C282264;PLN002;43583;;0.00
C386928;PLN003;43583;43948;0.00
C445799;PLN003;43583;43948;0.00
C234995;PLN006;43584;43949;0.00
C414120;PLN006;43584;43949;0.00
C415510;PLN004;43584;43949;0.00
C458596;PLN004;43584;43949;0.00
C26441;PLN005;43585;43950;0.00
C299269;PLN006;43585;43950;0.09
C301809;PLN005;43585;43950;0.00
C3955;PLN001;43585;;0.00
C13948;PLN003;43470;43951;0.04
C173495;PLN005;43501;43835;0.00
C187953;PLN001;43501;;0.03
C408929;PLN003;43501;43835;0.00
C104955;PLN004;43529;43866;0.00
C206526;PLN006;43529;43866;0.08
C313743;PLN006;43529;43866;0.00
C137783;PLN001;43560;;0.00
C149196;PLN001;43560;;0.00
C379561;PLN001;43560;;0.00
C274196;PLN005;43590;43926;0.00
C291920;PLN005;43590;43926;0.00
C307644;PLN005;43590;43926;0.00
C423924;PLN006;43590;43926;0.10
C143699;PLN006;43651;43987;0.00
C451418;PLN001;43651;;0.00
C32825;PLN006;43682;44017;0.00
C160470;PLN006;43713;44048;0.07
C247612;PLN006;43713;44048;0.00
C322612;PLN006;43713;44048;0.00
C327192;PLN003;43713;44048;0.00
C377524;PLN003;43713;44048;0.00
C446698;PLN006;43713;44048;0.08
C11065;PLN006;43743;44079;0.00
C386842;PLN004;43743;44079;0.00
C304061;PLN004;43804;44140;0.00
C343846;PLN006;43804;44140;0.07
C299544;PLN006;43598;44170;0.00
C334008;PLN004;43598;44170;0.00
C348142;PLN005;43598;44170;0.10
C129708;PLN003;43600;43965;0.00
C201858;PLN001;43600;;0.04
C418563;PLN003;43600;43965;0.00
C442766;PLN003;43600;43965;0.00
C395893;PLN003;43601;43966;0.02
C108636;PLN001;43602;;0.00
C213137;PLN001;43602;;0.00
C22561;PLN005;43602;43967;0.00
C264118;PLN002;43602;;0.00
C302959;PLN004;43602;43967;0.00
C368371;PLN006;43602;43967;0.00
C449051;PLN006;43602;43967;0.00
C12468;PLN006;43603;43968;0.00
C394129;PLN006;43603;43968;0.00
C411637;PLN006;43603;43968;0.00
C115574;PLN004;43604;43969;0.00
C174342;PLN004;43604;43969;0.08
C233122;PLN003;43604;43969;0.00
C320113;PLN005;43604;43969;0.00
C387478;PLN005;43604;43969;0.03
C389256;PLN005;43604;43969;0.00
C183078;PLN006;43605;43970;0.00
C234277;PLN003;43606;43971;0.00
C215782;PLN003;43607;43972;0.00
C247183;PLN006;43607;43972;0.02
C310077;PLN001;43607;;0.00
C187645;PLN005;43608;43973;0.00
C289366;PLN003;43608;43973;0.00
C346519;PLN003;43608;43973;0.00
C351571;PLN005;43608;43973;0.00
C418289;PLN006;43608;43973;0.00
C347009;PLN006;43609;43974;0.00
C424224;PLN004;43609;43974;0.00
C169954;PLN003;43610;43975;0.00
C31879;PLN002;43610;;0.02
C141709;PLN006;43611;43976;0.08
C451971;PLN003;43611;43976;0.00
C100811;PLN002;43612;;0.02
C135226;PLN005;43612;43977;0.00
C228511;PLN002;43612;;0.00
C103475;PLN002;43613;;0.00
C136716;PLN003;43613;43978;0.00
C23998;PLN005;43614;43979;0.00
C246309;PLN001;43615;;0.00
C428889;PLN006;43615;43980;0.00
C440260;PLN003;43615;43980;0.00
C183557;PLN003;43616;43981;0.00
C23998;PLN003;43616;43981;0.00
C278327;PLN005;43471;43982;0.00
C307644;PLN003;43471;43982;0.00
C266416;PLN003;43502;43836;0.00
C358727;PLN006;43502;43836;0.00
C30091;PLN004;43530;43867;0.00
C355130;PLN002;43530;;0.00
C125201;PLN005;43561;43896;0.00
C139916;PLN003;43561;43896;0.04
C22521;PLN006;43561;43896;0.00
C276538;PLN004;43561;43896;0.00
C282131;PLN003;43561;43896;0.00
C306939;PLN003;43561;43896;0.00
C329024;PLN005;43561;43896;0.00
C133932;PLN001;43591;;0.00
C31568;PLN004;43591;43927;0.00
C449243;PLN003;43591;43927;0.00
C170774;PLN006;43622;43957;0.01
C343273;PLN001;43622;;0.00
C390677;PLN005;43622;43957;0.00
C396106;PLN001;43622;;0.00
C410786;PLN003;43622;43957;0.00
C420970;PLN003;43622;43957;0.00
C311187;PLN003;43652;43988;0.00
C346304;PLN001;43652;;0.00
C395729;PLN002;43683;;0.00
C414414;PLN005;43683;44018;0.07
C420377;PLN004;43683;44018;0.00
C11961;PLN005;43714;44049;0.00
C148994;PLN006;43714;44049;0.07
C257802;PLN003;43714;44049;0.00
C414273;PLN006;43714;44049;0.00
C421827;PLN005;43714;44049;0.07
C164477;PLN006;43744;44080;0.00
C193733;PLN003;43744;44080;0.00
C275904;PLN006;43744;44080;0.00
C106791;PLN006;43775;44110;0.00
C165246;PLN003;43775;44110;0.00
C199667;PLN002;43775;;0.00
C227875;PLN001;43775;;0.04
C236213;PLN004;43775;44110;0.00
C339255;PLN002;43775;;0.00
C129472;PLN003;43805;44141;0.10
C100803;PLN006;43629;44171;0.02
C143081;PLN004;43629;44171;0.00
C149771;PLN003;43629;44171;0.00
C159073;PLN002;43629;;0.00
C240748;PLN002;43629;;0.00
C271631;PLN005;43629;44171;0.00
C305173;PLN001;43629;;0.00
C326764;PLN005;43629;44171;0.00
C282326;PLN003;43630;43995;0.00
C289786;PLN004;43630;43995;0.00
C310480;PLN004;43630;43995;0.00
C292630;PLN006;43631;43996;0.00
C380045;PLN002;43631;;0.00
C404341;PLN004;43631;43996;0.00
C412322;PLN003;43632;43997;0.00
C238288;PLN004;43633;43998;0.00
C383689;PLN006;43633;43998;0.00
C39969;PLN006;43633;43998;0.00
C182886;PLN005;43634;43999;0.00
C200527;PLN006;43634;43999;0.00
C274077;PLN005;43635;44000;0.00
C404672;PLN005;43635;44000;0.00
C442677;PLN003;43635;44000;0.00
C106101;PLN004;43636;44001;0.00
C109342;PLN003;43636;44001;0.00
C135313;PLN004;43636;44001;0.00
C264679;PLN002;43636;;0.00
C341657;PLN004;43636;44001;0.00
C411637;PLN005;43636;44001;0.00
C454853;PLN003;43636;44001;0.00
C348361;PLN003;43637;44002;0.05
C428044;PLN003;43637;44002;0.00
C16340;PLN005;43638;44003;0.00
C256698;PLN004;43638;44003;0.00
C307367;PLN006;43638;44003;0.09
C132671;PLN001;43639;;0.00
C212319;PLN002;43639;;0.00
C394580;PLN005;43639;44004;0.00
C213606;PLN002;43640;;0.00
C304582;PLN002;43640;;0.00
C306713;PLN005;43640;44005;0.00
C168588;PLN001;43641;;0.03
C249445;PLN005;43641;44006;0.00
C371616;PLN001;43641;;0.04
C443666;PLN005;43641;44006;0.00
C12801;PLN003;43642;44007;0.00
C130640;PLN006;43642;44007;0.00
C136554;PLN004;43642;44007;0.02
C174770;PLN002;43642;;0.00
C404272;PLN005;43642;44007;0.00
C424521;PLN001;43642;;0.00
C455374;PLN001;43642;;0.00
C229859;PLN001;43643;;0.00
C31911;PLN003;43643;44008;0.00
C439151;PLN006;43643;44008;0.00
C198484;PLN005;43644;44009;0.10
C140184;PLN003;43645;44010;0.00
C311743;PLN004;43645;44010;0.00
C355070;PLN005;43645;44010;0.00
C370706;PLN005;43645;44010;0.00
C409669;PLN001;43645;;0.00
C41119;PLN003;43645;44010;0.00
C201188;PLN003;43646;44011;0.00
C300481;PLN004;43646;44011;0.00
C184640;PLN006;43472;44012;0.00
C415438;PLN004;43472;44012;0.00
C416328;PLN003;43472;44012;0.04
C443893;PLN002;43472;;0.03
C100352;PLN005;43503;43837;0.03
C197493;PLN004;43503;43837;0.00
C383623;PLN005;43503;43837;0.03
C354339;PLN001;43531;;0.00
C41603;PLN004;43531;43868;0.00
C160438;PLN003;43562;43897;0.00
C25089;PLN003;43562;43897;0.00
C269943;PLN003;43562;43897;0.00
C430097;PLN005;43562;43897;0.00
C109083;PLN004;43592;43928;0.00
C44458;PLN003;43592;43928;0.00
C10868;PLN004;43623;43958;0.00
C251366;PLN005;43623;43958;0.00
C252770;PLN004;43623;43958;0.00
C126283;PLN005;43653;43989;0.00
C433898;PLN002;43653;;0.00
C136265;PLN004;43684;44019;0.00
C168383;PLN001;43684;;0.00
C169191;PLN002;43684;;0.00
C188976;PLN004;43684;44019;0.00
C249140;PLN005;43684;44019;0.04
C324412;PLN003;43684;44019;0.00
C380430;PLN003;43684;44019;0.00
C172444;PLN002;43715;;0.00
C277994;PLN003;43715;44050;0.00
C299722;PLN002;43715;;0.00
C306636;PLN005;43715;44050;0.00
C175793;PLN004;43745;44081;0.00
C188390;PLN004;43745;44081;0.05
C188901;PLN003;43745;44081;0.00
C202631;PLN003;43745;44081;0.03
C220408;PLN003;43745;44081;0.00
C362559;PLN002;43745;;0.00
C432862;PLN004;43745;44081;0.00
C449981;PLN005;43745;44081;0.05
C126044;PLN004;43776;44111;0.02
C220666;PLN006;43776;44111;0.00
C297275;PLN006;43776;44111;0.00
C439305;PLN003;43776;44111;0.00
C194664;PLN006;43806;44142;0.00
C34807;PLN003;43806;44142;0.00
C208229;PLN001;43659;;0.00
C3444;PLN002;43659;;0.00
C42327;PLN005;43659;44172;0.08
C192841;PLN004;43660;44025;0.00
C415751;PLN003;43660;44025;0.10
C125831;PLN003;43661;44026;0.00
C275725;PLN005;43661;44026;0.00
C252093;PLN004;43662;44027;0.00
C323842;PLN002;43662;;0.00
C355105;PLN006;43662;44027;0.00
C44721;PLN002;43662;;0.00
C11065;PLN004;43663;44028;0.00
C183078;PLN001;43663;;0.00
C212939;PLN005;43663;44028;0.00
C235459;PLN003;43663;44028;0.00
C298485;PLN001;43663;;0.00
C328693;PLN002;43663;;0.00
C442480;PLN005;43663;44028;0.00
C100438;PLN003;43664;44029;0.01
C316373;PLN006;43664;44029;0.00
C406914;PLN004;43664;44029;0.00
C173426;PLN004;43665;44030;0.00
C181664;PLN004;43665;44030;0.00
C244703;PLN003;43665;44030;0.00
C39004;PLN006;43665;44030;0.00
C135501;PLN004;43666;44031;0.00
C149598;PLN005;43666;44031;0.00
C19591;PLN005;43666;44031;0.00
C353158;PLN006;43666;44031;0.00
C367426;PLN002;43666;;0.00
C447041;PLN004;43666;44031;0.00
C131558;PLN006;43667;44032;0.06
C176828;PLN005;43667;44032;0.00
C323540;PLN006;43667;44032;0.00
C368680;PLN006;43667;44032;0.06
C403283;PLN003;43667;44032;0.00
C15841;PLN002;43668;;0.00
C177468;PLN004;43668;44033;0.00
C276524;PLN002;43668;;0.00
C353492;PLN003;43668;44033;0.00
C387327;PLN006;43668;44033;0.00
C210721;PLN003;43669;44034;0.00
C236367;PLN004;43669;44034;0.00
C367274;PLN003;43669;44034;0.04
C176947;PLN006;43670;44035;0.00
C35375;PLN003;43670;44035;0.00
C176004;PLN003;43671;44036;0.00
C322891;PLN004;43671;44036;0.00
C369933;PLN002;43671;;0.00
C169464;PLN002;43672;;0.00
C326814;PLN005;43672;44037;0.00
C345842;PLN004;43672;44037;0.00
C414738;PLN001;43672;;0.00
C246303;PLN006;43673;44038;0.00
C330225;PLN002;43673;;0.00
C406329;PLN006;43673;44038;0.00
C129975;PLN002;43674;;0.00
C130636;PLN001;43674;;0.00
C21336;PLN003;43675;44040;0.00
C405208;PLN005;43675;44040;0.00
C101896;PLN006;43676;44041;0.00
C141335;PLN001;43676;;0.00
C416029;PLN003;43676;44041;0.00
C448649;PLN004;43676;44041;0.00
C106670;PLN003;43677;44042;0.00
C130636;PLN005;43677;44042;0.00
C142090;PLN003;43677;44042;0.00
C198316;PLN005;43677;44042;0.00
C32031;PLN005;43677;44042;0.00
C405598;PLN006;43677;44042;0.00
C242437;PLN004;43473;44043;0.00
C456674;PLN002;43473;;0.00
C144295;PLN006;43504;43838;0.00
C185411;PLN002;43504;;0.00
C281238;PLN001;43504;;0.00
C385926;PLN004;43504;43838;0.00
C407374;PLN006;43504;43838;0.00
C417063;PLN005;43504;43838;0.00
C424659;PLN003;43504;43838;0.00
C188176;PLN001;43532;;0.00
C278187;PLN006;43532;43869;0.00
C30091;PLN004;43532;43869;0.00
C331138;PLN001;43532;;0.00
C11489;PLN006;43563;43898;0.00
C171432;PLN005;43563;43898;0.00
C211232;PLN004;43563;43898;0.00
C105259;PLN005;43593;43929;0.00
C129255;PLN001;43593;;0.00
C176004;PLN004;43593;43929;0.00
C274616;PLN005;43593;43929;0.00
C395367;PLN005;43593;43929;0.00
C260923;PLN006;43624;43959;0.00
C287894;PLN002;43624;;0.00
C338534;PLN001;43624;;0.00
C369014;PLN004;43624;43959;0.00
C412736;PLN003;43624;43959;0.00
C13948;PLN004;43654;43990;0.00
C159628;PLN005;43654;43990;0.00
C278148;PLN005;43654;43990;0.00
C400813;PLN006;43654;43990;0.08
C218784;PLN004;43685;44020;0.00
C281203;PLN004;43685;44020;0.08
C366743;PLN001;43685;;0.02
C400598;PLN001;43685;;0.05
C105259;PLN004;43716;44051;0.05
C129643;PLN002;43716;;0.00
C273948;PLN005;43716;44051;0.00
C29716;PLN006;43716;44051;0.00
C404672;PLN005;43716;44051;0.00
C369878;PLN006;43746;44082;0.00
C108203;PLN003;43777;44112;0.00
C346101;PLN005;43777;44112;0.02
C247560;PLN003;43807;44143;0.00
C117574;PLN002;43690;;0.00
C199584;PLN002;43690;;0.00
C211845;PLN006;43690;44173;0.07
C223262;PLN006;43690;44173;0.00
C115633;PLN001;43691;;0.00
C131434;PLN006;43691;44056;0.03
C150345;PLN001;43692;;0.00
C158555;PLN001;43692;;0.00
C245613;PLN002;43692;;0.08
C103633;PLN004;43693;44058;0.00
C109043;PLN005;43693;44058;0.00
C134238;PLN005;43693;44058;0.00
C138343;PLN004;43693;44058;0.00
C146549;PLN002;43693;;0.00
C204656;PLN003;43693;44058;0.00
C243072;PLN002;43693;;0.00
C303956;PLN004;43693;44058;0.00
C306869;PLN004;43693;44058;0.00
C408796;PLN001;43693;;0.00
C438557;PLN001;43693;;0.03
C197378;PLN005;43694;44059;0.00
C218328;PLN001;43694;;0.00
C319023;PLN004;43694;44059;0.00
C280448;PLN005;43695;44060;0.00
C315968;PLN005;43695;44060;0.06
C437714;PLN001;43695;;0.00
C128554;PLN005;43696;44061;0.00
C147657;PLN004;43696;44061;0.00
C169401;PLN001;43696;;0.00
C310922;PLN003;43696;44061;0.00
C443617;PLN004;43696;44061;0.00
C448720;PLN003;43696;44061;0.07
C316557;PLN002;43697;;0.00
C173376;PLN005;43698;44063;0.00
C308927;PLN004;43698;44063;0.00
C214226;PLN005;43699;44064;0.00
C279775;PLN006;43699;44064;0.00
C373411;PLN006;43699;44064;0.00
C407835;PLN004;43699;44064;0.00
C409861;PLN001;43699;;0.00
C284851;PLN004;43700;44065;0.00
C347415;PLN005;43700;44065;0.00
C356084;PLN002;43700;;0.00
C403283;PLN005;43700;44065;0.01
C233327;PLN005;43702;44067;0.00
C392346;PLN005;43703;44068;0.00
C428303;PLN005;43703;44068;0.00
C144723;PLN004;43704;44069;0.09
C163521;PLN006;43704;44069;0.00
C220282;PLN004;43704;44069;0.00
C316479;PLN002;43704;;0.00
C153128;PLN002;43705;;0.00
C241199;PLN003;43705;44070;0.00
C288847;PLN006;43705;44070;0.00
C356500;PLN004;43705;44070;0.00
C439729;PLN005;43705;44070;0.00
C308927;PLN006;43706;44071;0.00
C390244;PLN003;43706;44071;0.00
C407835;PLN006;43706;44071;0.00
C383581;PLN004;43707;44072;0.00
C447247;PLN002;43707;;0.00
C136624;PLN005;43708;44073;0.00
C24315;PLN003;43708;44073;0.00
C332726;PLN004;43708;44073;0.00
C368270;PLN004;43708;44073;0.00
C446850;PLN005;43708;44073;0.00
C4526;PLN002;43708;;0.00
C199985;PLN005;43474;44074;0.00
C232455;PLN002;43474;;0.00
C245872;PLN006;43474;44074;0.00
C265908;PLN001;43474;;0.00
C420970;PLN004;43474;44074;0.00
C30965;PLN003;43505;43839;0.03
C160769;PLN003;43533;43870;0.00
C305624;PLN004;43564;43899;0.00
C390516;PLN003;43564;43899;0.00
C33511;PLN003;43625;43960;0.00
C346604;PLN002;43625;;0.10
C370806;PLN001;43625;;0.00
C407114;PLN006;43625;43960;0.00
C446816;PLN004;43625;43960;0.00
C154769;PLN005;43655;43991;0.00
C172603;PLN004;43655;43991;0.00
C278270;PLN005;43655;43991;0.00
C100092;PLN001;43686;;0.00
C199227;PLN002;43686;;0.00
C222931;PLN004;43686;44021;0.00
C233671;PLN003;43686;44021;0.00
C400956;PLN002;43686;;0.00
C107742;PLN003;43717;44052;0.00
C438953;PLN003;43717;44052;0.00
C108633;PLN001;43747;;0.00
C109176;PLN001;43747;;0.01
C455737;PLN005;43747;44083;0.00
C207704;PLN004;43808;44144;0.09
C252022;PLN005;43808;44144;0.00
C124617;PLN002;43721;;0.00
C167652;PLN004;43721;44174;0.00
C413287;PLN004;43721;44174;0.00
C186347;PLN001;43722;;0.00
C198577;PLN004;43722;44087;0.00
C257869;PLN003;43722;44087;0.00
C370815;PLN006;43722;44087;0.00
C375804;PLN003;43722;44087;0.00
C138755;PLN003;43723;44088;0.00
C210617;PLN002;43723;;0.00
C342467;PLN003;43723;44088;0.00
C419641;PLN002;43723;;0.00
C25384;PLN001;43724;;0.10
C264041;PLN003;43724;44089;0.10
C423625;PLN005;43724;44089;0.00
C12823;PLN004;43725;44090;0.00
C214409;PLN002;43725;;0.00
C397408;PLN003;43725;44090;0.00
C425941;PLN002;43725;;0.00
C170858;PLN003;43726;44091;0.00
C181833;PLN003;43726;44091;0.00
C316311;PLN004;43726;44091;0.00
C158290;PLN006;43727;44092;0.00
C16178;PLN006;43727;44092;0.00
C259226;PLN003;43727;44092;0.00
C295680;PLN006;43727;44092;0.00
C302899;PLN004;43727;44092;0.00
C44124;PLN005;43727;44092;0.00
C328010;PLN004;43728;44093;0.00
C34356;PLN002;43728;;0.10
C396103;PLN004;43728;44093;0.00
C289365;PLN002;43729;;0.00
C432937;PLN004;43729;44094;0.00
C434127;PLN005;43729;44094;0.00
C142141;PLN002;43730;;0.00
C424659;PLN004;43731;44096;0.00
C286642;PLN004;43732;44097;0.00
C333774;PLN004;43732;44097;0.00
C340412;PLN001;43732;;0.00
C389247;PLN005;43732;44097;0.05
C137441;PLN003;43733;44098;0.07
C217394;PLN005;43733;44098;0.00
C248300;PLN003;43733;44098;0.00
C263535;PLN006;43733;44098;0.00
C348568;PLN005;43733;44098;0.00
C197570;PLN006;43734;44099;0.00
C198659;PLN002;43734;;0.00
C217394;PLN006;43734;44099;0.06
C273948;PLN004;43734;44099;0.00
C336182;PLN005;43734;44099;0.00
C42335;PLN005;43734;44099;0.00
C426946;PLN005;43734;44099;0.00
C457141;PLN006;43734;44099;0.00
C402194;PLN006;43735;44100;0.00
C436418;PLN006;43735;44100;0.00
C446781;PLN006;43735;44100;0.00
C3624;PLN006;43736;44101;0.00
C364126;PLN003;43736;44101;0.00
C221189;PLN005;43737;44102;0.00
C243342;PLN006;43737;44102;0.00
C25100;PLN001;43737;;0.00
C278062;PLN004;43737;44102;0.00
C117192;PLN001;43738;;0.00
C304352;PLN005;43738;44103;0.00
C306876;PLN003;43738;44103;0.08
C396385;PLN001;43738;;0.00
C222394;PLN005;43475;44104;0.00
C246007;PLN003;43475;44104;0.00
C313867;PLN006;43475;44104;0.00
C390346;PLN006;43475;44104;0.00
C419167;PLN005;43475;44104;0.00
C446816;PLN003;43475;44104;0.00
C105770;PLN005;43506;43840;0.00
C109636;PLN002;43506;;0.00
C278019;PLN003;43506;43840;0.00
C390368;PLN004;43506;43840;0.00
C401945;PLN003;43506;43840;0.00
C446698;PLN004;43506;43840;0.00
C457010;PLN005;43506;43840;0.00
C103398;PLN003;43534;43871;0.00
C385861;PLN006;43534;43871;0.00
C358742;PLN001;43565;;0.00
C399463;PLN003;43565;43900;0.00
C186318;PLN005;43595;43931;0.00
C246775;PLN006;43595;43931;0.00
C323041;PLN002;43595;;0.00
C333175;PLN006;43595;43931;0.00
C339963;PLN004;43595;43931;0.00
C374975;PLN006;43595;43931;0.00
C448033;PLN006;43595;43931;0.00
C207816;PLN003;43626;43961;0.04
C388990;PLN004;43626;43961;0.00
C429617;PLN004;43626;43961;0.00
C122479;PLN005;43656;43992;0.00
C135784;PLN006;43656;43992;0.00
C141303;PLN003;43656;43992;0.00
C455374;PLN004;43656;43992;0.00
C379642;PLN006;43687;44022;0.00
C149482;PLN006;43718;44053;0.00
C223938;PLN005;43718;44053;0.00
C328542;PLN006;43718;44053;0.00
C129255;PLN005;43748;44084;0.00
C27316;PLN006;43748;44084;0.00
C343571;PLN004;43748;44084;0.00
C345627;PLN006;43748;44084;0.00
C359205;PLN006;43748;44084;0.00
C142736;PLN002;43779;;0.00
C216562;PLN003;43779;44114;0.00
C251608;PLN002;43779;;0.00
C27286;PLN001;43779;;0.00
C309165;PLN006;43779;44114;0.00
C312436;PLN004;43779;44114;0.00
C317967;PLN004;43779;44114;0.00
C34514;PLN004;43779;44114;0.00
C373309;PLN003;43779;44114;0.05
C434127;PLN006;43779;44114;0.00
C101365;PLN004;43809;44145;0.00
C256956;PLN004;43809;44145;0.00
C425563;PLN002;43809;;0.00
C124569;PLN003;43751;44175;0.07
C264170;PLN004;43751;44175;0.10
C379062;PLN003;43751;44175;0.00
C102570;PLN004;43752;44117;0.00
C106230;PLN003;43752;44117;0.00
C118964;PLN003;43752;44117;0.00
C181316;PLN006;43752;44117;0.00
C217399;PLN004;43752;44117;0.00
C231623;PLN003;43752;44117;0.00
C360610;PLN005;43752;44117;0.00
C254963;PLN004;43753;44118;0.00
C412395;PLN005;43753;44118;0.00
C254679;PLN006;43754;44119;0.00
C335048;PLN004;43754;44119;0.07
C337670;PLN006;43754;44119;0.00
C181901;PLN005;43755;44120;0.00
C206670;PLN003;43755;44120;0.00
C217696;PLN005;43755;44120;0.03
C290520;PLN003;43755;44120;0.00
C33709;PLN002;43755;;0.00
C108997;PLN001;43756;;0.00
C141279;PLN004;43756;44121;0.00
C274415;PLN005;43756;44121;0.00
C429898;PLN005;43756;44121;0.00
C449050;PLN004;43756;44121;0.00
C138755;PLN006;43757;44122;0.00
C20984;PLN006;43758;44123;0.00
C267523;PLN006;43758;44123;0.00
C280378;PLN004;43758;44123;0.00
C426173;PLN006;43758;44123;0.00
C450502;PLN006;43758;44123;0.00
C450830;PLN001;43758;;0.00
C153372;PLN006;43759;44124;0.00
C288248;PLN003;43759;44124;0.00
C40045;PLN006;43759;44124;0.00
C267290;PLN004;43760;44125;0.01
C311382;PLN003;43760;44125;0.00
C226243;PLN001;43761;;0.00
C234314;PLN006;43761;44126;0.00
C235812;PLN005;43761;44126;0.00
C251681;PLN006;43761;44126;0.00
C44174;PLN004;43761;44126;0.00
C273580;PLN005;43762;44127;0.00
C302834;PLN004;43762;44127;0.00
C132671;PLN004;43763;44128;0.00
C22397;PLN004;43763;44128;0.00
C414292;PLN001;43763;;0.00
C103942;PLN003;43764;44129;0.00
C141686;PLN005;43764;44129;0.00
C29613;PLN006;43764;44129;0.00
C385425;PLN006;43764;44129;0.00
C441263;PLN003;43764;44129;0.00
C242362;PLN006;43765;44130;0.00
C255861;PLN005;43765;44130;0.00
C266416;PLN002;43765;;0.00
C436222;PLN003;43765;44130;0.00
C136716;PLN006;43766;44131;0.00
C154931;PLN001;43766;;0.00
C198595;PLN004;43766;44131;0.00
C317397;PLN005;43766;44131;0.00
C32072;PLN002;43766;;0.01
C390368;PLN006;43766;44131;0.00
C421163;PLN006;43766;44131;0.00
C287688;PLN005;43767;44132;0.00
C308174;PLN005;43767;44132;0.00
C293668;PLN006;43768;44133;0.09
C354618;PLN001;43768;;0.00
C434272;PLN005;43768;44133;0.00
C160327;PLN005;43769;44134;0.00
C435919;PLN001;43769;;0.00
C202892;PLN006;43476;44135;0.00
C373672;PLN004;43476;44135;0.00
C43501;PLN003;43476;44135;0.00
C444104;PLN005;43476;44135;0.00
C137703;PLN004;43507;43841;0.00
C35933;PLN003;43507;43841;0.00
C22633;PLN005;43535;43872;0.03
C252975;PLN004;43535;43872;0.00
C308268;PLN001;43535;;0.00
C166791;PLN003;43566;43901;0.00
C222687;PLN004;43566;43901;0.00
C290968;PLN002;43566;;0.00
C266433;PLN004;43596;43932;0.00
C382532;PLN002;43627;;0.10
C445105;PLN003;43627;43962;0.04
C126566;PLN001;43657;;0.00
C357848;PLN005;43657;43993;0.00
C359482;PLN006;43657;43993;0.00
C457363;PLN005;43657;43993;0.00
C110988;PLN006;43688;44023;0.00
C231950;PLN004;43688;44023;0.00
C296321;PLN004;43688;44023;0.00
C356875;PLN002;43688;;0.00
C357286;PLN002;43688;;0.00
C427037;PLN002;43688;;0.00
C21975;PLN006;43719;44054;0.00
C344343;PLN003;43719;44054;0.00
C35526;PLN003;43719;44054;0.00
C379561;PLN005;43719;44054;0.00
C392944;PLN006;43719;44054;0.00
C276388;PLN003;43749;44085;0.00
C269581;PLN003;43780;44115;0.00
C27317;PLN003;43780;44115;0.00
C345016;PLN004;43780;44115;0.00
C12549;PLN004;43810;44146;0.00
C162309;PLN004;43810;44146;0.00
C121772;PLN005;43782;44176;0.00
C279737;PLN005;43782;44176;0.00
C307644;PLN004;43782;44176;0.00
C354650;PLN003;43782;44176;0.00
C370887;PLN004;43782;44176;0.01
C129893;PLN006;43783;44148;0.00
C183526;PLN003;43783;44148;0.00
C278864;PLN001;43783;;0.01
C150954;PLN005;43784;44149;0.00
C218932;PLN005;43785;44150;0.00
C264271;PLN004;43785;44150;0.00
C363834;PLN003;43785;44150;0.00
C141595;PLN003;43786;44151;0.00
C268603;PLN006;43786;44151;0.00
C169568;PLN005;43787;44152;0.08
C31568;PLN005;43787;44152;0.00
C435687;PLN003;43787;44152;0.01
C120344;PLN001;43788;;0.00
C16696;PLN004;43788;44153;0.00
C178696;PLN004;43788;44153;0.00
C12925;PLN006;43789;44154;0.00
C175064;PLN004;43789;44154;0.00
C202315;PLN006;43789;44154;0.00
C335809;PLN004;43789;44154;0.00
C456418;PLN004;43789;44154;0.06
C139002;PLN002;43790;;0.00
C242718;PLN001;43790;;0.07
C327320;PLN005;43790;44155;0.00
C378001;PLN002;43790;;0.04
C416294;PLN004;43790;44155;0.00
C101045;PLN002;43791;;0.05
C424224;PLN003;43791;44156;0.00
C149810;PLN003;43792;44157;0.00
C357325;PLN003;43792;44157;0.00
C448537;PLN001;43792;;0.00
C117125;PLN004;43793;44158;0.00
C178635;PLN005;43793;44158;0.00
C193939;PLN005;43793;44158;0.00
C276820;PLN002;43793;;0.00
C190038;PLN006;43794;44159;0.00
C268926;PLN001;43794;;0.00
C287894;PLN004;43794;44159;0.00
C340937;PLN003;43794;44159;0.00
C403919;PLN005;43794;44159;0.00
C328800;PLN006;43795;44160;0.00
C400261;PLN002;43795;;0.00
C118220;PLN005;43796;44161;0.00
C168424;PLN004;43797;44162;0.00
C253826;PLN003;43797;44162;0.00
C316737;PLN004;43797;44162;0.04
C133568;PLN002;43798;;0.01
C157331;PLN001;43798;;0.00
C164565;PLN006;43798;44163;0.00
C278410;PLN002;43798;;0.00
C373312;PLN006;43798;44163;0.00
C401134;PLN002;43798;;0.00
C126462;PLN003;43799;44164;0.00
C235906;PLN002;43799;;0.00
C101365;PLN001;43477;;0.00
C151228;PLN004;43477;44165;0.00
C200789;PLN004;43477;44165;0.09
C411699;PLN006;43477;44165;0.00
C102074;PLN004;43508;43842;0.00
C168892;PLN004;43508;43842;0.00
C17584;PLN004;43508;43842;0.00
C305488;PLN004;43508;43842;0.00
C118708;PLN001;43536;;0.00
C37588;PLN003;43536;43873;0.00
C157151;PLN003;43567;43902;0.00
C15992;PLN006;43567;43902;0.00
C243818;PLN004;43567;43902;0.00
C283789;PLN006;43567;43902;0.00
C403180;PLN005;43567;43902;0.02
C155387;PLN006;43597;43933;0.00
C170409;PLN003;43597;43933;0.00
C180200;PLN005;43597;43933;0.00
C237654;PLN003;43597;43933;0.00
C265485;PLN006;43597;43933;0.08
C313655;PLN005;43597;43933;0.00
C36326;PLN005;43597;43933;0.00
C109573;PLN006;43628;43963;0.00
C262220;PLN005;43628;43963;0.00
C160814;PLN004;43658;43994;0.00
C237505;PLN002;43658;;0.00
C367256;PLN004;43658;43994;0.00
C416029;PLN001;43658;;0.00
C399155;PLN003;43689;44024;0.00
C219259;PLN002;43720;;0.01
C241199;PLN005;43720;44055;0.00
C277395;PLN006;43720;44055;0.02
C251414;PLN001;43750;;0.00
C346124;PLN006;43750;44086;0.00
C12646;PLN002;43781;;0.00
C369068;PLN005;43781;44116;0.00
C376903;PLN004;43781;44116;0.00
C227745;PLN004;43811;44147;0.00
C241842;PLN006;43811;44147;0.00
C418825;PLN003;43811;44147;0.00
C127213;PLN004;43812;44177;0.00
C139363;PLN004;43812;44177;0.00
C167520;PLN001;43812;;0.00
C173834;PLN004;43812;44177;0.00
C392720;PLN005;43812;44177;0.00
C134238;PLN006;43813;44178;0.00
C41521;PLN006;43813;44178;0.00
C421922;PLN003;43813;44178;0.00
C349730;PLN005;43814;44179;0.07
C397312;PLN004;43814;44179;0.00
C431594;PLN005;43814;44179;0.00
C293042;PLN006;43816;44181;0.00
C314797;PLN003;43816;44181;0.00
C408905;PLN002;43816;;0.00
C11271;PLN005;43817;44182;0.03
C332592;PLN006;43817;44182;0.00
C261081;PLN004;43818;44183;0.00
C301951;PLN004;43818;44183;0.07
C245209;PLN006;43819;44184;0.00
C366725;PLN003;43819;44184;0.00
C407930;PLN005;43819;44184;0.00
C449981;PLN006;43819;44184;0.00
C193733;PLN005;43820;44185;0.00
C106848;PLN004;43821;44186;0.00
C109800;PLN005;43821;44186;0.04
C169551;PLN001;43821;;0.00
C290454;PLN001;43821;;0.00
C123569;PLN004;43822;44187;0.00
C222366;PLN001;43822;;0.00
C228715;PLN006;43822;44187;0.00
C244684;PLN005;43822;44187;0.00
C286223;PLN003;43822;44187;0.03
C30543;PLN003;43822;44187;0.00
C320480;PLN005;43822;44187;0.00
C338216;PLN002;43822;;0.00
C355795;PLN004;43822;44187;0.00
C361745;PLN006;43822;44187;0.00
C396106;PLN006;43822;44187;0.00
C145557;PLN003;43823;44188;0.00
C217608;PLN006;43823;44188;0.00
C221189;PLN006;43823;44188;0.00
C263472;PLN004;43823;44188;0.00
C278643;PLN004;43823;44188;0.00
C318997;PLN003;43823;44188;0.00
C325322;PLN005;43823;44188;0.00
C407231;PLN005;43823;44188;0.00
C418055;PLN001;43823;;0.10
C149538;PLN004;43824;44189;0.00
C354670;PLN006;43824;44189;0.00
C38744;PLN004;43824;44189;0.09
C419269;PLN002;43824;;0.00
C17797;PLN002;43825;;0.07
C201519;PLN003;43825;44190;0.00
C274880;PLN005;43825;44190;0.00
C226351;PLN006;43826;44191;0.00
C274892;PLN004;43826;44191;0.00
C394019;PLN002;43826;;0.00
C400507;PLN005;43826;44191;0.10
C172973;PLN001;43827;;0.09
C20874;PLN001;43827;;0.00
C308671;PLN005;43827;44192;0.00
C372353;PLN005;43827;44192;0.00
C442896;PLN002;43827;;0.00
C211260;PLN004;43828;44193;0.00
C344343;PLN004;43828;44193;0.09
C403180;PLN003;43828;44193;0.00
C112431;PLN004;43829;44194;0.00
C236548;PLN005;43829;44194;0.00
C111700;PLN003;43830;44195;0.00
C220339;PLN005;43830;44195;0.00
C30675;PLN004;43830;44195;0.00
C320113;PLN006;43830;44195;0.00
C331138;PLN004;43830;44195;0.00
C213914;PLN003;43831;44196;0.00
C378133;PLN004;43831;44196;0.00
C285311;PLN002;43862;;0.00
C304303;PLN003;43862;44197;0.00
C349230;PLN002;43862;;0.03
C362043;PLN003;43862;44197;0.00
C442126;PLN002;43862;;0.01
C168000;PLN006;43891;44228;0.00
C187136;PLN002;43891;;0.00
C400261;PLN004;43891;44228;0.00
C13630;PLN002;43922;;0.02
C13859;PLN006;43922;44256;0.00
C14152;PLN005;43922;44256;0.00
C376847;PLN006;43922;44256;0.00
C382678;PLN001;43922;;0.03
C163091;PLN005;43952;44287;0.00
C221254;PLN003;43952;44287;0.00
C413793;PLN006;43952;44287;0.07
C426925;PLN006;43952;44287;0.00
C457558;PLN004;43952;44287;0.00
C286504;PLN005;43983;44317;0.05
C358516;PLN003;43983;44317;0.00
C249980;PLN001;44044;;0.00
C286385;PLN003;44044;44378;0.05
C137086;PLN001;44075;;0.00
C15599;PLN001;44075;;0.00
C16873;PLN002;44075;;0.00
C196735;PLN001;44075;;0.00
C329774;PLN005;44075;44409;0.00
C363415;PLN005;44075;44409;0.00
C389220;PLN004;44075;44409;0.00
C229236;PLN005;44105;44440;0.00
C245576;PLN004;44105;44440;0.00
C29002;PLN006;44105;44440;0.00
C309401;PLN001;44105;;0.00
C422220;PLN005;44105;44440;0.00
C146757;PLN001;44136;;0.00
C202631;PLN004;44136;44470;0.00
C255185;PLN003;44136;44470;0.00
C423393;PLN006;44136;44470;0.09
C407374;PLN003;44166;44501;0.00
C43777;PLN004;44166;44501;0.00
C225885;PLN002;43843;;0.00
C364813;PLN005;43843;44531;0.00
C425527;PLN004;43843;44531;0.05
C450006;PLN004;43843;44531;0.00
C138409;PLN006;43844;44209;0.00
C201224;PLN005;43844;44209;0.00
C398775;PLN003;43844;44209;0.04
C406861;PLN002;43844;;0.00
C136554;PLN005;43845;44210;0.00
C184875;PLN005;43845;44210;0.00
C210174;PLN004;43845;44210;0.00
C330196;PLN003;43845;44210;0.00
C346329;PLN004;43845;44210;0.00
C215727;PLN004;43846;44211;0.10
C353034;PLN005;43846;44211;0.00
C368081;PLN001;43846;;0.00
C439084;PLN005;43846;44211;0.00
C19320;PLN005;43847;44212;0.00
C262330;PLN006;43847;44212;0.00
C36736;PLN003;43847;44212;0.10
C412322;PLN001;43847;;0.00
C327075;PLN005;43848;44213;0.00
C374416;PLN002;43848;;0.00
C445937;PLN003;43848;44213;0.00
C139363;PLN003;43849;44214;0.00
C198659;PLN004;43849;44214;0.00
C361975;PLN004;43849;44214;0.00
C404951;PLN006;43849;44214;0.00
C10584;PLN001;43850;;0.00
C142293;PLN003;43850;44215;0.00
C135071;PLN005;43851;44216;0.00
C161728;PLN005;43851;44216;0.00
C16772;PLN005;43851;44216;0.10
C254618;PLN001;43851;;0.00
C263862;PLN006;43851;44216;0.00
C302639;PLN005;43851;44216;0.00
C305691;PLN002;43851;;0.00
C169535;PLN003;43852;44217;0.00
C17568;PLN003;43852;44217;0.00
C300982;PLN006;43852;44217;0.00
C422647;PLN005;43852;44217;0.00
C439904;PLN003;43852;44217;0.00
C158226;PLN005;43853;44218;0.00
C244999;PLN005;43853;44218;0.00
C32683;PLN002;43853;;0.00
C341728;PLN005;43853;44218;0.00
C347633;PLN004;43853;44218;0.00
C102730;PLN005;43854;44219;0.07
C235812;PLN004;43854;44219;0.06
C253380;PLN005;43854;44219;0.00
C257528;PLN006;43854;44219;0.00
C326270;PLN002;43854;;0.00
C415228;PLN005;43854;44219;0.00
C263387;PLN004;43855;44220;0.00
C314056;PLN003;43855;44220;0.00
C338835;PLN003;43855;44220;0.00
C449745;PLN005;43855;44220;0.01
C17806;PLN004;43856;44221;0.02
C250492;PLN001;43856;;0.00
C268782;PLN004;43856;44221;0.00
C305703;PLN003;43856;44221;0.00
C383069;PLN006;43856;44221;0.00
C121279;PLN001;43857;;0.00
C365495;PLN001;43857;;0.00
C149535;PLN004;43858;44223;0.00
C271042;PLN005;43858;44223;0.00
C303167;PLN001;43858;;0.00
C106264;PLN003;43859;44224;0.07
C3147;PLN003;43859;44224;0.00
C443891;PLN002;43859;;0.00
C248709;PLN005;43860;44225;0.00
C29370;PLN001;43860;;0.00
C396882;PLN006;43860;44225;0.00
C292941;PLN005;43861;44226;0.00
C356484;PLN002;43861;;0.00
C371470;PLN006;43861;44226;0.00
C414964;PLN006;43861;44226;0.00
C159473;PLN004;43832;44227;0.03
C193425;PLN002;43832;;0.00
C227855;PLN003;43832;44227;0.09
C399286;PLN004;43832;44227;0.00
C329922;PLN003;43863;44198;0.00
C341666;PLN004;43892;44229;0.00
C350062;PLN001;43892;;0.09
C414303;PLN004;43892;44229;0.00
C125327;PLN003;43923;44257;0.00
C17554;PLN002;43923;;0.00
C4547;PLN002;43923;;0.00
C116858;PLN001;43953;;0.00
C257447;PLN005;43953;44288;0.00
C264001;PLN001;43953;;0.00
C273597;PLN005;43953;44288;0.00
C441468;PLN003;43953;44288;0.10
C252438;PLN005;43984;44318;0.00
C420988;PLN006;43984;44318;0.00
C189476;PLN006;44014;44349;0.00
C446247;PLN004;44014;44349;0.00
C222814;PLN001;44045;;0.00
C248300;PLN002;44045;;0.06
C350054;PLN005;44045;44379;0.00
C180639;PLN006;44076;44410;0.09
C334882;PLN006;44076;44410;0.00
C39593;PLN002;44076;;0.00
C402584;PLN004;44076;44410;0.00
C314252;PLN004;44106;44441;0.03
C329621;PLN002;44106;;0.09
C355735;PLN005;44106;44441;0.00
C106848;PLN005;44137;44471;0.00
C244322;PLN005;44137;44471;0.00
C359353;PLN006;44137;44471;0.00
C449232;PLN002;44137;;0.00
C240215;PLN005;44167;44502;0.00
C265052;PLN004;44167;44502;0.00
C340937;PLN003;44167;44502;0.00
C410020;PLN002;44167;;0.00
C128486;PLN005;43875;44240;0.00
C207565;PLN001;43875;;0.00
C261179;PLN004;43875;44240;0.00
C321787;PLN004;43875;44240;0.08
C333223;PLN004;43875;44240;0.07
C372594;PLN001;43875;;0.01
C451971;PLN004;43875;44240;0.00
C136716;PLN005;43876;44241;0.00
C151207;PLN005;43876;44241;0.00
C14949;PLN002;43877;;0.00
C262841;PLN005;43877;44242;0.00
C370685;PLN003;43877;44242;0.00
C391235;PLN005;43877;44242;0.00
C100951;PLN002;43878;;0.00
C202631;PLN005;43878;44243;0.00
C339821;PLN004;43878;44243;0.00
C361963;PLN004;43878;44243;0.00
C238288;PLN002;43879;;0.00
C263110;PLN002;43879;;0.00
C286475;PLN003;43879;44244;0.00
C361880;PLN003;43879;44244;0.00
C212563;PLN005;43880;44245;0.00
C293239;PLN006;43880;44245;0.00
C302590;PLN001;43880;;0.00
C270385;PLN002;43881;;0.00
C283134;PLN002;43882;;0.00
C298087;PLN005;43882;44247;0.00
C215294;PLN005;43883;44248;0.00
C22001;PLN005;43883;44248;0.00
C243519;PLN002;43883;;0.00
C385121;PLN004;43883;44248;0.00
C109568;PLN003;43884;44249;0.00
C114751;PLN004;43884;44249;0.00
C192259;PLN003;43884;44249;0.00
C323814;PLN003;43884;44249;0.00
C342381;PLN006;43884;44249;0.00
C410656;PLN002;43884;;0.00
C280671;PLN005;43885;44250;0.00
C282905;PLN003;43885;44250;0.00
C147657;PLN006;43886;44251;0.00
C24658;PLN003;43886;44251;0.00
C337957;PLN003;43886;44251;0.00
C436738;PLN006;43886;44251;0.00
C458175;PLN005;43886;44251;0.03
C161171;PLN004;43887;44252;0.00
C193015;PLN003;43887;44252;0.00
C241998;PLN005;43887;44252;0.00
C10868;PLN003;43888;44253;0.00
C118964;PLN005;43888;44253;0.08
C223617;PLN002;43888;;0.00
C306784;PLN006;43888;44253;0.00
C138624;PLN006;43889;44254;0.09
C249845;PLN004;43889;44254;0.06
C279775;PLN003;43889;44254;0.00
C320229;PLN003;43889;44254;0.00
C111175;PLN002;43890;;0.00
C140938;PLN006;43890;44255;0.00
C315264;PLN001;43890;;0.00
C354997;PLN005;43833;44199;0.00
C444897;PLN006;43833;44199;0.00
C115822;PLN005;43864;44230;0.00
C273624;PLN006;43864;44230;0.00
C29610;PLN006;43864;44230;0.00
C302401;PLN004;43864;44230;0.00
C360348;PLN003;43864;44230;0.00
C409158;PLN002;43864;;0.00
C434127;PLN003;43893;44258;0.00
C150572;PLN003;43924;44289;0.00
C219573;PLN005;43924;44289;0.00
C419973;PLN001;43924;;0.00
C424080;PLN003;43924;44289;0.00
C153081;PLN001;43954;;0.00
C289366;PLN005;43954;44319;0.00
C220808;PLN001;43985;;0.00
C228386;PLN006;43985;44350;0.00
C299949;PLN002;43985;;0.00
C351571;PLN004;43985;44350;0.00
C374516;PLN006;43985;44350;0.00
C388560;PLN001;43985;;0.00
C403506;PLN005;43985;44350;0.00
C439354;PLN004;43985;44350;0.00
C458981;PLN003;43985;44350;0.00
C128289;PLN006;44015;44380;0.00
C178443;PLN006;44015;44380;0.00
C21932;PLN002;44015;;0.00
C30135;PLN004;44015;44380;0.00
C444062;PLN004;44015;44380;0.00
C249803;PLN006;44046;44411;0.00
C147018;PLN002;44077;;0.06
C212852;PLN002;44077;;0.00
C235906;PLN005;44077;44442;0.00
C300259;PLN006;44077;44442;0.00
C39263;PLN005;44077;44442;0.00
C173447;PLN005;44107;44472;0.00
C243837;PLN006;44107;44472;0.00
C396551;PLN005;44107;44472;0.00
C126240;PLN006;44138;44503;0.00
C15332;PLN002;44138;;0.00
C297529;PLN006;43903;44268;0.00
C353749;PLN005;43903;44268;0.00
C358722;PLN003;43903;44268;0.00
C410939;PLN005;43903;44268;0.00
C357233;PLN006;43904;44269;0.00
C148047;PLN002;43905;;0.09
C160520;PLN003;43905;44270;0.00
C323420;PLN005;43905;44270;0.07
C401243;PLN004;43905;44270;0.00
C319986;PLN005;43906;44271;0.00
C324802;PLN005;43906;44271;0.00
C399940;PLN005;43906;44271;0.00
C431278;PLN006;43906;44271;0.00
C433770;PLN002;43906;;0.03
C139531;PLN005;43907;44272;0.00
C350492;PLN005;43907;44272;0.00
C36606;PLN003;43907;44272;0.03
C38632;PLN005;43907;44272;0.00
C104706;PLN006;43908;44273;0.06
C172148;PLN005;43908;44273;0.07
C20393;PLN003;43908;44273;0.00
C226861;PLN004;43908;44273;0.00
C244703;PLN005;43908;44273;0.00
C245660;PLN003;43908;44273;0.00
C26673;PLN001;43908;;0.00
C364568;PLN001;43908;;0.00
C377168;PLN006;43908;44273;0.00
C380127;PLN003;43908;44273;0.00
C387381;PLN003;43908;44273;0.00
C43777;PLN003;43908;44273;0.00
C183034;PLN003;43909;44274;0.08
C450082;PLN004;43909;44274;0.00
C261540;PLN005;43910;44275;0.00
C457061;PLN003;43910;44275;0.00
C110218;PLN004;43911;44276;0.09
C169954;PLN006;43911;44276;0.00
C228983;PLN006;43911;44276;0.00
C253462;PLN006;43911;44276;0.01
C349423;PLN004;43911;44276;0.00
C182264;PLN004;43912;44277;0.00
C305413;PLN003;43912;44277;0.00
C126681;PLN004;43913;44278;0.00
C366967;PLN003;43913;44278;0.00
C380834;PLN003;43913;44278;0.08
C404063;PLN001;43913;;0.00
C427735;PLN006;43913;44278;0.00
C430520;PLN001;43913;;0.00
C456345;PLN006;43913;44278;0.00
C214770;PLN006;43914;44279;0.04
C263790;PLN006;43914;44279;0.00
C265068;PLN005;43914;44279;0.05
C210859;PLN003;43915;44280;0.00
C327568;PLN004;43915;44280;0.00
C169664;PLN001;43916;;0.00
C200706;PLN006;43916;44281;0.00
C370849;PLN004;43916;44281;0.00
C392871;PLN001;43916;;0.00
C429350;PLN003;43916;44281;0.00
C342353;PLN003;43917;44282;0.00
C377013;PLN005;43917;44282;0.00
C393215;PLN002;43917;;0.00
C191494;PLN001;43918;;0.06
C219041;PLN003;43918;44283;0.08
C236608;PLN001;43918;;0.00
C274892;PLN006;43918;44283;0.00
C399411;PLN003;43918;44283;0.00
C166436;PLN006;43919;44284;0.00
C258111;PLN004;43919;44284;0.00
C298126;PLN004;43919;44284;0.00
C3848;PLN002;43919;;0.00
C413712;PLN005;43919;44284;0.00
C188591;PLN003;43920;44285;0.00
C165958;PLN005;43921;44286;0.00
C166386;PLN001;43921;;0.00
C352330;PLN001;43921;;0.00
C180898;PLN006;43834;44200;0.00
C206157;PLN006;43834;44200;0.00
C114789;PLN006;43865;44231;0.00
C349789;PLN006;43865;44231;0.07
C260309;PLN003;43894;44259;0.00
C262220;PLN001;43894;;0.00
C312434;PLN006;43894;44259;0.00
C361745;PLN006;43894;44259;0.00
C123738;PLN003;43925;44290;0.00
C157569;PLN003;43925;44290;0.00
C224960;PLN005;43925;44290;0.00
C36526;PLN006;43925;44290;0.00
C235543;PLN001;43955;;0.00
C273068;PLN003;43955;44320;0.07
C30630;PLN001;43955;;0.00
C387457;PLN006;43955;44320;0.00
C419045;PLN006;43955;44320;0.04
C236548;PLN006;43986;44351;0.00
C448735;PLN004;43986;44351;0.00
C279388;PLN005;44016;44381;0.00
C387952;PLN003;44016;44381;0.00
C110100;PLN003;44047;44412;0.00
C137237;PLN006;44047;44412;0.00
C191355;PLN003;44047;44412;0.00
C372658;PLN003;44047;44412;0.00
C112202;PLN003;44078;44443;0.00
C145375;PLN005;44078;44443;0.00
C162264;PLN005;44078;44443;0.00
C27342;PLN002;44078;;0.00
C251362;PLN005;44108;44473;0.00
C27566;PLN006;44108;44473;0.09
C281698;PLN005;44108;44473;0.00
C364126;PLN003;44108;44473;0.00
C104991;PLN003;44139;44504;0.00
C224544;PLN002;44139;;0.00
C258329;PLN004;44139;44504;0.00
C143321;PLN003;44169;44534;0.00
C314197;PLN005;44169;44534;0.00
C169942;PLN005;43934;44299;0.02
C177840;PLN002;43934;;0.00
C241630;PLN005;43934;44299;0.10
C371979;PLN002;43934;;0.00
C420445;PLN002;43934;;0.00
C453965;PLN003;43934;44299;0.00
C137234;PLN002;43935;;0.00
C345189;PLN003;43935;44300;0.00
C436751;PLN005;43935;44300;0.00
C184415;PLN006;43936;44301;0.00
C275685;PLN004;43936;44301;0.00
C431840;PLN001;43936;;0.05
C443617;PLN006;43936;44301;0.00
C328320;PLN006;43937;44302;0.00
C418888;PLN001;43937;;0.00
C438747;PLN001;43937;;0.00
C14303;PLN002;43938;;0.00
C231056;PLN001;43938;;0.06
C235459;PLN005;43938;44303;0.00
C108091;PLN006;43939;44304;0.00
C141109;PLN002;43939;;0.00
C209030;PLN002;43939;;0.00
C290862;PLN006;43939;44304;0.00
C458960;PLN003;43939;44304;0.07
C107602;PLN005;43940;44305;0.00
C257751;PLN002;43940;;0.00
C122552;PLN003;43941;44306;0.00
C250903;PLN006;43941;44306;0.00
C293027;PLN004;43941;44306;0.00
C311295;PLN003;43941;44306;0.00
C188508;PLN004;43942;44307;0.00
C264118;PLN005;43942;44307;0.00
C343846;PLN003;43942;44307;0.00
C354301;PLN005;43942;44307;0.00
C168424;PLN004;43943;44308;0.00
C198204;PLN006;43943;44308;0.00
C16383;PLN006;43944;44309;0.00
C32055;PLN002;43946;;0.00
C338534;PLN004;43946;44311;0.00
C152749;PLN001;43947;;0.00
C166778;PLN003;43947;44312;0.00
C249324;PLN005;43947;44312;0.00
C371311;PLN004;43947;44312;0.00
C146524;PLN003;43948;44313;0.00
C316311;PLN006;43948;44313;0.00
C10538;PLN002;43949;;0.00
C127623;PLN005;43949;44314;0.00
C129708;PLN002;43949;;0.00
C324945;PLN006;43949;44314;0.00
C253849;PLN006;43950;44315;0.00
C324802;PLN005;43950;44315;0.00
C401285;PLN001;43950;;0.00
C404136;PLN005;43951;44316;0.00
C115633;PLN004;43835;44201;0.07
C148419;PLN001;43835;;0.00
C168293;PLN003;43835;44201;0.00
C187774;PLN005;43835;44201;0.00
C369001;PLN002;43835;;0.00
C181844;PLN004;43866;44232;0.00
C282879;PLN001;43866;;0.00
C40512;PLN006;43895;44260;0.00
C253999;PLN004;43926;44291;0.00
C297319;PLN003;43926;44291;0.00
C329597;PLN002;43926;;0.00
C116858;PLN003;43956;44321;0.00
C256956;PLN006;43956;44321;0.00
C297941;PLN005;43956;44321;0.04
C446816;PLN004;43956;44321;0.00
C188726;PLN004;43987;44352;0.00
C239734;PLN005;43987;44352;0.00
C3449;PLN006;43987;44352;0.00
C299489;PLN001;44017;;0.10
C215206;PLN003;44048;44413;0.02
C236905;PLN005;44048;44413;0.00
C259473;PLN002;44048;;0.00
C375080;PLN004;44048;44413;0.10
C396947;PLN002;44048;;0.00
C411637;PLN004;44048;44413;0.09
C426071;PLN004;44048;44413;0.00
C452256;PLN004;44048;44413;0.00
C139164;PLN006;44079;44444;0.00
C21336;PLN002;44079;;0.00
C358516;PLN004;44079;44444;0.00
C42147;PLN004;44079;44444;0.00
C101644;PLN004;44109;44474;0.00
C17522;PLN005;44109;44474;0.00
C245245;PLN002;44109;;0.00
C453501;PLN001;44109;;0.00
C146835;PLN005;44140;44505;0.05
C216478;PLN002;44140;;0.00
C342508;PLN006;44140;44505;0.00
C44499;PLN003;44140;44505;0.00
C216720;PLN005;44170;44535;0.00
C219265;PLN005;44170;44535;0.06
C296678;PLN003;44170;44535;0.00
C409861;PLN004;44170;44535;0.07
C415678;PLN003;44170;44535;0.00
C140597;PLN002;43964;;0.00
C190181;PLN002;43964;;0.00
C325594;PLN006;43964;44329;0.00
C330445;PLN004;43964;44329;0.03
C36326;PLN006;43964;44329;0.00
C205898;PLN005;43965;44330;0.00
C220118;PLN003;43965;44330;0.05
C236453;PLN002;43965;;0.10
C357886;PLN004;43965;44330;0.00
C366967;PLN006;43965;44330;0.00
C397469;PLN001;43965;;0.00
C422040;PLN004;43965;44330;0.00
C455737;PLN002;43965;;0.00
C223636;PLN004;43966;44331;0.00
C328533;PLN005;43966;44331;0.00
C347648;PLN005;43966;44331;0.00
C348923;PLN002;43966;;0.00
C129993;PLN002;43967;;0.00
C288506;PLN003;43967;44332;0.00
C380673;PLN001;43967;;0.00
C42335;PLN005;43967;44332;0.00
C203866;PLN002;43968;;0.04
C318551;PLN005;43968;44333;0.00
C450879;PLN004;43968;44333;0.00
C121405;PLN005;43969;44334;0.00
C167054;PLN006;43969;44334;0.00
C347025;PLN003;43969;44334;0.00
C134350;PLN006;43970;44335;0.00
C184849;PLN003;43970;44335;0.00
C362406;PLN004;43970;44335;0.07
C415986;PLN004;43970;44335;0.04
C325235;PLN002;43971;;0.00
C440726;PLN003;43971;44336;0.00
C217618;PLN001;43972;;0.00
C337459;PLN006;43972;44337;0.00
C121560;PLN005;43973;44338;0.03
C133824;PLN006;43973;44338;0.00
C13948;PLN005;43974;44339;0.00
C223610;PLN004;43974;44339;0.00
C282121;PLN006;43974;44339;0.00
C38744;PLN004;43974;44339;0.00
C420458;PLN006;43974;44339;0.00
C433479;PLN003;43974;44339;0.01
C20811;PLN005;43975;44340;0.00
C277402;PLN001;43975;;0.00
C309053;PLN003;43975;44340;0.00
C341076;PLN002;43975;;0.00
C426063;PLN005;43975;44340;0.00
C345218;PLN005;43976;44341;0.03
C413417;PLN003;43976;44341;0.00
C120110;PLN004;43977;44342;0.06
C184225;PLN004;43977;44342;0.00
C332805;PLN005;43977;44342;0.00
C107597;PLN006;43978;44343;0.02
C294010;PLN005;43978;44343;0.00
C399027;PLN005;43978;44343;0.07
C188976;PLN003;43979;44344;0.03
C11927;PLN003;43980;44345;0.00
C147657;PLN004;43980;44345;0.00
C236134;PLN006;43981;44346;0.00
C362238;PLN004;43981;44346;0.00
C219259;PLN004;43982;44347;0.00
C338136;PLN006;43982;44347;0.00
C441961;PLN003;43982;44347;0.00
C457061;PLN005;43982;44347;0.00
C129032;PLN001;43836;;0.00
C216706;PLN005;43836;44202;0.00
C24062;PLN002;43836;;0.00
C250068;PLN001;43836;;0.00
C251323;PLN005;43836;44202;0.00
C321104;PLN001;43836;;0.00
C389388;PLN005;43836;44202;0.00
C231297;PLN002;43867;;0.00
C257528;PLN003;43867;44233;0.00
C26851;PLN004;43867;44233;0.00
C335109;PLN004;43867;44233;0.04
C348268;PLN006;43867;44233;0.00
C362167;PLN003;43867;44233;0.00
C183298;PLN004;43896;44261;0.00
C189476;PLN001;43896;;0.00
C197937;PLN001;43896;;0.00
C202044;PLN005;43896;44261;0.00
C287580;PLN005;43896;44261;0.10
C331116;PLN004;43896;44261;0.00
C40812;PLN006;43896;44261;0.00
C135488;PLN004;43927;44292;0.04
C171705;PLN005;43927;44292;0.00
C238978;PLN006;43927;44292;0.00
C301846;PLN004;43927;44292;0.10
C325606;PLN004;43927;44292;0.00
C353158;PLN004;43927;44292;0.00
C359140;PLN002;43927;;0.00
C365005;PLN001;43927;;0.00
C160184;PLN006;43957;44322;0.00
C169921;PLN003;43957;44322;0.00
C201983;PLN005;43957;44322;0.00
C271548;PLN003;43957;44322;0.00
C453490;PLN001;43957;;0.00
C149817;PLN003;44018;44383;0.00
C135537;PLN003;44049;44414;0.00
C369047;PLN002;44049;;0.00
C197840;PLN001;44080;;0.01
C292386;PLN004;44080;44445;0.00
C387952;PLN004;44080;44445;0.00
C393215;PLN003;44080;44445;0.00
C42661;PLN006;44080;44445;0.00
C19950;PLN003;44110;44475;0.00
C258306;PLN003;44110;44475;0.00
C249519;PLN004;44141;44506;0.09
C37538;PLN005;44141;44506;0.02
C435957;PLN002;44141;;0.00
C436205;PLN001;44141;;0.00
C237500;PLN006;44171;44536;0.00
C247704;PLN005;44171;44536;0.00
C411369;PLN005;44171;44536;0.00
C291614;PLN006;43995;44360;0.00
C322824;PLN006;43995;44360;0.09
C449812;PLN001;43995;;0.00
C159084;PLN001;43996;;0.00
C293149;PLN004;43996;44361;0.00
C404207;PLN005;43996;44361;0.00
C45521;PLN005;43996;44361;0.00
C114476;PLN006;43997;44362;0.00
C176253;PLN001;43997;;0.00
C29010;PLN005;43997;44362;0.00
C326023;PLN001;43997;;0.00
C330592;PLN006;43997;44362;0.05
C216589;PLN002;43998;;0.00
C349123;PLN005;43998;44363;0.00
C37672;PLN004;43998;44363;0.00
C121445;PLN004;43999;44364;0.01
C170637;PLN006;43999;44364;0.00
C374038;PLN004;43999;44364;0.00
C128639;PLN006;44000;44365;0.10
C152043;PLN005;44000;44365;0.00
C204798;PLN003;44000;44365;0.00
C339307;PLN001;44000;;0.00
C402401;PLN004;44000;44365;0.00
C402826;PLN006;44000;44365;0.00
C229243;PLN005;44001;44366;0.00
C231573;PLN003;44001;44366;0.00
C334932;PLN004;44002;44367;0.00
C117192;PLN003;44003;44368;0.05
C162341;PLN003;44003;44368;0.00
C221521;PLN003;44003;44368;0.00
C389204;PLN001;44003;;0.00
C17072;PLN004;44004;44369;0.05
C251366;PLN003;44004;44369;0.00
C307793;PLN004;44004;44369;0.00
C309708;PLN005;44004;44369;0.00
C412395;PLN006;44004;44369;0.00
C110568;PLN002;44005;;0.00
C234264;PLN005;44005;44370;0.00
C431530;PLN003;44005;44370;0.06
C175558;PLN003;44006;44371;0.00
C337799;PLN001;44006;;0.00
C351802;PLN004;44006;44371;0.00
C141595;PLN004;44007;44372;0.00
C296332;PLN005;44007;44372;0.00
C298722;PLN004;44007;44372;0.00
C417160;PLN005;44007;44372;0.00
C106264;PLN006;44008;44373;0.00
C207475;PLN001;44008;;0.04
C251897;PLN005;44008;44373;0.00
C31879;PLN003;44008;44373;0.00
C331314;PLN005;44008;44373;0.00
C355105;PLN004;44008;44373;0.00
C144619;PLN004;44009;44374;0.00
C246847;PLN001;44009;;0.00
C119401;PLN004;44010;44375;0.00
C16678;PLN003;44010;44375;0.00
C232947;PLN002;44010;;0.00
C236429;PLN003;44010;44375;0.00
C30707;PLN006;44010;44375;0.00
C321975;PLN001;44010;;0.00
C253168;PLN005;44011;44376;0.00
C357053;PLN004;44011;44376;0.00
C367254;PLN006;44011;44376;0.00
C138378;PLN002;44012;;0.00
C186318;PLN002;44012;;0.00
C191786;PLN004;44012;44377;0.00
C308155;PLN006;44012;44377;0.00
C141558;PLN003;43837;44203;0.00
C20366;PLN002;43837;;0.00
C129024;PLN003;43868;44234;0.00
C199604;PLN003;43868;44234;0.00
C219121;PLN003;43868;44234;0.00
C426063;PLN006;43868;44234;0.00
C45550;PLN002;43868;;0.05
C122743;PLN003;43897;44262;0.00
C375331;PLN006;43897;44262;0.00
C386899;PLN005;43897;44262;0.07
C145341;PLN006;43928;44293;0.00
C32683;PLN006;43928;44293;0.00
C33743;PLN003;43928;44293;0.00
C340944;PLN001;43928;;0.00
C187645;PLN002;43958;;0.00
C272639;PLN002;43958;;0.00
C276212;PLN003;43958;44323;0.00
C357233;PLN005;43958;44323;0.00
C37401;PLN001;43958;;0.00
C152749;PLN006;43989;44354;0.00
C223262;PLN005;43989;44354;0.00
C451062;PLN006;43989;44354;0.00
C145375;PLN003;44019;44384;0.00
C182306;PLN004;44019;44384;0.00
C332422;PLN006;44019;44384;0.00
C393488;PLN006;44019;44384;0.00
C404672;PLN006;44019;44384;0.00
C40553;PLN004;44019;44384;0.00
C13585;PLN006;44050;44415;0.00
C136624;PLN005;44081;44446;0.00
C211580;PLN004;44081;44446;0.01
C113476;PLN001;44111;;0.00
C263195;PLN004;44111;44476;0.00
C274036;PLN005;44111;44476;0.00
C290020;PLN006;44111;44476;0.00
C393159;PLN006;44111;44476;0.00
C407975;PLN003;44111;44476;0.00
C42467;PLN003;44111;44476;0.10
C149198;PLN006;44142;44507;0.00
C328320;PLN003;44142;44507;0.00
C331653;PLN005;44142;44507;0.07
C129472;PLN004;44172;44537;0.00
C189143;PLN006;44172;44537;0.02
C104363;PLN006;44025;44390;0.00
C126039;PLN005;44025;44390;0.00
C145569;PLN002;44025;;0.06
C176370;PLN004;44025;44390;0.00
C181743;PLN001;44025;;0.00
C252467;PLN002;44025;;0.02
C110755;PLN006;44026;44391;0.00
C234987;PLN001;44026;;0.00
C384545;PLN001;44026;;0.01
C199297;PLN005;44027;44392;0.00
C268506;PLN006;44027;44392;0.00
C272985;PLN004;44027;44392;0.00
C332180;PLN001;44027;;0.00
C129255;PLN004;44028;44393;0.00
C243562;PLN004;44028;44393;0.00
C314455;PLN004;44028;44393;0.00
C324802;PLN006;44028;44393;0.00
C4199;PLN002;44028;;0.00
C341352;PLN006;44029;44394;0.00
C387456;PLN004;44030;44395;0.00
C101357;PLN004;44031;44396;0.00
C135976;PLN006;44031;44396;0.00
C349789;PLN003;44031;44396;0.00
C431239;PLN006;44031;44396;0.00
C119206;PLN002;44032;;0.00
C295136;PLN004;44032;44397;0.00
C369933;PLN005;44032;44397;0.00
C124849;PLN003;44033;44398;0.00
C133235;PLN003;44033;44398;0.00
C146731;PLN002;44033;;0.00
C19278;PLN006;44033;44398;0.00
C214667;PLN004;44033;44398;0.00
C315508;PLN003;44033;44398;0.00
C374473;PLN006;44033;44398;0.00
C245430;PLN006;44034;44399;0.02
C276212;PLN006;44034;44399;0.07
C181308;PLN002;44035;;0.00
C265892;PLN004;44035;44400;0.00
C367372;PLN004;44035;44400;0.00
C380036;PLN004;44035;44400;0.00
C170222;PLN003;44036;44401;0.00
C175795;PLN006;44036;44401;0.00
C186858;PLN004;44036;44401;0.00
C224293;PLN003;44036;44401;0.00
C413270;PLN001;44037;;0.00
C218132;PLN002;44038;;0.00
C24588;PLN006;44038;44403;0.00
C318713;PLN004;44038;44403;0.00
C378730;PLN001;44038;;0.00
C452016;PLN004;44038;44403;0.03
C104363;PLN002;44039;;0.08
C200297;PLN005;44040;44405;0.00
C373044;PLN002;44040;;0.00
C432856;PLN002;44040;;0.00
C310025;PLN005;44041;44406;0.01
C404936;PLN003;44041;44406;0.10
C421164;PLN004;44041;44406;0.00
C152043;PLN006;44042;44407;0.00
C261304;PLN002;44042;;0.00
C298813;PLN002;44042;;0.00
C42435;PLN002;44042;;0.00
C122090;PLN002;44043;;0.00
C398336;PLN003;44043;44408;0.00
C413298;PLN003;44043;44408;0.00
C110380;PLN004;43838;44204;0.00
C118813;PLN006;43869;44235;0.00
C187625;PLN006;43869;44235;0.00
C215128;PLN002;43869;;0.00
C249166;PLN004;43869;44235;0.00
C263737;PLN001;43869;;0.00
C345806;PLN001;43869;;0.00
C404936;PLN005;43869;44235;0.00
C430004;PLN005;43869;44235;0.00
C456165;PLN004;43869;44235;0.01
C319594;PLN006;43898;44263;0.00
C348747;PLN004;43898;44263;0.00
C392735;PLN001;43898;;0.00
C397778;PLN004;43898;44263;0.01
C45142;PLN006;43898;44263;0.00
C455613;PLN003;43898;44263;0.00
C271841;PLN002;43929;;0.00
C408295;PLN006;43929;44294;0.00
C144818;PLN002;43959;;0.00
C200706;PLN004;43959;44324;0.00
C292534;PLN002;43959;;0.00
C330812;PLN004;43959;44324;0.00
C373629;PLN001;43959;;0.00
C130416;PLN002;43990;;0.00
C265892;PLN002;43990;;0.00
C426285;PLN001;43990;;0.00
C250467;PLN001;44020;;0.00
C253849;PLN001;44020;;0.00
C325760;PLN001;44020;;0.00
C362264;PLN006;44020;44385;0.00
C375441;PLN004;44020;44385;0.00
C440473;PLN003;44020;44385;0.00
C177468;PLN005;44051;44416;0.00
C422405;PLN003;44051;44416;0.00
C447892;PLN003;44051;44416;0.00
C118360;PLN006;44082;44447;0.00
C138697;PLN003;44082;44447;0.00
C357733;PLN002;44082;;0.00
C263195;PLN001;44112;;0.00
C267672;PLN004;44112;44477;0.00
C358516;PLN006;44112;44477;0.00
C360006;PLN006;44112;44477;0.00
C401086;PLN003;44112;44477;0.00
C184724;PLN004;44143;44508;0.00
C208130;PLN005;44143;44508;0.00
C304071;PLN004;44143;44508;0.01
C448720;PLN006;44143;44508;0.07
C320527;PLN001;44173;;0.00
C299301;PLN001;44056;;0.07
C306895;PLN006;44056;44421;0.00
C337129;PLN006;44056;44421;0.00
C363737;PLN003;44056;44421;0.00
C419045;PLN002;44056;;0.00
C124849;PLN005;44057;44422;0.00
C25262;PLN001;44057;;0.08
C307737;PLN003;44057;44422;0.00
C102256;PLN003;44058;44423;0.00
C290023;PLN004;44058;44423;0.00
C307655;PLN005;44058;44423;0.00
C374257;PLN005;44058;44423;0.00
C379392;PLN004;44058;44423;0.00
C393984;PLN004;44058;44423;0.00
C396103;PLN006;44058;44423;0.00
C441111;PLN004;44058;44423;0.00
C114751;PLN003;44059;44424;0.00
C169942;PLN003;44059;44424;0.00
C264210;PLN004;44059;44424;0.00
C366861;PLN005;44059;44424;0.10
C371117;PLN005;44059;44424;0.00
C391926;PLN004;44059;44424;0.00
C407511;PLN003;44059;44424;0.00
C138484;PLN005;44060;44425;0.00
C289638;PLN006;44060;44425;0.00
C196289;PLN003;44061;44426;0.03
C313591;PLN006;44061;44426;0.00
C125454;PLN002;44062;;0.00
C227399;PLN006;44062;44427;0.00
C236430;PLN004;44062;44427;0.00
C239767;PLN004;44062;44427;0.00
C115716;PLN002;44063;;0.00
C254465;PLN001;44063;;0.02
C289638;PLN001;44063;;0.00
C31687;PLN003;44063;44428;0.00
C419870;PLN003;44063;44428;0.00
C435710;PLN003;44063;44428;0.00
C147441;PLN002;44064;;0.00
C192224;PLN002;44064;;0.00
C309297;PLN005;44064;44429;0.00
C351082;PLN003;44064;44429;0.00
C457108;PLN006;44065;44430;0.00
C148919;PLN004;44066;44431;0.00
C163624;PLN004;44066;44431;0.00
C192822;PLN003;44066;44431;0.00
C312315;PLN005;44066;44431;0.07
C423393;PLN003;44066;44431;0.00
C212721;PLN003;44067;44432;0.00
C206526;PLN004;44068;44433;0.00
C22645;PLN006;44068;44433;0.04
C426946;PLN003;44068;44433;0.04
C107595;PLN003;44069;44434;0.01
C174770;PLN005;44069;44434;0.00
C207406;PLN004;44069;44434;0.00
C225011;PLN006;44069;44434;0.00
C249231;PLN006;44069;44434;0.00
C288609;PLN006;44069;44434;0.00
C127867;PLN004;44070;44435;0.00
C148995;PLN003;44070;44435;0.00
C221222;PLN002;44070;;0.00
C375785;PLN004;44070;44435;0.05
C131434;PLN006;44071;44436;0.00
C25227;PLN002;44071;;0.00
C339624;PLN004;44071;44436;0.02
C128989;PLN001;44072;;0.07
C385425;PLN006;44072;44437;0.00
C118735;PLN005;44073;44438;0.00
C258744;PLN004;44073;44438;0.00
C308256;PLN001;44073;;0.00
C366413;PLN005;44073;44438;0.00
C416428;PLN004;44073;44438;0.00
C12028;PLN005;44074;44439;0.00
C19278;PLN002;44074;;0.07
C22556;PLN003;44074;44439;0.00
C35363;PLN005;44074;44439;0.02
C134558;PLN001;43839;;0.07
C293285;PLN003;43839;44205;0.00
C347970;PLN003;43839;44205;0.00
C219501;PLN001;43870;;0.02
C224394;PLN001;43870;;0.00
C240025;PLN004;43870;44236;0.04
C240920;PLN003;43899;44264;0.00
C252022;PLN004;43899;44264;0.00
C312436;PLN006;43899;44264;0.00
C187649;PLN001;43930;;0.00
C372512;PLN001;43930;;0.03
C43658;PLN002;43930;;0.00
C14750;PLN004;43991;44356;0.00
C281334;PLN001;43991;;0.00
C29610;PLN006;43991;44356;0.00
C458163;PLN006;43991;44356;0.00
C311743;PLN005;44021;44386;0.00
C17170;PLN001;44052;;0.00
C22556;PLN002;44052;;0.00
C226997;PLN003;44052;44417;0.00
C284376;PLN003;44052;44417;0.00
C309324;PLN001;44052;;0.00
C427722;PLN005;44052;44417;0.00
C139423;PLN001;44083;;0.09
C151207;PLN004;44083;44448;0.00
C186256;PLN005;44083;44448;0.00
C234071;PLN001;44083;;0.00
C257274;PLN002;44083;;0.00
C300675;PLN004;44083;44448;0.09
C125652;PLN002;44113;;0.01
C215995;PLN002;44113;;0.00
C23099;PLN001;44113;;0.00
C273409;PLN001;44113;;0.10
C282765;PLN003;44113;44478;0.00
C307625;PLN004;44113;44478;0.00
C325057;PLN002;44113;;0.00
C298341;PLN003;44144;44509;0.00
C298558;PLN004;44144;44509;0.00
C417558;PLN001;44144;;0.00
C129228;PLN003;44174;44539;0.00
C160520;PLN004;44174;44539;0.00
C177419;PLN006;44174;44539;0.00
C202681;PLN004;44174;44539;0.00
C237505;PLN005;44174;44539;0.04
C231603;PLN001;44087;;0.00
C312812;PLN006;44087;44452;0.08
C325606;PLN003;44087;44452;0.00
C185343;PLN002;44088;;0.00
C222001;PLN001;44088;;0.00
C32072;PLN006;44088;44453;0.00
C17532;PLN005;44089;44454;0.00
C314197;PLN003;44089;44454;0.00
C441961;PLN006;44089;44454;0.00
C131178;PLN006;44090;44455;0.00
C139295;PLN006;44090;44455;0.00
C152057;PLN001;44090;;0.00
C440993;PLN001;44090;;0.00
C138196;PLN003;44091;44456;0.00
C286967;PLN003;44091;44456;0.00
C315564;PLN004;44091;44456;0.10
C377193;PLN004;44091;44456;0.00
C339134;PLN006;44092;44457;0.00
C36927;PLN004;44092;44457;0.00
C110048;PLN005;44093;44458;0.00
C189173;PLN001;44093;;0.00
C322612;PLN006;44093;44458;0.09
C353354;PLN002;44094;;0.06
C433479;PLN004;44094;44459;0.00
C15437;PLN003;44096;44461;0.03
C162976;PLN002;44096;;0.00
C20874;PLN004;44096;44461;0.00
C219929;PLN003;44096;44461;0.00
C360983;PLN004;44096;44461;0.00
C212319;PLN005;44097;44462;0.00
C275690;PLN002;44097;;0.00
C362183;PLN001;44097;;0.00
C39831;PLN006;44097;44462;0.00
C404273;PLN003;44097;44462;0.00
C454090;PLN006;44097;44462;0.00
C24502;PLN005;44098;44463;0.00
C261725;PLN005;44098;44463;0.00
C397652;PLN004;44098;44463;0.00
C125652;PLN004;44099;44464;0.00
C132263;PLN001;44099;;0.00
C346230;PLN006;44099;44464;0.00
C125650;PLN003;44100;44465;0.00
C169581;PLN003;44100;44465;0.06
C278148;PLN004;44100;44465;0.00
C290775;PLN003;44100;44465;0.00
C212264;PLN005;44101;44466;0.05
C213606;PLN006;44101;44466;0.00
C341217;PLN005;44101;44466;0.00
C397927;PLN004;44101;44466;0.00
C412736;PLN002;44101;;0.00
C433128;PLN005;44101;44466;0.09
C239482;PLN001;44102;;0.00
C248348;PLN006;44102;44467;0.00
C260887;PLN005;44102;44467;0.00
C273361;PLN002;44102;;0.00
C29625;PLN004;44102;44467;0.00
C403188;PLN004;44102;44467;0.00
C420377;PLN003;44102;44467;0.00
C434993;PLN005;44102;44467;0.00
C416970;PLN001;44103;;0.06
C131476;PLN001;44104;;0.00
C347204;PLN005;44104;44469;0.00
C201397;PLN001;43840;;0.00
C285142;PLN005;43840;44206;0.00
C311125;PLN004;43840;44206;0.00
C41206;PLN004;43840;44206;0.05
C195026;PLN006;43871;44237;0.00
C328423;PLN004;43871;44237;0.00
C401285;PLN003;43871;44237;0.00
C426068;PLN003;43871;44237;0.09
C10617;PLN004;43900;44265;0.00
C126039;PLN003;43900;44265;0.00
C176898;PLN006;43900;44265;0.00
C2902;PLN005;43900;44265;0.00
C295162;PLN003;43900;44265;0.00
C433928;PLN003;43900;44265;0.00
C192886;PLN003;43931;44296;0.00
C409928;PLN005;43931;44296;0.00
C430709;PLN003;43931;44296;0.00
C137751;PLN002;43961;;0.00
C169281;PLN002;43961;;0.00
C250658;PLN006;43961;44326;0.00
C413569;PLN004;43961;44326;0.00
C142736;PLN006;43992;44357;0.00
C313444;PLN006;43992;44357;0.00
C430901;PLN002;43992;;0.00
C187628;PLN004;44022;44387;0.00
C272187;PLN004;44022;44387;0.00
C399462;PLN006;44022;44387;0.00
C16759;PLN002;44053;;0.00
C189805;PLN004;44053;44418;0.00
C251688;PLN002;44053;;0.00
C278390;PLN004;44053;44418;0.00
C381601;PLN002;44053;;0.00
C290931;PLN003;44084;44449;0.00
C332203;PLN001;44114;;0.00
C380834;PLN005;44114;44479;0.00
C15685;PLN001;44145;;0.00
C203151;PLN003;44145;44510;0.00
C302959;PLN004;44145;44510;0.00
C167811;PLN006;44117;44482;0.00
C22329;PLN002;44117;;0.00
C399532;PLN004;44117;44482;0.00
C401363;PLN001;44117;;0.00
C449812;PLN004;44118;44483;0.00
C122923;PLN003;44119;44484;0.00
C316793;PLN002;44120;;0.07
C405736;PLN005;44120;44485;0.00
C455160;PLN001;44120;;0.00
C15160;PLN004;44121;44486;0.00
C125931;PLN002;44122;;0.00
C192224;PLN004;44122;44487;0.00
C195005;PLN004;44122;44487;0.03
C436050;PLN001;44122;;0.09
C447418;PLN004;44122;44487;0.00
C334673;PLN002;44123;;0.00
C138955;PLN005;44124;44489;0.00
C271149;PLN003;44124;44489;0.00
C234169;PLN001;44125;;0.00
C242096;PLN001;44125;;0.00
C280217;PLN001;44125;;0.00
C286369;PLN003;44125;44490;0.00
C384922;PLN004;44125;44490;0.00
C202439;PLN002;44126;;0.00
C24476;PLN003;44126;44491;0.00
C249166;PLN004;44126;44491;0.00
C274018;PLN001;44126;;0.00
C365678;PLN006;44126;44491;0.00
C394872;PLN003;44126;44491;0.00
C415980;PLN001;44126;;0.00
C265260;PLN005;44127;44492;0.05
C299722;PLN003;44127;44492;0.00
C304167;PLN003;44127;44492;0.00
C404650;PLN003;44127;44492;0.00
C457061;PLN003;44127;44492;0.00
C199135;PLN004;44128;44493;0.00
C284899;PLN002;44128;;0.00
C36941;PLN005;44128;44493;0.00
C198163;PLN006;44129;44494;0.00
C336076;PLN002;44129;;0.00
C149488;PLN004;44130;44495;0.00
C189638;PLN006;44130;44495;0.00
C249845;PLN005;44130;44495;0.00
C322526;PLN004;44130;44495;0.00
C376847;PLN004;44130;44495;0.08
C261246;PLN004;44131;44496;0.00
C332433;PLN001;44131;;0.00
C360947;PLN001;44131;;0.00
C367383;PLN004;44131;44496;0.00
C128639;PLN006;44132;44497;0.00
C226871;PLN004;44132;44497;0.00
C26485;PLN006;44132;44497;0.00
C451724;PLN001;44132;;0.00
C104644;PLN002;44133;;0.00
C106502;PLN001;44133;;0.03
C413659;PLN005;44133;44498;0.00
C259603;PLN005;44134;44499;0.00
C435869;PLN006;44134;44499;0.00
C184849;PLN005;44135;44500;0.00
C20366;PLN005;44135;44500;0.00
C221855;PLN002;44135;;0.00
C262872;PLN003;44135;44500;0.00
C277889;PLN001;44135;;0.00
C112104;PLN005;43841;44207;0.00
C265985;PLN005;43841;44207;0.00
C393904;PLN006;43841;44207;0.00
C128275;PLN002;43872;;0.06
C155387;PLN003;43872;44238;0.00
C164477;PLN003;43872;44238;0.00
C203668;PLN003;43872;44238;0.00
C328589;PLN001;43872;;0.00
C447634;PLN004;43872;44238;0.10
C133506;PLN002;43901;;0.00
C186983;PLN005;43901;44266;0.00
C21433;PLN005;43901;44266;0.00
C237348;PLN003;43901;44266;0.00
C35387;PLN004;43932;44297;0.00
C385939;PLN001;43932;;0.00
C39680;PLN006;43932;44297;0.00
C367050;PLN004;43962;44327;0.00
C382086;PLN001;43962;;0.00
C409657;PLN004;43962;44327;0.00
C100823;PLN003;43993;44358;0.02
C118735;PLN004;43993;44358;0.00
C311382;PLN001;43993;;0.05
C35756;PLN001;43993;;0.00
C104762;PLN005;44023;44388;0.00
C14949;PLN003;44023;44388;0.00
C160184;PLN003;44023;44388;0.05
C166851;PLN006;44023;44388;0.00
C171705;PLN001;44023;;0.00
C204074;PLN004;44023;44388;0.00
C227193;PLN006;44023;44388;0.00
C363063;PLN005;44023;44388;0.09
C372346;PLN002;44023;;0.00
C406329;PLN006;44054;44419;0.00
C453541;PLN003;44054;44419;0.00
C132152;PLN003;44085;44450;0.00
C165038;PLN004;44085;44450;0.02
C194664;PLN004;44085;44450;0.00
C261568;PLN004;44085;44450;0.00
C298489;PLN006;44085;44450;0.00
C387551;PLN004;44085;44450;0.00
C432515;PLN006;44085;44450;0.00
C100214;PLN005;44115;44480;0.02
C295855;PLN005;44115;44480;0.00
C311706;PLN003;44115;44480;0.00
C372517;PLN001;44115;;0.00
C141177;PLN006;44146;44511;0.00
C382721;PLN004;44146;44511;0.00
C250698;PLN003;44176;44541;0.00
C210421;PLN006;44148;44513;0.00
C266675;PLN003;44148;44513;0.00
C35382;PLN003;44148;44513;0.00
C398408;PLN001;44148;;0.00
C24720;PLN003;44149;44514;0.00
C248314;PLN006;44149;44514;0.00
C160787;PLN002;44150;;0.00
C182863;PLN006;44150;44515;0.00
C32055;PLN004;44150;44515;0.00
C35511;PLN002;44150;;0.01
C386902;PLN006;44150;44515;0.07
C130539;PLN005;44151;44516;0.00
C212173;PLN005;44152;44517;0.00
C279726;PLN003;44152;44517;0.00
C291088;PLN003;44152;44517;0.00
C411805;PLN006;44152;44517;0.00
C444446;PLN001;44152;;0.00
C223625;PLN001;44153;;0.00
C239924;PLN005;44153;44518;0.00
C248959;PLN003;44153;44518;0.04
C251005;PLN006;44153;44518;0.00
C279667;PLN002;44153;;0.00
C383487;PLN001;44153;;0.00
C121078;PLN005;44154;44519;0.00
C136270;PLN005;44154;44519;0.00
C21760;PLN003;44154;44519;0.00
C246115;PLN004;44154;44519;0.00
C254535;PLN006;44154;44519;0.00
C275767;PLN001;44154;;0.00
C288389;PLN006;44154;44519;0.00
C383480;PLN003;44154;44519;0.07
C287322;PLN001;44155;;0.00
C178248;PLN003;44156;44521;0.00
C295911;PLN002;44156;;0.08
C386127;PLN004;44156;44521;0.05
C448649;PLN004;44156;44521;0.00
C132542;PLN003;44157;44522;0.00
C259473;PLN005;44157;44522;0.00
C288986;PLN005;44158;44523;0.00
C311572;PLN004;44158;44523;0.00
C365053;PLN002;44158;;0.00
C450082;PLN005;44158;44523;0.00
C131434;PLN005;44159;44524;0.00
C177998;PLN005;44159;44524;0.00
C184325;PLN006;44159;44524;0.00
C198244;PLN005;44160;44525;0.00
C236548;PLN003;44160;44525;0.00
C106230;PLN002;44162;;0.00
C399439;PLN005;44162;44527;0.00
C434127;PLN005;44162;44527;0.00
C11475;PLN006;44163;44528;0.09
C157151;PLN005;44163;44528;0.00
C174379;PLN002;44163;;0.00
C202835;PLN005;44163;44528;0.00
C216302;PLN001;44163;;0.00
C302605;PLN001;44163;;0.00
C316886;PLN002;44163;;0.00
C412637;PLN003;44163;44528;0.00
C458175;PLN002;44163;;0.00
C243553;PLN002;44164;;0.00
C440407;PLN002;44164;;0.04
C221041;PLN006;44165;44530;0.00
C236429;PLN005;44165;44530;0.00
C304984;PLN002;44165;;0.10
C129214;PLN004;43842;44208;0.09
C144723;PLN005;43842;44208;0.00
C18379;PLN005;43842;44208;0.00
C342381;PLN004;43842;44208;0.00
C130724;PLN003;43873;44239;0.00
C224867;PLN004;43873;44239;0.00
C36491;PLN005;43873;44239;0.00
C430097;PLN001;43873;;0.04
C451064;PLN006;43873;44239;0.00
C174920;PLN002;43933;;0.00
C311743;PLN004;43933;44298;0.00
C438009;PLN003;43933;44298;0.00
C125319;PLN002;43963;;0.00
C157331;PLN004;43963;44328;0.00
C392341;PLN003;43963;44328;0.00
C394785;PLN003;43963;44328;0.00
C413412;PLN006;43963;44328;0.00
C446710;PLN004;43963;44328;0.00
C136624;PLN001;43994;;0.00
C198204;PLN005;43994;44359;0.00
C254549;PLN001;43994;;0.08
C335809;PLN002;43994;;0.00
C388018;PLN005;43994;44359;0.09
C39969;PLN003;43994;44359;0.00
C42784;PLN006;43994;44359;0.00
C135226;PLN003;44024;44389;0.00
C244161;PLN005;44024;44389;0.00
C267421;PLN002;44024;;0.00
C35909;PLN005;44024;44389;0.00
C390244;PLN001;44024;;0.00
C143719;PLN005;44055;44420;0.00
C200527;PLN001;44055;;0.00
C206538;PLN003;44055;44420;0.00
C241059;PLN003;44055;44420;0.00
C321158;PLN005;44055;44420;0.00
C380653;PLN004;44055;44420;0.00
C396747;PLN003;44055;44420;0.00
C414120;PLN006;44055;44420;0.00
C148842;PLN005;44086;44451;0.00
C183781;PLN006;44086;44451;0.00
C205366;PLN001;44086;;0.00
C215606;PLN002;44086;;0.00
C291665;PLN004;44086;44451;0.00
C100357;PLN006;44116;44481;0.00
C177998;PLN003;44116;44481;0.00
C170171;PLN006;44147;44512;0.00
C278283;PLN004;44147;44512;0.00
C383211;PLN002;44147;;0.00
C106955;PLN006;44177;44542;0.00
C185041;PLN006;44177;44542;0.00
C211728;PLN004;44177;44542;0.00
C263247;PLN005;44177;44542;0.00
C273840;PLN004;44177;44542;0.00
C389220;PLN006;44177;44542;0.00
C124569;PLN003;44178;44543;0.01
C145569;PLN006;44178;44543;0.00
C236783;PLN001;44179;;0.00
C171432;PLN006;44180;44545;0.00
C198163;PLN001;44180;;0.00
C208145;PLN001;44180;;0.00
C26756;PLN006;44180;44545;0.00
C343945;PLN004;44180;44545;0.00
C409862;PLN001;44180;;0.00
C109134;PLN003;44181;44546;0.00
C150027;PLN003;44181;44546;0.00
C199584;PLN006;44181;44546;0.00
C296516;PLN003;44181;44546;0.00
C157617;PLN006;44182;44547;0.00
C25089;PLN003;44182;44547;0.00
C307367;PLN006;44182;44547;0.00
C406037;PLN004;44182;44547;0.00
C280614;PLN002;44183;;0.00
C361372;PLN006;44183;44548;0.00
C181308;PLN006;44184;44549;0.00
C189476;PLN006;44185;44550;0.00
C393043;PLN005;44185;44550;0.00
C394603;PLN002;44185;;0.10
C145817;PLN005;44186;44551;0.00
C440011;PLN002;44186;;0.00
C211873;PLN003;44187;44552;0.00
C268603;PLN004;44187;44552;0.00
C384179;PLN002;44187;;0.02
C185447;PLN004;44188;44553;0.06
C310480;PLN005;44188;44553;0.03
C339185;PLN003;44188;44553;0.00
C43501;PLN005;44188;44553;0.00
C292989;PLN001;44189;;0.00
C296055;PLN005;44189;44554;0.00
C202835;PLN004;44190;44555;0.00
C115562;PLN005;44191;44556;0.00
C19591;PLN002;44191;;0.00
C315155;PLN006;44191;44556;0.00
C326985;PLN004;44191;44556;0.00
C373650;PLN002;44191;;0.00
C324752;PLN004;44192;44557;0.00
C16046;PLN006;44193;44558;0.00
C309904;PLN004;44193;44558;0.00
C315508;PLN005;44193;44558;0.00
C318943;PLN001;44193;;0.00
C42784;PLN003;44193;44558;0.00
C310899;PLN005;44194;44559;0.00
C310922;PLN004;44194;44559;0.00
C401363;PLN006;44194;44559;0.00
C445439;PLN006;44194;44559;0.00
C227745;PLN003;44195;44560;0.00
C266641;PLN004;44195;44560;0.00
C319023;PLN005;44195;44560;0.00
C346230;PLN004;44195;44560;0.00
C397973;PLN005;44195;44560;0.00
C422102;PLN003;44195;44560;0.00
C139500;PLN001;44196;;0.00
C182010;PLN005;44196;44561;0.00
C191530;PLN001;44196;;0.00
C21369;PLN006;44196;44561;0.00
C254369;PLN001;44196;;0.00
C316279;PLN001;44196;;0.00
C40404;PLN001;44196;;0.03
C169401;PLN005;44197;44562;0.00
C183078;PLN005;44197;44562;0.00
C192488;PLN004;44197;44562;0.00
C208313;PLN001;44197;;0.00
C215339;PLN006;44197;44562;0.00
C390516;PLN005;44197;44562;0.10
C110048;PLN006;44228;44593;0.00
C170917;PLN002;44228;;0.00
C269051;PLN006;44228;44593;0.00
C314755;PLN006;44228;44593;0.00
C378498;PLN003;44228;44593;0.00
C313554;PLN003;44256;44621;0.00
C386988;PLN001;44256;;0.00
C102074;PLN006;44287;44652;0.00
C150027;PLN004;44287;44652;0.06
C164994;PLN004;44287;44652;0.00
C198484;PLN006;44317;44682;0.00
C274485;PLN006;44317;44682;0.00
C339255;PLN004;44317;44682;0.00
C422612;PLN003;44317;44682;0.00
C451810;PLN003;44317;44682;0.00
C11705;PLN004;44348;44713;0.00
C190668;PLN005;44348;44713;0.00
C313591;PLN006;44348;44713;0.01
C390248;PLN005;44348;44713;0.00
C179116;PLN001;44378;;0.00
C275658;PLN004;44378;44743;0.00
C375042;PLN001;44378;;0.00
C249410;PLN003;44409;44774;0.00
C144814;PLN003;44440;44805;0.00
C387544;PLN003;44440;44805;0.00
C248348;PLN002;44470;;0.00
C27566;PLN002;44470;;0.00
C278643;PLN005;44470;44835;0.00
C34587;PLN005;44470;44835;0.00
C453027;PLN005;44470;44835;0.00
C140938;PLN002;44531;;0.00
C245324;PLN003;44531;44896;0.00
C442291;PLN004;44531;44896;0.00
C450792;PLN004;44531;44896;0.00
C13793;PLN006;44209;44574;0.00
C34622;PLN005;44209;44574;0.00
C435687;PLN003;44209;44574;0.00
C215995;PLN004;44210;44575;0.00
C29610;PLN004;44210;44575;0.04
C296122;PLN005;44210;44575;0.04
C395460;PLN006;44210;44575;0.00
C420111;PLN006;44210;44575;0.02
C436524;PLN001;44210;;0.00
C155368;PLN003;44211;44576;0.03
C105634;PLN003;44212;44577;0.00
C210606;PLN003;44212;44577;0.00
C336889;PLN003;44212;44577;0.00
C397645;PLN004;44212;44577;0.00
C423625;PLN002;44212;;0.00
C112104;PLN003;44213;44578;0.00
C212701;PLN005;44213;44578;0.00
C240920;PLN002;44213;;0.00
C247704;PLN003;44213;44578;0.00
C261079;PLN004;44213;44578;0.00
C330523;PLN003;44213;44578;0.00
C256956;PLN003;44214;44579;0.00
C324802;PLN003;44214;44579;0.00
C403700;PLN006;44214;44579;0.00
C408941;PLN004;44214;44579;0.00
C156478;PLN001;44215;;0.03
C173427;PLN004;44215;44580;0.00
C19278;PLN006;44215;44580;0.08
C444257;PLN002;44215;;0.00
C130664;PLN004;44216;44581;0.00
C190038;PLN001;44216;;0.00
C218132;PLN006;44216;44581;0.00
C336607;PLN001;44216;;0.00
C14713;PLN006;44218;44583;0.00
C199854;PLN005;44218;44583;0.04
C215446;PLN005;44218;44583;0.00
C449981;PLN005;44218;44583;0.00
C239036;PLN002;44219;;0.00
C262306;PLN001;44219;;0.00
C394319;PLN002;44219;;0.00
C400619;PLN003;44219;44584;0.00
C451513;PLN005;44219;44584;0.00
C365896;PLN001;44220;;0.07
C121258;PLN001;44222;;0.05
C262872;PLN004;44222;44587;0.00
C334975;PLN006;44222;44587;0.00
C337755;PLN004;44222;44587;0.00
C357910;PLN002;44222;;0.00
C395037;PLN002;44222;;0.00
C161177;PLN006;44223;44588;0.00
C222563;PLN002;44223;;0.00
C234987;PLN004;44223;44588;0.00
C244161;PLN001;44223;;0.00
C391341;PLN004;44223;44588;0.00
C395591;PLN003;44223;44588;0.00
C117797;PLN004;44224;44589;0.02
C182117;PLN005;44224;44589;0.00
C19278;PLN005;44224;44589;0.00
C228112;PLN001;44224;;0.00
C343429;PLN004;44224;44589;0.00
C355661;PLN003;44224;44589;0.01
C449085;PLN006;44225;44590;0.00
C209030;PLN006;44226;44591;0.00
C264592;PLN001;44226;;0.00
C343991;PLN003;44226;44591;0.00
C367475;PLN004;44226;44591;0.08
C161463;PLN001;44227;;0.00
C205898;PLN006;44227;44592;0.00
C207207;PLN001;44227;;0.00
C258017;PLN001;44227;;0.00
C329336;PLN002;44227;;0.00
C11323;PLN004;44198;44563;0.00
C182924;PLN001;44198;;0.00
C208313;PLN005;44198;44563;0.00
C263476;PLN001;44198;;0.00
C297615;PLN006;44198;44563;0.00
C4492;PLN005;44198;44563;0.00
C229084;PLN006;44229;44594;0.00
C449232;PLN003;44229;44594;0.00
C106377;PLN004;44257;44622;0.00
C131401;PLN005;44257;44622;0.00
C151555;PLN001;44257;;0.00
C177453;PLN005;44257;44622;0.00
C203844;PLN001;44257;;0.00
C249065;PLN003;44257;44622;0.00
C282321;PLN002;44257;;0.00
C382721;PLN005;44257;44622;0.00
C286118;PLN002;44288;;0.00
C306736;PLN004;44288;44653;0.02
C342337;PLN002;44288;;0.00
C353874;PLN005;44288;44653;0.00
C173916;PLN003;44318;44683;0.05
C240886;PLN005;44318;44683;0.00
C39244;PLN002;44318;;0.08
C176245;PLN005;44349;44714;0.00
C22397;PLN001;44349;;0.00
C30272;PLN002;44349;;0.00
C447311;PLN006;44349;44714;0.00
C189378;PLN004;44379;44744;0.00
C199233;PLN006;44379;44744;0.00
C211364;PLN003;44379;44744;0.00
C219265;PLN006;44379;44744;0.00
C229425;PLN006;44379;44744;0.00
C236418;PLN002;44379;;0.00
C329336;PLN005;44379;44744;0.00
C338695;PLN006;44379;44744;0.00
C366413;PLN006;44379;44744;0.00
C429617;PLN006;44379;44744;0.03
C119508;PLN001;44410;;0.00
C200514;PLN002;44410;;0.00
C396268;PLN006;44410;44775;0.00
C399462;PLN002;44410;;0.00
C113842;PLN004;44441;44806;0.00
C227855;PLN003;44441;44806;0.00
C274633;PLN006;44441;44806;0.00
C349053;PLN005;44441;44806;0.00
C388990;PLN004;44441;44806;0.00
C408929;PLN003;44441;44806;0.00
C149110;PLN003;44471;44836;0.00
C167838;PLN006;44471;44836;0.00
C236074;PLN004;44471;44836;0.00
C273948;PLN003;44471;44836;0.00
C335113;PLN001;44471;;0.00
C373312;PLN003;44471;44836;0.00
C228718;PLN001;44502;;0.00
C257780;PLN006;44502;44867;0.00
C286037;PLN002;44502;;0.00
C300481;PLN006;44502;44867;0.00
C301305;PLN005;44502;44867;0.00
C350977;PLN005;44502;44867;0.00
C446261;PLN005;44502;44867;0.03
C188726;PLN005;44532;44897;0.04
C263457;PLN006;44532;44897;0.00
C281001;PLN005;44532;44897;0.00
C345016;PLN005;44532;44897;0.00
C350062;PLN005;44532;44897;0.00
C402126;PLN003;44532;44897;0.00
C175754;PLN001;44240;;0.10
C216829;PLN002;44240;;0.00
C239767;PLN003;44240;44605;0.00
C279065;PLN006;44240;44605;0.00
C14398;PLN004;44241;44606;0.00
C275950;PLN003;44241;44606;0.00
C286496;PLN004;44241;44606;0.00
C230237;PLN001;44242;;0.00
C428968;PLN005;44242;44607;0.05
C229700;PLN001;44243;;0.00
C307446;PLN001;44243;;0.00
C307644;PLN004;44243;44608;0.00
C174475;PLN006;44244;44609;0.00
C30499;PLN002;44244;;0.00
C171140;PLN006;44245;44610;0.10
C215659;PLN002;44245;;0.02
C102074;PLN001;44246;;0.00
C257802;PLN004;44246;44611;0.00
C27622;PLN001;44246;;0.00
C320637;PLN004;44246;44611;0.00
C354761;PLN001;44246;;0.00
C188494;PLN004;44247;44612;0.00
C290655;PLN005;44247;44612;0.00
C427722;PLN002;44247;;0.00
C268926;PLN006;44248;44613;0.00
C320329;PLN003;44248;44613;0.00
C387523;PLN004;44248;44613;0.00
C395159;PLN002;44248;;0.00
C419273;PLN001;44248;;0.07
C353359;PLN002;44249;;0.00
C395037;PLN006;44249;44614;0.00
C140226;PLN003;44250;44615;0.00
C214385;PLN003;44250;44615;0.00
C29716;PLN003;44250;44615;0.00
C306840;PLN004;44251;44616;0.00
C221748;PLN002;44252;;0.00
C101357;PLN001;44253;;0.00
C144102;PLN003;44253;44618;0.00
C229700;PLN006;44253;44618;0.00
C12634;PLN001;44254;;0.00
C212701;PLN006;44254;44619;0.00
C265571;PLN003;44254;44619;0.00
C108091;PLN006;44255;44620;0.00
C213914;PLN003;44255;44620;0.00
C227399;PLN004;44255;44620;0.02
C276524;PLN005;44255;44620;0.00
C457858;PLN004;44255;44620;0.02
C17730;PLN003;44199;44564;0.00
C202429;PLN001;44199;;0.00
C234344;PLN005;44199;44564;0.00
C255750;PLN006;44199;44564;0.00
C107630;PLN003;44230;44595;0.00
C230214;PLN004;44230;44595;0.00
C102346;PLN005;44258;44623;0.00
C250289;PLN004;44258;44623;0.00
C299982;PLN003;44258;44623;0.00
C356875;PLN003;44258;44623;0.00
C123981;PLN001;44289;;0.00
C32648;PLN002;44289;;0.00
C143671;PLN001;44319;;0.00
C161917;PLN006;44319;44684;0.00
C171568;PLN006;44319;44684;0.00
C208029;PLN006;44319;44684;0.00
C421499;PLN006;44319;44684;0.00
C156063;PLN006;44350;44715;0.00
C357233;PLN005;44350;44715;0.00
C399853;PLN003;44350;44715;0.00
C158432;PLN003;44380;44745;0.00
C161177;PLN004;44380;44745;0.00
C242090;PLN003;44380;44745;0.00
C42327;PLN003;44380;44745;0.00
C368637;PLN004;44411;44776;0.10
C383354;PLN004;44411;44776;0.00
C111119;PLN001;44442;;0.00
C136415;PLN002;44442;;0.00
C204855;PLN005;44442;44807;0.03
C212852;PLN005;44442;44807;0.09
C265042;PLN003;44442;44807;0.00
C299287;PLN006;44442;44807;0.00
C324875;PLN003;44442;44807;0.00
C327192;PLN004;44442;44807;0.00
C157278;PLN004;44472;44837;0.00
C224338;PLN001;44472;;0.00
C277754;PLN006;44472;44837;0.00
C318166;PLN002;44472;;0.00
C319754;PLN003;44472;44837;0.00
C319986;PLN006;44472;44837;0.00
C325163;PLN006;44472;44837;0.06
C413338;PLN003;44472;44837;0.00
C427722;PLN005;44472;44837;0.00
C34587;PLN003;44503;44868;0.00
C120110;PLN002;44533;;0.00
C177840;PLN006;44533;44898;0.00
C35909;PLN003;44533;44898;0.00
C380834;PLN001;44533;;0.00
C427404;PLN001;44533;;0.03
C213999;PLN001;44268;;0.00
C244316;PLN003;44268;44633;0.00
C302639;PLN003;44268;44633;0.00
C378018;PLN001;44268;;0.00
C171952;PLN003;44269;44634;0.00
C246250;PLN006;44269;44634;0.00
C318860;PLN005;44269;44634;0.00
C343903;PLN004;44269;44634;0.00
C367274;PLN006;44269;44634;0.00
C394122;PLN002;44269;;0.00
C451064;PLN003;44269;44634;0.00
C12764;PLN004;44270;44635;0.00
C188029;PLN005;44270;44635;0.00
C403554;PLN005;44270;44635;0.00
C112706;PLN006;44271;44636;0.00
C145909;PLN005;44271;44636;0.00
C171952;PLN006;44271;44636;0.03
C239632;PLN006;44271;44636;0.00
C242582;PLN001;44271;;0.00
C3962;PLN006;44271;44636;0.00
C168450;PLN004;44272;44637;0.00
C220408;PLN003;44272;44637;0.00
C250658;PLN004;44272;44637;0.00
C35248;PLN004;44272;44637;0.00
C440147;PLN003;44272;44637;0.00
C274072;PLN004;44273;44638;0.00
C325322;PLN001;44273;;0.00
C39565;PLN003;44273;44638;0.00
C129893;PLN005;44274;44639;0.00
C175793;PLN006;44274;44639;0.00
C188176;PLN003;44274;44639;0.00
C266125;PLN002;44274;;0.00
C174301;PLN006;44275;44640;0.00
C192252;PLN006;44275;44640;0.00
C226795;PLN006;44275;44640;0.00
C134758;PLN005;44276;44641;0.00
C219592;PLN001;44276;;0.00
C26462;PLN003;44276;44641;0.00
C379413;PLN004;44276;44641;0.00
C435489;PLN001;44276;;0.00
C126040;PLN003;44277;44642;0.00
C199135;PLN003;44277;44642;0.00
C348867;PLN003;44277;44642;0.00
C128511;PLN005;44278;44643;0.00
C150012;PLN002;44278;;0.02
C3667;PLN005;44278;44643;0.00
C452575;PLN004;44278;44643;0.00
C17252;PLN006;44279;44644;0.08
C198783;PLN005;44279;44644;0.00
C227875;PLN004;44279;44644;0.00
C357415;PLN003;44279;44644;0.00
C129306;PLN002;44280;;0.00
C262811;PLN005;44280;44645;0.00
C280692;PLN006;44280;44645;0.00
C379062;PLN003;44280;44645;0.00
C45142;PLN003;44280;44645;0.00
C292941;PLN004;44281;44646;0.00
C39139;PLN006;44281;44646;0.00
C157166;PLN004;44282;44647;0.00
C38307;PLN001;44282;;0.00
C137692;PLN005;44283;44648;0.00
C220412;PLN003;44283;44648;0.00
C249232;PLN002;44283;;0.00
C200487;PLN004;44284;44649;0.00
C353144;PLN002;44284;;0.00
C126390;PLN004;44285;44650;0.00
C135798;PLN005;44285;44650;0.00
C39593;PLN003;44285;44650;0.00
C17384;PLN004;44286;44651;0.00
C200897;PLN006;44286;44651;0.00
C32824;PLN002;44286;;0.00
C346530;PLN002;44286;;0.02
C417882;PLN005;44286;44651;0.09
C421979;PLN003;44286;44651;0.00
C422001;PLN003;44286;44651;0.00
C178088;PLN003;44200;44565;0.00
C204315;PLN001;44200;;0.00
C236657;PLN002;44200;;0.00
C333639;PLN006;44200;44565;0.00
C147415;PLN001;44231;;0.00
C156731;PLN002;44231;;0.00
C224867;PLN003;44231;44596;0.00
C417560;PLN004;44231;44596;0.00
C113122;PLN004;44259;44624;0.00
C142020;PLN003;44259;44624;0.00
C188390;PLN002;44259;;0.00
C212046;PLN004;44259;44624;0.02
C215489;PLN005;44259;44624;0.00
C291001;PLN002;44259;;0.00
C299407;PLN002;44259;;0.00
C328562;PLN005;44259;44624;0.00
C443188;PLN005;44259;44624;0.00
C171432;PLN003;44320;44685;0.00
C225190;PLN006;44320;44685;0.00
C404136;PLN003;44320;44685;0.00
C450962;PLN001;44320;;0.00
C45566;PLN005;44320;44685;0.03
C114972;PLN003;44351;44716;0.00
C157278;PLN005;44351;44716;0.00
C194024;PLN002;44351;;0.00
C375804;PLN001;44351;;0.00
C397036;PLN006;44351;44716;0.00
C134731;PLN001;44381;;0.00
C33511;PLN003;44381;44746;0.00
C361880;PLN004;44381;44746;0.00
C210529;PLN003;44412;44777;0.02
C414781;PLN006;44412;44777;0.00
C21426;PLN002;44443;;0.00
C31843;PLN006;44443;44808;0.00
C128697;PLN006;44473;44838;0.09
C214385;PLN005;44473;44838;0.00
C352356;PLN004;44473;44838;0.00
C355735;PLN005;44473;44838;0.08
C384086;PLN006;44473;44838;0.04
C390257;PLN004;44473;44838;0.00
C189174;PLN002;44504;;0.00
C207016;PLN004;44504;44869;0.00
C277720;PLN003;44504;44869;0.08
C293084;PLN002;44504;;0.00
C203563;PLN005;44534;44899;0.00
C364149;PLN006;44534;44899;0.03
C18943;PLN001;44299;;0.00
C207178;PLN006;44299;44664;0.06
C217394;PLN005;44299;44664;0.00
C277295;PLN004;44299;44664;0.00
C312546;PLN006;44299;44664;0.00
C323929;PLN004;44299;44664;0.00
C404951;PLN003;44299;44664;0.00
C435319;PLN001;44299;;0.00
C305608;PLN002;44300;;0.00
C395657;PLN002;44300;;0.06
C413793;PLN004;44300;44665;0.00
C307793;PLN006;44301;44666;0.00
C32496;PLN005;44301;44666;0.00
C43953;PLN005;44301;44666;0.00
C233470;PLN003;44302;44667;0.00
C263867;PLN002;44302;;0.00
C354869;PLN006;44302;44667;0.00
C377705;PLN002;44302;;0.00
C404731;PLN003;44302;44667;0.00
C234859;PLN005;44303;44668;0.00
C294019;PLN004;44303;44668;0.00
C320451;PLN005;44303;44668;0.00
C380328;PLN006;44303;44668;0.00
C402350;PLN005;44303;44668;0.00
C123504;PLN003;44304;44669;0.00
C247704;PLN006;44304;44669;0.00
C289272;PLN006;44304;44669;0.00
C364991;PLN001;44304;;0.00
C385425;PLN005;44304;44669;0.00
C175983;PLN002;44305;;0.00
C265823;PLN006;44305;44670;0.00
C29045;PLN004;44305;44670;0.00
C338954;PLN006;44305;44670;0.00
C368270;PLN006;44305;44670;0.00
C397746;PLN003;44305;44670;0.00
C116094;PLN001;44306;;0.00
C312436;PLN001;44306;;0.00
C354601;PLN001;44306;;0.00
C404063;PLN004;44306;44671;0.00
C443502;PLN003;44306;44671;0.00
C455807;PLN001;44306;;0.00
C233476;PLN002;44307;;0.00
C435669;PLN002;44307;;0.00
C21426;PLN005;44308;44673;0.00
C401945;PLN004;44308;44673;0.00
C422077;PLN006;44308;44673;0.00
C251897;PLN005;44309;44674;0.00
C100907;PLN004;44311;44676;0.00
C365678;PLN002;44311;;0.00
C367256;PLN001;44311;;0.00
C387457;PLN003;44311;44676;0.00
C438317;PLN001;44311;;0.00
C226002;PLN004;44312;44677;0.00
C394299;PLN003;44312;44677;0.00
C251005;PLN002;44313;;0.00
C393043;PLN002;44313;;0.00
C397973;PLN004;44313;44678;0.00
C435195;PLN006;44313;44678;0.00
C281311;PLN006;44314;44679;0.00
C296277;PLN002;44314;;0.00
C456934;PLN001;44314;;0.00
C111613;PLN004;44315;44680;0.00
C135288;PLN006;44315;44680;0.00
C234929;PLN005;44315;44680;0.00
C262872;PLN003;44315;44680;0.00
C274178;PLN001;44315;;0.00
C357848;PLN003;44315;44680;0.00
C126390;PLN004;44316;44681;0.00
C173495;PLN006;44316;44681;0.00
C191494;PLN005;44316;44681;0.00
C245131;PLN002;44316;;0.00
C272592;PLN004;44316;44681;0.02
C31371;PLN004;44316;44681;0.00
C323774;PLN006;44316;44681;0.01
C367742;PLN005;44316;44681;0.00
C188726;PLN003;44201;44566;0.00
C202267;PLN006;44201;44566;0.00
C365495;PLN006;44201;44566;0.00
C251996;PLN003;44232;44597;0.00
C213709;PLN004;44260;44625;0.00
C427286;PLN003;44260;44625;0.03
C136458;PLN002;44291;;0.00
C456004;PLN006;44291;44656;0.00
C458981;PLN005;44291;44656;0.00
C218259;PLN006;44321;44686;0.00
C242587;PLN003;44321;44686;0.00
C252179;PLN006;44321;44686;0.00
C135537;PLN004;44352;44717;0.00
C273392;PLN002;44352;;0.00
C315804;PLN003;44352;44717;0.02
C425945;PLN004;44352;44717;0.00
C151861;PLN006;44382;44747;0.06
C174121;PLN006;44413;44778;0.00
C205325;PLN004;44413;44778;0.00
C225761;PLN006;44413;44778;0.00
C308946;PLN001;44413;;0.00
C370125;PLN001;44413;;0.00
C381796;PLN002;44413;;0.00
C244161;PLN006;44444;44809;0.02
C321371;PLN005;44444;44809;0.00
C154434;PLN006;44474;44839;0.00
C201224;PLN004;44474;44839;0.08
C23997;PLN003;44474;44839;0.00
C340706;PLN005;44474;44839;0.00
C112618;PLN005;44505;44870;0.00
C328010;PLN003;44505;44870;0.06
C120344;PLN005;44535;44900;0.00
C191681;PLN003;44535;44900;0.00
C288180;PLN005;44535;44900;0.00
C319023;PLN001;44329;;0.10
C352385;PLN005;44329;44694;0.00
C430638;PLN004;44329;44694;0.00
C456251;PLN002;44329;;0.03
C173426;PLN003;44330;44695;0.00
C214786;PLN004;44330;44695;0.00
C247612;PLN001;44330;;0.00
C311382;PLN006;44330;44695;0.00
C387523;PLN005;44330;44695;0.00
C390263;PLN002;44330;;0.00
C4526;PLN005;44330;44695;0.00
C335109;PLN003;44331;44696;0.00
C342591;PLN001;44331;;0.00
C397645;PLN003;44331;44696;0.00
C406235;PLN006;44331;44696;0.00
C355716;PLN003;44332;44697;0.00
C161556;PLN004;44333;44698;0.00
C172312;PLN006;44333;44698;0.00
C353512;PLN006;44333;44698;0.00
C103053;PLN003;44334;44699;0.00
C103816;PLN004;44334;44699;0.00
C186912;PLN003;44334;44699;0.00
C222394;PLN005;44334;44699;0.00
C412523;PLN005;44334;44699;0.00
C258994;PLN005;44335;44700;0.05
C442127;PLN006;44335;44700;0.00
C449051;PLN005;44335;44700;0.00
C45001;PLN005;44335;44700;0.00
C420143;PLN003;44336;44701;0.07
C421356;PLN005;44336;44701;0.00
C125319;PLN005;44337;44702;0.00
C220666;PLN006;44337;44702;0.00
C141801;PLN004;44338;44703;0.00
C178226;PLN001;44338;;0.00
C270281;PLN002;44338;;0.00
C345239;PLN001;44338;;0.08
C18379;PLN003;44339;44704;0.00
C404341;PLN005;44339;44704;0.00
C118044;PLN006;44340;44705;0.08
C125432;PLN005;44340;44705;0.00
C150057;PLN001;44340;;0.00
C210859;PLN003;44340;44705;0.00
C21369;PLN004;44340;44705;0.00
C232790;PLN002;44340;;0.00
C321194;PLN005;44340;44705;0.00
C370296;PLN002;44340;;0.00
C447911;PLN005;44340;44705;0.00
C115574;PLN004;44341;44706;0.01
C197497;PLN004;44341;44706;0.00
C355591;PLN005;44341;44706;0.05
C371748;PLN005;44341;44706;0.00
C380460;PLN003;44341;44706;0.00
C382733;PLN006;44341;44706;0.05
C416428;PLN006;44341;44706;0.00
C444725;PLN006;44341;44706;0.00
C127203;PLN005;44342;44707;0.00
C270901;PLN005;44342;44707;0.00
C383185;PLN005;44342;44707;0.00
C392944;PLN006;44342;44707;0.01
C437436;PLN004;44342;44707;0.00
C447980;PLN001;44342;;0.00
C247756;PLN001;44344;;0.00
C16759;PLN006;44345;44710;0.00
C263535;PLN005;44346;44711;0.04
C350054;PLN003;44346;44711;0.00
C104937;PLN003;44347;44712;0.00
C141170;PLN003;44347;44712;0.00
C191255;PLN003;44347;44712;0.00
C226312;PLN005;44347;44712;0.00
C261540;PLN006;44347;44712;0.00
C45496;PLN002;44347;;0.00
C115729;PLN004;44202;44567;0.00
C230385;PLN006;44202;44567;0.00
C328320;PLN002;44202;;0.00
C349724;PLN004;44202;44567;0.00
C356223;PLN001;44202;;0.00
C356609;PLN005;44202;44567;0.03
C394019;PLN006;44202;44567;0.01
C447367;PLN006;44202;44567;0.00
C211522;PLN006;44233;44598;0.00
C312974;PLN001;44233;;0.00
C334524;PLN001;44233;;0.00
C12801;PLN003;44261;44626;0.00
C328562;PLN003;44261;44626;0.00
C367254;PLN003;44261;44626;0.00
C40698;PLN005;44261;44626;0.00
C424224;PLN004;44261;44626;0.00
C432427;PLN005;44292;44657;0.00
C106561;PLN006;44322;44687;0.00
C110871;PLN001;44322;;0.00
C199052;PLN005;44322;44687;0.00
C298813;PLN003;44322;44687;0.00
C437349;PLN001;44322;;0.00
C143825;PLN002;44353;;0.00
C234729;PLN005;44353;44718;0.00
C242515;PLN004;44353;44718;0.00
C311382;PLN006;44353;44718;0.00
C333639;PLN003;44353;44718;0.00
C408368;PLN002;44353;;0.00
C188562;PLN003;44414;44779;0.00
C211232;PLN004;44414;44779;0.00
C275868;PLN004;44414;44779;0.00
C345189;PLN001;44445;;0.07
C3633;PLN002;44445;;0.00
C393904;PLN004;44445;44810;0.00
C413712;PLN005;44445;44810;0.00
C448649;PLN004;44445;44810;0.00
C186983;PLN004;44475;44840;0.00
C248336;PLN006;44475;44840;0.00
C299949;PLN006;44475;44840;0.00
C425427;PLN004;44475;44840;0.00
C226226;PLN006;44506;44871;0.00
C398132;PLN001;44506;;0.00
C408575;PLN006;44506;44871;0.00
C138106;PLN002;44536;;0.00
C169954;PLN006;44536;44901;0.00
C285727;PLN002;44536;;0.06
C315952;PLN002;44536;;0.03
C174130;PLN006;44360;44725;0.08
C204656;PLN001;44360;;0.00
C357679;PLN005;44360;44725;0.07
C358414;PLN004;44360;44725;0.00
C361046;PLN006;44360;44725;0.00
C415505;PLN001;44361;;0.00
C120604;PLN005;44362;44727;0.00
C153293;PLN002;44362;;0.05
C273527;PLN002;44362;;0.08
C136049;PLN003;44363;44728;0.00
C278643;PLN001;44363;;0.00
C138517;PLN003;44364;44729;0.00
C187644;PLN002;44364;;0.00
C337129;PLN004;44364;44729;0.00
C398665;PLN005;44364;44729;0.00
C438722;PLN004;44364;44729;0.00
C122200;PLN005;44365;44730;0.05
C217608;PLN006;44365;44730;0.00
C243562;PLN006;44365;44730;0.00
C414609;PLN006;44365;44730;0.00
C419745;PLN006;44365;44730;0.00
C130507;PLN002;44366;;0.00
C160787;PLN005;44366;44731;0.00
C206103;PLN003;44366;44731;0.00
C256845;PLN003;44367;44732;0.04
C278411;PLN001;44367;;0.00
C384590;PLN006;44367;44732;0.00
C215206;PLN004;44368;44733;0.00
C431789;PLN002;44368;;0.00
C137703;PLN001;44369;;0.00
C214385;PLN003;44369;44734;0.00
C42335;PLN004;44369;44734;0.00
C337670;PLN004;44370;44735;0.00
C343037;PLN004;44370;44735;0.00
C347415;PLN006;44370;44735;0.00
C145426;PLN006;44371;44736;0.00
C374571;PLN001;44371;;0.00
C400813;PLN006;44371;44736;0.00
C130640;PLN002;44373;;0.00
C196289;PLN006;44373;44738;0.00
C214185;PLN001;44373;;0.00
C29860;PLN002;44373;;0.09
C451313;PLN002;44373;;0.00
C236425;PLN005;44374;44739;0.00
C283146;PLN003;44374;44739;0.00
C292822;PLN006;44374;44739;0.00
C399286;PLN003;44374;44739;0.00
C457896;PLN001;44374;;0.00
C143999;PLN005;44375;44740;0.00
C314955;PLN001;44375;;0.00
C381017;PLN002;44375;;0.00
C395159;PLN003;44375;44740;0.00
C103821;PLN006;44377;44742;0.00
C18618;PLN006;44377;44742;0.00
C271440;PLN002;44377;;0.04
C362877;PLN006;44377;44742;0.00
C170637;PLN005;44203;44568;0.00
C201831;PLN004;44203;44568;0.00
C226092;PLN002;44203;;0.00
C351758;PLN005;44203;44568;0.00
C39263;PLN005;44203;44568;0.06
C122554;PLN006;44234;44599;0.00
C204624;PLN006;44234;44599;0.00
C22154;PLN006;44234;44599;0.00
C426042;PLN002;44234;;0.00
C451376;PLN004;44234;44599;0.00
C167054;PLN005;44262;44627;0.00
C181316;PLN003;44262;44627;0.00
C308641;PLN006;44262;44627;0.00
C352751;PLN006;44262;44627;0.00
C431333;PLN005;44262;44627;0.00
C447367;PLN005;44262;44627;0.00
C130307;PLN003;44293;44658;0.00
C308163;PLN004;44293;44658;0.00
C204750;PLN006;44323;44688;0.06
C14221;PLN005;44354;44719;0.00
C195838;PLN005;44354;44719;0.00
C251414;PLN006;44354;44719;0.00
C278390;PLN002;44354;;0.00
C295519;PLN006;44354;44719;0.00
C318713;PLN004;44354;44719;0.00
C396102;PLN003;44354;44719;0.00
C417558;PLN006;44354;44719;0.00
C127203;PLN004;44384;44749;0.00
C329634;PLN006;44384;44749;0.00
C458163;PLN001;44384;;0.00
C139423;PLN003;44415;44780;0.00
C215369;PLN002;44415;;0.00
C256162;PLN003;44415;44780;0.00
C258744;PLN006;44415;44780;0.10
C374842;PLN003;44415;44780;0.07
C415193;PLN004;44415;44780;0.00
C43658;PLN005;44415;44780;0.00
C130664;PLN001;44446;;0.00
C194599;PLN006;44446;44811;0.05
C295519;PLN001;44446;;0.00
C340013;PLN001;44446;;0.00
C121255;PLN003;44476;44841;0.03
C281676;PLN005;44476;44841;0.00
C36295;PLN006;44476;44841;0.04
C419522;PLN005;44476;44841;0.00
C213941;PLN004;44507;44872;0.03
C238576;PLN003;44507;44872;0.00
C399283;PLN003;44507;44872;0.00
C108203;PLN005;44537;44902;0.00
C221963;PLN002;44537;;0.09
C294167;PLN003;44537;44902;0.08
C330209;PLN001;44537;;0.00
C372110;PLN004;44537;44902;0.00
C434506;PLN004;44537;44902;0.00
C44636;PLN006;44537;44902;0.00
C452992;PLN004;44537;44902;0.00
C213856;PLN002;44390;;0.00
C421646;PLN006;44390;44755;0.00
C11475;PLN003;44391;44756;0.00
C121279;PLN005;44391;44756;0.00
C188324;PLN004;44391;44756;0.00
C218929;PLN001;44391;;0.00
C231950;PLN004;44391;44756;0.00
C362227;PLN004;44391;44756;0.00
C431594;PLN003;44391;44756;0.00
C297459;PLN006;44392;44757;0.00
C318530;PLN005;44392;44757;0.04
C27520;PLN002;44393;;0.00
C383480;PLN002;44393;;0.00
C160206;PLN006;44394;44759;0.00
C174799;PLN002;44394;;0.00
C233752;PLN004;44394;44759;0.00
C267219;PLN005;44394;44759;0.00
C33283;PLN005;44394;44759;0.00
C334725;PLN003;44394;44759;0.00
C351156;PLN002;44394;;0.05
C185759;PLN004;44395;44760;0.00
C250594;PLN004;44395;44760;0.00
C397408;PLN006;44395;44760;0.00
C114508;PLN003;44396;44761;0.00
C268684;PLN002;44396;;0.00
C415193;PLN006;44396;44761;0.00
C44276;PLN006;44396;44761;0.00
C234929;PLN006;44397;44762;0.00
C368371;PLN005;44397;44762;0.00
C225745;PLN005;44398;44763;0.00
C297500;PLN006;44398;44763;0.00
C334551;PLN005;44398;44763;0.00
C341076;PLN006;44398;44763;0.00
C112779;PLN003;44399;44764;0.00
C165726;PLN004;44399;44764;0.00
C206469;PLN006;44399;44764;0.00
C314095;PLN001;44399;;0.00
C382753;PLN001;44399;;0.06
C427620;PLN005;44399;44764;0.07
C431192;PLN003;44399;44764;0.06
C109566;PLN002;44400;;0.00
C295680;PLN001;44400;;0.00
C359140;PLN004;44400;44765;0.00
C384041;PLN006;44400;44765;0.00
C402653;PLN001;44400;;0.00
C432862;PLN004;44400;44765;0.00
C20394;PLN005;44401;44766;0.01
C333099;PLN003;44401;44766;0.00
C426063;PLN005;44401;44766;0.00
C202315;PLN005;44402;44767;0.00
C226997;PLN001;44402;;0.00
C446686;PLN006;44402;44767;0.00
C192822;PLN001;44403;;0.07
C260956;PLN006;44403;44768;0.00
C367383;PLN006;44403;44768;0.01
C17730;PLN005;44404;44769;0.00
C293350;PLN005;44404;44769;0.04
C377197;PLN002;44404;;0.00
C387381;PLN003;44404;44769;0.00
C122226;PLN005;44405;44770;0.00
C402580;PLN003;44405;44770;0.00
C154871;PLN003;44406;44771;0.00
C232921;PLN004;44406;44771;0.00
C335809;PLN004;44406;44771;0.00
C379502;PLN006;44406;44771;0.00
C117166;PLN006;44407;44772;0.02
C17806;PLN004;44407;44772;0.00
C221436;PLN006;44407;44772;0.00
C324834;PLN001;44407;;0.03
C421718;PLN001;44407;;0.07
C148099;PLN004;44408;44773;0.00
C180054;PLN001;44408;;0.00
C31843;PLN001;44408;;0.00
C383802;PLN005;44408;44773;0.00
C450006;PLN004;44408;44773;0.00
C230065;PLN006;44204;44569;0.00
C315959;PLN005;44204;44569;0.00
C339402;PLN005;44204;44569;0.00
C386137;PLN003;44204;44569;0.00
C102035;PLN003;44235;44600;0.00
C232089;PLN003;44235;44600;0.10
C288406;PLN004;44235;44600;0.00
C356056;PLN003;44235;44600;0.00
C438425;PLN003;44235;44600;0.00
C279775;PLN003;44263;44628;0.00
C428117;PLN004;44263;44628;0.00
C440395;PLN001;44263;;0.00
C15552;PLN001;44294;;0.00
C345401;PLN003;44294;44659;0.03
C458142;PLN003;44294;44659;0.00
C177998;PLN004;44324;44689;0.00
C276985;PLN005;44324;44689;0.00
C358679;PLN005;44324;44689;0.08
C258452;PLN001;44355;;0.00
C369107;PLN003;44355;44720;0.00
C38500;PLN004;44355;44720;0.00
C403563;PLN002;44355;;0.09
C284325;PLN003;44385;44750;0.00
C343361;PLN003;44385;44750;0.00
C379358;PLN006;44385;44750;0.00
C43777;PLN006;44385;44750;0.00
C205217;PLN002;44416;;0.05
C244960;PLN004;44416;44781;0.00
C293567;PLN003;44416;44781;0.07
C432013;PLN003;44416;44781;0.00
C306636;PLN006;44447;44812;0.00
C11927;PLN003;44508;44873;0.00
C172148;PLN001;44508;;0.02
C206942;PLN005;44508;44873;0.00
C276388;PLN003;44508;44873;0.00
C436222;PLN006;44508;44873;0.00
C423693;PLN003;44538;44903;0.00
C195685;PLN004;44421;44786;0.00
C198577;PLN005;44421;44786;0.00
C367254;PLN006;44421;44786;0.00
C262110;PLN002;44422;;0.00
C39928;PLN005;44422;44787;0.00
C118283;PLN006;44423;44788;0.00
C155593;PLN006;44423;44788;0.00
C134388;PLN003;44424;44789;0.00
C144984;PLN001;44424;;0.00
C146138;PLN001;44424;;0.00
C409554;PLN002;44424;;0.00
C413036;PLN002;44424;;0.00
C307975;PLN004;44425;44790;0.00
C311804;PLN003;44425;44790;0.00
C433128;PLN003;44425;44790;0.00
C181664;PLN004;44426;44791;0.00
C239851;PLN005;44426;44791;0.05
C458596;PLN005;44426;44791;0.07
C234277;PLN006;44427;44792;0.00
C299386;PLN005;44428;44793;0.04
C163091;PLN002;44429;;0.00
C39769;PLN005;44429;44794;0.00
C103816;PLN001;44430;;0.00
C117166;PLN001;44430;;0.00
C336676;PLN004;44430;44795;0.00
C307246;PLN006;44431;44796;0.00
C394094;PLN003;44431;44796;0.00
C3624;PLN001;44432;;0.00
C112208;PLN005;44433;44798;0.00
C137441;PLN004;44433;44798;0.00
C382789;PLN006;44433;44798;0.02
C120527;PLN006;44434;44799;0.00
C156063;PLN003;44434;44799;0.00
C270281;PLN005;44434;44799;0.00
C339274;PLN004;44434;44799;0.00
C435669;PLN004;44434;44799;0.00
C104955;PLN006;44435;44800;0.05
C213951;PLN005;44435;44800;0.00
C312338;PLN004;44435;44800;0.00
C394133;PLN002;44435;;0.02
C409710;PLN006;44435;44800;0.00
C287183;PLN005;44436;44801;0.00
C352751;PLN001;44436;;0.00
C394157;PLN002;44436;;0.00
C261138;PLN005;44437;44802;0.00
C301665;PLN006;44437;44802;0.00
C31568;PLN003;44437;44802;0.00
C388209;PLN005;44437;44802;0.09
C389203;PLN001;44437;;0.00
C392579;PLN003;44437;44802;0.04
C110005;PLN003;44438;44803;0.03
C244913;PLN002;44438;;0.03
C319354;PLN006;44438;44803;0.00
C439354;PLN004;44438;44803;0.00
C203951;PLN003;44439;44804;0.00
C227813;PLN001;44439;;0.00
C35933;PLN003;44439;44804;0.00
C426042;PLN006;44439;44804;0.00
C439904;PLN003;44439;44804;0.05
C167642;PLN003;44205;44570;0.00
C239632;PLN003;44205;44570;0.00
C252426;PLN001;44205;;0.00
C277644;PLN005;44205;44570;0.00
C357325;PLN005;44205;44570;0.00
C408368;PLN006;44205;44570;0.00
C100843;PLN002;44236;;0.00
C218395;PLN005;44236;44601;0.00
C230280;PLN005;44236;44601;0.00
C284739;PLN003;44236;44601;0.04
C314270;PLN006;44236;44601;0.00
C388560;PLN004;44236;44601;0.00
C103816;PLN003;44264;44629;0.00
C209435;PLN001;44264;;0.00
C413712;PLN006;44264;44629;0.00
C447314;PLN005;44264;44629;0.00
C147875;PLN006;44295;44660;0.00
C214667;PLN005;44295;44660;0.00
C216720;PLN006;44295;44660;0.00
C391858;PLN001;44295;;0.00
C363279;PLN001;44325;;0.00
C376847;PLN001;44325;;0.00
C448563;PLN002;44325;;0.01
C239632;PLN004;44356;44721;0.00
C404115;PLN003;44356;44721;0.04
C43076;PLN005;44356;44721;0.00
C438013;PLN005;44356;44721;0.00
C439507;PLN003;44356;44721;0.08
C168740;PLN001;44386;;0.09
C230385;PLN002;44386;;0.00
C287568;PLN002;44386;;0.00
C416747;PLN005;44386;44751;0.00
C298141;PLN004;44417;44782;0.00
C207158;PLN004;44448;44813;0.00
C411165;PLN006;44448;44813;0.00
C224293;PLN006;44478;44843;0.00
C355404;PLN005;44478;44843;0.00
C363415;PLN006;44478;44843;0.00
C110048;PLN004;44509;44874;0.00
C129548;PLN002;44509;;0.00
C136903;PLN004;44509;44874;0.00
C201400;PLN004;44509;44874;0.00
C218784;PLN004;44509;44874;0.00
C316653;PLN005;44509;44874;0.08
C277754;PLN004;44539;44904;0.00
C391422;PLN005;44539;44904;0.00
C112815;PLN004;44452;44817;0.00
C122349;PLN003;44452;44817;0.00
C416300;PLN005;44452;44817;0.00
C111677;PLN005;44453;44818;0.00
C301066;PLN006;44453;44818;0.00
C338390;PLN002;44453;;0.00
C354869;PLN005;44453;44818;0.06
C457945;PLN002;44453;;0.00
C231884;PLN005;44454;44819;0.09
C434993;PLN003;44454;44819;0.00
C282116;PLN003;44455;44820;0.00
C282905;PLN006;44455;44820;0.00
C137237;PLN001;44456;;0.00
C255984;PLN003;44456;44821;0.00
C270281;PLN003;44456;44821;0.00
C288406;PLN001;44456;;0.00
C344523;PLN006;44456;44821;0.00
C223262;PLN004;44457;44822;0.00
C285627;PLN004;44457;44822;0.00
C386610;PLN003;44457;44822;0.00
C112076;PLN006;44459;44824;0.06
C122923;PLN001;44459;;0.00
C192233;PLN004;44459;44824;0.00
C19443;PLN004;44459;44824;0.00
C378647;PLN005;44459;44824;0.00
C430709;PLN002;44459;;0.00
C184430;PLN004;44460;44825;0.00
C21742;PLN004;44460;44825;0.00
C281840;PLN001;44460;;0.00
C319181;PLN006;44460;44825;0.04
C364155;PLN005;44460;44825;0.00
C368655;PLN005;44460;44825;0.00
C440638;PLN004;44460;44825;0.00
C16791;PLN005;44461;44826;0.00
C213837;PLN005;44461;44826;0.00
C221855;PLN006;44461;44826;0.00
C309297;PLN005;44463;44828;0.00
C34514;PLN005;44463;44828;0.00
C402923;PLN002;44463;;0.00
C42843;PLN006;44463;44828;0.00
C435983;PLN004;44463;44828;0.00
C12223;PLN004;44464;44829;0.00
C150109;PLN004;44464;44829;0.00
C222394;PLN001;44464;;0.00
C381017;PLN003;44464;44829;0.06
C200527;PLN003;44465;44830;0.10
C202315;PLN006;44465;44830;0.00
C215420;PLN005;44465;44830;0.00
C306840;PLN003;44465;44830;0.00
C166198;PLN002;44466;;0.00
C293990;PLN002;44466;;0.00
C344343;PLN004;44466;44831;0.00
C425672;PLN006;44467;44832;0.00
C109377;PLN005;44468;44833;0.00
C196234;PLN004;44468;44833;0.08
C199052;PLN003;44468;44833;0.00
C222687;PLN005;44468;44833;0.00
C291048;PLN001;44468;;0.00
C100634;PLN002;44469;;0.00
C176898;PLN005;44469;44834;0.00
C188976;PLN004;44469;44834;0.00
C251366;PLN006;44469;44834;0.00
C298792;PLN002;44469;;0.00
C142583;PLN004;44237;44602;0.00
C404273;PLN002;44237;;0.00
C392590;PLN006;44265;44630;0.00
C39831;PLN006;44265;44630;0.06
C44124;PLN005;44265;44630;0.00
C162773;PLN002;44296;;0.00
C217076;PLN003;44296;44661;0.00
C448640;PLN003;44296;44661;0.00
C201280;PLN001;44326;;0.00
C320451;PLN001;44326;;0.00
C390901;PLN006;44326;44691;0.00
C456004;PLN004;44326;44691;0.00
C108164;PLN002;44357;;0.00
C152413;PLN004;44357;44722;0.00
C272985;PLN004;44357;44722;0.00
C376768;PLN004;44357;44722;0.00
C404731;PLN005;44357;44722;0.00
C414080;PLN006;44357;44722;0.00
C130307;PLN004;44387;44752;0.00
C182306;PLN004;44387;44752;0.00
C192755;PLN006;44387;44752;0.00
C20805;PLN003;44387;44752;0.00
C292952;PLN001;44387;;0.00
C308946;PLN006;44387;44752;0.00
C283134;PLN003;44418;44783;0.00
C37771;PLN005;44418;44783;0.00
C384293;PLN002;44449;;0.00
C333639;PLN005;44479;44844;0.00
C101644;PLN004;44510;44875;0.00
C217696;PLN005;44510;44875;0.06
C232115;PLN006;44510;44875;0.00
C414258;PLN001;44510;;0.00
C102730;PLN006;44540;44905;0.00
C140782;PLN002;44540;;0.00
C163521;PLN006;44540;44905;0.00
C178226;PLN004;44540;44905;0.00
C234689;PLN005;44540;44905;0.04
C44402;PLN005;44540;44905;0.00
C384958;PLN001;44482;;0.00
C392346;PLN006;44482;44847;0.00
C402576;PLN001;44482;;0.00
C403283;PLN006;44482;44847;0.00
C455770;PLN006;44482;44847;0.00
C150572;PLN005;44483;44848;0.08
C203248;PLN004;44483;44848;0.00
C199985;PLN003;44484;44849;0.05
C316786;PLN005;44484;44849;0.00
C332422;PLN006;44484;44849;0.03
C390368;PLN003;44484;44849;0.00
C132807;PLN005;44485;44850;0.00
C167640;PLN006;44485;44850;0.06
C418241;PLN004;44485;44850;0.00
C231275;PLN002;44486;;0.00
C237505;PLN004;44486;44851;0.03
C44659;PLN004;44486;44851;0.00
C448640;PLN005;44486;44851;0.09
C12497;PLN006;44487;44852;0.00
C41119;PLN006;44487;44852;0.04
C422388;PLN004;44487;44852;0.00
C424112;PLN003;44487;44852;0.00
C146427;PLN001;44488;;0.00
C161678;PLN001;44488;;0.06
C242747;PLN004;44488;44853;0.07
C104937;PLN004;44490;44855;0.06
C433277;PLN005;44490;44855;0.01
C309165;PLN001;44491;;0.00
C126039;PLN003;44492;44857;0.00
C237500;PLN006;44492;44857;0.00
C36185;PLN004;44492;44857;0.00
C31197;PLN006;44493;44858;0.00
C346494;PLN002;44493;;0.00
C180983;PLN003;44494;44859;0.00
C421324;PLN002;44494;;0.00
C163386;PLN006;44495;44860;0.00
C177887;PLN006;44495;44860;0.00
C19320;PLN006;44495;44860;0.00
C322995;PLN006;44495;44860;0.02
C360575;PLN003;44495;44860;0.00
C363830;PLN002;44495;;0.00
C392590;PLN005;44495;44860;0.00
C143648;PLN006;44496;44861;0.00
C182016;PLN002;44496;;0.00
C22521;PLN003;44496;44861;0.00
C458943;PLN005;44496;44861;0.01
C221294;PLN006;44497;44862;0.00
C278270;PLN004;44497;44862;0.00
C287379;PLN005;44497;44862;0.00
C348616;PLN001;44497;;0.00
C431122;PLN004;44497;44862;0.00
C205898;PLN001;44498;;0.00
C405116;PLN005;44498;44863;0.00
C439507;PLN004;44498;44863;0.00
C159414;PLN004;44499;44864;0.00
C270430;PLN006;44499;44864;0.00
C309391;PLN003;44499;44864;0.00
C458137;PLN006;44499;44864;0.00
C103633;PLN003;44500;44865;0.00
C13171;PLN002;44500;;0.00
C167697;PLN002;44500;;0.00
C256813;PLN004;44500;44865;0.00
C365064;PLN004;44500;44865;0.00
C119370;PLN006;44207;44572;0.00
C254008;PLN005;44207;44572;0.00
C331621;PLN003;44207;44572;0.00
C447580;PLN005;44207;44572;0.03
C13630;PLN004;44238;44603;0.00
C401533;PLN003;44238;44603;0.00
C128872;PLN003;44266;44631;0.00
C168626;PLN005;44266;44631;0.00
C219872;PLN001;44266;;0.00
C324527;PLN004;44266;44631;0.00
C339134;PLN004;44266;44631;0.05
C120884;PLN004;44297;44662;0.00
C355716;PLN002;44297;;0.00
C413569;PLN006;44297;44662;0.00
C11756;PLN005;44327;44692;0.00
C189162;PLN006;44327;44692;0.00
C227813;PLN006;44327;44692;0.00
C298722;PLN005;44327;44692;0.00
C349789;PLN003;44327;44692;0.00
C456165;PLN004;44327;44692;0.00
C118813;PLN002;44388;;0.00
C149538;PLN006;44388;44753;0.00
C198157;PLN005;44388;44753;0.00
C262051;PLN006;44388;44753;0.00
C341158;PLN005;44388;44753;0.00
C390462;PLN004;44388;44753;0.09
C414465;PLN005;44388;44753;0.00
C151611;PLN005;44419;44784;0.00
C220246;PLN005;44419;44784;0.00
C347007;PLN001;44419;;0.00
C379642;PLN004;44419;44784;0.00
C456040;PLN005;44419;44784;0.00
C110759;PLN001;44450;;0.03
C117760;PLN001;44450;;0.00
C132258;PLN006;44480;44845;0.00
C287203;PLN006;44480;44845;0.00
C358947;PLN004;44480;44845;0.00
C454697;PLN005;44480;44845;0.00
C138938;PLN001;44511;;0.00
C148656;PLN004;44511;44876;0.00
C20907;PLN003;44511;44876;0.00
C267219;PLN006;44511;44876;0.00
C375560;PLN002;44511;;0.00
C386032;PLN006;44511;44876;0.00
C413756;PLN003;44511;44876;0.00
C187644;PLN006;44541;44906;0.00
C330592;PLN004;44541;44906;0.00
C182010;PLN003;44513;44878;0.00
C243072;PLN003;44513;44878;0.00
C161664;PLN004;44514;44879;0.00
C294953;PLN003;44514;44879;0.00
C3667;PLN004;44514;44879;0.00
C388868;PLN005;44514;44879;0.10
C441501;PLN003;44514;44879;0.04
C338558;PLN005;44515;44880;0.00
C173884;PLN006;44516;44881;0.04
C184225;PLN006;44516;44881;0.00
C260956;PLN004;44516;44881;0.00
C385993;PLN006;44516;44881;0.00
C386899;PLN004;44516;44881;0.00
C425672;PLN004;44516;44881;0.00
C129106;PLN004;44517;44882;0.00
C251688;PLN003;44517;44882;0.00
C267644;PLN004;44517;44882;0.00
C304616;PLN005;44517;44882;0.00
C325057;PLN006;44517;44882;0.00
C444222;PLN006;44517;44882;0.00
C444359;PLN005;44517;44882;0.00
C159315;PLN005;44518;44883;0.10
C210610;PLN004;44518;44883;0.00
C264210;PLN006;44518;44883;0.00
C425151;PLN005;44518;44883;0.00
C438299;PLN003;44518;44883;0.00
C455613;PLN005;44518;44883;0.04
C198499;PLN003;44519;44884;0.00
C246270;PLN004;44519;44884;0.10
C440993;PLN006;44519;44884;0.00
C441263;PLN001;44519;;0.00
C109377;PLN001;44520;;0.00
C175784;PLN003;44520;44885;0.00
C207419;PLN005;44520;44885;0.08
C293990;PLN003;44520;44885;0.00
C198160;PLN001;44521;;0.00
C298489;PLN006;44521;44886;0.00
C378498;PLN002;44521;;0.00
C145834;PLN004;44522;44887;0.09
C194138;PLN006;44522;44887;0.00
C435463;PLN004;44522;44887;0.00
C146544;PLN005;44523;44888;0.00
C276236;PLN006;44523;44888;0.00
C341576;PLN002;44523;;0.00
C116368;PLN003;44524;44889;0.00
C278456;PLN004;44524;44889;0.00
C408575;PLN004;44524;44889;0.00
C148919;PLN004;44525;44890;0.05
C285142;PLN005;44525;44890;0.00
C431649;PLN003;44525;44890;0.00
C458335;PLN004;44525;44890;0.00
C131992;PLN006;44526;44891;0.02
C161255;PLN006;44526;44891;0.00
C242096;PLN005;44526;44891;0.00
C291096;PLN002;44526;;0.00
C365642;PLN004;44526;44891;0.00
C43076;PLN004;44526;44891;0.00
C456040;PLN001;44526;;0.00
C250626;PLN002;44527;;0.01
C337471;PLN001;44527;;0.00
C430479;PLN005;44527;44892;0.00
C107602;PLN003;44528;44893;0.06
C110709;PLN004;44528;44893;0.00
C163645;PLN004;44528;44893;0.06
C283146;PLN005;44528;44893;0.00
C360221;PLN001;44528;;0.00
C439904;PLN004;44528;44893;0.00
C110071;PLN004;44529;44894;0.00
C15822;PLN006;44529;44894;0.00
C209337;PLN005;44529;44894;0.00
C214185;PLN006;44529;44894;0.00
C377120;PLN003;44529;44894;0.10
C398819;PLN002;44529;;0.00
C316279;PLN003;44530;44895;0.00
C32072;PLN005;44530;44895;0.00
C326505;PLN001;44530;;0.00
C329347;PLN001;44530;;0.00
C14162;PLN004;44208;44573;0.05
C150383;PLN004;44208;44573;0.02
C413756;PLN004;44208;44573;0.00
C142727;PLN006;44239;44604;0.00
C147499;PLN004;44239;44604;0.00
C15386;PLN003;44239;44604;0.00
C200207;PLN004;44239;44604;0.00
C249231;PLN004;44239;44604;0.00
C319594;PLN004;44239;44604;0.03
C365005;PLN004;44239;44604;0.00
C442588;PLN004;44239;44604;0.00
C210529;PLN005;44267;44632;0.00
C123569;PLN004;44298;44663;0.00
C192943;PLN003;44298;44663;0.00
C204624;PLN002;44298;;0.00
C397832;PLN003;44298;44663;0.00
C289523;PLN006;44328;44693;0.00
C317184;PLN005;44328;44693;0.00
C383649;PLN002;44328;;0.00
C41041;PLN001;44328;;0.00
C423924;PLN004;44328;44693;0.00
C425240;PLN003;44328;44693;0.00
C103821;PLN004;44359;44724;0.00
C177602;PLN005;44359;44724;0.00
C194024;PLN003;44359;44724;0.00
C350492;PLN003;44359;44724;0.00
C353874;PLN006;44359;44724;0.00
C429898;PLN004;44359;44724;0.00
C270392;PLN003;44389;44754;0.00
C435523;PLN005;44389;44754;0.00
C125432;PLN006;44420;44785;0.00
C186501;PLN005;44420;44785;0.10
C206469;PLN006;44420;44785;0.00
C207901;PLN006;44420;44785;0.00
C212939;PLN002;44420;;0.00
C27412;PLN006;44420;44785;0.02
C337957;PLN006;44420;44785;0.00
C398775;PLN001;44420;;0.00
C426068;PLN003;44420;44785;0.00
C110127;PLN002;44451;;0.00
C126234;PLN004;44451;44816;0.00
C262220;PLN006;44451;44816;0.00
C436283;PLN005;44451;44816;0.00
C167673;PLN004;44481;44846;0.00
C39565;PLN006;44481;44846;0.00
C308641;PLN002;44512;;0.00
C414936;PLN002;44512;;0.00
C152015;PLN001;44542;;0.00
C305624;PLN006;44542;44907;0.00
C345703;PLN004;44542;44907;0.00
C396421;PLN004;44543;44908;0.00
C145111;PLN004;44544;44909;0.01
C217021;PLN006;44544;44909;0.01
C263003;PLN001;44544;;0.00
C361745;PLN006;44544;44909;0.00
C37023;PLN003;44544;44909;0.00
C347633;PLN001;44545;;0.00
C369014;PLN001;44545;;0.08
C424557;PLN005;44545;44910;0.00
C182777;PLN003;44546;44911;0.00
C254197;PLN005;44546;44911;0.05
C306895;PLN003;44546;44911;0.09
C337156;PLN003;44546;44911;0.00
C35375;PLN006;44546;44911;0.00
C437337;PLN006;44546;44911;0.00
C145817;PLN002;44547;;0.00
C17532;PLN005;44547;44912;0.00
C194086;PLN001;44547;;0.00
C453906;PLN005;44547;44912;0.00
C137396;PLN004;44548;44913;0.00
C289883;PLN005;44548;44913;0.07
C396744;PLN006;44548;44913;0.00
C263639;PLN001;44549;;0.00
C329222;PLN003;44549;44914;0.00
C343091;PLN002;44549;;0.00
C110579;PLN004;44550;44915;0.02
C195026;PLN006;44550;44915;0.00
C199831;PLN005;44550;44915;0.00
C102971;PLN005;44551;44916;0.00
C197353;PLN005;44551;44916;0.00
C421324;PLN005;44551;44916;0.00
C260956;PLN005;44552;44917;0.00
C292114;PLN001;44552;;0.00
C160231;PLN003;44553;44918;0.09
C296456;PLN002;44553;;0.00
C370125;PLN003;44553;44918;0.00
C106753;PLN004;44554;44919;0.00
C380507;PLN006;44554;44919;0.05
C199144;PLN003;44555;44920;0.00
C204798;PLN003;44555;44920;0.00
C210721;PLN004;44555;44920;0.00
C297941;PLN005;44555;44920;0.00
C441405;PLN005;44555;44920;0.00
C139435;PLN001;44556;;0.00
C152082;PLN003;44556;44921;0.00
C168383;PLN004;44556;44921;0.00
C26153;PLN002;44556;;0.00
C269581;PLN005;44556;44921;0.00
C282879;PLN003;44556;44921;0.00
C447611;PLN003;44556;44921;0.00
C166517;PLN004;44557;44922;0.00
C197570;PLN001;44557;;0.00
C381354;PLN004;44557;44922;0.00
C137348;PLN005;44558;44923;0.00
C208422;PLN005;44558;44923;0.00
C268736;PLN001;44558;;0.10
C291274;PLN003;44558;44923;0.00
C345806;PLN004;44558;44923;0.00
C3624;PLN006;44558;44923;0.00
C392021;PLN006;44558;44923;0.00
C405033;PLN006;44558;44923;0.00
C142903;PLN005;44559;44924;0.00
C342508;PLN006;44560;44925;0.00
C346671;PLN006;44560;44925;0.00
C356500;PLN005;44560;44925;0.00
C183557;PLN006;44561;44926;0.00
C24476;PLN003;44561;44926;0.00
C283116;PLN005;44561;44926;0.00
C327166;PLN006;44561;44926;0.00
C333070;PLN004;44561;44926;0.00
C108715;PLN002;44562;;0.00
C113422;PLN004;44562;44927;0.00
C263247;PLN006;44562;44927;0.00
C346124;PLN001;44562;;0.00
C119779;PLN005;44593;44958;0.00
C145426;PLN002;44593;;0.00
C353492;PLN005;44593;44958;0.08
C135029;PLN006;44621;44986;0.00
C257274;PLN005;44621;44986;0.00
C353158;PLN003;44621;44986;0.00
C378498;PLN003;44621;44986;0.00
C121078;PLN005;44652;45017;0.00
C215206;PLN003;44652;45017;0.00
C299269;PLN001;44652;;0.00
C309248;PLN003;44652;45017;0.07
C399463;PLN001;44652;;0.02
C216016;PLN005;44682;45047;0.00
C362976;PLN003;44682;45047;0.00
C158151;PLN004;44713;45078;0.00
C279987;PLN006;44713;45078;0.00
C393159;PLN005;44713;45078;0.02
C149293;PLN004;44743;45108;0.00
C239810;PLN003;44743;45108;0.00
C241107;PLN003;44743;45108;0.00
C298141;PLN005;44743;45108;0.00
C30272;PLN003;44743;45108;0.00
C431751;PLN004;44743;45108;0.00
C228939;PLN003;44774;45139;0.00
C262766;PLN004;44774;45139;0.00
C286213;PLN001;44774;;0.05
C388209;PLN004;44774;45139;0.00
C154939;PLN001;44805;;0.03
C177830;PLN003;44805;45170;0.00
C310869;PLN002;44835;;0.00
C341217;PLN002;44835;;0.00
C353354;PLN005;44835;45200;0.00
C369459;PLN006;44835;45200;0.00
C383689;PLN006;44835;45200;0.00
C444725;PLN003;44835;45200;0.00
C449612;PLN001;44835;;0.00
C125411;PLN002;44866;;0.00
C162341;PLN003;44896;45261;0.00
C202892;PLN006;44896;45261;0.00
C272199;PLN006;44896;45261;0.00
C228715;PLN006;44574;44939;0.00
C299027;PLN005;44574;44939;0.00
C309181;PLN005;44574;44939;0.00
C180885;PLN005;44575;44940;0.00
C223334;PLN002;44575;;0.00
C312906;PLN005;44575;44940;0.00
C438722;PLN002;44575;;0.00
C101406;PLN005;44576;44941;0.05
C265985;PLN005;44576;44941;0.00
C29027;PLN006;44576;44941;0.00
C39004;PLN001;44576;;0.00
C144619;PLN003;44577;44942;0.00
C243342;PLN003;44577;44942;0.00
C253580;PLN003;44577;44942;0.00
C35387;PLN005;44577;44942;0.00
C373839;PLN004;44577;44942;0.00
C406236;PLN001;44577;;0.00
C438953;PLN005;44577;44942;0.10
C444137;PLN001;44577;;0.00
C192841;PLN004;44578;44943;0.00
C258586;PLN006;44578;44943;0.00
C244882;PLN003;44579;44944;0.00
C142354;PLN006;44580;44945;0.00
C452784;PLN006;44580;44945;0.00
C17806;PLN003;44581;44946;0.00
C189270;PLN002;44581;;0.00
C298062;PLN003;44581;44946;0.00
C313867;PLN006;44581;44946;0.00
C398902;PLN002;44581;;0.00
C123964;PLN005;44582;44947;0.00
C219573;PLN005;44582;44947;0.05
C234929;PLN005;44582;44947;0.00
C266428;PLN004;44582;44947;0.07
C381185;PLN006;44582;44947;0.00
C272096;PLN005;44583;44948;0.00
C278410;PLN005;44583;44948;0.00
C286496;PLN004;44583;44948;0.00
C30543;PLN004;44583;44948;0.00
C36326;PLN006;44583;44948;0.04
C157555;PLN002;44584;;0.00
C264993;PLN003;44585;44950;0.00
C342381;PLN004;44585;44950;0.00
C401521;PLN002;44585;;0.00
C379815;PLN003;44586;44951;0.00
C395209;PLN002;44586;;0.00
C444370;PLN001;44587;;0.00
C250157;PLN006;44588;44953;0.00
C388471;PLN006;44588;44953;0.00
C387397;PLN003;44589;44954;0.00
C391341;PLN003;44589;44954;0.00
C313743;PLN006;44590;44955;0.00
C328226;PLN001;44590;;0.00
C387456;PLN004;44590;44955;0.00
C408941;PLN001;44590;;0.00
C189864;PLN003;44591;44956;0.00
C273541;PLN002;44591;;0.00
C337670;PLN006;44591;44956;0.00
C398380;PLN004;44591;44956;0.00
C221041;PLN003;44592;44957;0.00
C271548;PLN006;44592;44957;0.00
C321782;PLN003;44592;44957;0.00
C354684;PLN004;44592;44957;0.00
C417693;PLN006;44592;44957;0.00
C139544;PLN005;44563;44928;0.00
C218259;PLN005;44563;44928;0.00
C23300;PLN004;44563;44928;0.00
C358836;PLN005;44563;44928;0.00
C409669;PLN003;44563;44928;0.00
C194897;PLN002;44594;;0.00
C168195;PLN003;44622;44987;0.00
C408941;PLN003;44622;44987;0.00
C215727;PLN004;44653;45018;0.00
C250289;PLN006;44653;45018;0.00
C398775;PLN003;44653;45018;0.00
C128639;PLN006;44683;45048;0.00
C258889;PLN005;44683;45048;0.00
C379284;PLN006;44683;45048;0.00
C379700;PLN002;44683;;0.00
C425697;PLN003;44683;45048;0.00
C454583;PLN006;44683;45048;0.00
C109566;PLN003;44714;45079;0.00
C189143;PLN006;44714;45079;0.00
C215925;PLN006;44714;45079;0.00
C220279;PLN003;44714;45079;0.00
C247298;PLN001;44714;;0.00
C403341;PLN002;44714;;0.00
C42147;PLN005;44714;45079;0.00
C18379;PLN005;44744;45109;0.00
C187157;PLN001;44744;;0.00
C192822;PLN005;44744;45109;0.00
C206157;PLN006;44744;45109;0.00
C209337;PLN004;44744;45109;0.00
C245270;PLN004;44744;45109;0.00
C277644;PLN004;44744;45109;0.00
C140858;PLN002;44775;;0.00
C144997;PLN004;44775;45140;0.00
C176944;PLN006;44775;45140;0.00
C296542;PLN004;44775;45140;0.00
C327328;PLN001;44775;;0.00
C422647;PLN005;44775;45140;0.00
C424659;PLN003;44775;45140;0.05
C201354;PLN003;44806;45171;0.00
C334519;PLN002;44806;;0.00
C347551;PLN006;44836;45201;0.00
C385121;PLN006;44836;45201;0.00
C425275;PLN001;44836;;0.00
C146524;PLN006;44867;45232;0.00
C193771;PLN005;44867;45232;0.00
C328800;PLN005;44867;45232;0.00
C359891;PLN005;44867;45232;0.00
C151640;PLN004;44897;45262;0.08
C265130;PLN001;44897;;0.00
C372110;PLN004;44897;45262;0.00
C186172;PLN005;44605;44970;0.00
C41603;PLN004;44605;44970;0.00
C165038;PLN003;44606;44971;0.00
C441263;PLN004;44606;44971;0.00
C453302;PLN006;44606;44971;0.10
C166791;PLN005;44607;44972;0.00
C207158;PLN005;44607;44972;0.00
C369408;PLN002;44607;;0.00
C274897;PLN006;44609;44974;0.00
C355136;PLN005;44609;44974;0.06
C243342;PLN005;44610;44975;0.00
C279388;PLN001;44610;;0.00
C411805;PLN004;44610;44975;0.00
C445998;PLN004;44610;44975;0.00
C448846;PLN003;44610;44975;0.00
C273674;PLN005;44611;44976;0.00
C435542;PLN005;44611;44976;0.06
C436751;PLN005;44611;44976;0.00
C439310;PLN006;44611;44976;0.00
C243717;PLN006;44612;44977;0.00
C266680;PLN001;44612;;0.03
C332726;PLN003;44612;44977;0.00
C254465;PLN004;44613;44978;0.00
C311743;PLN006;44613;44978;0.00
C167642;PLN006;44614;44979;0.04
C232089;PLN003;44614;44979;0.00
C130539;PLN002;44615;;0.00
C167976;PLN003;44615;44980;0.00
C262872;PLN004;44615;44980;0.00
C163521;PLN001;44616;;0.00
C287960;PLN005;44616;44981;0.00
C346741;PLN005;44616;44981;0.00
C161888;PLN004;44617;44982;0.04
C391972;PLN005;44617;44982;0.00
C169581;PLN004;44618;44983;0.04
C218131;PLN003;44618;44983;0.00
C225853;PLN006;44618;44983;0.00
C311717;PLN006;44618;44983;0.00
C438299;PLN002;44618;;0.00
C126658;PLN005;44619;44984;0.00
C150572;PLN002;44619;;0.00
C250467;PLN005;44619;44984;0.03
C251897;PLN004;44619;44984;0.00
C374842;PLN003;44619;44984;0.01
C16874;PLN004;44620;44985;0.00
C313888;PLN002;44620;;0.00
C346504;PLN004;44620;44985;0.00
C242718;PLN003;44564;44929;0.00
C270330;PLN005;44564;44929;0.00
C338954;PLN006;44564;44929;0.00
C344210;PLN006;44564;44929;0.00
C373905;PLN004;44564;44929;0.00
C397652;PLN001;44564;;0.00
C166851;PLN002;44595;;0.00
C216014;PLN006;44595;44960;0.00
C337129;PLN002;44595;;0.00
C405598;PLN005;44595;44960;0.01
C437123;PLN003;44595;44960;0.00
C141564;PLN004;44623;44988;0.00
C160769;PLN001;44623;;0.00
C283181;PLN005;44623;44988;0.00
C287203;PLN006;44623;44988;0.10
C374257;PLN005;44623;44988;0.00
C445637;PLN002;44623;;0.00
C185411;PLN003;44654;45019;0.03
C256449;PLN002;44654;;0.00
C123539;PLN006;44684;45049;0.00
C349446;PLN006;44684;45049;0.00
C359295;PLN004;44684;45049;0.00
C246829;PLN006;44715;45080;0.00
C287322;PLN005;44715;45080;0.00
C304249;PLN005;44715;45080;0.00
C387718;PLN002;44715;;0.00
C21818;PLN001;44745;;0.00
C218684;PLN001;44745;;0.00
C287688;PLN006;44745;45110;0.00
C289562;PLN005;44745;45110;0.00
C294010;PLN001;44745;;0.00
C323554;PLN001;44745;;0.01
C417933;PLN005;44745;45110;0.00
C440745;PLN003;44745;45110;0.00
C284325;PLN005;44776;45141;0.00
C316225;PLN006;44776;45141;0.00
C100438;PLN005;44807;45172;0.00
C117574;PLN006;44807;45172;0.00
C307246;PLN005;44807;45172;0.00
C30955;PLN005;44807;45172;0.00
C382721;PLN005;44807;45172;0.00
C430479;PLN003;44807;45172;0.00
C156568;PLN005;44837;45202;0.00
C278148;PLN006;44837;45202;0.00
C37301;PLN001;44837;;0.00
C396268;PLN006;44837;45202;0.00
C457858;PLN003;44837;45202;0.04
C110892;PLN004;44868;45233;0.02
C123964;PLN006;44868;45233;0.00
C145949;PLN001;44868;;0.02
C277413;PLN001;44868;;0.00
C367862;PLN003;44868;45233;0.00
C375679;PLN001;44868;;0.00
C394058;PLN004;44868;45233;0.05
C104937;PLN003;44898;45263;0.00
C329347;PLN004;44898;45263;0.00
C397561;PLN005;44898;45263;0.00
C399438;PLN005;44898;45263;0.00
C280378;PLN001;44633;;0.00
C351802;PLN006;44633;44998;0.00
C399155;PLN003;44633;44998;0.00
C432449;PLN003;44633;44998;0.00
C11475;PLN006;44634;44999;0.00
C263472;PLN004;44634;44999;0.06
C316687;PLN004;44634;44999;0.00
C381167;PLN005;44635;45000;0.00
C42661;PLN001;44635;;0.00
C167979;PLN001;44636;;0.00
C182741;PLN005;44636;45001;0.04
C24062;PLN006;44637;45002;0.05
C384878;PLN003;44637;45002;0.00
C125090;PLN003;44638;45003;0.00
C25332;PLN005;44638;45003;0.06
C389348;PLN004;44638;45003;0.00
C440473;PLN005;44638;45003;0.04
C116368;PLN005;44639;45004;0.00
C170774;PLN005;44639;45004;0.00
C254975;PLN003;44639;45004;0.00
C287474;PLN004;44639;45004;0.00
C336076;PLN003;44639;45004;0.00
C443502;PLN004;44639;45004;0.00
C113997;PLN003;44640;45005;0.00
C168000;PLN006;44640;45005;0.00
C340013;PLN004;44640;45005;0.00
C114632;PLN002;44641;;0.00
C123228;PLN001;44641;;0.00
C213709;PLN002;44641;;0.00
C244703;PLN005;44641;45006;0.00
C387601;PLN005;44641;45006;0.00
C395063;PLN004;44641;45006;0.00
C42147;PLN003;44641;45006;0.00
C131623;PLN006;44642;45007;0.00
C390346;PLN003;44642;45007;0.00
C104955;PLN005;44643;45008;0.00
C114091;PLN003;44643;45008;0.00
C15160;PLN006;44643;45008;0.00
C202542;PLN006;44643;45008;0.00
C191959;PLN006;44645;45010;0.00
C197581;PLN006;44645;45010;0.00
C291917;PLN005;44645;45010;0.00
C34153;PLN005;44645;45010;0.00
C362167;PLN003;44645;45010;0.00
C447621;PLN005;44645;45010;0.00
C451513;PLN004;44645;45010;0.09
C142735;PLN005;44646;45011;0.00
C146758;PLN004;44646;45011;0.00
C249495;PLN005;44646;45011;0.00
C264210;PLN003;44646;45011;0.00
C411637;PLN004;44646;45011;0.07
C455725;PLN006;44646;45011;0.00
C10868;PLN001;44647;;0.00
C226312;PLN005;44647;45012;0.00
C229859;PLN004;44647;45012;0.05
C24411;PLN006;44647;45012;0.00
C309324;PLN004;44647;45012;0.00
C44926;PLN005;44647;45012;0.06
C284289;PLN004;44648;45013;0.10
C3636;PLN005;44648;45013;0.10
C38043;PLN006;44648;45013;0.00
C157476;PLN005;44649;45014;0.00
C168740;PLN004;44649;45014;0.00
C234859;PLN005;44649;45014;0.00
C323932;PLN005;44649;45014;0.00
C44499;PLN004;44649;45014;0.06
C455036;PLN002;44649;;0.00
C168570;PLN002;44650;;0.00
C200527;PLN005;44650;45015;0.00
C238457;PLN004;44650;45015;0.00
C340985;PLN005;44650;45015;0.00
C431636;PLN002;44650;;0.00
C432340;PLN002;44650;;0.00
C449592;PLN005;44650;45015;0.00
C147875;PLN003;44651;45016;0.00
C374410;PLN001;44651;;0.00
C127497;PLN001;44565;;0.00
C366757;PLN003;44565;44930;0.00
C136195;PLN005;44596;44961;0.00
C255329;PLN001;44596;;0.00
C34587;PLN001;44596;;0.00
C368680;PLN004;44596;44961;0.00
C456004;PLN004;44596;44961;0.00
C12028;PLN005;44624;44989;0.00
C132671;PLN006;44624;44989;0.02
C135798;PLN006;44624;44989;0.00
C261507;PLN004;44624;44989;0.00
C286385;PLN006;44624;44989;0.00
C287379;PLN006;44624;44989;0.00
C336190;PLN002;44624;;0.00
C366339;PLN002;44624;;0.00
C120072;PLN001;44685;;0.00
C217758;PLN004;44685;45050;0.00
C258398;PLN001;44685;;0.00
C305703;PLN004;44685;45050;0.05
C312671;PLN004;44685;45050;0.00
C389585;PLN001;44685;;0.06
C443242;PLN005;44685;45050;0.00
C112938;PLN006;44716;45081;0.00
C142885;PLN006;44716;45081;0.03
C305173;PLN005;44716;45081;0.02
C231964;PLN005;44746;45111;0.00
C271396;PLN002;44746;;0.00
C283520;PLN001;44746;;0.00
C112193;PLN003;44777;45142;0.00
C253417;PLN001;44777;;0.00
C27831;PLN003;44777;45142;0.00
C308268;PLN005;44777;45142;0.00
C221858;PLN005;44808;45173;0.00
C263472;PLN003;44808;45173;0.00
C362435;PLN004;44808;45173;0.06
C374619;PLN001;44808;;0.00
C377168;PLN003;44808;45173;0.00
C102730;PLN003;44838;45203;0.00
C104644;PLN006;44838;45203;0.00
C121459;PLN004;44838;45203;0.00
C166900;PLN003;44869;45234;0.00
C239090;PLN005;44869;45234;0.00
C337991;PLN001;44869;;0.00
C159255;PLN001;44899;;0.00
C198163;PLN006;44899;45264;0.00
C111193;PLN004;44664;45029;0.00
C14750;PLN004;44664;45029;0.00
C147333;PLN003;44665;45030;0.00
C175492;PLN006;44665;45030;0.00
C235459;PLN003;44665;45030;0.00
C331125;PLN002;44665;;0.04
C427722;PLN003;44665;45030;0.00
C139531;PLN003;44666;45031;0.00
C338399;PLN001;44666;;0.00
C133235;PLN004;44667;45032;0.00
C17061;PLN006;44667;45032;0.00
C170616;PLN006;44667;45032;0.00
C195127;PLN006;44667;45032;0.09
C211415;PLN003;44667;45032;0.00
C354631;PLN003;44667;45032;0.00
C425638;PLN005;44667;45032;0.00
C16481;PLN001;44668;;0.10
C232763;PLN005;44668;45033;0.00
C342719;PLN004;44668;45033;0.00
C26756;PLN004;44669;45034;0.00
C279277;PLN002;44669;;0.00
C311209;PLN005;44669;45034;0.00
C290931;PLN005;44670;45035;0.00
C130539;PLN005;44671;45036;0.00
C139981;PLN005;44671;45036;0.00
C321565;PLN001;44671;;0.00
C234344;PLN005;44672;45037;0.00
C360610;PLN005;44672;45037;0.00
C108400;PLN004;44673;45038;0.00
C251897;PLN001;44673;;0.00
C311644;PLN003;44673;45038;0.00
C386442;PLN004;44673;45038;0.00
C399853;PLN003;44673;45038;0.00
C141835;PLN006;44674;45039;0.00
C159523;PLN003;44674;45039;0.00
C29811;PLN004;44674;45039;0.00
C311572;PLN004;44674;45039;0.00
C397485;PLN006;44674;45039;0.00
C111193;PLN006;44675;45040;0.00
C159629;PLN001;44675;;0.00
C195917;PLN003;44675;45040;0.00
C278390;PLN006;44675;45040;0.00
C358092;PLN005;44675;45040;0.00
C387397;PLN005;44675;45040;0.00
C39139;PLN003;44675;45040;0.00
C126644;PLN001;44676;;0.00
C135378;PLN004;44676;45041;0.00
C346519;PLN006;44676;45041;0.00
C371616;PLN003;44676;45041;0.00
C414781;PLN006;44676;45041;0.00
C429404;PLN001;44676;;0.00
C44458;PLN003;44676;45041;0.07
C10992;PLN005;44677;45042;0.00
C155387;PLN003;44677;45042;0.07
C246440;PLN002;44677;;0.00
C36185;PLN005;44677;45042;0.00
C417620;PLN001;44677;;0.00
C235812;PLN001;44678;;0.00
C249344;PLN006;44678;45043;0.04
C339863;PLN003;44678;45043;0.00
C382080;PLN001;44678;;0.00
C411360;PLN004;44678;45043;0.00
C328787;PLN005;44679;45044;0.05
C338542;PLN004;44679;45044;0.00
C438747;PLN006;44679;45044;0.00
C44499;PLN003;44679;45044;0.00
C200897;PLN006;44680;45045;0.00
C359040;PLN003;44680;45045;0.00
C244316;PLN005;44681;45046;0.00
C316563;PLN003;44681;45046;0.00
C418342;PLN005;44681;45046;0.00
C430004;PLN005;44681;45046;0.00
C22154;PLN005;44566;44931;0.00
C268926;PLN005;44566;44931;0.00
C361745;PLN006;44566;44931;0.00
C394785;PLN006;44566;44931;0.00
C23998;PLN003;44597;44962;0.00
C390714;PLN002;44597;;0.00
C392466;PLN002;44597;;0.05
C40698;PLN005;44597;44962;0.00
C414888;PLN003;44597;44962;0.00
C454555;PLN005;44597;44962;0.00
C135798;PLN004;44625;44990;0.00
C199297;PLN001;44625;;0.00
C24658;PLN004;44625;44990;0.00
C45521;PLN003;44625;44990;0.00
C458596;PLN003;44625;44990;0.00
C119854;PLN004;44656;45021;0.00
C164361;PLN001;44656;;0.00
C210020;PLN004;44656;45021;0.00
C294010;PLN006;44656;45021;0.03
C299150;PLN001;44656;;0.00
C328562;PLN005;44656;45021;0.00
C45142;PLN003;44656;45021;0.00
C120527;PLN005;44686;45051;0.04
C286504;PLN005;44686;45051;0.00
C307367;PLN004;44686;45051;0.00
C394979;PLN001;44686;;0.00
C406914;PLN001;44686;;0.00
C130105;PLN001;44717;;0.00
C333720;PLN006;44717;45082;0.00
C271548;PLN005;44747;45112;0.00
C153397;PLN005;44778;45143;0.00
C12764;PLN004;44809;45174;0.00
C33443;PLN001;44809;;0.00
C353331;PLN006;44839;45204;0.00
C458142;PLN001;44839;;0.00
C192822;PLN006;44870;45235;0.00
C204624;PLN005;44870;45235;0.00
C261245;PLN003;44870;45235;0.00
C315155;PLN002;44870;;0.00
C35511;PLN005;44870;45235;0.09
C380215;PLN002;44870;;0.00
C276524;PLN004;44900;45265;0.04
C294777;PLN002;44900;;0.00
C344216;PLN006;44900;45265;0.00
C352557;PLN005;44900;45265;0.00
C360813;PLN006;44900;45265;0.00
C132681;PLN006;44694;45059;0.00
C186524;PLN003;44694;45059;0.00
C384560;PLN006;44694;45059;0.00
C411165;PLN002;44694;;0.00
C249324;PLN004;44695;45060;0.00
C287172;PLN002;44695;;0.00
C390863;PLN006;44695;45060;0.03
C426063;PLN004;44695;45060;0.00
C432561;PLN001;44695;;0.00
C176128;PLN005;44697;45062;0.00
C200629;PLN004;44697;45062;0.07
C235061;PLN005;44697;45062;0.00
C273729;PLN001;44697;;0.00
C345959;PLN006;44697;45062;0.00
C122046;PLN001;44698;;0.00
C323554;PLN004;44698;45063;0.00
C384639;PLN006;44698;45063;0.00
C122743;PLN003;44700;45065;0.00
C16791;PLN006;44700;45065;0.00
C353359;PLN004;44700;45065;0.00
C157980;PLN004;44701;45066;0.00
C370369;PLN001;44701;;0.00
C372110;PLN002;44701;;0.01
C210617;PLN005;44702;45067;0.07
C221963;PLN004;44702;45067;0.00
C248336;PLN003;44702;45067;0.00
C289226;PLN002;44702;;0.06
C291875;PLN003;44702;45067;0.00
C325235;PLN005;44702;45067;0.00
C189595;PLN003;44703;45068;0.00
C366868;PLN001;44703;;0.00
C226497;PLN005;44704;45069;0.00
C307934;PLN003;44704;45069;0.07
C383581;PLN004;44704;45069;0.00
C387478;PLN006;44704;45069;0.00
C445724;PLN003;44704;45069;0.00
C455930;PLN005;44704;45069;0.04
C148772;PLN006;44705;45070;0.00
C200897;PLN002;44705;;0.00
C373905;PLN001;44705;;0.00
C438009;PLN004;44705;45070;0.00
C458270;PLN002;44705;;0.00
C118220;PLN001;44706;;0.00
C130307;PLN004;44706;45071;0.00
C324425;PLN004;44706;45071;0.08
C402584;PLN004;44706;45071;0.00
C17145;PLN004;44707;45072;0.00
C331005;PLN001;44707;;0.00
C345218;PLN005;44707;45072;0.00
C447634;PLN003;44707;45072;0.00
C281770;PLN006;44708;45073;0.00
C399027;PLN006;44708;45073;0.00
C454090;PLN006;44708;45073;0.00
C110910;PLN002;44709;;0.05
C176716;PLN002;44709;;0.00
C182985;PLN003;44709;45074;0.00
C203093;PLN005;44709;45074;0.00
C387926;PLN005;44709;45074;0.00
C167697;PLN006;44710;45075;0.00
C420377;PLN003;44710;45075;0.08
C434332;PLN006;44710;45075;0.04
C133162;PLN006;44711;45076;0.00
C140041;PLN003;44711;45076;0.00
C140049;PLN003;44711;45076;0.00
C153664;PLN001;44711;;0.02
C251996;PLN005;44711;45076;0.00
C255077;PLN003;44711;45076;0.00
C293846;PLN006;44711;45076;0.00
C16481;PLN003;44712;45077;0.00
C363708;PLN002;44712;;0.00
C394580;PLN006;44712;45077;0.00
C12028;PLN001;44567;;0.00
C125090;PLN005;44567;44932;0.00
C174475;PLN006;44567;44932;0.06
C32672;PLN003;44567;44932;0.00
C108091;PLN006;44598;44963;0.00
C123359;PLN006;44598;44963;0.00
C187012;PLN004;44598;44963;0.00
C197840;PLN003;44598;44963;0.00
C272013;PLN003;44598;44963;0.06
C352356;PLN004;44598;44963;0.00
C21605;PLN006;44657;45022;0.00
C27007;PLN003;44657;45022;0.00
C340706;PLN005;44657;45022;0.00
C133235;PLN004;44687;45052;0.00
C200422;PLN005;44687;45052;0.00
C202044;PLN005;44687;45052;0.00
C311187;PLN006;44687;45052;0.08
C333919;PLN002;44687;;0.00
C109043;PLN002;44718;;0.00
C122524;PLN003;44718;45083;0.00
C244559;PLN002;44718;;0.00
C193590;PLN003;44748;45113;0.00
C297500;PLN006;44748;45113;0.00
C332463;PLN004;44748;45113;0.00
C381058;PLN005;44748;45113;0.00
C13585;PLN006;44779;45144;0.03
C257813;PLN003;44779;45144;0.00
C146524;PLN004;44810;45175;0.00
C254908;PLN006;44810;45175;0.00
C419440;PLN001;44810;;0.00
C441471;PLN004;44810;45175;0.00
C126462;PLN003;44840;45205;0.00
C245831;PLN003;44840;45205;0.00
C344064;PLN006;44840;45205;0.00
C380127;PLN005;44840;45205;0.00
C385425;PLN003;44840;45205;0.01
C148842;PLN006;44871;45236;0.00
C172191;PLN005;44871;45236;0.00
C420870;PLN005;44871;45236;0.10
C142020;PLN003;44901;45266;0.00
C178034;PLN006;44901;45266;0.00
C343945;PLN003;44901;45266;0.00
C389256;PLN001;44901;;0.00
C142093;PLN002;44725;;0.00
C152057;PLN004;44725;45090;0.00
C239761;PLN003;44725;45090;0.02
C301786;PLN006;44725;45090;0.00
C127799;PLN004;44726;45091;0.00
C240329;PLN003;44726;45091;0.00
C262903;PLN003;44726;45091;0.00
C314373;PLN001;44726;;0.00
C400619;PLN001;44726;;0.00
C44124;PLN005;44726;45091;0.00
C448718;PLN004;44726;45091;0.00
C231964;PLN006;44727;45092;0.00
C263247;PLN005;44727;45092;0.00
C392016;PLN004;44727;45092;0.00
C331116;PLN005;44728;45093;0.00
C458163;PLN006;44728;45093;0.00
C222623;PLN004;44729;45094;0.00
C236134;PLN006;44729;45094;0.00
C346101;PLN004;44729;45094;0.00
C347685;PLN006;44729;45094;0.06
C418289;PLN003;44729;45094;0.06
C454079;PLN005;44729;45094;0.00
C29326;PLN002;44730;;0.09
C314645;PLN006;44730;45095;0.00
C330982;PLN006;44730;45095;0.00
C385425;PLN004;44730;45095;0.02
C122875;PLN006;44731;45096;0.00
C145842;PLN001;44731;;0.05
C207439;PLN006;44731;45096;0.00
C344523;PLN006;44731;45096;0.00
C351571;PLN005;44731;45096;0.00
C438655;PLN005;44731;45096;0.00
C440260;PLN004;44732;45097;0.00
C313888;PLN006;44733;45098;0.00
C337029;PLN004;44733;45098;0.00
C346124;PLN006;44733;45098;0.00
C368433;PLN005;44733;45098;0.00
C382721;PLN005;44733;45098;0.00
C114034;PLN004;44734;45099;0.00
C178309;PLN004;44734;45099;0.00
C214409;PLN003;44734;45099;0.00
C340997;PLN002;44734;;0.00
C207816;PLN005;44735;45100;0.00
C21369;PLN003;44735;45100;0.00
C307453;PLN002;44735;;0.00
C318221;PLN005;44735;45100;0.00
C318921;PLN003;44735;45100;0.00
C335109;PLN004;44735;45100;0.00
C296246;PLN006;44736;45101;0.00
C38632;PLN002;44736;;0.00
C288609;PLN004;44737;45102;0.00
C395157;PLN005;44737;45102;0.00
C147150;PLN003;44738;45103;0.00
C21369;PLN004;44739;45104;0.07
C291785;PLN003;44740;45105;0.00
C100505;PLN005;44741;45106;0.08
C33283;PLN006;44741;45106;0.00
C448033;PLN004;44741;45106;0.00
C16383;PLN002;44742;;0.00
C235459;PLN003;44742;45107;0.02
C347772;PLN001;44742;;0.00
C357325;PLN003;44742;45107;0.00
C382656;PLN003;44742;45107;0.00
C152082;PLN002;44568;;0.00
C321371;PLN005;44568;44933;0.00
C388320;PLN001;44568;;0.00
C111673;PLN004;44627;44992;0.00
C120527;PLN006;44627;44992;0.00
C228867;PLN004;44627;44992;0.00
C2739;PLN004;44627;44992;0.00
C365927;PLN006;44627;44992;0.00
C211232;PLN004;44658;45023;0.00
C285627;PLN003;44658;45023;0.00
C100092;PLN005;44688;45053;0.00
C220279;PLN001;44688;;0.00
C367383;PLN006;44688;45053;0.00
C312436;PLN006;44719;45084;0.01
C337445;PLN003;44719;45084;0.00
C379815;PLN005;44719;45084;0.00
C207947;PLN002;44749;;0.00
C449612;PLN004;44749;45114;0.00
C404115;PLN005;44780;45145;0.00
C429099;PLN004;44780;45145;0.00
C139531;PLN002;44811;;0.00
C245356;PLN001;44811;;0.00
C390665;PLN004;44811;45176;0.00
C447727;PLN002;44811;;0.00
C249195;PLN004;44841;45206;0.00
C427538;PLN001;44841;;0.09
C136142;PLN005;44872;45237;0.00
C171717;PLN003;44872;45237;0.00
C276233;PLN004;44872;45237;0.09
C346329;PLN005;44872;45237;0.00
C190312;PLN004;44902;45267;0.00
C251204;PLN004;44902;45267;0.00
C268603;PLN005;44902;45267;0.00
C307934;PLN005;44902;45267;0.00
C339821;PLN005;44902;45267;0.00
C168913;PLN006;44755;45120;0.00
C313444;PLN004;44755;45120;0.00
C39310;PLN003;44755;45120;0.00
C188508;PLN004;44756;45121;0.00
C198119;PLN001;44756;;0.00
C438009;PLN003;44756;45121;0.03
C166322;PLN002;44757;;0.00
C182882;PLN004;44757;45122;0.00
C191355;PLN003;44757;45122;0.03
C197928;PLN006;44757;45122;0.05
C436205;PLN003;44757;45122;0.00
C440726;PLN004;44757;45122;0.00
C447395;PLN005;44757;45122;0.00
C22202;PLN002;44758;;0.00
C160424;PLN005;44759;45124;0.08
C162773;PLN005;44759;45124;0.00
C251414;PLN006;44759;45124;0.00
C106264;PLN003;44760;45125;0.00
C222281;PLN001;44760;;0.00
C246900;PLN005;44760;45125;0.06
C423455;PLN005;44760;45125;0.00
C121445;PLN004;44761;45126;0.00
C216629;PLN003;44761;45126;0.00
C401528;PLN005;44761;45126;0.00
C100803;PLN003;44762;45127;0.00
C278019;PLN003;44762;45127;0.00
C280378;PLN004;44762;45127;0.00
C353034;PLN005;44762;45127;0.00
C444446;PLN006;44762;45127;0.00
C111193;PLN003;44763;45128;0.00
C280448;PLN006;44763;45128;0.00
C30339;PLN006;44763;45128;0.00
C346230;PLN004;44763;45128;0.00
C403188;PLN004;44763;45128;0.00
C347605;PLN005;44764;45129;0.00
C357679;PLN005;44764;45129;0.00
C360051;PLN001;44764;;0.00
C425878;PLN005;44764;45129;0.00
C166751;PLN003;44765;45130;0.01
C217768;PLN003;44765;45130;0.00
C274415;PLN001;44765;;0.00
C160633;PLN003;44766;45131;0.00
C218301;PLN001;44766;;0.00
C274897;PLN001;44766;;0.00
C305691;PLN004;44766;45131;0.00
C358684;PLN002;44766;;0.02
C400615;PLN004;44766;45131;0.00
C350476;PLN004;44767;45132;0.00
C359324;PLN002;44767;;0.00
C442127;PLN006;44767;45132;0.00
C453965;PLN003;44767;45132;0.00
C168012;PLN002;44768;;0.00
C375556;PLN006;44768;45133;0.00
C146853;PLN004;44769;45134;0.05
C342702;PLN002;44769;;0.00
C448649;PLN004;44769;45134;0.00
C105626;PLN004;44770;45135;0.00
C195211;PLN003;44770;45135;0.05
C203951;PLN003;44770;45135;0.00
C235643;PLN006;44770;45135;0.00
C275646;PLN004;44770;45135;0.00
C278062;PLN004;44770;45135;0.00
C407114;PLN006;44770;45135;0.02
C407930;PLN003;44770;45135;0.04
C23997;PLN003;44771;45136;0.00
C255083;PLN006;44771;45136;0.00
C262811;PLN004;44771;45136;0.00
C291920;PLN004;44771;45136;0.00
C320650;PLN001;44771;;0.00
C27066;PLN006;44772;45137;0.00
C291274;PLN005;44772;45137;0.00
C457108;PLN006;44772;45137;0.00
C122875;PLN006;44773;45138;0.00
C143339;PLN005;44773;45138;0.00
C200789;PLN004;44773;45138;0.00
C232921;PLN001;44773;;0.00
C291274;PLN001;44773;;0.00
C387457;PLN006;44773;45138;0.00
C405197;PLN003;44569;44934;0.00
C215369;PLN004;44600;44965;0.00
C402350;PLN005;44600;44965;0.04
C244755;PLN005;44628;44993;0.00
C356121;PLN001;44628;;0.00
C430290;PLN004;44628;44993;0.00
C146757;PLN004;44659;45024;0.00
C229425;PLN001;44659;;0.00
C286504;PLN001;44659;;0.00
C299775;PLN001;44659;;0.00
C379132;PLN004;44659;45024;0.02
C391423;PLN003;44659;45024;0.06
C143030;PLN004;44689;45054;0.07
C145969;PLN004;44689;45054;0.00
C159555;PLN001;44689;;0.00
C27831;PLN005;44689;45054;0.00
C332422;PLN002;44689;;0.00
C398550;PLN002;44689;;0.00
C421979;PLN003;44689;45054;0.00
C226243;PLN003;44720;45085;0.00
C236425;PLN001;44720;;0.00
C404272;PLN001;44720;;0.00
C251723;PLN004;44750;45115;0.00
C391423;PLN006;44750;45115;0.05
C394603;PLN006;44750;45115;0.00
C100559;PLN001;44781;;0.00
C191530;PLN006;44781;45146;0.00
C243021;PLN003;44781;45146;0.02
C350533;PLN006;44781;45146;0.00
C132352;PLN004;44812;45177;0.00
C378877;PLN001;44812;;0.00
C382532;PLN006;44812;45177;0.00
C334519;PLN004;44842;45207;0.00
C12925;PLN004;44873;45238;0.00
C147259;PLN006;44873;45238;0.00
C201725;PLN002;44873;;0.00
C230091;PLN003;44873;45238;0.00
C244322;PLN002;44873;;0.00
C385776;PLN005;44873;45238;0.00
C150968;PLN003;44903;45268;0.00
C178707;PLN006;44903;45268;0.00
C188631;PLN006;44903;45268;0.00
C321181;PLN001;44903;;0.00
C414964;PLN004;44903;45268;0.00
C447785;PLN004;44903;45268;0.00
C136049;PLN002;44786;;0.00
C239761;PLN004;44786;45151;0.10
C244674;PLN002;44786;;0.00
C25332;PLN003;44786;45151;0.00
C283146;PLN005;44786;45151;0.00
C378854;PLN002;44786;;0.00
C116300;PLN005;44787;45152;0.00
C28447;PLN005;44787;45152;0.00
C29188;PLN003;44787;45152;0.00
C314455;PLN004;44787;45152;0.00
C32496;PLN004;44787;45152;0.00
C129641;PLN005;44788;45153;0.00
C14949;PLN004;44789;45154;0.00
C19655;PLN002;44790;;0.00
C270281;PLN006;44790;45155;0.00
C276236;PLN002;44790;;0.00
C277107;PLN006;44790;45155;0.00
C375360;PLN005;44790;45155;0.00
C433718;PLN004;44790;45155;0.00
C137186;PLN006;44791;45156;0.00
C307897;PLN003;44791;45156;0.00
C434138;PLN003;44791;45156;0.00
C145375;PLN003;44792;45157;0.00
C199589;PLN001;44792;;0.00
C257780;PLN006;44792;45157;0.00
C103829;PLN005;44793;45158;0.00
C15160;PLN003;44793;45158;0.00
C178696;PLN003;44793;45158;0.00
C355763;PLN005;44793;45158;0.00
C422725;PLN002;44793;;0.00
C425915;PLN005;44793;45158;0.00
C44174;PLN003;44793;45158;0.00
C4492;PLN004;44793;45158;0.00
C135488;PLN003;44794;45159;0.00
C324770;PLN005;44794;45159;0.00
C351758;PLN005;44794;45159;0.00
C363007;PLN004;44794;45159;0.00
C389348;PLN004;44794;45159;0.00
C406174;PLN002;44794;;0.00
C118735;PLN006;44795;45160;0.00
C160206;PLN006;44795;45160;0.00
C246007;PLN003;44795;45160;0.00
C301809;PLN004;44795;45160;0.01
C371678;PLN004;44795;45160;0.00
C451062;PLN005;44795;45160;0.08
C316312;PLN003;44796;45161;0.00
C149293;PLN001;44797;;0.00
C152121;PLN002;44797;;0.00
C212852;PLN005;44797;45162;0.00
C220412;PLN002;44797;;0.00
C273948;PLN003;44797;45162;0.00
C181191;PLN001;44798;;0.00
C188763;PLN002;44798;;0.04
C209499;PLN002;44798;;0.00
C313444;PLN003;44798;45163;0.09
C36606;PLN006;44798;45163;0.00
C411015;PLN003;44798;45163;0.00
C185033;PLN001;44799;;0.03
C237838;PLN001;44799;;0.00
C340679;PLN006;44799;45164;0.04
C369878;PLN003;44799;45164;0.00
C12925;PLN001;44800;;0.00
C27412;PLN001;44800;;0.00
C334882;PLN005;44800;45165;0.00
C351802;PLN003;44800;45165;0.00
C386158;PLN003;44800;45165;0.07
C391369;PLN006;44801;45166;0.04
C133824;PLN005;44802;45167;0.00
C316329;PLN006;44802;45167;0.00
C373905;PLN005;44802;45167;0.00
C435957;PLN005;44802;45167;0.00
C116790;PLN002;44803;;0.00
C253127;PLN006;44803;45168;0.00
C335364;PLN002;44803;;0.00
C238457;PLN004;44804;45169;0.00
C289105;PLN005;44804;45169;0.00
C305608;PLN006;44804;45169;0.00
C333537;PLN001;44804;;0.00
C351743;PLN005;44804;45169;0.00
C357910;PLN003;44804;45169;0.00
C396901;PLN004;44804;45169;0.00
C446710;PLN004;44804;45169;0.00
C414250;PLN006;44570;44935;0.00
C216302;PLN006;44601;44966;0.00
C320480;PLN005;44601;44966;0.00
C331892;PLN005;44601;44966;0.00
C355532;PLN002;44601;;0.02
C129708;PLN006;44629;44994;0.07
C26494;PLN002;44629;;0.00
C291718;PLN006;44660;45025;0.00
C375992;PLN004;44660;45025;0.03
C445105;PLN006;44660;45025;0.02
C28383;PLN005;44690;45055;0.00
C311430;PLN005;44690;45055;0.01
C131835;PLN003;44721;45086;0.01
C148099;PLN005;44721;45086;0.09
C157617;PLN003;44721;45086;0.00
C176128;PLN006;44721;45086;0.00
C191796;PLN006;44721;45086;0.00
C207439;PLN001;44721;;0.00
C31730;PLN002;44721;;0.00
C37401;PLN006;44721;45086;0.00
C133696;PLN006;44751;45116;0.00
C170756;PLN006;44751;45116;0.00
C221191;PLN005;44751;45116;0.00
C221436;PLN006;44751;45116;0.00
C231884;PLN002;44751;;0.00
C118044;PLN006;44782;45147;0.08
C125831;PLN001;44782;;0.00
C135288;PLN006;44782;45147;0.00
C139620;PLN001;44782;;0.00
C190181;PLN006;44782;45147;0.00
C223451;PLN005;44782;45147;0.00
C252997;PLN006;44782;45147;0.00
C312331;PLN002;44782;;0.00
C186912;PLN003;44813;45178;0.02
C211232;PLN004;44813;45178;0.05
C349053;PLN004;44813;45178;0.00
C451614;PLN001;44813;;0.00
C104074;PLN005;44843;45208;0.00
C310287;PLN002;44843;;0.07
C337957;PLN006;44843;45208;0.00
C184849;PLN005;44874;45239;0.00
C235110;PLN003;44874;45239;0.00
C274856;PLN001;44874;;0.00
C283146;PLN004;44874;45239;0.00
C410913;PLN006;44874;45239;0.00
C43923;PLN004;44874;45239;0.00
C110100;PLN001;44904;;0.01
C150171;PLN004;44904;45269;0.00
C291048;PLN006;44904;45269;0.00
C293890;PLN004;44904;45269;0.00
C11990;PLN004;44817;45182;0.00
C175784;PLN003;44817;45182;0.00
C231048;PLN003;44817;45182;0.00
C399027;PLN004;44817;45182;0.03
C405598;PLN005;44817;45182;0.00
C441031;PLN003;44817;45182;0.00
C108091;PLN004;44818;45183;0.00
C193277;PLN001;44818;;0.00
C439354;PLN006;44820;45185;0.00
C136903;PLN004;44822;45187;0.02
C29890;PLN002;44822;;0.00
C367372;PLN002;44822;;0.00
C413712;PLN005;44822;45187;0.00
C194494;PLN001;44823;;0.00
C351768;PLN003;44823;45188;0.00
C402580;PLN005;44823;45188;0.00
C308671;PLN005;44824;45189;0.00
C310869;PLN003;44824;45189;0.00
C132018;PLN001;44825;;0.00
C238880;PLN005;44825;45190;0.00
C322612;PLN005;44825;45190;0.00
C411637;PLN004;44825;45190;0.00
C189595;PLN006;44826;45191;0.00
C351082;PLN003;44826;45191;0.00
C394129;PLN005;44826;45191;0.00
C155851;PLN004;44827;45192;0.00
C120345;PLN001;44828;;0.00
C239632;PLN004;44828;45193;0.00
C267298;PLN006;44828;45193;0.00
C345835;PLN006;44828;45193;0.05
C378344;PLN004;44828;45193;0.03
C290188;PLN006;44829;45194;0.00
C297500;PLN004;44829;45194;0.00
C315508;PLN005;44829;45194;0.07
C344887;PLN004;44829;45194;0.00
C438425;PLN004;44829;45194;0.00
C130138;PLN006;44830;45195;0.00
C14303;PLN004;44830;45195;0.00
C151363;PLN003;44830;45195;0.00
C263639;PLN004;44830;45195;0.00
C118929;PLN005;44831;45196;0.00
C138955;PLN006;44831;45196;0.00
C214385;PLN003;44831;45196;0.00
C234929;PLN006;44831;45196;0.00
C258994;PLN005;44831;45196;0.07
C319973;PLN001;44831;;0.00
C393514;PLN005;44831;45196;0.00
C399155;PLN003;44831;45196;0.03
C419870;PLN003;44831;45196;0.00
C426925;PLN006;44831;45196;0.00
C16046;PLN006;44832;45197;0.00
C394019;PLN006;44832;45197;0.00
C195352;PLN005;44833;45198;0.00
C208806;PLN003;44833;45198;0.00
C21818;PLN004;44833;45198;0.00
C24476;PLN006;44833;45198;0.00
C24720;PLN003;44833;45198;0.00
C344307;PLN006;44833;45198;0.00
C311209;PLN004;44834;45199;0.06
C386813;PLN004;44834;45199;0.01
C398380;PLN006;44834;45199;0.00
C447785;PLN001;44834;;0.00
C270015;PLN003;44571;44936;0.00
C282901;PLN003;44571;44936;0.00
C28447;PLN003;44571;44936;0.07
C287445;PLN001;44571;;0.00
C304061;PLN005;44571;44936;0.01
C39790;PLN005;44571;44936;0.00
C424347;PLN003;44571;44936;0.08
C183882;PLN002;44602;;0.00
C201188;PLN006;44602;44967;0.00
C32203;PLN005;44602;44967;0.00
C340066;PLN002;44602;;0.00
C370965;PLN005;44602;44967;0.01
C454583;PLN004;44602;44967;0.00
C284739;PLN006;44630;44995;0.00
C353978;PLN005;44630;44995;0.00
C360051;PLN005;44630;44995;0.00
C112076;PLN006;44661;45026;0.00
C144814;PLN006;44661;45026;0.00
C173695;PLN003;44661;45026;0.00
C206526;PLN001;44661;;0.03
C379393;PLN002;44661;;0.00
C388270;PLN006;44661;45026;0.00
C208058;PLN002;44691;;0.00
C144794;PLN002;44722;;0.00
C255115;PLN005;44722;45087;0.00
C343991;PLN003;44722;45087;0.00
C180571;PLN001;44752;;0.07
C247183;PLN005;44752;45117;0.00
C361963;PLN001;44752;;0.00
C13793;PLN006;44783;45148;0.00
C222523;PLN003;44783;45148;0.05
C273420;PLN004;44783;45148;0.10
C281698;PLN005;44783;45148;0.00
C368665;PLN006;44783;45148;0.00
C377168;PLN006;44783;45148;0.00
C161513;PLN005;44814;45179;0.00
C191355;PLN003;44814;45179;0.00
C278079;PLN005;44814;45179;0.00
C268782;PLN006;44844;45209;0.00
C118434;PLN005;44875;45240;0.00
C145834;PLN006;44875;45240;0.00
C220118;PLN003;44875;45240;0.00
C382615;PLN003;44875;45240;0.00
C453367;PLN006;44875;45240;0.00
C293027;PLN003;44905;45270;0.00
C42467;PLN006;44905;45270;0.00
C190375;PLN004;44847;45212;0.00
C296623;PLN004;44847;45212;0.00
C330619;PLN003;44847;45212;0.00
C380673;PLN003;44847;45212;0.00
C390516;PLN003;44847;45212;0.00
C195149;PLN004;44848;45213;0.00
C279775;PLN004;44848;45213;0.04
C400813;PLN006;44848;45213;0.00
C119711;PLN005;44849;45214;0.00
C246270;PLN001;44849;;0.00
C279602;PLN002;44849;;0.05
C358742;PLN006;44849;45214;0.00
C375560;PLN005;44849;45214;0.00
C396895;PLN003;44849;45214;0.00
C241380;PLN001;44851;;0.07
C291834;PLN003;44851;45216;0.00
C323181;PLN006;44851;45216;0.00
C335916;PLN003;44851;45216;0.00
C433128;PLN003;44851;45216;0.00
C115764;PLN002;44852;;0.00
C203951;PLN003;44852;45217;0.00
C204750;PLN006;44852;45217;0.04
C207419;PLN001;44852;;0.00
C239767;PLN006;44852;45217;0.00
C246847;PLN005;44852;45217;0.00
C319450;PLN006;44852;45217;0.00
C413338;PLN003;44852;45217;0.00
C427620;PLN005;44852;45217;0.00
C121267;PLN003;44853;45218;0.00
C19119;PLN002;44853;;0.00
C277343;PLN002;44853;;0.00
C179060;PLN004;44854;45219;0.00
C374975;PLN004;44854;45219;0.00
C160787;PLN005;44855;45220;0.00
C132558;PLN001;44856;;0.00
C184875;PLN004;44856;45221;0.00
C319973;PLN005;44856;45221;0.00
C441704;PLN003;44856;45221;0.06
C228075;PLN002;44857;;0.02
C37049;PLN003;44857;45222;0.00
C386127;PLN004;44857;45222;0.00
C373985;PLN003;44858;45223;0.05
C441270;PLN003;44858;45223;0.00
C446686;PLN006;44858;45223;0.00
C233327;PLN001;44859;;0.00
C104764;PLN003;44860;45225;0.01
C150012;PLN005;44860;45225;0.00
C150968;PLN005;44860;45225;0.00
C218259;PLN006;44860;45225;0.00
C234689;PLN005;44860;45225;0.06
C297028;PLN003;44860;45225;0.00
C311804;PLN003;44860;45225;0.00
C316006;PLN004;44860;45225;0.00
C438013;PLN004;44860;45225;0.00
C247983;PLN003;44861;45226;0.00
C288389;PLN006;44861;45226;0.00
C340679;PLN002;44861;;0.00
C383306;PLN002;44861;;0.00
C102915;PLN002;44862;;0.04
C208058;PLN003;44862;45227;0.06
C279313;PLN002;44862;;0.00
C40062;PLN003;44862;45227;0.00
C429898;PLN003;44862;45227;0.00
C147286;PLN003;44863;45228;0.00
C149771;PLN005;44863;45228;0.10
C234314;PLN005;44863;45228;0.00
C246775;PLN003;44863;45228;0.00
C306338;PLN003;44863;45228;0.00
C394787;PLN006;44863;45228;0.00
C42335;PLN005;44863;45228;0.00
C166692;PLN004;44864;45229;0.00
C330619;PLN004;44864;45229;0.09
C33125;PLN001;44864;;0.00
C364813;PLN006;44864;45229;0.00
C416428;PLN006;44864;45229;0.08
C162773;PLN006;44865;45230;0.00
C218509;PLN006;44865;45230;0.00
C267290;PLN004;44865;45230;0.00
C168861;PLN006;44572;44937;0.00
C202315;PLN006;44572;44937;0.00
C296321;PLN006;44572;44937;0.00
C309297;PLN005;44572;44937;0.04
C275685;PLN004;44603;44968;0.00
C305123;PLN003;44603;44968;0.00
C412523;PLN005;44603;44968;0.01
C435687;PLN003;44603;44968;0.00
C448720;PLN006;44603;44968;0.00
C178443;PLN004;44631;44996;0.00
C350290;PLN001;44631;;0.00
C450830;PLN006;44631;44996;0.00
C21600;PLN004;44662;45027;0.00
C219611;PLN003;44662;45027;0.00
C358965;PLN006;44662;45027;0.00
C390346;PLN001;44662;;0.00
C435687;PLN006;44662;45027;0.00
C441961;PLN006;44662;45027;0.00
C129641;PLN001;44692;;0.03
C31290;PLN005;44692;45057;0.00
C306736;PLN005;44723;45088;0.00
C337445;PLN003;44723;45088;0.00
C154871;PLN003;44753;45118;0.00
C23998;PLN004;44753;45118;0.00
C456004;PLN004;44753;45118;0.03
C143436;PLN002;44784;;0.00
C309826;PLN006;44784;45149;0.00
C419522;PLN005;44784;45149;0.00
C102971;PLN003;44815;45180;0.00
C192834;PLN001;44815;;0.10
C314645;PLN005;44815;45180;0.02
C324527;PLN004;44815;45180;0.03
C40085;PLN003;44815;45180;0.08
C170175;PLN005;44845;45210;0.00
C178776;PLN006;44845;45210;0.00
C277094;PLN005;44845;45210;0.00
C375310;PLN004;44845;45210;0.06
C148099;PLN004;44876;45241;0.00
C194855;PLN003;44876;45241;0.00
C351768;PLN004;44876;45241;0.10
C381354;PLN003;44876;45241;0.03
C419747;PLN002;44876;;0.00
C141312;PLN004;44906;45271;0.06
C320113;PLN004;44906;45271;0.00
C324425;PLN006;44878;45243;0.00
C37672;PLN001;44878;;0.00
C382678;PLN003;44878;45243;0.07
C400619;PLN005;44878;45243;0.00
C430638;PLN005;44878;45243;0.00
C144723;PLN004;44879;45244;0.00
C244913;PLN003;44879;45244;0.00
C30955;PLN004;44879;45244;0.00
C367274;PLN006;44879;45244;0.00
C210617;PLN004;44880;45245;0.00
C255157;PLN003;44880;45245;0.00
C294722;PLN004;44880;45245;0.00
C318997;PLN005;44880;45245;0.00
C392364;PLN005;44880;45245;0.00
C415685;PLN006;44880;45245;0.00
C108400;PLN002;44881;;0.00
C221968;PLN006;44881;45246;0.00
C361826;PLN004;44881;45246;0.00
C385009;PLN006;44881;45246;0.00
C318991;PLN003;44882;45247;0.00
C320871;PLN006;44882;45247;0.00
C330314;PLN003;44882;45247;0.00
C398441;PLN001;44882;;0.00
C427169;PLN002;44882;;0.00
C119048;PLN003;44883;45248;0.00
C164994;PLN004;44883;45248;0.00
C199227;PLN005;44883;45248;0.00
C217438;PLN005;44883;45248;0.00
C222284;PLN001;44883;;0.00
C279313;PLN003;44883;45248;0.00
C286462;PLN002;44883;;0.00
C363851;PLN002;44883;;0.00
C386283;PLN001;44883;;0.00
C43627;PLN004;44883;45248;0.02
C274616;PLN004;44884;45249;0.00
C339372;PLN002;44884;;0.00
C436721;PLN004;44884;45249;0.09
C163206;PLN005;44885;45250;0.08
C245576;PLN006;44885;45250;0.00
C363373;PLN003;44885;45250;0.00
C375441;PLN004;44885;45250;0.00
C352896;PLN002;44886;;0.00
C425573;PLN004;44886;45251;0.00
C2704;PLN002;44887;;0.00
C312338;PLN004;44887;45252;0.00
C377821;PLN003;44887;45252;0.00
C413417;PLN005;44887;45252;0.00
C446698;PLN004;44887;45252;0.01
C360118;PLN001;44888;;0.00
C393862;PLN005;44888;45253;0.00
C41116;PLN003;44888;45253;0.00
C424971;PLN001;44888;;0.00
C122226;PLN003;44889;45254;0.00
C244316;PLN003;44889;45254;0.00
C268782;PLN004;44889;45254;0.00
C280378;PLN005;44889;45254;0.00
C364155;PLN005;44889;45254;0.00
C450792;PLN004;44889;45254;0.00
C15414;PLN003;44890;45255;0.00
C221720;PLN005;44890;45255;0.03
C343571;PLN002;44890;;0.05
C438722;PLN003;44890;45255;0.00
C16791;PLN002;44891;;0.00
C203221;PLN006;44891;45256;0.00
C225238;PLN006;44891;45256;0.05
C226312;PLN005;44891;45256;0.05
C335560;PLN004;44891;45256;0.00
C175059;PLN001;44892;;0.00
C264408;PLN006;44892;45257;0.00
C419188;PLN001;44892;;0.00
C167642;PLN003;44893;45258;0.00
C184225;PLN006;44893;45258;0.00
C320329;PLN001;44893;;0.00
C439354;PLN004;44893;45258;0.00
C446252;PLN001;44893;;0.00
C234344;PLN003;44894;45259;0.00
C293142;PLN004;44894;45259;0.00
C296400;PLN005;44894;45259;0.00
C306338;PLN005;44894;45259;0.00
C420394;PLN003;44894;45259;0.00
C424356;PLN005;44894;45259;0.00
C126234;PLN006;44895;45260;0.00
C192467;PLN004;44895;45260;0.00
C22202;PLN004;44895;45260;0.00
C233707;PLN003;44895;45260;0.00
C284704;PLN005;44895;45260;0.04
C37023;PLN005;44895;45260;0.00
C457647;PLN004;44895;45260;0.00
C110028;PLN003;44573;44938;0.00
C122844;PLN003;44573;44938;0.10
C195855;PLN006;44573;44938;0.00
C311745;PLN002;44573;;0.00
C121437;PLN002;44604;;0.00
C15841;PLN005;44604;44969;0.00
C211415;PLN004;44604;44969;0.00
C227813;PLN006;44604;44969;0.00
C298133;PLN006;44604;44969;0.00
C146544;PLN005;44632;44997;0.00
C264484;PLN005;44632;44997;0.00
C387381;PLN003;44632;44997;0.00
C192943;PLN003;44663;45028;0.07
C229236;PLN005;44663;45028;0.00
C249845;PLN003;44663;45028;0.00
C262872;PLN005;44663;45028;0.00
C350644;PLN002;44663;;0.00
C137783;PLN004;44693;45058;0.00
C184225;PLN003;44693;45058;0.00
C290968;PLN003;44693;45058;0.02
C346671;PLN002;44693;;0.00
C350977;PLN004;44693;45058;0.00
C417119;PLN005;44693;45058;0.00
C456621;PLN003;44693;45058;0.00
C173532;PLN006;44724;45089;0.00
C350533;PLN001;44724;;0.00
C44124;PLN005;44724;45089;0.00
C23304;PLN002;44754;;0.00
C252001;PLN006;44754;45119;0.10
C397746;PLN003;44754;45119;0.00
C119401;PLN006;44785;45150;0.00
C214185;PLN006;44785;45150;0.00
C170858;PLN002;44816;;0.00
C212452;PLN006;44816;45181;0.02
C21600;PLN003;44816;45181;0.00
C370378;PLN006;44816;45181;0.00
C200629;PLN006;44846;45211;0.00
C343945;PLN003;44846;45211;0.00
C356484;PLN003;44846;45211;0.09
C363961;PLN002;44846;;0.00
C365142;PLN005;44846;45211;0.00
C370170;PLN005;44846;45211;0.00
C424794;PLN005;44846;45211;0.00
C233470;PLN004;44877;45242;0.00
C277754;PLN004;44877;45242;0.00
C354601;PLN005;44877;45242;0.00
C379284;PLN006;44877;45242;0.00
C407835;PLN001;44877;;0.03
C415740;PLN002;44877;;0.00
C447580;PLN005;44877;45242;0.00
C458175;PLN006;44877;45242;0.00
C131819;PLN003;44907;45272;0.00
C194138;PLN006;44907;45272;0.00
C332763;PLN005;44907;45272;0.00
C356837;PLN001;44907;;0.00
C231959;PLN003;44908;45273;0.00
C237505;PLN004;44908;45273;0.00
C291834;PLN004;44908;45273;0.00
C298344;PLN004;44908;45273;0.02
C366209;PLN006;44908;45273;0.05
C369000;PLN005;44908;45273;0.00
C422220;PLN001;44908;;0.06
C305624;PLN006;44909;45274;0.00
C37049;PLN006;44909;45274;0.00
C170171;PLN006;44910;45275;0.00
C259603;PLN005;44910;45275;0.00
C432860;PLN003;44910;45275;0.00
C107595;PLN001;44911;;0.00
C121279;PLN006;44911;45276;0.00
C308268;PLN005;44911;45276;0.00
C365896;PLN003;44911;45276;0.00
C372353;PLN002;44911;;0.00
C391423;PLN003;44911;45276;0.00
C134238;PLN003;44912;45277;0.00
C146427;PLN004;44912;45277;0.07
C340013;PLN005;44912;45277;0.00
C412554;PLN004;44912;45277;0.00
C168892;PLN004;44913;45278;0.00
C366684;PLN003;44913;45278;0.03
C442588;PLN004;44913;45278;0.00
C112779;PLN006;44914;45279;0.00
C160438;PLN004;44914;45279;0.00
C263867;PLN003;44914;45279;0.00
C42335;PLN004;44914;45279;0.00
C426916;PLN006;44915;45280;0.00
C131092;PLN003;44916;45281;0.00
C151611;PLN005;44916;45281;0.00
C305047;PLN006;44916;45281;0.05
C195026;PLN006;44917;45282;0.00
C274036;PLN006;44917;45282;0.00
C448024;PLN004;44917;45282;0.00
C192779;PLN003;44918;45283;0.00
C199985;PLN003;44918;45283;0.00
C415193;PLN006;44918;45283;0.00
C425240;PLN003;44918;45283;0.00
C110579;PLN004;44919;45284;0.09
C112202;PLN005;44919;45284;0.00
C120768;PLN003;44919;45284;0.00
C254197;PLN005;44920;45285;0.00
C291001;PLN006;44920;45285;0.00
C392346;PLN006;44920;45285;0.00
C140226;PLN003;44921;45286;0.02
C226226;PLN004;44921;45286;0.00
C242515;PLN003;44921;45286;0.00
C293891;PLN004;44921;45286;0.00
C334932;PLN004;44921;45286;0.00
C24706;PLN003;44922;45287;0.00
C157278;PLN005;44923;45288;0.00
C157980;PLN005;44923;45288;0.00
C197454;PLN001;44923;;0.03
C213951;PLN001;44923;;0.00
C156325;PLN005;44924;45289;0.04
C316312;PLN006;44924;45289;0.00
C391890;PLN002;44924;;0.00
C103398;PLN001;44925;;0.00
C106753;PLN004;44925;45290;0.00
C125354;PLN004;44925;45290;0.00
C152043;PLN002;44925;;0.00
C225011;PLN002;44925;;0.00
C165038;PLN006;44926;45291;0.00
C172444;PLN003;44926;45291;0.00
C185447;PLN001;44926;;0.00
C297941;PLN005;44926;45291;0.00
C412444;PLN004;44926;45291;0.00
C425945;PLN006;44926;45291;0.00
