lat_info;lng_info;city_name;state_id;state_name;region_name
18,18027;-66,75266;Adjuntas;PR;Puerto Rico;Caribbean (Territory)
18,36075;-67,17541;Aguada;PR;Puerto Rico;Caribbean (Territory)
18,45744;-67,12225;Aguadilla;PR;Puerto Rico;Caribbean (Territory)
18,16585;-66,93716;Maricao;PR;Puerto Rico;Caribbean (Territory)
18,2911;-67,12243;Anasco;PR;Puerto Rico;Caribbean (Territory)
18,27698;-66,80688;Angeles;PR;Puerto Rico;Caribbean (Territory)
18,41283;-66,7051;Arecibo;PR;Puerto Rico;Caribbean (Territory)
18,41878;-66,6679;Bajadero;PR;Puerto Rico;Caribbean (Territory)
18,44598;-66,56006;Barceloneta;PR;Puerto Rico;Caribbean (Territory)
17,98892;-67,1566;Boqueron;PR;Puerto Rico;Caribbean (Territory)
18,08429;-67,15336;Cabo Rojo;PR;Puerto Rico;Caribbean (Territory)
18,05905;-66,71932;Penuelas;PR;Puerto Rico;Caribbean (Territory)
18,41905;-66,86037;Camuy;PR;Puerto Rico;Caribbean (Territory)
18,1852;-66,83169;Castaner;PR;Puerto Rico;Caribbean (Territory)
18,081;-66,94659;Sabana Grande;PR;Puerto Rico;Caribbean (Territory)
18,28462;-66,5137;Ciales;PR;Puerto Rico;Caribbean (Territory)
18,26742;-66,70212;Utuado;PR;Puerto Rico;Caribbean (Territory)
18,43251;-66,28429;Dorado;PR;Puerto Rico;Caribbean (Territory)
17,96667;-66,94266;Ensenada;PR;Puerto Rico;Caribbean (Territory)
18,34487;-66,58347;Florida;PR;Puerto Rico;Caribbean (Territory)
18,45614;-66,60194;Garrochales;PR;Puerto Rico;Caribbean (Territory)
17,99413;-66,90266;Guanica;PR;Puerto Rico;Caribbean (Territory)
18,04186;-66,79123;Guayanilla;PR;Puerto Rico;Caribbean (Territory)
18,41036;-66,79691;Hatillo;PR;Puerto Rico;Caribbean (Territory)
18,13412;-67,11399;Hormigueros;PR;Puerto Rico;Caribbean (Territory)
18,46622;-67,01508;Isabela;PR;Puerto Rico;Caribbean (Territory)
18,21064;-66,59066;Jayuya;PR;Puerto Rico;Caribbean (Territory)
18,01246;-67,0417;Lajas;PR;Puerto Rico;Caribbean (Territory)
18,27019;-66,86727;Lares;PR;Puerto Rico;Caribbean (Territory)
18,23782;-66,98852;Las Marias;PR;Puerto Rico;Caribbean (Territory)
18,42229;-66,4891;Manati;PR;Puerto Rico;Caribbean (Territory)
18,37897;-67,08098;Moca;PR;Puerto Rico;Caribbean (Territory)
18,33535;-67,23155;Rincon;PR;Puerto Rico;Caribbean (Territory)
18,42949;-66,93016;Quebradillas;PR;Puerto Rico;Caribbean (Territory)
18,16307;-67,36122;Mayaguez;PR;Puerto Rico;Caribbean (Territory)
18,10926;-67,03803;San German;PR;Puerto Rico;Caribbean (Territory)
18,33656;-66,97518;San Sebastian;PR;Puerto Rico;Caribbean (Territory)
18,31707;-66,42029;Morovis;PR;Puerto Rico;Caribbean (Territory)
18,3807;-66,62496;Sabana Hoyos;PR;Puerto Rico;Caribbean (Territory)
18,49363;-67,09734;San Antonio;PR;Puerto Rico;Caribbean (Territory)
18,40905;-66,33768;Vega Alta;PR;Puerto Rico;Caribbean (Territory)
18,42633;-66,39811;Vega Baja;PR;Puerto Rico;Caribbean (Territory)
18,07274;-66,85519;Yauco;PR;Puerto Rico;Caribbean (Territory)
18,24739;-66,13143;Aguas Buenas;PR;Puerto Rico;Caribbean (Territory)
17,97442;-66,22888;Aguirre;PR;Puerto Rico;Caribbean (Territory)
18,1294;-66,26653;Aibonito;PR;Puerto Rico;Caribbean (Territory)
18,01752;-65,92127;Maunabo;PR;Puerto Rico;Caribbean (Territory)
17,9981;-66,05635;Arroyo;PR;Puerto Rico;Caribbean (Territory)
17,99738;-66,56104;Mercedita;PR;Puerto Rico;Caribbean (Territory)
17,99942;-66,59868;Ponce;PR;Puerto Rico;Caribbean (Territory)
18,23145;-65,76067;Naguabo;PR;Puerto Rico;Caribbean (Territory)
18,28879;-66,25316;Naranjito;PR;Puerto Rico;Caribbean (Territory)
18,21559;-66,42421;Orocovis;PR;Puerto Rico;Caribbean (Territory)
18,03139;-66,01122;Patillas;PR;Puerto Rico;Caribbean (Territory)
18,22052;-66,03962;Caguas;PR;Puerto Rico;Caribbean (Territory)
18,33524;-65,88677;Canovanas;PR;Puerto Rico;Caribbean (Territory)
18,2525;-65,67534;Ceiba;PR;Puerto Rico;Caribbean (Territory)
18,10736;-66,14994;Cayey;PR;Puerto Rico;Caribbean (Territory)
18,31793;-65,66793;Fajardo;PR;Puerto Rico;Caribbean (Territory)
18,17543;-66,16198;Cidra;PR;Puerto Rico;Caribbean (Territory)
18,33251;-65,63419;Puerto Real;PR;Puerto Rico;Caribbean (Territory)
18,16569;-65,75506;Punta Santiago;PR;Puerto Rico;Caribbean (Territory)
18,3466;-65,81382;Rio Grande;PR;Puerto Rico;Caribbean (Territory)
18,01205;-66,25871;Salinas;PR;Puerto Rico;Caribbean (Territory)
18,1447;-65,97565;San Lorenzo;PR;Puerto Rico;Caribbean (Territory)
17,9933;-66,39056;Santa Isabel;PR;Puerto Rico;Caribbean (Territory)
18,12365;-65,43013;Vieques;PR;Puerto Rico;Caribbean (Territory)
18,13039;-66,4757;Villalba;PR;Puerto Rico;Caribbean (Territory)
18,07033;-65,89618;Yabucoa;PR;Puerto Rico;Caribbean (Territory)
18,09459;-66,3607;Coamo;PR;Puerto Rico;Caribbean (Territory)
18,18797;-65,86916;Las Piedras;PR;Puerto Rico;Caribbean (Territory)
18,43048;-65,90377;Loiza;PR;Puerto Rico;Caribbean (Territory)
18,34073;-65,72756;Luquillo;PR;Puerto Rico;Caribbean (Territory)
18,31387;-65,28618;Culebra;PR;Puerto Rico;Caribbean (Territory)
18,22365;-65,90904;Juncos;PR;Puerto Rico;Caribbean (Territory)
18,26319;-65,97938;Gurabo;PR;Puerto Rico;Caribbean (Territory)
18,09998;-66,57032;Coto Laurel;PR;Puerto Rico;Caribbean (Territory)
18,22501;-66,22452;Comerio;PR;Puerto Rico;Caribbean (Territory)
18,30348;-66,32851;Corozal;PR;Puerto Rico;Caribbean (Territory)
18,00558;-66,13651;Guayama;PR;Puerto Rico;Caribbean (Territory)
18,1357;-66,22881;La Plata;PR;Puerto Rico;Caribbean (Territory)
18,14391;-65,81398;Humacao;PR;Puerto Rico;Caribbean (Territory)
18,19934;-66,31179;Barranquitas;PR;Puerto Rico;Caribbean (Territory)
18,05128;-66,49485;Juana Diaz;PR;Puerto Rico;Caribbean (Territory)
18,34349;-64,9287;St Thomas;VI;Virgin Islands;0
17,7388;-64,70695;Christiansted;VI;Virgin Islands;0
18,33857;-64,73802;St John;VI;Virgin Islands;0
17,72649;-64,84717;Frederiksted;VI;Virgin Islands;0
17,72763;-64,79122;Kingshill;VI;Virgin Islands;0
18,46478;-66,10277;San Juan;PR;Puerto Rico;Caribbean (Territory)
18,41372;-66,11998;Fort Buchanan;PR;Puerto Rico;Caribbean (Territory)
18,43166;-66,21349;Toa Baja;PR;Puerto Rico;Caribbean (Territory)
18,42874;-66,18897;Sabana Seca;PR;Puerto Rico;Caribbean (Territory)
18,36319;-66,24764;Toa Alta;PR;Puerto Rico;Caribbean (Territory)
18,32121;-66,17185;Bayamon;PR;Puerto Rico;Caribbean (Territory)
18,43514;-66,13949;Catano;PR;Puerto Rico;Caribbean (Territory)
18,42853;-66,11175;Guaynabo;PR;Puerto Rico;Caribbean (Territory)
18,33903;-65,99286;Trujillo Alto;PR;Puerto Rico;Caribbean (Territory)
18,43734;-66,0089;Carolina;PR;Puerto Rico;Caribbean (Territory)
42,06262;-72,62521;Agawam;MA;Massachusetts;Northeast
42,37633;-72,46462;Amherst;MA;Massachusetts;Northeast
42,42117;-72,10655;Barre;MA;Massachusetts;Northeast
42,28163;-72,40009;Belchertown;MA;Massachusetts;Northeast
42,18234;-72,95819;Blandford;MA;Massachusetts;Northeast
42,21133;-72,34189;Bondsville;MA;Massachusetts;Northeast
42,12904;-72,20597;Brimfield;MA;Massachusetts;Northeast
42,30233;-72,96448;Chester;MA;Massachusetts;Northeast
42,38495;-72,84675;Chesterfield;MA;Massachusetts;Northeast
42,16059;-72,60788;Chicopee;MA;Massachusetts;Northeast
42,46858;-72,92296;Cummington;MA;Massachusetts;Northeast
42,29506;-72,74303;Easthampton;MA;Massachusetts;Northeast
42,05967;-72,49899;East Longmeadow;MA;Massachusetts;Northeast
42,19402;-73,05067;East Otis;MA;Massachusetts;Northeast
42,06869;-72,67967;Feeding Hills;MA;Massachusetts;Northeast
42,32782;-72,19191;Gilbertville;MA;Massachusetts;Northeast
42,45313;-72,81965;Goshen;MA;Massachusetts;Northeast
42,26082;-72,50361;Granby;MA;Massachusetts;Northeast
42,0826;-72,95611;Granville;MA;Massachusetts;Northeast
42,35563;-72,5692;Hadley;MA;Massachusetts;Northeast
42,0638;-72,4157;Hampden;MA;Massachusetts;Northeast
42,37063;-72,19466;Hardwick;MA;Massachusetts;Northeast
42,38466;-72,60559;Hatfield;MA;Massachusetts;Northeast
42,41049;-72,69188;Haydenville;MA;Massachusetts;Northeast
42,21251;-72,64109;Holyoke;MA;Massachusetts;Northeast
42,29092;-72,87526;Huntington;MA;Massachusetts;Northeast
42,35205;-72,71032;Leeds;MA;Massachusetts;Northeast
42,47381;-72,48768;Leverett;MA;Massachusetts;Northeast
42,19211;-72,45805;Ludlow;MA;Massachusetts;Northeast
42,09118;-72,32392;Monson;MA;Massachusetts;Northeast
42,32218;-72,63126;Northampton;MA;Massachusetts;Northeast
42,32146;-72,69244;Florence;MA;Massachusetts;Northeast
42,40742;-72,64032;North Hatfield;MA;Massachusetts;Northeast
42,35125;-72,04776;Oakham;MA;Massachusetts;Northeast
42,18798;-72,30578;Palmer;MA;Massachusetts;Northeast
42,51958;-72,92504;Plainfield;MA;Massachusetts;Northeast
42,16029;-72,8598;Russell;MA;Massachusetts;Northeast
42,46327;-72,41893;Shutesbury;MA;Massachusetts;Northeast
42,23084;-72,73856;Southampton;MA;Massachusetts;Northeast
42,3837;-72,10021;South Barre;MA;Massachusetts;Northeast
42,25672;-72,57928;South Hadley;MA;Massachusetts;Northeast
42,05441;-72,77851;Southwick;MA;Massachusetts;Northeast
42,18508;-72,33406;Thorndike;MA;Massachusetts;Northeast
42,18228;-72,36515;Three Rivers;MA;Massachusetts;Northeast
42,06232;-72,23085;Wales;MA;Massachusetts;Northeast
42,29816;-72,27676;Ware;MA;Massachusetts;Northeast
42,20652;-72,19906;Warren;MA;Massachusetts;Northeast
42,38589;-72,88165;West Chesterfield;MA;Massachusetts;Northeast
42,15375;-72,76961;Westfield;MA;Massachusetts;Northeast
42,38981;-72,6465;West Hatfield;MA;Massachusetts;Northeast
42,12532;-72,65025;West Springfield;MA;Massachusetts;Northeast
42,20008;-72,23715;West Warren;MA;Massachusetts;Northeast
42,44335;-72,65099;Whately;MA;Massachusetts;Northeast
42,36481;-72,13548;Wheelwright;MA;Massachusetts;Northeast
42,12763;-72,42994;Wilbraham;MA;Massachusetts;Northeast
42,40968;-72,77213;Williamsburg;MA;Massachusetts;Northeast
42,17722;-72,83175;Woronoco;MA;Massachusetts;Northeast
42,39551;-72,94315;Worthington;MA;Massachusetts;Northeast
42,10443;-72,58997;Springfield;MA;Massachusetts;Northeast
42,04877;-72,57163;Longmeadow;MA;Massachusetts;Northeast
42,15294;-72,50883;Indian Orchard;MA;Massachusetts;Northeast
42,45614;-73,28114;Pittsfield;MA;Massachusetts;Northeast
42,62686;-73,11873;Adams;MA;Massachusetts;Northeast
42,06242;-73,32146;Ashley Falls;MA;Massachusetts;Northeast
42,31118;-73,09835;Becket;MA;Massachusetts;Northeast
42,50622;-73,19841;Berkshire;MA;Massachusetts;Northeast
42,56385;-73,1512;Cheshire;MA;Massachusetts;Northeast
42,47954;-73,15329;Dalton;MA;Massachusetts;Northeast
42,29411;-73,35227;Glendale;MA;Massachusetts;Northeast
42,18197;-73,34244;Great Barrington;MA;Massachusetts;Northeast
42,43181;-73,07336;Hinsdale;MA;Massachusetts;Northeast
42,26923;-73,37999;Housatonic;MA;Massachusetts;Northeast
42,5529;-73,25373;Lanesborough;MA;Massachusetts;Northeast
42,30072;-73,22553;Lee;MA;Massachusetts;Northeast
42,37567;-73,26466;Lenox;MA;Massachusetts;Northeast
42,3334;-73,24967;Lenox Dale;MA;Massachusetts;Northeast
42,34752;-73,03467;Middlefield;MA;Massachusetts;Northeast
42,10924;-73,27475;Mill River;MA;Massachusetts;Northeast
42,19043;-73,21579;Monterey;MA;Massachusetts;Northeast
42,69813;-73,09264;North Adams;MA;Massachusetts;Northeast
42,20751;-73,1118;Otis;MA;Massachusetts;Northeast
42,37972;-73,36608;Richmond;MA;Massachusetts;Northeast
42,1068;-73,12213;Sandisfield;MA;Massachusetts;Northeast
42,59627;-73,01958;Savoy;MA;Massachusetts;Northeast
42,0976;-73,37241;Sheffield;MA;Massachusetts;Northeast
42,09396;-73,46616;South Egremont;MA;Massachusetts;Northeast
42,07316;-73,23282;Southfield;MA;Massachusetts;Northeast
42,26663;-73,2712;South Lee;MA;Massachusetts;Northeast
42,30433;-73,32013;Stockbridge;MA;Massachusetts;Northeast
42,23997;-73,19686;Tyringham;MA;Massachusetts;Northeast
42,30264;-73,39846;West Stockbridge;MA;Massachusetts;Northeast
42,66593;-73,24209;Williamstown;MA;Massachusetts;Northeast
42,51297;-73,04859;Windsor;MA;Massachusetts;Northeast
42,62375;-72,60379;Greenfield;MA;Massachusetts;Northeast
42,51772;-72,81556;Ashfield;MA;Massachusetts;Northeast
42,56793;-72,18324;Athol;MA;Massachusetts;Northeast
42,69512;-72,57731;Bernardston;MA;Massachusetts;Northeast
42,5814;-72,80309;Buckland;MA;Massachusetts;Northeast
42,61099;-72,88846;Charlemont;MA;Massachusetts;Northeast
42,68805;-72,73205;Colrain;MA;Massachusetts;Northeast
42,50734;-72,70221;Conway;MA;Massachusetts;Northeast
42,54384;-72,6058;Deerfield;MA;Massachusetts;Northeast
42,66766;-72,98822;Drury;MA;Massachusetts;Northeast
42,60756;-72,42916;Erving;MA;Massachusetts;Northeast
42,6706;-72,81323;Heath;MA;Massachusetts;Northeast
42,56027;-72,51321;Lake Pleasant;MA;Massachusetts;Northeast
42,56656;-72,47045;Millers Falls;MA;Massachusetts;Northeast
42,72259;-72,98291;Monroe Bridge;MA;Massachusetts;Northeast
42,54162;-72,52069;Montague;MA;Massachusetts;Northeast
42,63282;-72,51136;Gill;MA;Massachusetts;Northeast
42,45101;-72,33141;New Salem;MA;Massachusetts;Northeast
42,67575;-72,446;Northfield;MA;Massachusetts;Northeast
42,60449;-72,29263;Orange;MA;Massachusetts;Northeast
42,48858;-72,18564;Petersham;MA;Massachusetts;Northeast
42,69674;-72,91387;Rowe;MA;Massachusetts;Northeast
42,67815;-72,18557;Royalston;MA;Massachusetts;Northeast
42,59607;-72,72915;Shelburne Falls;MA;Massachusetts;Northeast
42,47292;-72,61516;South Deerfield;MA;Massachusetts;Northeast
42,46475;-72,55489;Sunderland;MA;Massachusetts;Northeast
42,59273;-72,54591;Turners Falls;MA;Massachusetts;Northeast
42,67711;-72,34057;Warwick;MA;Massachusetts;Northeast
42,54149;-72,3989;Wendell;MA;Massachusetts;Northeast
42,58675;-72,40264;Wendell Depot;MA;Massachusetts;Northeast
42,58559;-71,81693;Fitchburg;MA;Massachusetts;Northeast
42,66069;-71,9232;Ashburnham;MA;Massachusetts;Northeast
42,67652;-71,82322;Ashby;MA;Massachusetts;Northeast
42,56351;-71,57059;Ayer;MA;Massachusetts;Northeast
42,53149;-71,61663;Devens;MA;Massachusetts;Northeast
42,60579;-72,08958;Baldwinville;MA;Massachusetts;Northeast
42,56028;-72,03583;East Templeton;MA;Massachusetts;Northeast
42,58797;-71,98649;Gardner;MA;Massachusetts;Northeast
42,61368;-71,56139;Groton;MA;Massachusetts;Northeast
42,50005;-71,57754;Harvard;MA;Massachusetts;Northeast
42,48378;-72,00514;Hubbardston;MA;Massachusetts;Northeast
42,51961;-71,76583;Leominster;MA;Massachusetts;Northeast
42,53503;-71,4891;Littleton;MA;Massachusetts;Northeast
42,58994;-71,72036;Lunenburg;MA;Massachusetts;Northeast
42,67126;-71,60429;Pepperell;MA;Massachusetts;Northeast
42,57411;-71,6475;Shirley;MA;Massachusetts;Northeast
42,55324;-72,06879;Templeton;MA;Massachusetts;Northeast
42,66514;-71,69161;Townsend;MA;Massachusetts;Northeast
42,55122;-71,90266;Westminster;MA;Massachusetts;Northeast
42,67088;-71,7508;West Townsend;MA;Massachusetts;Northeast
42,66675;-72,04902;Winchendon;MA;Massachusetts;Northeast
42,19689;-71,84549;Auburn;MA;Massachusetts;Northeast
42,38378;-71,63552;Berlin;MA;Massachusetts;Northeast
42,0399;-71,53125;Blackstone;MA;Massachusetts;Northeast
42,35633;-71,72123;Boylston;MA;Massachusetts;Northeast
42,19364;-72,10441;Brookfield;MA;Massachusetts;Northeast
42,13509;-71,96803;Charlton;MA;Massachusetts;Northeast
42,4119;-71,68883;Clinton;MA;Massachusetts;Northeast
42,20328;-72,04669;East Brookfield;MA;Massachusetts;Northeast
42,0528;-71,75106;Douglas;MA;Massachusetts;Northeast
42,11342;-72,11632;Fiskdale;MA;Massachusetts;Northeast
42,20077;-71,67892;Grafton;MA;Massachusetts;Northeast
42,33685;-71,85181;Holden;MA;Massachusetts;Northeast
42,06012;-72,16592;Holland;MA;Massachusetts;Northeast
42,38142;-71,87111;Jefferson;MA;Massachusetts;Northeast
42,48176;-71,68079;Lancaster;MA;Massachusetts;Northeast
42,24919;-71,91989;Leicester;MA;Massachusetts;Northeast
42,09899;-71,64296;Linwood;MA;Massachusetts;Northeast
42,19228;-71,77397;Millbury;MA;Massachusetts;Northeast
42,03906;-71,57767;Millville;MA;Massachusetts;Northeast
42,31929;-72,12794;New Braintree;MA;Massachusetts;Northeast
42,32314;-71,64621;Northborough;MA;Massachusetts;Northeast
42,13991;-71,64433;Northbridge;MA;Massachusetts;Northeast
42,2695;-72,07794;North Brookfield;MA;Massachusetts;Northeast
42,23189;-71,69219;North Grafton;MA;Massachusetts;Northeast
42,16177;-71,89217;North Oxford;MA;Massachusetts;Northeast
42,11649;-71,85819;Oxford;MA;Massachusetts;Northeast
42,45649;-71,88128;Princeton;MA;Massachusetts;Northeast
42,20241;-71,90995;Rochdale;MA;Massachusetts;Northeast
42,38482;-71,96726;Rutland;MA;Massachusetts;Northeast
42,28419;-71,71558;Shrewsbury;MA;Massachusetts;Northeast
42,06039;-72,03377;Southbridge;MA;Massachusetts;Northeast
42,17496;-71,67762;South Grafton;MA;Massachusetts;Northeast
42,44581;-71,68845;South Lancaster;MA;Massachusetts;Northeast
42,24715;-71,99189;Spencer;MA;Massachusetts;Northeast
42,44124;-71,77297;Sterling;MA;Massachusetts;Northeast
42,1047;-72,07745;Sturbridge;MA;Massachusetts;Northeast
42,17694;-71,60516;Upton;MA;Massachusetts;Northeast
42,05895;-71,63741;Uxbridge;MA;Massachusetts;Northeast
42,05206;-71,8485;Webster;MA;Massachusetts;Northeast
42,05501;-71,93519;Dudley;MA;Massachusetts;Northeast
42,26815;-71,61402;Westborough;MA;Massachusetts;Northeast
42,37034;-71,78502;West Boylston;MA;Massachusetts;Northeast
42,23762;-72,16311;West Brookfield;MA;Massachusetts;Northeast
42,11837;-71,66836;Whitinsville;MA;Massachusetts;Northeast
42,13387;-71,75179;Sutton;MA;Massachusetts;Northeast
42,27219;-71,84946;Worcester;MA;Massachusetts;Northeast
42,23945;-71,87702;Cherry Valley;MA;Massachusetts;Northeast
42,31037;-71,93095;Paxton;MA;Massachusetts;Northeast
42,32195;-71,43796;Framingham;MA;Massachusetts;Northeast
42,52165;-71,42983;Acton;MA;Massachusetts;Northeast
42,48837;-71,51779;Boxborough;MA;Massachusetts;Northeast
42,25726;-71,46867;Ashland;MA;Massachusetts;Northeast
42,4995;-71,27799;Bedford;MA;Massachusetts;Northeast
42,46422;-71,28202;Hanscom Afb;MA;Massachusetts;Northeast
42,43616;-71,60728;Bolton;MA;Massachusetts;Northeast
42,53001;-71,35128;Carlisle;MA;Massachusetts;Northeast
42,46221;-71,36504;Concord;MA;Massachusetts;Northeast
42,29155;-71,50101;Fayville;MA;Massachusetts;Northeast
42,19775;-71,44499;Holliston;MA;Massachusetts;Northeast
42,12477;-71,535;Hopedale;MA;Massachusetts;Northeast
42,2255;-71,53781;Hopkinton;MA;Massachusetts;Northeast
42,38868;-71,54648;Hudson;MA;Massachusetts;Northeast
42,3494;-71,54681;Marlborough;MA;Massachusetts;Northeast
42,4264;-71,45607;Maynard;MA;Massachusetts;Northeast
42,09301;-71,55146;Mendon;MA;Massachusetts;Northeast
42,15723;-71,51978;Milford;MA;Massachusetts;Northeast
42,28436;-71,34966;Natick;MA;Massachusetts;Northeast
42,23416;-71,37532;Sherborn;MA;Massachusetts;Northeast
42,30144;-71,5304;Southborough;MA;Massachusetts;Northeast
42,42572;-71,31013;Lincoln;MA;Massachusetts;Northeast
42,42983;-71,51146;Stow;MA;Massachusetts;Northeast
42,38456;-71,42316;Sudbury;MA;Massachusetts;Northeast
42,3583;-71,35895;Wayland;MA;Massachusetts;Northeast
42,48694;-71,15415;Woburn;MA;Massachusetts;Northeast
42,5028;-71,20147;Burlington;MA;Massachusetts;Northeast
42,64669;-71,16517;Andover;MA;Massachusetts;Northeast
42,54999;-71,25206;Billerica;MA;Massachusetts;Northeast
42,59156;-71,35553;Chelmsford;MA;Massachusetts;Northeast
42,68323;-71,30063;Dracut;MA;Massachusetts;Northeast
42,67643;-71,50052;Dunstable;MA;Massachusetts;Northeast
42,7959;-71,05323;Haverhill;MA;Massachusetts;Northeast
42,72409;-70,9821;Georgetown;MA;Massachusetts;Northeast
42,75198;-71,01486;Groveland;MA;Massachusetts;Northeast
42,70695;-71,16014;Lawrence;MA;Massachusetts;Northeast
42,73426;-71,18858;Methuen;MA;Massachusetts;Northeast
42,67132;-71,08669;North Andover;MA;Massachusetts;Northeast
42,65569;-71,30292;Lowell;MA;Massachusetts;Northeast
42,83858;-71,01194;Merrimac;MA;Massachusetts;Northeast
42,57427;-71,29437;North Billerica;MA;Massachusetts;Northeast
42,63274;-71,39132;North Chelmsford;MA;Massachusetts;Northeast
42,58156;-71,08759;North Reading;MA;Massachusetts;Northeast
42,53505;-71,1055;Reading;MA;Massachusetts;Northeast
42,61206;-71,22733;Tewksbury;MA;Massachusetts;Northeast
42,66626;-71,42911;Tyngsboro;MA;Massachusetts;Northeast
42,50348;-71,06559;Wakefield;MA;Massachusetts;Northeast
42,58642;-71,44008;Westford;MA;Massachusetts;Northeast
42,56091;-71,16541;Wilmington;MA;Massachusetts;Northeast
42,45177;-71,14628;Winchester;MA;Massachusetts;Northeast
42,46125;-70,94639;Lynn;MA;Massachusetts;Northeast
42,46922;-71,01299;Saugus;MA;Massachusetts;Northeast
42,47572;-70,90684;Swampscott;MA;Massachusetts;Northeast
42,42856;-70,92614;Nahant;MA;Massachusetts;Northeast
42,85297;-70,94459;Amesbury;MA;Massachusetts;Northeast
42,56841;-70,8647;Beverly;MA;Massachusetts;Northeast
42,6815;-71,01887;Boxford;MA;Massachusetts;Northeast
42,75862;-70,91758;Byfield;MA;Massachusetts;Northeast
42,57398;-70,94923;Danvers;MA;Massachusetts;Northeast
42,63478;-70,77684;Essex;MA;Massachusetts;Northeast
42,62605;-70,68966;Gloucester;MA;Massachusetts;Northeast
42,58579;-70,98406;Hathorne;MA;Massachusetts;Northeast
42,68568;-70,83989;Ipswich;MA;Massachusetts;Northeast
42,53523;-71,03695;Lynnfield;MA;Massachusetts;Northeast
42,58154;-70,76825;Manchester;MA;Massachusetts;Northeast
42,49924;-70,86348;Marblehead;MA;Massachusetts;Northeast
42,6043;-71,01641;Middleton;MA;Massachusetts;Northeast
42,81237;-70,88785;Newburyport;MA;Massachusetts;Northeast
42,77742;-70,85022;Newbury;MA;Massachusetts;Northeast
42,84655;-70,86163;Salisbury;MA;Massachusetts;Northeast
42,53374;-70,97222;Peabody;MA;Massachusetts;Northeast
42,56294;-70,82996;Prides Crossing;MA;Massachusetts;Northeast
42,65432;-70,62227;Rockport;MA;Massachusetts;Northeast
42,72235;-70,88832;Rowley;MA;Massachusetts;Northeast
42,51298;-70,90266;Salem;MA;Massachusetts;Northeast
42,62669;-70,85789;South Hamilton;MA;Massachusetts;Northeast
42,63728;-70,94251;Topsfield;MA;Massachusetts;Northeast
42,60078;-70,8826;Wenham;MA;Massachusetts;Northeast
42,7939;-70,96906;West Newbury;MA;Massachusetts;Northeast
42,0777;-71,47407;Bellingham;MA;Massachusetts;Northeast
42,17504;-71,12645;Canton;MA;Massachusetts;Northeast
42,23603;-70,81906;Cohasset;MA;Massachusetts;Northeast
42,24665;-71,1777;Dedham;MA;Massachusetts;Northeast
42,2366;-71,28421;Dover;MA;Massachusetts;Northeast
42,15489;-71,2155;East Walpole;MA;Massachusetts;Northeast
42,06266;-71,24613;Foxboro;MA;Massachusetts;Northeast
42,08622;-71,41126;Franklin;MA;Massachusetts;Northeast
42,21678;-70,88494;Hingham;MA;Massachusetts;Northeast
42,28437;-70,88266;Hull;MA;Massachusetts;Northeast
42,14582;-70,69603;Humarock;MA;Massachusetts;Northeast
42,01626;-71,21868;Mansfield;MA;Massachusetts;Northeast
42,11443;-70,71487;Marshfield;MA;Massachusetts;Northeast
42,1848;-71,30501;Medfield;MA;Massachusetts;Northeast
42,15352;-71,42906;Medway;MA;Massachusetts;Northeast
42,1693;-71,36261;Millis;MA;Massachusetts;Northeast
42,11632;-71,32952;Norfolk;MA;Massachusetts;Northeast
42,16075;-70,81772;Norwell;MA;Massachusetts;Northeast
42,18563;-71,19464;Norwood;MA;Massachusetts;Northeast
42,20129;-70,76155;Scituate;MA;Massachusetts;Northeast
42,10778;-71,18183;Sharon;MA;Massachusetts;Northeast
42,10392;-71,27002;South Walpole;MA;Massachusetts;Northeast
42,1192;-71,10189;Stoughton;MA;Massachusetts;Northeast
42,14689;-71,25916;Walpole;MA;Massachusetts;Northeast
42,22024;-71,21057;Westwood;MA;Massachusetts;Northeast
42,05129;-71,35522;Wrentham;MA;Massachusetts;Northeast
42,35657;-71,06516;Boston;MA;Massachusetts;Northeast
42,32405;-71,08522;Roxbury;MA;Massachusetts;Northeast
42,33212;-71,09654;Roxbury Crossing;MA;Massachusetts;Northeast
42,3057;-71,08693;Dorchester;MA;Massachusetts;Northeast
42,28583;-71,07114;Dorchester Center;MA;Massachusetts;Northeast
42,27588;-71,0918;Mattapan;MA;Massachusetts;Northeast
42,33455;-71,03875;South Boston;MA;Massachusetts;Northeast
42,37324;-71,01616;East Boston;MA;Massachusetts;Northeast
42,37975;-71,06167;Charlestown;MA;Massachusetts;Northeast
42,30823;-71,11515;Jamaica Plain;MA;Massachusetts;Northeast
42,28392;-71,12468;Roslindale;MA;Massachusetts;Northeast
42,27931;-71,16072;West Roxbury;MA;Massachusetts;Northeast
42,35855;-71,12931;Allston;MA;Massachusetts;Northeast
42,34989;-71,15417;Brighton;MA;Massachusetts;Northeast
42,25505;-71,12662;Hyde Park;MA;Massachusetts;Northeast
42,37997;-71,13446;Cambridge;MA;Massachusetts;Northeast
42,38142;-71,09677;Somerville;MA;Massachusetts;Northeast
42,43048;-71,05762;Malden;MA;Massachusetts;Northeast
42,40643;-71,05446;Everett;MA;Massachusetts;Northeast
42,39587;-71,03251;Chelsea;MA;Massachusetts;Northeast
42,41887;-71,004;Revere;MA;Massachusetts;Northeast
42,37724;-70,98115;Winthrop;MA;Massachusetts;Northeast
42,42324;-71,10878;Medford;MA;Massachusetts;Northeast
42,23971;-71,01802;Quincy;MA;Massachusetts;Northeast
42,45561;-71,05901;Melrose;MA;Massachusetts;Northeast
42,47396;-71,09705;Stoneham;MA;Massachusetts;Northeast
42,20386;-71,0022;Braintree;MA;Massachusetts;Northeast
42,23854;-71,08464;Milton;MA;Massachusetts;Northeast
42,20724;-70,95764;Weymouth;MA;Massachusetts;Northeast
42,2111;-70,93135;East Weymouth;MA;Massachusetts;Northeast
42,16625;-70,95253;South Weymouth;MA;Massachusetts;Northeast
42,24434;-70,94378;North Weymouth;MA;Massachusetts;Northeast
42,07791;-71,04223;Brockton;MA;Massachusetts;Northeast
42,12666;-71,04922;Avon;MA;Massachusetts;Northeast
41,97272;-70,97498;Bridgewater;MA;Massachusetts;Northeast
41,87388;-70,7563;Carver;MA;Massachusetts;Northeast
42,04651;-70,71388;Duxbury;MA;Massachusetts;Northeast
42,03521;-70,94235;East Bridgewater;MA;Massachusetts;Northeast
41,99138;-70,86326;Halifax;MA;Massachusetts;Northeast
42,12241;-70,85665;Hanover;MA;Massachusetts;Northeast
42,05604;-70,87251;Hanson;MA;Massachusetts;Northeast
42,14733;-71,00484;Holbrook;MA;Massachusetts;Northeast
41,88034;-70,87446;Middleboro;MA;Massachusetts;Northeast
41,83101;-70,9594;Lakeville;MA;Massachusetts;Northeast
42,02043;-70,84562;Monponsett;MA;Massachusetts;Northeast
42,11805;-70,95905;Abington;MA;Massachusetts;Northeast
42,05519;-71,12071;North Easton;MA;Massachusetts;Northeast
42,06547;-70,8014;Pembroke;MA;Massachusetts;Northeast
41,87817;-70,63089;Plymouth;MA;Massachusetts;Northeast
41,98616;-70,74823;Kingston;MA;Massachusetts;Northeast
41,84868;-70,6613;South Carver;MA;Massachusetts;Northeast
41,96345;-70,80975;Plympton;MA;Massachusetts;Northeast
42,17506;-71,05011;Randolph;MA;Massachusetts;Northeast
42,1295;-70,91002;Rockland;MA;Massachusetts;Northeast
42,01954;-71,10381;South Easton;MA;Massachusetts;Northeast
42,02139;-71,0267;West Bridgewater;MA;Massachusetts;Northeast
42,08;-70,93993;Whitman;MA;Massachusetts;Northeast
42,45821;-71,21762;Lexington;MA;Massachusetts;Northeast
42,32581;-71,13319;Brookline;MA;Massachusetts;Northeast
42,39859;-71,2573;Waltham;MA;Massachusetts;Northeast
42,29777;-71,26887;Babson Park;MA;Massachusetts;Northeast
42,35294;-71,18763;Newton;MA;Massachusetts;Northeast
42,31515;-71,19174;Newton Center;MA;Massachusetts;Northeast
42,35206;-71,20835;Newtonville;MA;Massachusetts;Northeast
42,31693;-71,20875;Newton Highlands;MA;Massachusetts;Northeast
42,33102;-71,25599;Newton Lower Falls;MA;Massachusetts;Northeast
42,31274;-71,21981;Newton Upper Falls;MA;Massachusetts;Northeast
42,34969;-71,22646;West Newton;MA;Massachusetts;Northeast
42,34541;-71,24759;Auburndale;MA;Massachusetts;Northeast
42,31725;-71,16096;Chestnut Hill;MA;Massachusetts;Northeast
42,32777;-71,23142;Waban;MA;Massachusetts;Northeast
42,37;-71,17713;Watertown;MA;Massachusetts;Northeast
42,42053;-71,15666;Arlington;MA;Massachusetts;Northeast
42,39602;-71,17955;Belmont;MA;Massachusetts;Northeast
42,31064;-71,27779;Wellesley Hills;MA;Massachusetts;Northeast
42,29455;-71,29859;Wellesley;MA;Massachusetts;Northeast
42,27615;-71,24387;Needham;MA;Massachusetts;Northeast
42,35893;-71,30009;Weston;MA;Massachusetts;Northeast
42,29959;-71,2317;Needham Heights;MA;Massachusetts;Northeast
41,75111;-70,59713;Buzzards Bay;MA;Massachusetts;Northeast
41,66626;-70,61628;Cataumet;MA;Massachusetts;Northeast
41,34896;-70,74629;Chilmark;MA;Massachusetts;Northeast
41,59706;-70,56677;East Falmouth;MA;Massachusetts;Northeast
41,72882;-70,44317;East Sandwich;MA;Massachusetts;Northeast
41,77872;-70,65077;East Wareham;MA;Massachusetts;Northeast
41,37994;-70,53227;Edgartown;MA;Massachusetts;Northeast
41,57128;-70,62807;Falmouth;MA;Massachusetts;Northeast
41,48731;-70,74525;Woods Hole;MA;Massachusetts;Northeast
41,71297;-70,62011;Monument Beach;MA;Massachusetts;Northeast
41,28555;-70,08043;Nantucket;MA;Massachusetts;Northeast
41,63903;-70,62521;North Falmouth;MA;Massachusetts;Northeast
41,44218;-70,56648;Oak Bluffs;MA;Massachusetts;Northeast
41,74453;-70,65377;Onset;MA;Massachusetts;Northeast
41,69237;-70,61374;Pocasset;MA;Massachusetts;Northeast
41,76782;-70,53281;Sagamore;MA;Massachusetts;Northeast
41,78753;-70,52746;Sagamore Beach;MA;Massachusetts;Northeast
41,71995;-70,4818;Sandwich;MA;Massachusetts;Northeast
41,26552;-69,98608;Siasconset;MA;Massachusetts;Northeast
41,44341;-70,61534;Vineyard Haven;MA;Massachusetts;Northeast
41,76184;-70,70138;Wareham;MA;Massachusetts;Northeast
41,39651;-70,65496;West Tisbury;MA;Massachusetts;Northeast
41,77807;-70,76338;West Wareham;MA;Massachusetts;Northeast
41,66;-70,29327;Hyannis;MA;Massachusetts;Northeast
41,69674;-70,3052;Barnstable;MA;Massachusetts;Northeast
41,74673;-70,06894;Brewster;MA;Massachusetts;Northeast
41,66074;-70,34826;Centerville;MA;Massachusetts;Northeast
41,68949;-69,97397;Chatham;MA;Massachusetts;Northeast
41,62348;-70,44051;Cotuit;MA;Massachusetts;Northeast
41,70493;-70,27245;Cummaquid;MA;Massachusetts;Northeast
41,73225;-70,19459;Dennis;MA;Massachusetts;Northeast
41,66639;-70,13535;Dennis Port;MA;Massachusetts;Northeast
41,75221;-70,15176;East Dennis;MA;Massachusetts;Northeast
41,83976;-69,97711;Eastham;MA;Massachusetts;Northeast
41,75534;-69,94002;East Orleans;MA;Massachusetts;Northeast
41,68361;-70,51202;Forestdale;MA;Massachusetts;Northeast
41,70352;-70,06215;Harwich;MA;Massachusetts;Northeast
41,67103;-70,07144;Harwich Port;MA;Massachusetts;Northeast
41,63127;-70,30909;Hyannis Port;MA;Massachusetts;Northeast
41,67237;-70,41545;Marstons Mills;MA;Massachusetts;Northeast
41,61778;-70,49077;Mashpee;MA;Massachusetts;Northeast
41,7036;-69,96589;North Chatham;MA;Massachusetts;Northeast
42,0428;-70,09276;North Truro;MA;Massachusetts;Northeast
41,76901;-69,9737;Orleans;MA;Massachusetts;Northeast
41,62972;-70,39263;Osterville;MA;Massachusetts;Northeast
42,06139;-70,19813;Provincetown;MA;Massachusetts;Northeast
41,68258;-70,02234;South Chatham;MA;Massachusetts;Northeast
41,70828;-70,15517;South Dennis;MA;Massachusetts;Northeast
41,90576;-69,989;South Wellfleet;MA;Massachusetts;Northeast
41,67486;-70,19446;South Yarmouth;MA;Massachusetts;Northeast
41,98817;-70,04603;Truro;MA;Massachusetts;Northeast
41,92937;-70,02074;Wellfleet;MA;Massachusetts;Northeast
41,70713;-70,36246;West Barnstable;MA;Massachusetts;Northeast
41,66;-70,17098;West Dennis;MA;Massachusetts;Northeast
41,66938;-70,11087;West Harwich;MA;Massachusetts;Northeast
41,6357;-70,31878;West Hyannisport;MA;Massachusetts;Northeast
41,6557;-70,24447;West Yarmouth;MA;Massachusetts;Northeast
41,70401;-70,22883;Yarmouth Port;MA;Massachusetts;Northeast
41,78452;-71,06112;Assonet;MA;Massachusetts;Northeast
41,93108;-71,29499;Attleboro;MA;Massachusetts;Northeast
41,42818;-70,89102;Cuttyhunk;MA;Massachusetts;Northeast
41,81681;-71,15064;Dighton;MA;Massachusetts;Northeast
41,75405;-70,98312;East Freetown;MA;Massachusetts;Northeast
41,86902;-71,01128;East Taunton;MA;Massachusetts;Northeast
41,63945;-70,87322;Fairhaven;MA;Massachusetts;Northeast
41,73095;-71,10932;Fall River;MA;Massachusetts;Northeast
41,71253;-71,18426;Somerset;MA;Massachusetts;Northeast
41,7092;-70,76362;Marion;MA;Massachusetts;Northeast
41,6687;-70,81705;Mattapoisett;MA;Massachusetts;Northeast
41,63802;-70,93839;New Bedford;MA;Massachusetts;Northeast
41,71323;-70,90054;Acushnet;MA;Massachusetts;Northeast
41,6577;-71,01202;North Dartmouth;MA;Massachusetts;Northeast
41,56096;-70,97963;South Dartmouth;MA;Massachusetts;Northeast
41,97004;-71,33586;North Attleboro;MA;Massachusetts;Northeast
42,01409;-71,33642;Plainville;MA;Massachusetts;Northeast
41,96666;-71,30743;Attleboro Falls;MA;Massachusetts;Northeast
41,8562;-71,16022;North Dighton;MA;Massachusetts;Northeast
41,96402;-71,18418;Norton;MA;Massachusetts;Northeast
41,93939;-71,05191;Raynham;MA;Massachusetts;Northeast
41,84394;-71,24559;Rehoboth;MA;Massachusetts;Northeast
41,75875;-70,84048;Rochester;MA;Massachusetts;Northeast
41,83787;-71,31736;Seekonk;MA;Massachusetts;Northeast
41,75699;-71,21208;Swansea;MA;Massachusetts;Northeast
41,83492;-71,07543;Berkley;MA;Massachusetts;Northeast
41,90743;-71,11939;Taunton;MA;Massachusetts;Northeast
41,59967;-71,08266;Westport;MA;Massachusetts;Northeast
41,52262;-71,08266;Westport Point;MA;Massachusetts;Northeast
41,95221;-71,4559;Albion;RI;Rhode Island;Northeast
41,43546;-71,77196;Ashaway;RI;Rhode Island;Northeast
41,7443;-71,31453;Barrington;RI;Rhode Island;Northeast
41,17762;-71,57854;Block Island;RI;Rhode Island;Northeast
41,40606;-71,74802;Bradford;RI;Rhode Island;Northeast
41,68266;-71,26938;Bristol;RI;Rhode Island;Northeast
41,89959;-71,69888;Chepachet;RI;Rhode Island;Northeast
41,77723;-71,66177;Clayville;RI;Rhode Island;Northeast
41,69035;-71,61954;Coventry;RI;Rhode Island;Northeast
41,6291;-71,66711;West Greenwich;RI;Rhode Island;Northeast
41,64214;-71,49307;East Greenwich;RI;Rhode Island;Northeast
41,56736;-71,63348;Exeter;RI;Rhode Island;Northeast
41,73328;-71,54479;Fiskeville;RI;Rhode Island;Northeast
41,78212;-71,72596;Foster;RI;Rhode Island;Northeast
41,69792;-71,73847;Greene;RI;Rhode Island;Northeast
41,87672;-71,56065;Greenville;RI;Rhode Island;Northeast
41,89377;-71,59129;Harmony;RI;Rhode Island;Northeast
41,98016;-71,6484;Harrisville;RI;Rhode Island;Northeast
41,74461;-71,58442;Hope;RI;Rhode Island;Northeast
41,50469;-71,72807;Hope Valley;RI;Rhode Island;Northeast
41,51479;-71,37742;Jamestown;RI;Rhode Island;Northeast
41,45145;-71,62027;Kenyon;RI;Rhode Island;Northeast
41,51524;-71,16455;Little Compton;RI;Rhode Island;Northeast
41,96552;-71,47628;Manville;RI;Rhode Island;Northeast
41,9433;-71,64581;Mapleville;RI;Rhode Island;Northeast
41,47838;-71,31993;Newport;RI;Rhode Island;Northeast
41,51739;-71,27667;Middletown;RI;Rhode Island;Northeast
41,58809;-71,46094;North Kingstown;RI;Rhode Island;Northeast
41,82705;-71,63083;North Scituate;RI;Rhode Island;Northeast
41,96354;-71,64893;Oakland;RI;Rhode Island;Northeast
41,9665;-71,7464;Pascoag;RI;Rhode Island;Northeast
41,87036;-71,38855;Pawtucket;RI;Rhode Island;Northeast
41,89005;-71,39336;Central Falls;RI;Rhode Island;Northeast
41,97025;-71,41978;Cumberland;RI;Rhode Island;Northeast
41,58384;-71,2564;Portsmouth;RI;Rhode Island;Northeast
41,61718;-71,32886;Prudence Island;RI;Rhode Island;Northeast
41,5257;-71,77734;Rockville;RI;Rhode Island;Northeast
41,51543;-71,46985;Saunderstown;RI;Rhode Island;Northeast
41,46052;-71,63848;Shannock;RI;Rhode Island;Northeast
41,99801;-71,58301;Slatersville;RI;Rhode Island;Northeast
41,60905;-71,17413;Tiverton;RI;Rhode Island;Northeast
41,4253;-71,46816;Narragansett;RI;Rhode Island;Northeast
41,36043;-71,79429;Westerly;RI;Rhode Island;Northeast
41,50226;-71,60174;West Kingston;RI;Rhode Island;Northeast
41,69856;-71,51566;West Warwick;RI;Rhode Island;Northeast
41,44761;-71,69759;Wood River Junction;RI;Rhode Island;Northeast
42,00103;-71,49923;Woonsocket;RI;Rhode Island;Northeast
41,97285;-71,55027;North Smithfield;RI;Rhode Island;Northeast
41,52184;-71,67166;Wyoming;RI;Rhode Island;Northeast
41,81902;-71,41003;Providence;RI;Rhode Island;Northeast
41,77552;-71,43564;Cranston;RI;Rhode Island;Northeast
41,85467;-71,47325;North Providence;RI;Rhode Island;Northeast
41,81326;-71,36608;East Providence;RI;Rhode Island;Northeast
41,77725;-71,34906;Riverside;RI;Rhode Island;Northeast
41,84438;-71,35258;Rumford;RI;Rhode Island;Northeast
41,90615;-71,52365;Smithfield;RI;Rhode Island;Northeast
41,82733;-71,52002;Johnston;RI;Rhode Island;Northeast
43,06269;-71,31106;Candia;NH;New Hampshire;Northeast
42,88867;-71,27932;Derry;NH;New Hampshire;Northeast
43,05009;-71,07467;Epping;NH;New Hampshire;Northeast
42,99581;-71,81514;Francestown;NH;New Hampshire;Northeast
42,98899;-71,12494;Fremont;NH;New Hampshire;Northeast
43,01994;-71,57035;Goffstown;NH;New Hampshire;Northeast
43,10178;-71,60548;Dunbarton;NH;New Hampshire;Northeast
42,7494;-71,58338;Hollis;NH;New Hampshire;Northeast
42,84302;-71,455;Litchfield;NH;New Hampshire;Northeast
42,87927;-71,38702;Londonderry;NH;New Hampshire;Northeast
42,85471;-71,51878;Merrimack;NH;New Hampshire;Northeast
42,90265;-71,6861;Mont Vernon;NH;New Hampshire;Northeast
42,74135;-71,45936;Nashua;NH;New Hampshire;Northeast
42,97702;-71,68664;New Boston;NH;New Hampshire;Northeast
42,74892;-71,8747;New Ipswich;NH;New Hampshire;Northeast
42,73354;-71,324;Pelham;NH;New Hampshire;Northeast
43,03219;-71,19945;Raymond;NH;New Hampshire;Northeast
42,90197;-71,77545;Lyndeborough;NH;New Hampshire;Northeast
42,82856;-71,85495;Temple;NH;New Hampshire;Northeast
42,82741;-71,76967;Wilton;NH;New Hampshire;Northeast
42,80758;-71,29945;Windham;NH;New Hampshire;Northeast
43,07097;-71,43651;Hooksett;NH;New Hampshire;Northeast
44,03605;-71,48109;Waterville Valley;NH;New Hampshire;Northeast
43,33465;-71,28803;Barnstead;NH;New Hampshire;Northeast
43,84784;-71,67597;Campton;NH;New Hampshire;Northeast
43,35171;-71,54691;Canterbury;NH;New Hampshire;Northeast
43,36001;-71,23828;Center Barnstead;NH;New Hampshire;Northeast
43,70259;-71,51086;Center Harbor;NH;New Hampshire;Northeast
43,81419;-71,45712;Center Sandwich;NH;New Hampshire;Northeast
43,19792;-71,69677;Contoocook;NH;New Hampshire;Northeast
43,52685;-71,8622;Danbury;NH;New Hampshire;Northeast
43,45555;-71,75551;East Andover;NH;New Hampshire;Northeast
43,42325;-71,93322;Elkins;NH;New Hampshire;Northeast
43,21484;-71,33914;Epsom;NH;New Hampshire;Northeast
43,42997;-71,38233;Gilmanton;NH;New Hampshire;Northeast
43,98168;-71,88701;Glencliff;NH;New Hampshire;Northeast
43,71149;-71,81915;Hebron;NH;New Hampshire;Northeast
43,17365;-71,8224;Henniker;NH;New Hampshire;Northeast
43,5276;-71,7644;Hill;NH;New Hampshire;Northeast
43,11822;-71,9192;Hillsborough;NH;New Hampshire;Northeast
43,75026;-71,58852;Holderness;NH;New Hampshire;Northeast
43,57239;-71,4775;Laconia;NH;New Hampshire;Northeast
43,55806;-71,38505;Gilford;NH;New Hampshire;Northeast
43,63193;-71,49749;Meredith;NH;New Hampshire;Northeast
43,72505;-71,37782;Moultonborough;NH;New Hampshire;Northeast
43,62425;-71,63514;New Hampton;NH;New Hampshire;Northeast
43,41768;-71,99101;New London;NH;New Hampshire;Northeast
43,25744;-71,39956;Chichester;NH;New Hampshire;Northeast
43,87921;-71,44527;North Sandwich;NH;New Hampshire;Northeast
43,36016;-71,92457;North Sutton;NH;New Hampshire;Northeast
43,21322;-71,20966;Northwood;NH;New Hampshire;Northeast
43,99885;-71,73813;North Woodstock;NH;New Hampshire;Northeast
43,79407;-71,89035;Rumney;NH;New Hampshire;Northeast
43,53;-71,60219;Sanbornton;NH;New Hampshire;Northeast
43,30337;-71,92413;South Sutton;NH;New Hampshire;Northeast
43,15999;-71,41794;Suncook;NH;New Hampshire;Northeast
43,42783;-71,57514;Tilton;NH;New Hampshire;Northeast
43,29313;-71,82934;Warner;NH;New Hampshire;Northeast
43,18339;-72,08979;Washington;NH;New Hampshire;Northeast
43,08126;-71,72189;Weare;NH;New Hampshire;Northeast
43,86006;-71,9295;Wentworth;NH;New Hampshire;Northeast
43,92408;-71,64359;Thornton;NH;New Hampshire;Northeast
43,45168;-71,91795;Wilmot;NH;New Hampshire;Northeast
43,12391;-71,12089;Nottingham;NH;New Hampshire;Northeast
43,17976;-71,14205;West Nottingham;NH;New Hampshire;Northeast
43,97696;-71,67721;Woodstock;NH;New Hampshire;Northeast
43,13078;-71,53066;Bow;NH;New Hampshire;Northeast
43,32257;-71,44265;Loudon;NH;New Hampshire;Northeast
42,96785;-72,29862;Keene;NH;New Hampshire;Northeast
43,06023;-71,97446;Antrim;NH;New Hampshire;Northeast
42,77737;-72,44263;Ashuelot;NH;New Hampshire;Northeast
43,01268;-71,90781;Bennington;NH;New Hampshire;Northeast
42,89403;-72,07178;Dublin;NH;New Hampshire;Northeast
43,01555;-72,2137;Sullivan;NH;New Hampshire;Northeast
42,86163;-72,29639;Swanzey;NH;New Hampshire;Northeast
42,7592;-72,14794;Fitzwilliam;NH;New Hampshire;Northeast
43,03996;-72,26448;Gilsum;NH;New Hampshire;Northeast
42,98222;-72,00037;Hancock;NH;New Hampshire;Northeast
42,82922;-72,05962;Jaffrey;NH;New Hampshire;Northeast
43,13092;-72,21505;Marlow;NH;New Hampshire;Northeast
43,00282;-72,12933;Nelson;NH;New Hampshire;Northeast
42,86906;-71,93797;Peterborough;NH;New Hampshire;Northeast
42,75234;-72,01071;Rindge;NH;New Hampshire;Northeast
42,8949;-72,40507;Spofford;NH;New Hampshire;Northeast
43,08256;-72,11085;Stoddard;NH;New Hampshire;Northeast
42,82677;-72,18988;Troy;NH;New Hampshire;Northeast
42,96894;-72,43203;Westmoreland;NH;New Hampshire;Northeast
44,25386;-71,59924;Bethlehem;NH;New Hampshire;Northeast
44,28946;-71,41722;Bretton Woods;NH;New Hampshire;Northeast
44,89839;-71,37178;Colebrook;NH;New Hampshire;Northeast
44,95234;-71,04182;Errol;NH;New Hampshire;Northeast
44,17347;-71,69519;Franconia;NH;New Hampshire;Northeast
44,34227;-71,13413;Gorham;NH;New Hampshire;Northeast
44,59777;-71,43703;Groveton;NH;New Hampshire;Northeast
44,22538;-71,89703;Lisbon;NH;New Hampshire;Northeast
44,22058;-71,7963;Sugar Hill;NH;New Hampshire;Northeast
44,60545;-71,23204;Milan;NH;New Hampshire;Northeast
44,74195;-71,51485;North Stratford;NH;New Hampshire;Northeast
45,1128;-71,25493;Pittsburg;NH;New Hampshire;Northeast
44,30616;-71,527;Twin Mountain;NH;New Hampshire;Northeast
44,73439;-71,38243;West Stewartstown;NH;New Hampshire;Northeast
44,37998;-71,63179;Whitefield;NH;New Hampshire;Northeast
43,23933;-72,29855;Acworth;NH;New Hampshire;Northeast
43,13751;-72,32938;Alstead;NH;New Hampshire;Northeast
43,13232;-72,38984;Drewsville;NH;New Hampshire;Northeast
43,22815;-72,18032;Lempster;NH;New Hampshire;Northeast
43,19698;-72,26084;South Acworth;NH;New Hampshire;Northeast
43,1441;-72,44512;North Walpole;NH;New Hampshire;Northeast
44,18025;-71,98626;Bath;NH;New Hampshire;Northeast
43,67134;-72,01559;Canaan;NH;New Hampshire;Northeast
43,36026;-72,32489;Claremont;NH;New Hampshire;Northeast
43,47407;-72,32001;Cornish;NH;New Hampshire;Northeast
43,60207;-72,11713;Enfield;NH;New Hampshire;Northeast
43,70681;-72,19308;Etna;NH;New Hampshire;Northeast
43,44363;-72,08394;Georges Mills;NH;New Hampshire;Northeast
43,51534;-72,14798;Grantham;NH;New Hampshire;Northeast
43,63491;-72,23819;Lebanon;NH;New Hampshire;Northeast
43,80529;-72,11573;Lyme;NH;New Hampshire;Northeast
43,5336;-72,26469;Meriden;NH;New Hampshire;Northeast
44,28443;-72,0098;Monroe;NH;New Hampshire;Northeast
44,09097;-71,9947;North Haverhill;NH;New Hampshire;Northeast
43,89548;-72,06672;Orford;NH;New Hampshire;Northeast
43,97477;-72,03089;Piermont;NH;New Hampshire;Northeast
44,03169;-71,97142;Pike;NH;New Hampshire;Northeast
43,38962;-72,09149;Sunapee;NH;New Hampshire;Northeast
43,63675;-72,30608;West Lebanon;NH;New Hampshire;Northeast
44,06525;-71,87017;Woodsville;NH;New Hampshire;Northeast
43,45321;-71,21184;Alton;NH;New Hampshire;Northeast
43,52692;-71,27941;Alton Bay;NH;New Hampshire;Northeast
42,83693;-71,16042;Atkinson;NH;New Hampshire;Northeast
44,08148;-71,29643;Bartlett;NH;New Hampshire;Northeast
44,09408;-71,04573;Center Conway;NH;New Hampshire;Northeast
43,77341;-71,18717;Center Ossipee;NH;New Hampshire;Northeast
43,69753;-71,24218;Center Tuftonboro;NH;New Hampshire;Northeast
43,8885;-71,23358;Chocorua;NH;New Hampshire;Northeast
42,93012;-71,12197;Danville;NH;New Hampshire;Northeast
43,17488;-70,94089;Madbury;NH;New Hampshire;Northeast
43,11744;-70,91937;Durham;NH;New Hampshire;Northeast
42,88878;-71,12881;East Hampstead;NH;New Hampshire;Northeast
42,90691;-70,98774;East Kingston;NH;New Hampshire;Northeast
43,63549;-70,99568;East Wakefield;NH;New Hampshire;Northeast
43,90249;-71,04859;Eaton Center;NH;New Hampshire;Northeast
43,36319;-71,07605;Farmington;NH;New Hampshire;Northeast
43,82608;-71,07118;Freedom;NH;New Hampshire;Northeast
43,42271;-71,32766;Gilmanton Iron Works;NH;New Hampshire;Northeast
44,11257;-71,24036;Glen;NH;New Hampshire;Northeast
43,03853;-70,84803;Greenland;NH;New Hampshire;Northeast
42,88148;-71,17856;Hampstead;NH;New Hampshire;Northeast
42,93941;-70,83697;Hampton;NH;New Hampshire;Northeast
42,92693;-70,88603;Hampton Falls;NH;New Hampshire;Northeast
44,10317;-71,1271;Intervale;NH;New Hampshire;Northeast
44,18445;-71,18899;Jackson;NH;New Hampshire;Northeast
44,06875;-71,12162;Kearsarge;NH;New Hampshire;Northeast
43,89454;-71,13101;Madison;NH;New Hampshire;Northeast
43,69739;-71,29983;Melvin Village;NH;New Hampshire;Northeast
43,4982;-70,97547;Milton Mills;NH;New Hampshire;Northeast
43,63818;-71,29371;Mirror Lake;NH;New Hampshire;Northeast
43,06558;-70,72003;New Castle;NH;New Hampshire;Northeast
43,46343;-71,14172;New Durham;NH;New Hampshire;Northeast
43,03916;-70,96627;Newfields;NH;New Hampshire;Northeast
43,0691;-70,95164;Newmarket;NH;New Hampshire;Northeast
44,0427;-71,12422;North Conway;NH;New Hampshire;Northeast
42,97914;-70,83025;North Hampton;NH;New Hampshire;Northeast
43,69044;-71,10631;Ossipee;NH;New Hampshire;Northeast
42,84032;-71,09603;Plaistow;NH;New Hampshire;Northeast
43,22092;-70,83995;Rollinsford;NH;New Hampshire;Northeast
43,0157;-70,76052;Rye;NH;New Hampshire;Northeast
42,9807;-70,77358;Rye Beach;NH;New Hampshire;Northeast
43,57225;-71,04249;Sanbornville;NH;New Hampshire;Northeast
42,93321;-71,1833;Sandown;NH;New Hampshire;Northeast
42,88689;-70,8607;Seabrook;NH;New Hampshire;Northeast
43,89944;-71,18636;Silver Lake;NH;New Hampshire;Northeast
43,25335;-70,88555;Somersworth;NH;New Hampshire;Northeast
43,74727;-71,04254;Effingham;NH;New Hampshire;Northeast
43,81252;-71,30789;South Tamworth;NH;New Hampshire;Northeast
43,28018;-71,14885;Strafford;NH;New Hampshire;Northeast
43,01579;-70,90051;Stratham;NH;New Hampshire;Northeast
43,86399;-71,28783;Tamworth;NH;New Hampshire;Northeast
43,48485;-71,0662;Union;NH;New Hampshire;Northeast
43,81528;-71,20581;West Ossipee;NH;New Hampshire;Northeast
43,61109;-71,17788;Wolfeboro;NH;New Hampshire;Northeast
43,90841;-71,32453;Wonalancet;NH;New Hampshire;Northeast
43,30063;-70,84397;Berwick;ME;Maine;Northeast
43,22246;-70,63788;Cape Neddick;ME;Maine;Northeast
43,14885;-70,786;Eliot;ME;Maine;Northeast
43,11025;-70,73201;Kittery;ME;Maine;Northeast
43,08481;-70,68449;Kittery Point;ME;Maine;Northeast
43,3447;-70,77759;North Berwick;ME;Maine;Northeast
43,25474;-70,611;Ogunquit;ME;Maine;Northeast
43,23838;-70,74795;South Berwick;ME;Maine;Northeast
43,16786;-70,68105;York;ME;Maine;Northeast
43,17374;-70,60842;York Beach;ME;Maine;Northeast
43,13424;-70,63695;York Harbor;ME;Maine;Northeast
43,49572;-70,67922;Alfred;ME;Maine;Northeast
43,73362;-69,98724;Bailey Island;ME;Maine;Northeast
43,49591;-70,49537;Biddeford;ME;Maine;Northeast
43,44397;-70,34272;Biddeford Pool;ME;Maine;Northeast
44,03664;-69,86337;Bowdoinham;ME;Maine;Northeast
44,04791;-70,73632;Bridgton;ME;Maine;Northeast
43,93341;-70,91718;Brownfield;ME;Maine;Northeast
43,90068;-69,97607;Brunswick;ME;Maine;Northeast
43,96503;-70,5205;Casco;ME;Maine;Northeast
43,72974;-70,11317;Chebeague Island;ME;Maine;Northeast
43,69149;-70,0999;Cliff Island;ME;Maine;Northeast
43,79756;-70,26519;Cumberland Center;ME;Maine;Northeast
43,98055;-70,80718;Denmark;ME;Maine;Northeast
43,83556;-70,67701;East Baldwin;ME;Maine;Northeast
43,89479;-70,66007;Sebago;ME;Maine;Northeast
43,59301;-70,69553;East Waterboro;ME;Maine;Northeast
43,85561;-70,10085;Freeport;ME;Maine;Northeast
44,09129;-70,94942;Fryeburg;ME;Maine;Northeast
43,88744;-70,34532;Gray;ME;Maine;Northeast
44,10922;-70,71784;Harrison;ME;Maine;Northeast
43,86416;-70,82631;Hiram;ME;Maine;Northeast
43,62953;-70,62453;Hollis Center;ME;Maine;Northeast
43,39721;-70,57071;Kennebunk;ME;Maine;Northeast
43,42027;-70,4921;Kennebunkport;ME;Maine;Northeast
43,73552;-70,91152;Parsonsfield;ME;Maine;Northeast
43,68862;-70,78642;Limerick;ME;Maine;Northeast
43,7356;-70,70263;Limington;ME;Maine;Northeast
43,69148;-70,15714;Long Island;ME;Maine;Northeast
44,18945;-70,88477;Lovell;ME;Maine;Northeast
43,97065;-70,61444;Naples;ME;Maine;Northeast
43,66066;-70,85875;Newfield;ME;Maine;Northeast
44,09563;-70,70177;North Bridgton;ME;Maine;Northeast
43,63409;-70,74312;North Waterboro;ME;Maine;Northeast
43,50145;-70,39551;Ocean Park;ME;Maine;Northeast
43,52635;-70,38985;Old Orchard Beach;ME;Maine;Northeast
43,77332;-69,96808;Orrs Island;ME;Maine;Northeast
43,84009;-70,9409;Porter;ME;Maine;Northeast
43,89918;-70,18191;Pownal;ME;Maine;Northeast
43,53898;-70,46236;Saco;ME;Maine;Northeast
43,41301;-70,74237;Sanford;ME;Maine;Northeast
43,59103;-70,3683;Scarborough;ME;Maine;Northeast
43,55248;-70,83793;Shapleigh;ME;Maine;Northeast
43,80343;-69,94972;Harpswell;ME;Maine;Northeast
43,46728;-70,81359;Springvale;ME;Maine;Northeast
43,76637;-70,55893;Standish;ME;Maine;Northeast
43,7809;-70,62553;Steep Falls;ME;Maine;Northeast
43,96145;-69,95872;Topsham;ME;Maine;Northeast
43,56234;-70,74529;Waterboro;ME;Maine;Northeast
44,19352;-70,71906;Waterford;ME;Maine;Northeast
43,32669;-70,63356;Wells;ME;Maine;Northeast
43,83035;-70,74858;West Baldwin;ME;Maine;Northeast
43,69542;-70,35389;Westbrook;ME;Maine;Northeast
43,64282;-70,53765;Buxton;ME;Maine;Northeast
43,63925;-70,90749;West Newfield;ME;Maine;Northeast
43,7978;-70,1719;Yarmouth;ME;Maine;Northeast
43,85123;-70,23636;North Yarmouth;ME;Maine;Northeast
43,6624;-70,2586;Portland;ME;Maine;Northeast
43,63081;-70,28972;South Portland;ME;Maine;Northeast
43,5891;-70,23801;Cape Elizabeth;ME;Maine;Northeast
43,66057;-70,18901;Peaks Island;ME;Maine;Northeast
43,75834;-70,19905;Cumberland Foreside;ME;Maine;Northeast
44,36726;-70,83364;Bethel;ME;Maine;Northeast
44,40924;-70,59285;Bryant Pond;ME;Maine;Northeast
44,33511;-70,35286;Buckfield;ME;Maine;Northeast
44,58001;-70,40058;Dixfield;ME;Maine;Northeast
44,56866;-70,29471;East Dixfield;ME;Maine;Northeast
44,61624;-70,19359;East Wilton;ME;Maine;Northeast
44,53062;-70,20935;Jay;ME;Maine;Northeast
44,09147;-70,16808;Lewiston;ME;Maine;Northeast
44,02719;-70,06011;Lisbon Falls;ME;Maine;Northeast
44,4079;-70,21503;Livermore;ME;Maine;Northeast
44,43249;-70,14265;Livermore Falls;ME;Maine;Northeast
44,33505;-70,66863;Greenwood;ME;Maine;Northeast
44,10294;-70,40733;Mechanic Falls;ME;Maine;Northeast
44,57347;-70,51358;Mexico;ME;Maine;Northeast
44,14829;-70,33794;Minot;ME;Maine;Northeast
44,22762;-70,00868;Monmouth;ME;Maine;Northeast
43,96409;-70,29589;New Gloucester;ME;Maine;Northeast
44,5631;-70,91907;Newry;ME;Maine;Northeast
44,27542;-70,04276;North Monmouth;ME;Maine;Northeast
44,22478;-70,77084;North Waterford;ME;Maine;Northeast
44,22842;-70,60651;Norway;ME;Maine;Northeast
44,26099;-70,49871;Paris;ME;Maine;Northeast
44,04634;-70,38999;Poland;ME;Maine;Northeast
44,1215;-70,06152;Sabattus;ME;Maine;Northeast
44,2445;-70,48832;South Paris;ME;Maine;Northeast
44,26709;-70,24291;Turner;ME;Maine;Northeast
44,34757;-70,0651;Wayne;ME;Maine;Northeast
44,70625;-70,4523;Weld;ME;Maine;Northeast
44,4032;-70,86019;West Bethel;ME;Maine;Northeast
44,05812;-69,9694;Bowdoin;ME;Maine;Northeast
44,32108;-70,53248;West Paris;ME;Maine;Northeast
44,47354;-70,45058;Peru;ME;Maine;Northeast
44,37461;-70,44674;Sumner;ME;Maine;Northeast
44,36387;-69,73729;Augusta;ME;Maine;Northeast
44,25997;-69,55485;Coopers Mills;ME;Maine;Northeast
44,07942;-69,73939;Dresden;ME;Maine;Northeast
44,2588;-69,82125;Farmingdale;ME;Maine;Northeast
44,19816;-69,7841;Gardiner;ME;Maine;Northeast
44,29047;-69,81399;Hallowell;ME;Maine;Northeast
44,43734;-70,07014;Kents Hill;ME;Maine;Northeast
44,46478;-69,96225;Mount Vernon;ME;Maine;Northeast
44,39602;-69,42709;Palermo;ME;Maine;Northeast
44,38227;-69,94915;Readfield;ME;Maine;Northeast
44,41821;-69,53286;South China;ME;Maine;Northeast
44,17947;-69,76134;South Gardiner;ME;Maine;Northeast
44,54741;-70,00299;Vienna;ME;Maine;Northeast
44,84711;-68,84654;Bangor;ME;Maine;Northeast
45,2186;-69,57816;Abbot;ME;Maine;Northeast
44,9877;-68,23246;Aurora;ME;Maine;Northeast
44,88634;-68,56672;Bradley;ME;Maine;Northeast
44,78354;-68,73517;Brewer;ME;Maine;Northeast
45,55647;-67,8274;Brookton;ME;Maine;Northeast
45,40654;-69,08568;Brownville;ME;Maine;Northeast
45,35308;-69,05832;Brownville Junction;ME;Maine;Northeast
44,62725;-68,75286;Bucksport;ME;Maine;Northeast
45,07572;-68,50689;Greenbush;ME;Maine;Northeast
44,7969;-69,03154;Carmel;ME;Maine;Northeast
44,4111;-68,79524;Castine;ME;Maine;Northeast
45,07097;-69,03408;Charleston;ME;Maine;Northeast
45,67003;-67,86144;Danforth;ME;Maine;Northeast
45,1849;-69,15827;Dover Foxcroft;ME;Maine;Northeast
44,9805;-69,01063;Corinth;ME;Maine;Northeast
44,80643;-68,55584;Eddington;ME;Maine;Northeast
45,64662;-68,58646;East Millinocket;ME;Maine;Northeast
44,56453;-68,6678;East Orland;ME;Maine;Northeast
44,59856;-68,91904;Frankfort;ME;Maine;Northeast
45,47446;-69,69538;Greenville Junction;ME;Maine;Northeast
45,24412;-69,40572;Guilford;ME;Maine;Northeast
45,31208;-68,71977;Howland;ME;Maine;Northeast
44,91593;-68,92797;Kenduskeag;ME;Maine;Northeast
45,6035;-68,21915;Kingman;ME;Maine;Northeast
45,18229;-68,78244;Lagrange;ME;Maine;Northeast
45,5222;-67,52516;Lambert Lake;ME;Maine;Northeast
44,88645;-68,9977;Levant;ME;Maine;Northeast
45,58898;-68,33948;Mattawamkeag;ME;Maine;Northeast
45,86541;-68,93072;Millinocket;ME;Maine;Northeast
45,28117;-68,90569;Milo;ME;Maine;Northeast
45,0263;-68,72323;Old Town;ME;Maine;Northeast
44,90251;-68,66624;Orono;ME;Maine;Northeast
45,8912;-67,8471;Orient;ME;Maine;Northeast
44,57334;-68,67736;Orland;ME;Maine;Northeast
44,71501;-68,77901;Orrington;ME;Maine;Northeast
45,1845;-68,58681;Passadumkeag;ME;Maine;Northeast
44,47474;-68,70521;Penobscot;ME;Maine;Northeast
45,7299;-69,76857;Rockwood;ME;Maine;Northeast
45,12755;-69,30688;Sangerville;ME;Maine;Northeast
45,24298;-69,10423;Sebec;ME;Maine;Northeast
45,362;-69,61562;Shirley Mills;ME;Maine;Northeast
44,87586;-69,11143;Stetson;ME;Maine;Northeast
44,91074;-68,69119;Stillwater;ME;Maine;Northeast
45,56705;-67,51353;Vanceboro;ME;Maine;Northeast
45,34738;-67,6658;Waite;ME;Maine;Northeast
45,23853;-68,53301;West Enfield;ME;Maine;Northeast
45,45464;-68,32985;Winn;ME;Maine;Northeast
44,65839;-68,91189;Winterport;ME;Maine;Northeast
45,7249;-68,06619;Wytopitlock;ME;Maine;Northeast
44,08778;-69,63436;Alna;ME;Maine;Northeast
43,90241;-69,62498;Boothbay;ME;Maine;Northeast
43,85632;-69,62807;Boothbay Harbor;ME;Maine;Northeast
43,88671;-69,48411;Chamberlain;ME;Maine;Northeast
44,03446;-69,49211;Damariscotta;ME;Maine;Northeast
43,83316;-69,58997;East Boothbay;ME;Maine;Northeast
43,99388;-69,32779;Friendship;ME;Maine;Northeast
44,00648;-69,42701;Bremen;ME;Maine;Northeast
44,04787;-69,57145;Newcastle;ME;Maine;Northeast
43,86348;-69,50481;New Harbor;ME;Maine;Northeast
44,10597;-69,47687;Nobleboro;ME;Maine;Northeast
43,96867;-69,62311;Edgecomb;ME;Maine;Northeast
43,89974;-69,51499;Pemaquid;ME;Maine;Northeast
43,78758;-69,82764;Phippsburg;ME;Maine;Northeast
44,0151;-69,25655;Cushing;ME;Maine;Northeast
43,93089;-69,46761;Round Pond;ME;Maine;Northeast
43,89652;-69,56153;South Bristol;ME;Maine;Northeast
43,80844;-69,63088;Squirrel Island;ME;Maine;Northeast
43,89949;-69,67516;Trevett;ME;Maine;Northeast
44,10984;-69,36956;Waldoboro;ME;Maine;Northeast
43,85383;-69,66016;West Boothbay Harbor;ME;Maine;Northeast
43,82244;-69,6671;Southport;ME;Maine;Northeast
43,98136;-69,6926;Wiscasset;ME;Maine;Northeast
43,96216;-69,76872;Woolwich;ME;Maine;Northeast
44,66038;-68,41623;Ellsworth;ME;Maine;Northeast
44,57697;-67,70281;Addison;ME;Maine;Northeast
44,47689;-68,05228;Gouldsboro;ME;Maine;Northeast
44,38518;-68,27108;Bar Harbor;ME;Maine;Northeast
44,48771;-67,59633;Beals;ME;Maine;Northeast
44,25954;-68,37722;Bernard;ME;Maine;Northeast
44,37498;-68,03593;Birch Harbor;ME;Maine;Northeast
44,41819;-68,58223;Blue Hill;ME;Maine;Northeast
44,28346;-68,57069;Brooklin;ME;Maine;Northeast
44,36929;-68,73081;Brooksville;ME;Maine;Northeast
45,13397;-67,22401;Calais;ME;Maine;Northeast
44,75555;-67,95143;Cherryfield;ME;Maine;Northeast
44,70786;-67,70824;Columbia Falls;ME;Maine;Northeast
44,42438;-67,9877;Corea;ME;Maine;Northeast
44,25041;-68,25503;Cranberry Isles;ME;Maine;Northeast
44,68494;-67,22169;Cutler;ME;Maine;Northeast
44,22275;-68,66581;Deer Isle;ME;Maine;Northeast
44,87275;-67,28238;Dennysville;ME;Maine;Northeast
44,8471;-67,47287;East Machias;ME;Maine;Northeast
44,91373;-67,01834;Eastport;ME;Maine;Northeast
44,11376;-68,35479;Frenchboro;ME;Maine;Northeast
44,33906;-68,79591;Harborside;ME;Maine;Northeast
44,57876;-67,80562;Harrington;ME;Maine;Northeast
44,05408;-68,6282;Isle Au Haut;ME;Maine;Northeast
44,26007;-68,22812;Islesford;ME;Maine;Northeast
44,65899;-67,59585;Jonesboro;ME;Maine;Northeast
44,56606;-67,5817;Jonesport;ME;Maine;Northeast
44,28924;-68,71412;Little Deer Isle;ME;Maine;Northeast
44,82234;-67,07457;Lubec;ME;Maine;Northeast
44,23705;-68,3431;Bass Harbor;ME;Maine;Northeast
44,78128;-67,57716;Machias;ME;Maine;Northeast
44,66467;-67,39318;Machiasport;ME;Maine;Northeast
44,97624;-67,41965;Meddybemps;ME;Maine;Northeast
44,53873;-67,87257;Milbridge;ME;Maine;Northeast
44,34026;-68,33231;Mount Desert;ME;Maine;Northeast
44,30766;-68,28735;Northeast Harbor;ME;Maine;Northeast
44,97853;-67,10413;Perry;ME;Maine;Northeast
44,40014;-68,01841;Prospect Harbor;ME;Maine;Northeast
45,06618;-67,16247;Robbinston;ME;Maine;Northeast
44,30484;-68,67028;Sargentville;ME;Maine;Northeast
44,29347;-68,40883;Seal Cove;ME;Maine;Northeast
44,30083;-68,24223;Seal Harbor;ME;Maine;Northeast
44,34741;-68,64238;Sedgwick;ME;Maine;Northeast
44,49016;-68,17945;Sorrento;ME;Maine;Northeast
44,27843;-68,33247;Southwest Harbor;ME;Maine;Northeast
44,50699;-67,94485;Steuben;ME;Maine;Northeast
44,16655;-68,65646;Stonington;ME;Maine;Northeast
44,23596;-68,82368;Sunset;ME;Maine;Northeast
44,49335;-68,52796;Surry;ME;Maine;Northeast
44,15869;-68,44015;Swans Island;ME;Maine;Northeast
44,98619;-67,69015;Wesley;ME;Maine;Northeast
44,76178;-67,25217;Whiting;ME;Maine;Northeast
44,38479;-68,07828;Winter Harbor;ME;Maine;Northeast
45,09987;-67,46518;Baileyville;ME;Maine;Northeast
46,12574;-67,91471;Houlton;ME;Maine;Northeast
45,74275;-68,40311;Benedicta;ME;Maine;Northeast
46,48479;-67,91955;Blaine;ME;Maine;Northeast
46,90661;-68,01998;Caribou;ME;Maine;Northeast
46,61641;-69,52178;Clayton Lake;ME;Maine;Northeast
46,97137;-68,61049;Eagle Lake;ME;Maine;Northeast
46,64325;-67,85487;Easton;ME;Maine;Northeast
46,77766;-67,85526;Fort Fairfield;ME;Maine;Northeast
47,15427;-68,72512;Fort Kent;ME;Maine;Northeast
47,27371;-68,39936;Frenchville;ME;Maine;Northeast
47,24885;-68,12472;Grand Isle;ME;Maine;Northeast
45,94854;-68,19649;Island Falls;ME;Maine;Northeast
46,9582;-67,85718;Limestone;ME;Maine;Northeast
47,33054;-68,30176;Madawaska;ME;Maine;Northeast
46,6141;-68,18278;Mapleton;ME;Maine;Northeast
46,55426;-67,84732;Mars Hill;ME;Maine;Northeast
46,32354;-67,90928;Monticello;ME;Maine;Northeast
46,11857;-67,97183;New Limerick;ME;Maine;Northeast
46,97574;-68,12094;New Sweden;ME;Maine;Northeast
46,08068;-68,10371;Oakfield;ME;Maine;Northeast
46,36843;-68,34229;Oxbow;ME;Maine;Northeast
46,06884;-68,64477;Patten;ME;Maine;Northeast
46,88162;-68,23911;Perham;ME;Maine;Northeast
46,7878;-68,82875;Portage;ME;Maine;Northeast
46,68676;-67,98737;Presque Isle;ME;Maine;Northeast
47,23375;-68,32732;Saint Agatha;ME;Maine;Northeast
47,27426;-68,22649;Saint David;ME;Maine;Northeast
47,10285;-69,05048;Saint Francis;ME;Maine;Northeast
45,8105;-68,31818;Sherman;ME;Maine;Northeast
45,83515;-68,48952;Stacyville;ME;Maine;Northeast
47,11615;-68,31162;Sinclair;ME;Maine;Northeast
46,1677;-68,26924;Smyrna Mills;ME;Maine;Northeast
47,14634;-68,61883;Wallagrass;ME;Maine;Northeast
47,03586;-68,18907;Stockholm;ME;Maine;Northeast
47,12678;-68,00368;Van Buren;ME;Maine;Northeast
46,79207;-68,17878;Washburn;ME;Maine;Northeast
44,22929;-69,08924;Camden;ME;Maine;Northeast
44,31083;-68,90896;Islesboro;ME;Maine;Northeast
44,3179;-69,04753;Lincolnville;ME;Maine;Northeast
43,85227;-68,8916;Matinicus;ME;Maine;Northeast
43,76561;-69,31235;Monhegan;ME;Maine;Northeast
44,15172;-68,86311;North Haven;ME;Maine;Northeast
44,04344;-69,08504;Owls Head;ME;Maine;Northeast
43,93797;-69,26958;Port Clyde;ME;Maine;Northeast
44,04638;-69,1452;South Thomaston;ME;Maine;Northeast
44,00068;-69,16112;Spruce Head;ME;Maine;Northeast
43,968;-69,22817;Tenants Harbor;ME;Maine;Northeast
44,09302;-69,17483;Thomaston;ME;Maine;Northeast
44,07898;-68,84384;Vinalhaven;ME;Maine;Northeast
44,55449;-69,57037;Waterville;ME;Maine;Northeast
44,78039;-69,96112;Anson;ME;Maine;Northeast
44,97286;-69,68045;Athens;ME;Maine;Northeast
44,46643;-69,04156;Belfast;ME;Maine;Northeast
44,48959;-69,84167;Belgrade;ME;Maine;Northeast
44,55027;-69,86651;Belgrade Lakes;ME;Maine;Northeast
45,11323;-69,83863;Bingham;ME;Maine;Northeast
44,57256;-69,13326;Brooks;ME;Maine;Northeast
44,68739;-69,38255;Burnham;ME;Maine;Northeast
45,21477;-69,90509;Caratunk;ME;Maine;Northeast
44,48035;-69,51521;China Village;ME;Maine;Northeast
44,94973;-69,25695;Corinna;ME;Maine;Northeast
44,76238;-69,31131;Detroit;ME;Maine;Northeast
45,02656;-69,32835;Dexter;ME;Maine;Northeast
44,6957;-69,13335;Dixmont;ME;Maine;Northeast
45,32923;-70,62715;Eustis;ME;Maine;Northeast
44,63546;-69,67635;Fairfield;ME;Maine;Northeast
45,05436;-69,15859;Garland;ME;Maine;Northeast
44,62018;-70,07508;Farmington Falls;ME;Maine;Northeast
44,87994;-69,52054;Hartland;ME;Maine;Northeast
44,68737;-69,64237;Hinckley;ME;Maine;Northeast
45,57669;-70,27974;Jackman;ME;Maine;Northeast
45,03319;-70,2391;Kingfield;ME;Maine;Northeast
44,36712;-69,34029;Liberty;ME;Maine;Northeast
44,40934;-69,14261;Morrill;ME;Maine;Northeast
44,63998;-70,00799;New Sharon;ME;Maine;Northeast
44,80533;-70,11215;New Vineyard;ME;Maine;Northeast
44,70419;-69,8471;Norridgewock;ME;Maine;Northeast
44,90561;-69,92494;North Anson;ME;Maine;Northeast
45,16024;-70,1665;New Portland;ME;Maine;Northeast
44,9355;-70,83584;Oquossoc;ME;Maine;Northeast
44,84563;-69,36272;Palmyra;ME;Maine;Northeast
44,82476;-70,47877;Phillips;ME;Maine;Northeast
45,00032;-70,63519;Rangeley;ME;Maine;Northeast
44,93191;-69,39225;Saint Albans;ME;Maine;Northeast
44,36229;-69,19303;Searsmont;ME;Maine;Northeast
44,4893;-68,92996;Searsport;ME;Maine;Northeast
44,62549;-69,58837;Shawmut;ME;Maine;Northeast
44,79873;-69,66951;Skowhegan;ME;Maine;Northeast
44,94105;-69,79731;Solon;ME;Maine;Northeast
44,53228;-68,85941;Stockton Springs;ME;Maine;Northeast
45,11443;-70,40494;Stratton;ME;Maine;Northeast
44,92171;-70,30599;Strong;ME;Maine;Northeast
45,3751;-69,8746;West Forks;ME;Maine;Northeast
44,59588;-69,35959;Unity;ME;Maine;Northeast
44,4299;-69,64784;Vassalboro;ME;Maine;Northeast
44,65983;-70,15584;West Farmington;ME;Maine;Northeast
43,67309;-72,37943;White River Junction;VT;Vermont;Northeast
43,39989;-72,40981;Ascutney;VT;Vermont;Northeast
43,72361;-72,5872;Barnard;VT;Vermont;Northeast
43,61723;-72,67998;Bridgewater Corners;VT;Vermont;Northeast
43,46033;-72,48371;Brownsville;VT;Vermont;Northeast
44,06796;-72,20438;East Corinth;VT;Vermont;Northeast
43,96702;-72,54264;East Randolph;VT;Vermont;Northeast
44,24013;-72,1053;East Ryegate;VT;Vermont;Northeast
43,80658;-72,21194;East Thetford;VT;Vermont;Northeast
43,9144;-72,19881;Fairlee;VT;Vermont;Northeast
44,26442;-72,06414;McIndoe Falls;VT;Vermont;Northeast
43,6008;-72,35698;North Hartland;VT;Vermont;Northeast
43,71799;-72,48362;North Pomfret;VT;Vermont;Northeast
43,75481;-72,31145;Norwich;VT;Vermont;Northeast
43,87917;-72,26999;Post Mills;VT;Vermont;Northeast
43,64233;-72,43061;Quechee;VT;Vermont;Northeast
43,93023;-72,58087;Randolph Center;VT;Vermont;Northeast
43,69162;-72,53944;South Pomfret;VT;Vermont;Northeast
43,79188;-72,52931;South Royalton;VT;Vermont;Northeast
44,17366;-72,14317;South Ryegate;VT;Vermont;Northeast
43,84225;-72,35099;South Strafford;VT;Vermont;Northeast
43,56461;-72,56842;South Woodstock;VT;Vermont;Northeast
43,62901;-72,46108;Taftsville;VT;Vermont;Northeast
43,84356;-72,28255;Thetford Center;VT;Vermont;Northeast
43,89961;-72,47789;Tunbridge;VT;Vermont;Northeast
43,95622;-72,32214;Vershire;VT;Vermont;Northeast
44,14292;-72,08451;Wells River;VT;Vermont;Northeast
43,9184;-72,26782;West Fairlee;VT;Vermont;Northeast
43,72791;-72,45177;West Hartford;VT;Vermont;Northeast
44,1182;-72,30249;West Topsham;VT;Vermont;Northeast
43,67332;-72,30726;Wilder;VT;Vermont;Northeast
43,1783;-72,48333;Bellows Falls;VT;Vermont;Northeast
43,15615;-72,55929;Cambridgeport;VT;Vermont;Northeast
43,40454;-72,58457;Cavendish;VT;Vermont;Northeast
43,33653;-72,52727;North Springfield;VT;Vermont;Northeast
43,39374;-72,49566;Perkinsville;VT;Vermont;Northeast
43,42885;-72,63487;Proctorsville;VT;Vermont;Northeast
43,13558;-72,53424;Saxtons River;VT;Vermont;Northeast
43,17717;-72,8228;South Londonderry;VT;Vermont;Northeast
43,26189;-73,08269;Dorset;VT;Vermont;Northeast
43,06642;-73,06132;East Arlington;VT;Vermont;Northeast
43,25235;-72,99913;East Dorset;VT;Vermont;Northeast
43,16696;-73,06685;Manchester Center;VT;Vermont;Northeast
42,96538;-73,25156;North Bennington;VT;Vermont;Northeast
42,81594;-73,26173;North Pownal;VT;Vermont;Northeast
42,97935;-73,12066;Shaftsbury;VT;Vermont;Northeast
42,84346;-72,65901;Brattleboro;VT;Vermont;Northeast
43,16215;-72,93486;Bondville;VT;Vermont;Northeast
42,96407;-72,7972;East Dover;VT;Vermont;Northeast
42,77468;-72,80015;Jacksonville;VT;Vermont;Northeast
43,09744;-72,80105;Jamaica;VT;Vermont;Northeast
42,83896;-72,73257;Marlboro;VT;Vermont;Northeast
42,99516;-72,66747;Newfane;VT;Vermont;Northeast
43,02337;-72,53043;Putney;VT;Vermont;Northeast
42,79879;-72,97187;Readsboro;VT;Vermont;Northeast
42,92867;-72,73728;South Newfane;VT;Vermont;Northeast
42,78796;-73,07862;Stamford;VT;Vermont;Northeast
43,06501;-72,66484;Townshend;VT;Vermont;Northeast
42,76211;-72,52553;Vernon;VT;Vermont;Northeast
43,02079;-72,80645;Wardsboro;VT;Vermont;Northeast
42,95423;-72,86952;West Dover;VT;Vermont;Northeast
42,77396;-72,73164;West Halifax;VT;Vermont;Northeast
43,15184;-72,72121;West Townshend;VT;Vermont;Northeast
43,02778;-72,94378;West Wardsboro;VT;Vermont;Northeast
42,78021;-72,87935;Whitingham;VT;Vermont;Northeast
42,94609;-72,6816;Williamsville;VT;Vermont;Northeast
44,447;-73,17229;South Burlington;VT;Vermont;Northeast
44,49483;-73,18467;Winooski;VT;Vermont;Northeast
44,49573;-73,16524;Colchester;VT;Vermont;Northeast
44,95214;-73,2848;Alburgh;VT;Vermont;Northeast
44,7686;-72,78669;Bakersfield;VT;Vermont;Northeast
44,76164;-72,68043;Belvidere Center;VT;Vermont;Northeast
44,30896;-73,23593;Charlotte;VT;Vermont;Northeast
44,93615;-72,70447;East Berkshire;VT;Vermont;Northeast
44,75374;-72,8872;East Fairfield;VT;Vermont;Northeast
44,89075;-72,79074;Enosburg Falls;VT;Vermont;Northeast
44,5238;-73,06479;Essex Junction;VT;Vermont;Northeast
44,7056;-73,02294;Fairfax;VT;Vermont;Northeast
44,20776;-73,25796;Ferrisburgh;VT;Vermont;Northeast
44,95568;-73,01861;Highgate Center;VT;Vermont;Northeast
44,32094;-73,09176;Hinesburg;VT;Vermont;Northeast
44,86297;-73,34254;Isle La Motte;VT;Vermont;Northeast
44,65469;-72,81897;Jeffersonville;VT;Vermont;Northeast
44,45882;-72,93058;Jericho;VT;Vermont;Northeast
44,85739;-72,58942;Montgomery Center;VT;Vermont;Northeast
44,11377;-73,1611;New Haven;VT;Vermont;Northeast
44,24119;-73,19346;North Ferrisburgh;VT;Vermont;Northeast
44,83445;-73,26687;North Hero;VT;Vermont;Northeast
44,96055;-72,6457;Richford;VT;Vermont;Northeast
44,80833;-73,1396;Saint Albans Bay;VT;Vermont;Northeast
44,39057;-73,24134;Shelburne;VT;Vermont;Northeast
44,88322;-72,98484;Sheldon;VT;Vermont;Northeast
44,90405;-72,97567;Sheldon Springs;VT;Vermont;Northeast
44,62958;-73,31444;South Hero;VT;Vermont;Northeast
44,23082;-73,01096;Starksboro;VT;Vermont;Northeast
44,92214;-73,14286;Swanton;VT;Vermont;Northeast
44,5458;-72,89471;Underhill;VT;Vermont;Northeast
44,12101;-73,32111;Vergennes;VT;Vermont;Northeast
44,42901;-73,09197;Williston;VT;Vermont;Northeast
44,2848;-72,61498;Montpelier;VT;Vermont;Northeast
44,34734;-72,49675;Adamant;VT;Vermont;Northeast
44,41001;-72,29126;Cabot;VT;Vermont;Northeast
44,14004;-72,36589;East Barre;VT;Vermont;Northeast
44,4002;-72,44235;East Calais;VT;Vermont;Northeast
44,27777;-72,49246;East Montpelier;VT;Vermont;Northeast
44,72824;-72,58674;Eden;VT;Vermont;Northeast
44,70141;-72,49275;Eden Mills;VT;Vermont;Northeast
44,14053;-72,48092;Graniteville;VT;Vermont;Northeast
44,64898;-72,68825;Johnson;VT;Vermont;Northeast
44,24733;-72,76808;Moretown;VT;Vermont;Northeast
44,53743;-72,61724;Morrisville;VT;Vermont;Northeast
44,16718;-72,65316;Northfield Falls;VT;Vermont;Northeast
44,34125;-72,43873;North Montpelier;VT;Vermont;Northeast
44,48151;-72,72174;Stowe;VT;Vermont;Northeast
44,19371;-72,84356;Waitsfield;VT;Vermont;Northeast
44,34825;-72,80984;Waterbury;VT;Vermont;Northeast
44,39194;-72,70841;Waterbury Center;VT;Vermont;Northeast
44,15577;-72,47445;Websterville;VT;Vermont;Northeast
44,53785;-72,46838;Wolcott;VT;Vermont;Northeast
44,45377;-72,38016;Woodbury;VT;Vermont;Northeast
43,7532;-73,28857;Benson;VT;Vermont;Northeast
43,67998;-73,18648;Bomoseen;VT;Vermont;Northeast
43,81746;-73,09216;Brandon;VT;Vermont;Northeast
43,98243;-73,33286;Bridport;VT;Vermont;Northeast
43,64475;-73,15456;Castleton;VT;Vermont;Northeast
43,60483;-73,01273;Center Rutland;VT;Vermont;Northeast
43,76778;-72,90434;Chittenden;VT;Vermont;Northeast
43,52895;-72,85637;Cuttingsville;VT;Vermont;Northeast
43,34488;-73,0295;Danby;VT;Vermont;Northeast
43,43685;-72,9045;East Wallingford;VT;Vermont;Northeast
43,67118;-73,30726;Fair Haven;VT;Vermont;Northeast
43,72098;-72,78836;Gaysville;VT;Vermont;Northeast
43,6542;-72,78941;Killington;VT;Vermont;Northeast
43,9991;-73,17403;Middlebury;VT;Vermont;Northeast
43,48279;-73,12325;Middletown Springs;VT;Vermont;Northeast
43,44797;-72,78386;Mount Holly;VT;Vermont;Northeast
43,53926;-72,96483;North Clarendon;VT;Vermont;Northeast
43,80359;-73,29517;Orwell;VT;Vermont;Northeast
43,34786;-73,14855;Pawlet;VT;Vermont;Northeast
43,73678;-72,98946;Pittsford;VT;Vermont;Northeast
43,52854;-73,19401;Poultney;VT;Vermont;Northeast
43,65068;-73,03648;Proctor;VT;Vermont;Northeast
43,98833;-72,99072;Ripton;VT;Vermont;Northeast
43,29846;-73,22168;Rupert;VT;Vermont;Northeast
43,88662;-73,32771;Shoreham;VT;Vermont;Northeast
43,40902;-72,96858;Wallingford;VT;Vermont;Northeast
43,35437;-73,22804;West Pawlet;VT;Vermont;Northeast
43,24494;-73,20392;West Rupert;VT;Vermont;Northeast
43,5552;-73,05504;West Rutland;VT;Vermont;Northeast
44,40397;-71,98837;Saint Johnsbury;VT;Vermont;Northeast
44,74862;-72,37351;Albany;VT;Vermont;Northeast
44,3175;-72,10866;Barnet;VT;Vermont;Northeast
44,75555;-72,15478;Barton;VT;Vermont;Northeast
44,6444;-72,40404;Craftsbury;VT;Vermont;Northeast
44,68135;-72,36198;Craftsbury Common;VT;Vermont;Northeast
44,95349;-72,0759;Derby;VT;Vermont;Northeast
44,97717;-71,98278;Derby Line;VT;Vermont;Northeast
44,59546;-71,91027;East Burke;VT;Vermont;Northeast
44,83182;-71,96965;East Charleston;VT;Vermont;Northeast
44,5196;-72,25173;East Hardwick;VT;Vermont;Northeast
44,66868;-71,8386;East Haven;VT;Vermont;Northeast
44,67342;-72,21171;Glover;VT;Vermont;Northeast
44,60794;-72,30232;Greensboro;VT;Vermont;Northeast
44,57966;-72,24453;Greensboro Bend;VT;Vermont;Northeast
44,79146;-72,30699;Irasburg;VT;Vermont;Northeast
44,82671;-71,82795;Island Pond;VT;Vermont;Northeast
44,55955;-72,03417;Lyndon Center;VT;Vermont;Northeast
44,55297;-72,05732;Lyndonville;VT;Vermont;Northeast
44,89499;-71,96167;Morgan;VT;Vermont;Northeast
44,93381;-72,3092;Newport Center;VT;Vermont;Northeast
44,53587;-71,8046;North Concord;VT;Vermont;Northeast
44,95987;-72,43833;North Troy;VT;Vermont;Northeast
44,31971;-72,23133;Peacham;VT;Vermont;Northeast
44,68367;-71,95193;West Burke;VT;Vermont;Northeast
44,86059;-72,03473;West Charleston;VT;Vermont;Northeast
44,40619;-72,21841;West Danville;VT;Vermont;Northeast
44,94197;-71,68079;Averill;VT;Vermont;Northeast
45,00881;-71,49472;Beecher Falls;VT;Vermont;Northeast
44,41597;-71,70762;Gilman;VT;Vermont;Northeast
44,70151;-71,66672;Guildhall;VT;Vermont;Northeast
41,84286;-72,73714;Bloomfield;CT;Connecticut;Northeast
41,90417;-72,54438;Broad Brook;CT;Connecticut;Northeast
41,86283;-72,90991;Canton Center;CT;Connecticut;Northeast
41,86595;-72,92749;Collinsville;CT;Connecticut;Northeast
41,61355;-72,72072;East Berlin;CT;Connecticut;Northeast
42,00812;-73,28374;East Canaan;CT;Connecticut;Northeast
41,94242;-72,74093;East Granby;CT;Connecticut;Northeast
42,00403;-72,91112;East Hartland;CT;Connecticut;Northeast
41,91439;-72,4535;Ellington;CT;Connecticut;Northeast
41,95788;-73,31733;Falls Village;CT;Connecticut;Northeast
41,70593;-72,53915;Glastonbury;CT;Connecticut;Northeast
41,66519;-72,76983;New Britain;CT;Connecticut;Northeast
41,84417;-73,00552;New Hartford;CT;Connecticut;Northeast
41,89054;-72,88833;North Canton;CT;Connecticut;Northeast
42,00687;-72,84594;North Granby;CT;Connecticut;Northeast
41,87524;-72,96716;Pine Meadow;CT;Connecticut;Northeast
41,93053;-72,97096;Barkhamsted;CT;Connecticut;Northeast
41,97795;-73,00054;Riverton;CT;Connecticut;Northeast
41,83641;-72,46063;Vernon Rockville;CT;Connecticut;Northeast
41,6574;-72,66259;Rocky Hill;CT;Connecticut;Northeast
41,87674;-72,81626;Simsbury;CT;Connecticut;Northeast
41,99489;-72,45213;Somers;CT;Connecticut;Northeast
41,98465;-72,4876;Somersville;CT;Connecticut;Northeast
41,65753;-72,56742;South Glastonbury;CT;Connecticut;Northeast
41,83528;-72,57332;South Windsor;CT;Connecticut;Northeast
41,98906;-72,26224;Stafford Springs;CT;Connecticut;Northeast
41,98903;-72,64875;Suffield;CT;Connecticut;Northeast
42,04174;-73,39755;Taconic;CT;Connecticut;Northeast
41,90708;-72,76839;Tariffville;CT;Connecticut;Northeast
41,87917;-72,36443;Tolland;CT;Connecticut;Northeast
41,74717;-72,88883;Unionville;CT;Connecticut;Northeast
41,9058;-72,59646;East Windsor;CT;Connecticut;Northeast
41,83801;-72,82343;Weatogue;CT;Connecticut;Northeast
41,94685;-72,86403;West Granby;CT;Connecticut;Northeast
42,01419;-72,97423;West Hartland;CT;Connecticut;Northeast
41,87266;-72,86101;West Simsbury;CT;Connecticut;Northeast
42,00265;-72,72285;West Suffield;CT;Connecticut;Northeast
41,92671;-72,65443;Windsor Locks;CT;Connecticut;Northeast
41,92379;-73,10003;Winsted;CT;Connecticut;Northeast
41,76477;-72,67012;Hartford;CT;Connecticut;Northeast
41,78078;-72,62165;East Hartford;CT;Connecticut;Northeast
41,70131;-72,67035;Wethersfield;CT;Connecticut;Northeast
41,68677;-72,73057;Newington;CT;Connecticut;Northeast
41,70816;-72,20731;Willimantic;CT;Connecticut;Northeast
41,62512;-72,37055;Amston;CT;Connecticut;Northeast
41,78938;-71,95266;Brooklyn;CT;Connecticut;Northeast
41,79292;-72,1275;Chaplin;CT;Connecticut;Northeast
41,69387;-72,30722;Columbia;CT;Connecticut;Northeast
41,79116;-71,85711;Danielson;CT;Connecticut;Northeast
41,85635;-71,84904;Dayville;CT;Connecticut;Northeast
41,89326;-72,09706;Eastford;CT;Connecticut;Northeast
41,84743;-71,80701;East Killingly;CT;Connecticut;Northeast
41,77434;-72,19669;Mansfield Center;CT;Connecticut;Northeast
41,61585;-72,14313;North Franklin;CT;Connecticut;Northeast
41,98791;-71,90299;North Grosvenordale;CT;Connecticut;Northeast
41,73699;-72,15723;North Windham;CT;Connecticut;Northeast
41,88554;-71,96353;Pomfret;CT;Connecticut;Northeast
41,8703;-71,99248;Pomfret Center;CT;Connecticut;Northeast
41,90898;-71,87181;Putnam;CT;Connecticut;Northeast
42,01871;-71,94959;Quinebaug;CT;Connecticut;Northeast
41,83738;-71,90444;Rogers;CT;Connecticut;Northeast
41,69869;-72,10487;Scotland;CT;Connecticut;Northeast
41,67136;-72,17048;South Windham;CT;Connecticut;Northeast
41,79852;-72,24843;Storrs Mansfield;CT;Connecticut;Northeast
41,96895;-71,83927;Thompson;CT;Connecticut;Northeast
41,89126;-72,17003;Ashford;CT;Connecticut;Northeast
41,88959;-72,25933;Willington;CT;Connecticut;Northeast
41,94556;-72,07928;Woodstock Valley;CT;Connecticut;Northeast
41,64199;-72,07541;Baltic;CT;Connecticut;Northeast
41,72845;-71,91008;Central Village;CT;Connecticut;Northeast
41,38602;-72,24527;East Lyme;CT;Connecticut;Northeast
41,54431;-72,17424;Bozrah;CT;Connecticut;Northeast
41,42943;-72,06247;Gales Ferry;CT;Connecticut;Northeast
41,46473;-71,97281;Mashantucket;CT;Connecticut;Northeast
41,44408;-71,99851;Ledyard;CT;Connecticut;Northeast
41,58873;-71,94854;Jewett City;CT;Connecticut;Northeast
41,45612;-72,13928;Montville;CT;Connecticut;Northeast
41,69836;-71,85016;Moosup;CT;Connecticut;Northeast
41,36857;-71,97426;Mystic;CT;Connecticut;Northeast
41,32711;-72,21478;Niantic;CT;Connecticut;Northeast
41,46966;-71,87546;North Stonington;CT;Connecticut;Northeast
41,52281;-72,00072;Preston;CT;Connecticut;Northeast
41,46541;-72,18659;Oakdale;CT;Connecticut;Northeast
41,36361;-72,32582;Old Lyme;CT;Connecticut;Northeast
41,68394;-71,79881;Oneco;CT;Connecticut;Northeast
41,40544;-72,12554;Quaker Hill;CT;Connecticut;Northeast
41,29461;-72,2528;South Lyme;CT;Connecticut;Northeast
41,36685;-71,85826;Pawcatuck;CT;Connecticut;Northeast
41,56533;-72,05308;Taftville;CT;Connecticut;Northeast
41,46137;-72,11762;Uncasville;CT;Connecticut;Northeast
41,58188;-71,83139;Voluntown;CT;Connecticut;Northeast
41,74418;-71,90981;Wauregan;CT;Connecticut;Northeast
41,56036;-72,12338;Yantic;CT;Connecticut;Northeast
41,27027;-71,98886;Fishers Island;NY;New York;Northeast
41,34424;-73,06896;Ansonia;CT;Connecticut;Northeast
41,43902;-73,05679;Beacon Falls;CT;Connecticut;Northeast
41,28405;-72,79809;Branford;CT;Connecticut;Northeast
41,35169;-72,42056;Centerbrook;CT;Connecticut;Northeast
41,57702;-72,55231;Cobalt;CT;Connecticut;Northeast
41,61218;-72,66382;Cromwell;CT;Connecticut;Northeast
41,36894;-72,46227;Deep River;CT;Connecticut;Northeast
41,37923;-72,57847;Killingworth;CT;Connecticut;Northeast
41,46654;-72,39054;East Haddam;CT;Connecticut;Northeast
41,5588;-72,50452;East Hampton;CT;Connecticut;Northeast
41,45516;-72,50701;Haddam;CT;Connecticut;Northeast
41,41573;-72,39964;Hadlyme;CT;Connecticut;Northeast
41,46674;-72,58038;Higganum;CT;Connecticut;Northeast
41,34261;-72,44429;Ivoryton;CT;Connecticut;Northeast
41,541;-72,5483;Middle Haddam;CT;Connecticut;Northeast
41,56548;-72,90022;Milldale;CT;Connecticut;Northeast
41,50757;-72,44924;Moodus;CT;Connecticut;Northeast
41,3943;-73,31918;Newtown;CT;Connecticut;Northeast
41,33454;-72,77372;North Branford;CT;Connecticut;Northeast
41,38416;-72,77911;Northford;CT;Connecticut;Northeast
41,30174;-72,38569;Old Saybrook;CT;Connecticut;Northeast
41,57799;-72,90398;Plantsville;CT;Connecticut;Northeast
41,53435;-72,70067;Rockfall;CT;Connecticut;Northeast
41,4067;-73,24474;Sandy Hook;CT;Connecticut;Northeast
41,381;-73,08726;Seymour;CT;Connecticut;Northeast
41,30601;-73,13828;Shelton;CT;Connecticut;Northeast
41,47451;-73,23288;Southbury;CT;Connecticut;Northeast
41,61312;-72,87233;Southington;CT;Connecticut;Northeast
41,3729;-72,94159;Hamden;CT;Connecticut;Northeast
41,27393;-72,96718;West Haven;CT;Connecticut;Northeast
41,42606;-72,99308;Bethany;CT;Connecticut;Northeast
41,35662;-73,01017;Woodbridge;CT;Connecticut;Northeast
41,17684;-73,20027;Bridgeport;CT;Connecticut;Northeast
41,26009;-73,20823;Trumbull;CT;Connecticut;Northeast
41,22989;-73,12785;Stratford;CT;Connecticut;Northeast
41,49927;-72,97609;Prospect;CT;Connecticut;Northeast
41,72327;-73,2624;Bantam;CT;Connecticut;Northeast
41,82514;-73,34471;Cornwall;CT;Connecticut;Northeast
41,76841;-73,36127;Cornwall Bridge;CT;Connecticut;Northeast
41,64915;-73,48143;Gaylordsville;CT;Connecticut;Northeast
41,73951;-73,46637;Kent;CT;Connecticut;Northeast
41,67672;-73,2286;Lakeside;CT;Connecticut;Northeast
41,69027;-73,20714;Morris;CT;Connecticut;Northeast
41,48913;-73,05181;Naugatuck;CT;Connecticut;Northeast
41,60011;-73,4162;New Milford;CT;Connecticut;Northeast
41,69412;-73,33931;New Preston Marble Dale;CT;Connecticut;Northeast
41,59562;-73,08058;Oakville;CT;Connecticut;Northeast
41,70491;-73,43815;South Kent;CT;Connecticut;Northeast
41,66912;-73,01502;Terryville;CT;Connecticut;Northeast
41,83747;-73,12874;Torrington;CT;Connecticut;Northeast
41,75509;-73,05838;Harwinton;CT;Connecticut;Northeast
41,64932;-73,32511;Washington Depot;CT;Connecticut;Northeast
41,87595;-73,33255;West Cornwall;CT;Connecticut;Northeast
41,0611;-73,59215;Cos Cob;CT;Connecticut;Northeast
41,48796;-73,48827;New Fairfield;CT;Connecticut;Northeast
41,07983;-73,48242;Darien;CT;Connecticut;Northeast
41,048;-73,624;Greenwich;CT;Connecticut;Northeast
41,15925;-73,49916;New Canaan;CT;Connecticut;Northeast
41,1263;-73,44316;Norwalk;CT;Connecticut;Northeast
41,02881;-73,56964;Old Greenwich;CT;Connecticut;Northeast
41,30642;-73,50216;Ridgefield;CT;Connecticut;Northeast
41,3051;-73,39139;Redding;CT;Connecticut;Northeast
40,58342;-74,26992;Avenel;NJ;New Jersey;Northeast
40,66681;-74,11582;Bayonne;NJ;New Jersey;Northeast
40,92738;-74,41706;Boonton;NJ;New Jersey;Northeast
40,85221;-74,2817;Caldwell;NJ;New Jersey;Northeast
40,58489;-74,2284;Carteret;NJ;New Jersey;Northeast
40,85651;-74,22871;Cedar Grove;NJ;New Jersey;Northeast
40,82217;-73,98792;Cliffside Park;NJ;New Jersey;Northeast
40,8801;-74,14449;Clifton;NJ;New Jersey;Northeast
40,65678;-74,30354;Cranford;NJ;New Jersey;Northeast
40,77192;-74,20712;East Orange;NJ;New Jersey;Northeast
40,82374;-73,97401;Edgewater;NJ;New Jersey;Northeast
40,82708;-74,27981;Essex Fells;NJ;New Jersey;Northeast
40,81821;-74,0022;Fairview;NJ;New Jersey;Northeast
40,64171;-74,38575;Fanwood;NJ;New Jersey;Northeast
40,85088;-73,97128;Fort Lee;NJ;New Jersey;Northeast
40,87914;-74,1085;Garfield;NJ;New Jersey;Northeast
40,65132;-74,32313;Garwood;NJ;New Jersey;Northeast
40,80421;-74,20428;Glen Ridge;NJ;New Jersey;Northeast
40,7451;-74,02815;Hoboken;NJ;New Jersey;Northeast
40,78745;-74,12731;North Arlington;NJ;New Jersey;Northeast
40,75281;-74,12016;Kearny;NJ;New Jersey;Northeast
40,67812;-74,28898;Kenilworth;NJ;New Jersey;Northeast
40,87953;-74,37965;Lake Hiawatha;NJ;New Jersey;Northeast
40,925;-74,30462;Lincoln Park;NJ;New Jersey;Northeast
40,62526;-74,23917;Linden;NJ;New Jersey;Northeast
40,78554;-74,32909;Livingston;NJ;New Jersey;Northeast
40,73302;-74,27117;Maplewood;NJ;New Jersey;Northeast
40,72301;-74,30065;Millburn;NJ;New Jersey;Northeast
40,81382;-74,21775;Montclair;NJ;New Jersey;Northeast
40,83228;-74,24308;Verona;NJ;New Jersey;Northeast
40,89067;-74,44072;Mountain Lakes;NJ;New Jersey;Northeast
40,79376;-74,02416;North Bergen;NJ;New Jersey;Northeast
40,78928;-74,26281;West Orange;NJ;New Jersey;Northeast
40,85527;-74,40239;Parsippany;NJ;New Jersey;Northeast
40,85746;-74,12821;Passaic;NJ;New Jersey;Northeast
40,85355;-74,10691;Wallington;NJ;New Jersey;Northeast
40,86701;-74,34283;Pine Brook;NJ;New Jersey;Northeast
40,56865;-74,2464;Port Reading;NJ;New Jersey;Northeast
40,60765;-74,28066;Rahway;NJ;New Jersey;Northeast
40,62061;-74,31335;Clark;NJ;New Jersey;Northeast
40,59255;-74,31479;Colonia;NJ;New Jersey;Northeast
40,82077;-74,30862;Roseland;NJ;New Jersey;Northeast
40,64249;-74,4396;Watchung;NJ;New Jersey;Northeast
40,82034;-74,10574;Rutherford;NJ;New Jersey;Northeast
40,79646;-74,1099;Lyndhurst;NJ;New Jersey;Northeast
40,82472;-74,06126;Carlstadt;NJ;New Jersey;Northeast
40,81792;-74,08539;East Rutherford;NJ;New Jersey;Northeast
40,83877;-74,05705;Moonachie;NJ;New Jersey;Northeast
40,85076;-74,08779;Wood Ridge;NJ;New Jersey;Northeast
40,63308;-74,37387;Scotch Plains;NJ;New Jersey;Northeast
40,55415;-74,25489;Sewaren;NJ;New Jersey;Northeast
40,74196;-74,3277;Short Hills;NJ;New Jersey;Northeast
40,74908;-74,26022;South Orange;NJ;New Jersey;Northeast
40,57483;-74,41542;South Plainfield;NJ;New Jersey;Northeast
40,92643;-74,34524;Towaco;NJ;New Jersey;Northeast
40,76761;-74,01693;Weehawken;NJ;New Jersey;Northeast
40,76723;-74,03243;Union City;NJ;New Jersey;Northeast
40,71832;-74,28375;Vauxhall;NJ;New Jersey;Northeast
40,68106;-74,36038;Mountainside;NJ;New Jersey;Northeast
40,78675;-74,00871;West New York;NJ;New Jersey;Northeast
40,78109;-74,06588;Secaucus;NJ;New Jersey;Northeast
40,73576;-74,17343;Newark;NJ;New Jersey;Northeast
40,79502;-74,16161;Belleville;NJ;New Jersey;Northeast
40,81926;-74,15715;Nutley;NJ;New Jersey;Northeast
40,72426;-74,23173;Irvington;NJ;New Jersey;Northeast
40,67237;-74,17643;Elizabeth;NJ;New Jersey;Northeast
40,65269;-74,2599;Roselle;NJ;New Jersey;Northeast
40,66532;-74,2666;Roselle Park;NJ;New Jersey;Northeast
40,69612;-74,22857;Hillside;NJ;New Jersey;Northeast
40,65238;-74,18385;Elizabethport;NJ;New Jersey;Northeast
40,71894;-74,04462;Jersey City;NJ;New Jersey;Northeast
41,03321;-74,13328;Allendale;NJ;New Jersey;Northeast
41,02059;-74,33239;Bloomingdale;NJ;New Jersey;Northeast
40,98646;-74,38302;Butler;NJ;New Jersey;Northeast
40,90493;-74,12007;Elmwood Park;NJ;New Jersey;Northeast
40,93587;-74,11771;Fair Lawn;NJ;New Jersey;Northeast
41,00859;-74,20836;Franklin Lakes;NJ;New Jersey;Northeast
41,2387;-74,4873;Glenwood;NJ;New Jersey;Northeast
41,15394;-74,57106;Hamburg;NJ;New Jersey;Northeast
41,02926;-74,30281;Haskell;NJ;New Jersey;Northeast
41,1624;-74,35586;Hewitt;NJ;New Jersey;Northeast
41,17984;-74,44177;Highland Lakes;NJ;New Jersey;Northeast
41,00007;-74,09718;Ho Ho Kus;NJ;New Jersey;Northeast
40,88361;-74,2059;Little Falls;NJ;New Jersey;Northeast
41,08157;-74,18562;Mahwah;NJ;New Jersey;Northeast
40,99516;-74,14109;Midland Park;NJ;New Jersey;Northeast
41,0425;-74,44159;Newfoundland;NJ;New Jersey;Northeast
41,0287;-74,52038;Oak Ridge;NJ;New Jersey;Northeast
41,0769;-74,59734;Ogdensburg;NJ;New Jersey;Northeast
40,94668;-74,29421;Pequannock;NJ;New Jersey;Northeast
41,0024;-74,28589;Pompton Lakes;NJ;New Jersey;Northeast
40,96782;-74,30724;Pompton Plains;NJ;New Jersey;Northeast
41,05944;-74,14532;Ramsey;NJ;New Jersey;Northeast
40,98219;-74,11275;Ridgewood;NJ;New Jersey;Northeast
40,96008;-74,12498;Glen Rock;NJ;New Jersey;Northeast
41,10647;-74,27487;Ringwood;NJ;New Jersey;Northeast
40,99212;-74,3125;Riverdale;NJ;New Jersey;Northeast
41,04583;-74,0971;Saddle River;NJ;New Jersey;Northeast
41,24213;-74,60648;Sussex;NJ;New Jersey;Northeast
41,01334;-74,12585;Waldwick;NJ;New Jersey;Northeast
41,05015;-74,29849;Wanaque;NJ;New Jersey;Northeast
41,08713;-74,3779;West Milford;NJ;New Jersey;Northeast
40,99891;-74,16757;Wyckoff;NJ;New Jersey;Northeast
40,9125;-74,17099;Paterson;NJ;New Jersey;Northeast
40,95794;-74,15815;Hawthorne;NJ;New Jersey;Northeast
40,95448;-74,18423;Haledon;NJ;New Jersey;Northeast
40,90385;-74,22118;Totowa;NJ;New Jersey;Northeast
40,8891;-74,04614;Hackensack;NJ;New Jersey;Northeast
40,87507;-74,02934;Bogota;NJ;New Jersey;Northeast
40,86166;-74,07413;Hasbrouck Heights;NJ;New Jersey;Northeast
40,86362;-73,9899;Leonia;NJ;New Jersey;Northeast
40,85783;-74,05177;South Hackensack;NJ;New Jersey;Northeast
40,90249;-74,06337;Maywood;NJ;New Jersey;Northeast
40,85297;-74,06045;Teterboro;NJ;New Jersey;Northeast
40,96165;-73,91983;Alpine;NJ;New Jersey;Northeast
40,92357;-73,99824;Bergenfield;NJ;New Jersey;Northeast
40,97329;-73,96044;Closter;NJ;New Jersey;Northeast
40,94054;-73,9596;Cresskill;NJ;New Jersey;Northeast
40,95504;-73,95678;Demarest;NJ;New Jersey;Northeast
40,94524;-73,99227;Dumont;NJ;New Jersey;Northeast
40,97484;-74,024;Emerson;NJ;New Jersey;Northeast
40,89161;-73,97368;Englewood;NJ;New Jersey;Northeast
40,88227;-73,94672;Englewood Cliffs;NJ;New Jersey;Northeast
40,9899;-73,98037;Harrington Park;NJ;New Jersey;Northeast
40,96224;-73,9976;Haworth;NJ;New Jersey;Northeast
41,00742;-74,04402;Hillsdale;NJ;New Jersey;Northeast
40,84635;-74,03879;Little Ferry;NJ;New Jersey;Northeast
40,87836;-74,08145;Lodi;NJ;New Jersey;Northeast
41,05293;-74,04985;Montvale;NJ;New Jersey;Northeast
41,00674;-73,94255;Northvale;NJ;New Jersey;Northeast
40,95622;-74,03141;Oradell;NJ;New Jersey;Northeast
40,84716;-73,99664;Palisades Park;NJ;New Jersey;Northeast
40,94553;-74,07122;Paramus;NJ;New Jersey;Northeast
41,03524;-74,04232;Park Ridge;NJ;New Jersey;Northeast
40,85434;-74,02013;Ridgefield Park;NJ;New Jersey;Northeast
40,92697;-74,03874;River Edge;NJ;New Jersey;Northeast
40,90698;-74,07911;Rochelle Park;NJ;New Jersey;Northeast
40,90328;-74,09545;Saddle Brook;NJ;New Jersey;Northeast
40,88998;-74,01067;Teaneck;NJ;New Jersey;Northeast
40,91758;-73,95323;Tenafly;NJ;New Jersey;Northeast
40,98843;-74,06359;Township Of Washington;NJ;New Jersey;Northeast
41,0253;-74,06038;Woodcliff Lake;NJ;New Jersey;Northeast
40,36046;-74,07866;Red Bank;NJ;New Jersey;Northeast
40,31411;-74,046;Fort Monmouth;NJ;New Jersey;Northeast
40,2379;-74,0076;Allenhurst;NJ;New Jersey;Northeast
40,24805;-74,05531;Asbury Park;NJ;New Jersey;Northeast
40,40237;-74,03533;Atlantic Highlands;NJ;New Jersey;Northeast
40,19129;-74,01657;Avon By The Sea;NJ;New Jersey;Northeast
40,42045;-74,08488;Belford;NJ;New Jersey;Northeast
40,16864;-74,07271;Belmar;NJ;New Jersey;Northeast
40,20176;-74,01276;Bradley Beach;NJ;New Jersey;Northeast
40,43556;-74,23555;Cliffwood;NJ;New Jersey;Northeast
40,28765;-74,16745;Colts Neck;NJ;New Jersey;Northeast
40,25016;-74,00081;Deal;NJ;New Jersey;Northeast
40,29801;-74,07517;Eatontown;NJ;New Jersey;Northeast
40,28318;-74,34232;Englishtown;NJ;New Jersey;Northeast
40,22522;-74,28447;Freehold;NJ;New Jersey;Northeast
40,42611;-74,17422;Hazlet;NJ;New Jersey;Northeast
40,15014;-74,20316;Howell;NJ;New Jersey;Northeast
40,43115;-73,99192;Highlands;NJ;New Jersey;Northeast
40,37683;-74,17259;Holmdel;NJ;New Jersey;Northeast
40,44309;-74,13517;Keansburg;NJ;New Jersey;Northeast
40,44108;-74,2028;Keyport;NJ;New Jersey;Northeast
40,40953;-74,06444;Leonardo;NJ;New Jersey;Northeast
40,33918;-74,12841;Lincroft;NJ;New Jersey;Northeast
40,33569;-74,03452;Little Silver;NJ;New Jersey;Northeast
40,29581;-73,9919;Long Branch;NJ;New Jersey;Northeast
40,41312;-74,2521;Matawan;NJ;New Jersey;Northeast
40,33639;-73,98632;Monmouth Beach;NJ;New Jersey;Northeast
40,36191;-74,25821;Morganville;NJ;New Jersey;Northeast
40,21184;-74,07421;Neptune;NJ;New Jersey;Northeast
40,26351;-74,02344;Oakhurst;NJ;New Jersey;Northeast
40,21184;-74,00832;Ocean Grove;NJ;New Jersey;Northeast
40,31583;-74,01855;Oceanport;NJ;New Jersey;Northeast
40,431;-74,103;Port Monmouth;NJ;New Jersey;Northeast
40,37053;-74,00495;Rumson;NJ;New Jersey;Northeast
40,15294;-74,0359;Spring Lake;NJ;New Jersey;Northeast
40,28832;-74,01854;West Long Branch;NJ;New Jersey;Northeast
40,87819;-74,60003;Mine Hill;NJ;New Jersey;Northeast
40,93104;-74,80424;Allamuchy;NJ;New Jersey;Northeast
40,82589;-75,03781;Belvidere;NJ;New Jersey;Northeast
40,98308;-74,9623;Blairstown;NJ;New Jersey;Northeast
41,17633;-74,79042;Branchville;NJ;New Jersey;Northeast
40,88559;-74,75237;Budd Lake;NJ;New Jersey;Northeast
40,72099;-74,80033;Califon;NJ;New Jersey;Northeast
40,73909;-74,94678;Changewater;NJ;New Jersey;Northeast
40,89422;-75,06979;Delaware;NJ;New Jersey;Northeast
40,88752;-74,48689;Denville;NJ;New Jersey;Northeast
40,84767;-74,70163;Flanders;NJ;New Jersey;Northeast
40,88925;-74,91042;Great Meadows;NJ;New Jersey;Northeast
40,86034;-74,83192;Hackettstown;NJ;New Jersey;Northeast
40,94477;-74,50065;Hibernia;NJ;New Jersey;Northeast
40,93989;-74,65928;Hopatcong;NJ;New Jersey;Northeast
40,96694;-74,87671;Johnsonburg;NJ;New Jersey;Northeast
40,8856;-74,6237;Kenvil;NJ;New Jersey;Northeast
41,10339;-74,68312;Lafayette;NJ;New Jersey;Northeast
40,96861;-74,61066;Lake Hopatcong;NJ;New Jersey;Northeast
40,90716;-74,66158;Landing;NJ;New Jersey;Northeast
41,19883;-74,85923;Layton;NJ;New Jersey;Northeast
40,88374;-74,66531;Ledgewood;NJ;New Jersey;Northeast
40,78785;-74,78315;Long Valley;NJ;New Jersey;Northeast
40,9189;-74,6336;Mount Arlington;NJ;New Jersey;Northeast
40,89733;-74,69998;Netcong;NJ;New Jersey;Northeast
40,78722;-74,89845;Port Murray;NJ;New Jersey;Northeast
40,9531;-74,48639;Rockaway;NJ;New Jersey;Northeast
40,80535;-74,82303;Schooleys Mountain;NJ;New Jersey;Northeast
41,04666;-74,62793;Sparta;NJ;New Jersey;Northeast
40,9285;-74,70994;Stanhope;NJ;New Jersey;Northeast
40,85302;-74,65627;Succasunna;NJ;New Jersey;Northeast
40,87152;-74,47826;Mount Tabor;NJ;New Jersey;Northeast
41,12213;-74,93249;Wallpack Center;NJ;New Jersey;Northeast
40,93172;-74,57688;Wharton;NJ;New Jersey;Northeast
40,71462;-74,36604;Summit;NJ;New Jersey;Northeast
40,68374;-74,55444;Basking Ridge;NJ;New Jersey;Northeast
40,65599;-74,6771;Bedminster;NJ;New Jersey;Northeast
40,67525;-74,42806;Berkeley Heights;NJ;New Jersey;Northeast
40,727;-74,58941;Bernardsville;NJ;New Jersey;Northeast
40,80029;-74,56879;Brookside;NJ;New Jersey;Northeast
40,82085;-74,45479;Cedar Knolls;NJ;New Jersey;Northeast
40,70791;-74,65732;Far Hills;NJ;New Jersey;Northeast
40,77717;-74,39246;Florham Park;NJ;New Jersey;Northeast
40,69198;-74,46658;Gillette;NJ;New Jersey;Northeast
40,72044;-74,68159;Gladstone;NJ;New Jersey;Northeast
40,7371;-74,45296;Green Village;NJ;New Jersey;Northeast
40,81918;-74,36382;East Hanover;NJ;New Jersey;Northeast
40,66723;-74,55215;Lyons;NJ;New Jersey;Northeast
40,78065;-74,59928;Mendham;NJ;New Jersey;Northeast
40,67698;-74,51143;Millington;NJ;New Jersey;Northeast
40,84569;-74,48271;Morris Plains;NJ;New Jersey;Northeast
40,78452;-74,49813;Morristown;NJ;New Jersey;Northeast
40,78105;-74,43517;Convent Station;NJ;New Jersey;Northeast
40,80831;-74,5727;Mount Freedom;NJ;New Jersey;Northeast
40,69732;-74,40321;New Providence;NJ;New Jersey;Northeast
40,72747;-74,47704;New Vernon;NJ;New Jersey;Northeast
40,70969;-74,64786;Peapack;NJ;New Jersey;Northeast
40,71225;-74,72581;Pottersville;NJ;New Jersey;Northeast
40,6765;-74,49465;Stirling;NJ;New Jersey;Northeast
40,82375;-74,42029;Whippany;NJ;New Jersey;Northeast
39,55423;-75,35683;Alloway;NJ;New Jersey;Northeast
39,93142;-75,02515;Cherry Hill;NJ;New Jersey;Northeast
39,75494;-74,83007;Atco;NJ;New Jersey;Northeast
39,75503;-74,30626;Barnegat;NJ;New Jersey;Northeast
39,75299;-74,10953;Barnegat Light;NJ;New Jersey;Northeast
39,62188;-74,22421;Beach Haven;NJ;New Jersey;Northeast
39,97504;-74,71371;Birmingham;NJ;New Jersey;Northeast
39,78409;-75,05586;Blackwood;NJ;New Jersey;Northeast
39,92981;-74,53966;Browns Mills;NJ;New Jersey;Northeast
39,76733;-74,52781;Chatsworth;NJ;New Jersey;Northeast
39,79674;-75,22271;Clarksboro;NJ;New Jersey;Northeast
39,80604;-75,00025;Clementon;NJ;New Jersey;Northeast
40,06516;-74,70905;Columbus;NJ;New Jersey;Northeast
39,68825;-75,49761;Deepwater;NJ;New Jersey;Northeast
39,83329;-74,9657;Gibbsboro;NJ;New Jersey;Northeast
39,82883;-75,29345;Gibbstown;NJ;New Jersey;Northeast
39,69336;-75,11949;Glassboro;NJ;New Jersey;Northeast
39,84097;-75,06717;Glendora;NJ;New Jersey;Northeast
39,89023;-75,1178;Gloucester City;NJ;New Jersey;Northeast
39,86655;-75,09408;Bellmawr;NJ;New Jersey;Northeast
39,78048;-75,05952;Grenloch;NJ;New Jersey;Northeast
39,89332;-75,03723;Haddonfield;NJ;New Jersey;Northeast
39,87914;-75,06435;Haddon Heights;NJ;New Jersey;Northeast
39,97669;-74,83708;Hainesport;NJ;New Jersey;Northeast
39,63272;-74,77226;Hammonton;NJ;New Jersey;Northeast
39,47391;-75,48852;Hancocks Bridge;NJ;New Jersey;Northeast
39,68662;-75,27661;Harrisonville;NJ;New Jersey;Northeast
40,03852;-74,68263;Jobstown;NJ;New Jersey;Northeast
40,01363;-74,662;Juliustown;NJ;New Jersey;Northeast
39,84502;-74,95492;Voorhees;NJ;New Jersey;Northeast
39,86722;-75,02912;Lawnside;NJ;New Jersey;Northeast
40,02787;-74,88709;Willingboro;NJ;New Jersey;Northeast
39,95644;-74,80627;Lumberton;NJ;New Jersey;Northeast
39,85463;-75,03816;Magnolia;NJ;New Jersey;Northeast
39,70291;-74,24576;Manahawkin;NJ;New Jersey;Northeast
39,78583;-75,17903;Mantua;NJ;New Jersey;Northeast
39,952;-74,99502;Maple Shade;NJ;New Jersey;Northeast
39,86051;-74,89469;Marlton;NJ;New Jersey;Northeast
39,94835;-74,90472;Mount Laurel;NJ;New Jersey;Northeast
39,78355;-75,25155;Mickleton;NJ;New Jersey;Northeast
39,97948;-74,94105;Moorestown;NJ;New Jersey;Northeast
39,88462;-75,09309;Mount Ephraim;NJ;New Jersey;Northeast
39,80459;-75,207;Mount Royal;NJ;New Jersey;Northeast
39,71465;-75,22124;Mullica Hill;NJ;New Jersey;Northeast
39,86758;-75,18509;National Park;NJ;New Jersey;Northeast
39,93657;-74,61095;New Lisbon;NJ;New Jersey;Northeast
39,83475;-75,23017;Paulsboro;NJ;New Jersey;Northeast
39,7388;-75,41281;Pedricktown;NJ;New Jersey;Northeast
39,9617;-74,667;Pemberton;NJ;New Jersey;Northeast
39,70209;-75,4501;Penns Grove;NJ;New Jersey;Northeast
39,62494;-75,50902;Pennsville;NJ;New Jersey;Northeast
39,73227;-75,13457;Pitman;NJ;New Jersey;Northeast
39,54495;-75,41258;Quinton;NJ;New Jersey;Northeast
40,00952;-74,86698;Rancocas;NJ;New Jersey;Northeast
39,71289;-75,16379;Richwood;NJ;New Jersey;Northeast
39,85202;-75,07542;Runnemede;NJ;New Jersey;Northeast
39,75714;-75,11801;Sewell;NJ;New Jersey;Northeast
39,73421;-74,97564;Sicklerville;NJ;New Jersey;Northeast
39,84138;-75,02867;Somerdale;NJ;New Jersey;Northeast
39,75579;-75,33017;Swedesboro;NJ;New Jersey;Northeast
39,85136;-75,18582;Thorofare;NJ;New Jersey;Northeast
39,60751;-74,37994;Tuckerton;NJ;New Jersey;Northeast
39,84196;-74,69075;Vincentown;NJ;New Jersey;Northeast
39,71591;-74,82686;Waterford Works;NJ;New Jersey;Northeast
39,79777;-75,14849;Wenonah;NJ;New Jersey;Northeast
39,80545;-74,92558;West Berlin;NJ;New Jersey;Northeast
39,65438;-74,28428;West Creek;NJ;New Jersey;Northeast
39,86098;-75,13265;Westville;NJ;New Jersey;Northeast
39,64514;-74,85576;Winslow;NJ;New Jersey;Northeast
39,81571;-75,15117;Woodbury Heights;NJ;New Jersey;Northeast
39,63934;-75,3316;Woodstown;NJ;New Jersey;Northeast
39,89119;-75,07388;Audubon;NJ;New Jersey;Northeast
39,90767;-75,08344;Oaklyn;NJ;New Jersey;Northeast
39,91453;-75,06192;Collingswood;NJ;New Jersey;Northeast
39,95006;-75,05094;Merchantville;NJ;New Jersey;Northeast
39,97243;-75,06021;Pennsauken;NJ;New Jersey;Northeast
39,42257;-74,49511;Absecon;NJ;New Jersey;Northeast
39,09659;-74,74806;Avalon;NJ;New Jersey;Northeast
39,41281;-74,38006;Brigantine;NJ;New Jersey;Northeast
38,97131;-74,92054;Cape May;NJ;New Jersey;Northeast
39,11974;-74,82248;Cape May Court House;NJ;New Jersey;Northeast
38,93721;-74,96509;Cape May Point;NJ;New Jersey;Northeast
39,58962;-74,58716;Egg Harbor City;NJ;New Jersey;Northeast
39,57702;-74,71879;Elwood;NJ;New Jersey;Northeast
39,27021;-74,6571;Marmora;NJ;New Jersey;Northeast
39,59548;-74,46352;New Gretna;NJ;New Jersey;Northeast
39,26812;-74,60196;Ocean City;NJ;New Jersey;Northeast
39,20381;-74,70342;Ocean View;NJ;New Jersey;Northeast
39,38771;-74,51489;Pleasantville;NJ;New Jersey;Northeast
39,38662;-74,62369;Egg Harbor Township;NJ;New Jersey;Northeast
39,48676;-74,53633;Pomona;NJ;New Jersey;Northeast
39,53278;-74,48523;Port Republic;NJ;New Jersey;Northeast
39,15235;-74,69758;Sea Isle City;NJ;New Jersey;Northeast
39,31503;-74,59808;Somers Point;NJ;New Jersey;Northeast
39,18098;-74,76583;South Seaville;NJ;New Jersey;Northeast
39,05279;-74,78508;Stone Harbor;NJ;New Jersey;Northeast
39,1944;-74,66175;Strathmere;NJ;New Jersey;Northeast
39,02766;-74,92573;Villas;NJ;New Jersey;Northeast
38,99555;-74,84088;Wildwood;NJ;New Jersey;Northeast
39,26437;-74,80861;Woodbine;NJ;New Jersey;Northeast
39,4397;-75,2616;Bridgeton;NJ;New Jersey;Northeast
39,52723;-74,89769;Buena;NJ;New Jersey;Northeast
39,32685;-75,20804;Cedarville;NJ;New Jersey;Northeast
39,66143;-75,08375;Clayton;NJ;New Jersey;Northeast
39,21683;-74,94113;Delmont;NJ;New Jersey;Northeast
39,40398;-74,82696;Dorothy;NJ;New Jersey;Northeast
39,55657;-75,17776;Elmer;NJ;New Jersey;Northeast
39,3645;-74,81753;Estell Manor;NJ;New Jersey;Northeast
39,3851;-75,16059;Fairton;NJ;New Jersey;Northeast
39,21961;-75,14107;Fortescue;NJ;New Jersey;Northeast
39,61463;-75,03385;Franklinville;NJ;New Jersey;Northeast
39,21859;-74,99999;Heislerville;NJ;New Jersey;Northeast
39,53847;-74,92761;Landisville;NJ;New Jersey;Northeast
39,25458;-74,94657;Leesburg;NJ;New Jersey;Northeast
39,5797;-75,06015;Malaga;NJ;New Jersey;Northeast
39,2857;-75,00338;Mauricetown;NJ;New Jersey;Northeast
39,4566;-74,73814;Mays Landing;NJ;New Jersey;Northeast
39,40087;-74,88407;Milmay;NJ;New Jersey;Northeast
39,52002;-74,9524;Minotola;NJ;New Jersey;Northeast
39,64057;-75,1699;Monroeville;NJ;New Jersey;Northeast
39,31381;-74,96594;Port Elizabeth;NJ;New Jersey;Northeast
39,266;-75,06337;Port Norris;NJ;New Jersey;Northeast
39,49134;-74,87413;Richland;NJ;New Jersey;Northeast
39,47545;-75,12724;Rosenhayn;NJ;New Jersey;Northeast
39,45954;-75,29695;Shiloh;NJ;New Jersey;Northeast
39,49374;-75,00352;Vineland;NJ;New Jersey;Northeast
39,37964;-74,45284;Atlantic City;NJ;New Jersey;Northeast
39,33069;-74,50706;Margate City;NJ;New Jersey;Northeast
39,31915;-74,53535;Longport;NJ;New Jersey;Northeast
39,34565;-74,48603;Ventnor City;NJ;New Jersey;Northeast
40,16022;-74,55237;Allentown;NJ;New Jersey;Northeast
40,44815;-74,65763;Belle Mead;NJ;New Jersey;Northeast
40,10413;-74,73959;Bordentown;NJ;New Jersey;Northeast
40,18798;-74,42351;Millstone Township;NJ;New Jersey;Northeast
40,04441;-74,55384;Cookstown;NJ;New Jersey;Northeast
40,32166;-74,52586;Cranbury;NJ;New Jersey;Northeast
40,13269;-74,49811;Cream Ridge;NJ;New Jersey;Northeast
40,25555;-74,53269;Hightstown;NJ;New Jersey;Northeast
40,39641;-74,78185;Hopewell;NJ;New Jersey;Northeast
40,37288;-74,89747;Lambertville;NJ;New Jersey;Northeast
40,01293;-74,47138;New Egypt;NJ;New Jersey;Northeast
40,33026;-74,79422;Pennington;NJ;New Jersey;Northeast
40,33392;-74,58488;Plainsboro;NJ;New Jersey;Northeast
40,28125;-74,61926;Princeton Junction;NJ;New Jersey;Northeast
40,44425;-74,83907;Ringoes;NJ;New Jersey;Northeast
40,11556;-74,77966;Roebling;NJ;New Jersey;Northeast
40,22116;-74,473;Roosevelt;NJ;New Jersey;Northeast
40,41382;-74,70236;Skillman;NJ;New Jersey;Northeast
40,4387;-74,9716;Stockton;NJ;New Jersey;Northeast
40,31453;-74,85946;Titusville;NJ;New Jersey;Northeast
40,06812;-74,59401;Wrightstown;NJ;New Jersey;Northeast
40,21947;-74,76693;Trenton;NJ;New Jersey;Northeast
40,0093;-74,58424;Joint Base Mdl;NJ;New Jersey;Northeast
40,28488;-74,72201;Lawrence Township;NJ;New Jersey;Northeast
40,20953;-74,59919;Robbinsville;NJ;New Jersey;Northeast
40,07635;-74,20311;Lakewood;NJ;New Jersey;Northeast
40,14073;-74,11431;Allenwood;NJ;New Jersey;Northeast
39,9071;-74,1846;Bayville;NJ;New Jersey;Northeast
39,92863;-74,20224;Beachwood;NJ;New Jersey;Northeast
40,03896;-74,11091;Brick;NJ;New Jersey;Northeast
40,10483;-74,06366;Brielle;NJ;New Jersey;Northeast
39,85946;-74,29363;Forked River;NJ;New Jersey;Northeast
39,94177;-74,14497;Island Heights;NJ;New Jersey;Northeast
40,0262;-74,3713;Lakehurst;NJ;New Jersey;Northeast
39,86331;-74,16608;Lanoka Harbor;NJ;New Jersey;Northeast
39,98288;-74,08121;Lavallette;NJ;New Jersey;Northeast
40,12028;-74,06862;Manasquan;NJ;New Jersey;Northeast
40,02101;-74,06282;Mantoloking;NJ;New Jersey;Northeast
39,93006;-74,12811;Ocean Gate;NJ;New Jersey;Northeast
39,93632;-74,16779;Pine Beach;NJ;New Jersey;Northeast
40,08076;-74,06213;Point Pleasant Beach;NJ;New Jersey;Northeast
40,13389;-74,0444;Sea Girt;NJ;New Jersey;Northeast
39,95012;-74,08147;Seaside Heights;NJ;New Jersey;Northeast
39,85233;-74,0963;Seaside Park;NJ;New Jersey;Northeast
39,98091;-74,15055;Toms River;NJ;New Jersey;Northeast
39,79529;-74,25296;Waretown;NJ;New Jersey;Northeast
39,96239;-74,35902;Manchester Township;NJ;New Jersey;Northeast
40,62774;-74,88655;Annandale;NJ;New Jersey;Northeast
40,6783;-75,02515;Asbury;NJ;New Jersey;Northeast
40,64412;-75,09936;Bloomsbury;NJ;New Jersey;Northeast
40,57165;-74,53783;Bound Brook;NJ;New Jersey;Northeast
40,37073;-74,49641;Dayton;NJ;New Jersey;Northeast
40,5999;-74,47979;Dunellen;NJ;New Jersey;Northeast
40,42943;-74,41602;East Brunswick;NJ;New Jersey;Northeast
40,51559;-74,3939;Edison;NJ;New Jersey;Northeast
40,52074;-74,68835;Flagtown;NJ;New Jersey;Northeast
40,52281;-74,86576;Flemington;NJ;New Jersey;Northeast
40,44218;-74,56318;Franklin Park;NJ;New Jersey;Northeast
40,42058;-74,5538;Kendall Park;NJ;New Jersey;Northeast
40,51353;-75,02341;Frenchtown;NJ;New Jersey;Northeast
40,71912;-74,90527;Glen Gardner;NJ;New Jersey;Northeast
40,37767;-74,42383;Helmetta;NJ;New Jersey;Northeast
40,66828;-74,89414;High Bridge;NJ;New Jersey;Northeast
40,56964;-74,31719;Iselin;NJ;New Jersey;Northeast
40,32908;-74,43066;Monroe Township;NJ;New Jersey;Northeast
40,51138;-74,31387;Keasbey;NJ;New Jersey;Northeast
40,59705;-74,55446;Martinsville;NJ;New Jersey;Northeast
40,54361;-74,35856;Metuchen;NJ;New Jersey;Northeast
40,57439;-74,5011;Middlesex;NJ;New Jersey;Northeast
40,44826;-74,43994;Milltown;NJ;New Jersey;Northeast
40,38978;-74,54461;Monmouth Junction;NJ;New Jersey;Northeast
40,52879;-74,74246;Neshanic Station;NJ;New Jersey;Northeast
40,54648;-74,46342;Piscataway;NJ;New Jersey;Northeast
40,39188;-74,33059;Old Bridge;NJ;New Jersey;Northeast
40,67903;-74,73748;Oldwick;NJ;New Jersey;Northeast
40,45897;-74,30401;Parlin;NJ;New Jersey;Northeast
40,52087;-74,27397;Perth Amboy;NJ;New Jersey;Northeast
40,53733;-74,31216;Fords;NJ;New Jersey;Northeast
40,7094;-75,15109;Phillipsburg;NJ;New Jersey;Northeast
40,57513;-74,96777;Pittstown;NJ;New Jersey;Northeast
40,57316;-74,64305;Raritan;NJ;New Jersey;Northeast
40,46482;-74,34002;Sayreville;NJ;New Jersey;Northeast
40,46532;-74,27691;South Amboy;NJ;New Jersey;Northeast
40,55354;-74,52771;South Bound Brook;NJ;New Jersey;Northeast
40,44556;-74,37842;South River;NJ;New Jersey;Northeast
40,39493;-74,39196;Spotswood;NJ;New Jersey;Northeast
40,69302;-75,10565;Stewartsville;NJ;New Jersey;Northeast
40,52219;-74,79428;Three Bridges;NJ;New Jersey;Northeast
40,60744;-74,75936;Whitehouse Station;NJ;New Jersey;Northeast
40,53877;-74,57531;Zarephath;NJ;New Jersey;Northeast
40,48426;-74,44275;New Brunswick;NJ;New Jersey;Northeast
40,44236;-74,48579;North Brunswick;NJ;New Jersey;Northeast
40,50057;-74,42832;Highland Park;NJ;New Jersey;Northeast
40,75064;-73,99728;New York;NY;New York;Northeast
40,62803;-74,09564;Staten Island;NY;New York;Northeast
40,82097;-73,92383;Bronx;NY;New York;Northeast
41,2954;-73,76006;Amawalk;NY;New York;Northeast
41,01126;-73,8409;Ardsley;NY;New York;Northeast
41,02654;-73,8753;Ardsley On Hudson;NY;New York;Northeast
41,13065;-73,70629;Armonk;NY;New York;Northeast
41,34207;-73,74791;Baldwin Place;NY;New York;Northeast
41,22879;-73,6878;Bedford Hills;NY;New York;Northeast
41,14152;-73,83411;Briarcliff Manor;NY;New York;Northeast
41,26302;-73,94391;Buchanan;NY;New York;Northeast
41,17331;-73,77071;Chappaqua;NY;New York;Northeast
41,45342;-73,90233;Cold Spring;NY;New York;Northeast
41,29837;-73,86013;Crompond;NY;New York;Northeast
41,26787;-73,60073;Cross River;NY;New York;Northeast
41,34701;-73,66196;Croton Falls;NY;New York;Northeast
41,22183;-73,87348;Croton On Hudson;NY;New York;Northeast
41,01221;-73,8646;Dobbs Ferry;NY;New York;Northeast
41,06005;-73,81859;Elmsford;NY;New York;Northeast
41,37076;-73,92201;Garrison;NY;New York;Northeast
41,29388;-73,66171;Goldens Bridge;NY;New York;Northeast
41,3195;-73,76502;Granite Springs;NY;New York;Northeast
41,02304;-73,80764;Hartsdale;NY;New York;Northeast
41,33536;-73,79965;Jefferson Valley;NY;New York;Northeast
41,26971;-73,68943;Katonah;NY;New York;Northeast
41,33784;-73,88528;Lake Peekskill;NY;New York;Northeast
40,9376;-73,75707;Larchmont;NY;New York;Northeast
41,32575;-73,72745;Lincolndale;NY;New York;Northeast
41,37855;-73,75122;Mahopac;NY;New York;Northeast
41,37115;-73,76436;Mahopac Falls;NY;New York;Northeast
40,95274;-73,73645;Mamaroneck;NY;New York;Northeast
41,17861;-73,83547;Maryknoll;NY;New York;Northeast
41,19472;-73,8002;Millwood;NY;New York;Northeast
41,31178;-73,84637;Mohegan Lake;NY;New York;Northeast
41,24599;-73,93643;Montrose;NY;New York;Northeast
41,19981;-73,72028;Mount Kisco;NY;New York;Northeast
41,33303;-73,60264;North Salem;NY;New York;Northeast
41,19295;-73,8305;Ossining;NY;New York;Northeast
41,28924;-73,91837;Peekskill;NY;New York;Northeast
41,28922;-73,89633;Cortlandt Manor;NY;New York;Northeast
41,01676;-73,67735;Port Chester;NY;New York;Northeast
41,21323;-73,57289;Pound Ridge;NY;New York;Northeast
41,03755;-73,71349;Purchase;NY;New York;Northeast
41,31815;-73,673;Purdys;NY;New York;Northeast
41,39651;-73,83384;Putnam Valley;NY;New York;Northeast
40,98916;-73,79443;Scarsdale;NY;New York;Northeast
41,33222;-73,82624;Shrub Oak;NY;New York;Northeast
41,25421;-73,53719;South Salem;NY;New York;Northeast
41,08436;-73,84653;Tarrytown;NY;New York;Northeast
41,11579;-73,771;Thornwood;NY;New York;Northeast
41,08626;-73,78097;Valhalla;NY;New York;Northeast
41,25552;-73,95854;Verplanck;NY;New York;Northeast
41,29423;-73,59703;Waccabuc;NY;New York;Northeast
41,28309;-73,79516;Yorktown Heights;NY;New York;Northeast
41,03288;-73,7648;White Plains;NY;New York;Northeast
41,06013;-73,73955;West Harrison;NY;New York;Northeast
40,94702;-73,88034;Yonkers;NY;New York;Northeast
40,99047;-73,86951;Hastings On Hudson;NY;New York;Northeast
40,95961;-73,82291;Tuckahoe;NY;New York;Northeast
40,9379;-73,83167;Bronxville;NY;New York;Northeast
40,95337;-73,80885;Eastchester;NY;New York;Northeast
40,91751;-73,78396;New Rochelle;NY;New York;Northeast
41,14554;-74,12504;Suffern;NY;New York;Northeast
41,2773;-74,13625;Arden;NY;New York;Northeast
41,30798;-73,99243;Bear Mountain;NY;New York;Northeast
41,06845;-73,95574;Blauvelt;NY;New York;Northeast
41,41671;-74,20087;Blooming Grove;NY;New York;Northeast
41,54022;-74,35714;Bullville;NY;New York;Northeast
41,44881;-74,24311;Campbell Hall;NY;New York;Northeast
41,31851;-74,11094;Central Valley;NY;New York;Northeast
41,52836;-74,38327;Circleville;NY;New York;Northeast
41,15477;-73,9393;Congers;NY;New York;Northeast
41,32794;-73,99604;Fort Montgomery;NY;New York;Northeast
41,20265;-74,00031;Garnerville;NY;New York;Northeast
41,20076;-74,29535;Greenwood Lake;NY;New York;Northeast
41,25856;-74,1307;Harriman;NY;New York;Northeast
41,19263;-73,96735;Haverstraw;NY;New York;Northeast
41,3457;-74,00265;Highland Falls;NY;New York;Northeast
41,3667;-74,11035;Highland Mills;NY;New York;Northeast
41,12769;-74,17012;Hillburn;NY;New York;Northeast
41,482;-74,46352;Howells;NY;New York;Northeast
41,11385;-74,07975;Monsey;NY;New York;Northeast
41,40581;-74,07783;Mountainville;NY;New York;Northeast
41,09969;-74,01269;Nanuet;NY;New York;Northeast
41,15562;-73,99314;New City;NY;New York;Northeast
41,08892;-73,92642;Nyack;NY;New York;Northeast
41,04857;-73,96057;Orangeburg;NY;New York;Northeast
41,4669;-74,54121;Otisville;NY;New York;Northeast
41,01642;-73,91431;Palisades;NY;New York;Northeast
41,06176;-74,01286;Pearl River;NY;New York;Northeast
41,292;-74,48879;Pine Island;NY;New York;Northeast
41,38442;-74,47566;Slate Hill;NY;New York;Northeast
41,15826;-74,18993;Sloatsburg;NY;New York;Northeast
41,25951;-74,17042;Southfields;NY;New York;Northeast
41,02871;-73,92594;Sparkill;NY;New York;Northeast
41,11749;-74,04825;Spring Valley;NY;New York;Northeast
41,18237;-74,31877;Sterling Forest;NY;New York;Northeast
41,23157;-74,05709;Stony Point;NY;New York;Northeast
41,02747;-73,94826;Tappan;NY;New York;Northeast
41,20928;-74,02008;Thiells;NY;New York;Northeast
41,57697;-74,35782;Thompson Ridge;NY;New York;Northeast
41,27917;-73,99445;Tomkins Cove;NY;New York;Northeast
41,20737;-74,22284;Tuxedo Park;NY;New York;Northeast
41,12479;-73,93632;Valley Cottage;NY;New York;Northeast
41,42648;-74,16567;Washingtonville;NY;New York;Northeast
41,21011;-73,97565;West Haverstraw;NY;New York;Northeast
41,09702;-73,97322;West Nyack;NY;New York;Northeast
41,38996;-73,97257;West Point;NY;New York;Northeast
41,33118;-74,53989;Westtown;NY;New York;Northeast
40,72356;-73,70451;Floral Park;NY;New York;Northeast
40,70143;-73,7078;Elmont;NY;New York;Northeast
40,74621;-73,71147;Glen Oaks;NY;New York;Northeast
40,70066;-73,67514;Franklin Square;NY;New York;Northeast
40,77098;-73,71293;Great Neck;NY;New York;Northeast
40,79293;-73,68868;Manhasset;NY;New York;Northeast
40,74572;-73,67979;New Hyde Park;NY;New York;Northeast
40,83815;-73,69113;Port Washington;NY;New York;Northeast
40,62143;-73,75292;Inwood;NY;New York;Northeast
40,74679;-73,93916;Long Island City;NY;New York;Northeast
40,77161;-73,92619;Astoria;NY;New York;Northeast
40,74484;-73,92049;Sunnyside;NY;New York;Northeast
40,7686;-73,82743;Flushing;NY;New York;Northeast
40,78492;-73,84149;College Point;NY;New York;Northeast
40,78636;-73,81094;Whitestone;NY;New York;Northeast
40,79147;-73,77662;Bayside;NY;New York;Northeast
40,75899;-73,73583;Little Neck;NY;New York;Northeast
40,74625;-73,75598;Oakland Gardens;NY;New York;Northeast
40,73983;-73,79499;Fresh Meadows;NY;New York;Northeast
40,74962;-73,85264;Corona;NY;New York;Northeast
40,76345;-73,87222;East Elmhurst;NY;New York;Northeast
40,75172;-73,88367;Jackson Heights;NY;New York;Northeast
40,73892;-73,87854;Elmhurst;NY;New York;Northeast
40,72647;-73,86144;Rego Park;NY;New York;Northeast
40,72315;-73,84373;Forest Hills;NY;New York;Northeast
40,74483;-73,90516;Woodside;NY;New York;Northeast
40,72493;-73,91034;Maspeth;NY;New York;Northeast
40,71709;-73,88056;Middle Village;NY;New York;Northeast
40,69406;-73,73623;Cambria Heights;NY;New York;Northeast
40,67002;-73,75116;Springfield Gardens;NY;New York;Northeast
40,65818;-73,8448;Howard Beach;NY;New York;Northeast
40,70808;-73,82801;Kew Gardens;NY;New York;Northeast
40,68458;-73,84967;Ozone Park;NY;New York;Northeast
40,70032;-73,83603;Richmond Hill;NY;New York;Northeast
40,68863;-73,82302;South Richmond Hill;NY;New York;Northeast
40,67352;-73,8177;South Ozone Park;NY;New York;Northeast
40,69403;-73,85865;Woodhaven;NY;New York;Northeast
40,66053;-73,73658;Rosedale;NY;New York;Northeast
40,73641;-73,7223;Bellerose;NY;New York;Northeast
40,73094;-73,74569;Queens Village;NY;New York;Northeast
40,74629;-73,63921;Mineola;NY;New York;Northeast
40,77082;-73,6521;Albertson;NY;New York;Northeast
40,58872;-73,7286;Atlantic Beach;NY;New York;Northeast
40,65027;-73,60809;Baldwin;NY;New York;Northeast
40,74979;-73,61298;Carle Place;NY;New York;Northeast
40,6258;-73,7263;Cedarhurst;NY;New York;Northeast
40,63772;-73,66691;East Rockaway;NY;New York;Northeast
40,72716;-73,63654;Garden City;NY;New York;Northeast
40,87073;-73,62879;Glen Cove;NY;New York;Northeast
40,82685;-73,58853;Glen Head;NY;New York;Northeast
40,82881;-73,64505;Glenwood Landing;NY;New York;Northeast
40,81414;-73,6097;Greenvale;NY;New York;Northeast
40,71896;-73,59973;Hempstead;NY;New York;Northeast
40,6916;-73,65073;West Hempstead;NY;New York;Northeast
40,70529;-73,5923;Uniondale;NY;New York;Northeast
40,71974;-73,56044;East Meadow;NY;New York;Northeast
40,63723;-73,6921;Hewlett;NY;New York;Northeast
40,60539;-73,64952;Island Park;NY;New York;Northeast
40,88068;-73,59057;Locust Valley;NY;New York;Northeast
40,58969;-73,64455;Long Beach;NY;New York;Northeast
40,65746;-73,67408;Lynbrook;NY;New York;Northeast
40,67505;-73,67177;Malverne;NY;New York;Northeast
40,66307;-73,55407;Merrick;NY;New York;Northeast
40,78659;-73,59719;Old Westbury;NY;New York;Northeast
40,5903;-73,58046;Point Lookout;NY;New York;Northeast
40,66504;-73,63882;Rockville Centre;NY;New York;Northeast
40,63231;-73,63686;Oceanside;NY;New York;Northeast
40,79791;-73,64711;Roslyn;NY;New York;Northeast
40,78288;-73,6391;Roslyn Heights;NY;New York;Northeast
40,84406;-73,64426;Sea Cliff;NY;New York;Northeast
40,67491;-73,70374;Valley Stream;NY;New York;Northeast
40,75541;-73,57463;Westbury;NY;New York;Northeast
40,75968;-73,6422;Williston Park;NY;New York;Northeast
40,63109;-73,71188;Woodmere;NY;New York;Northeast
40,60152;-73,76173;Far Rockaway;NY;New York;Northeast
40,59373;-73,79201;Arverne;NY;New York;Northeast
40,57532;-73,85099;Rockaway Park;NY;New York;Northeast
40,55749;-73,91361;Breezy Point;NY;New York;Northeast
40,6817;-73,41289;Amityville;NY;New York;Northeast
40,65155;-73,33824;Babylon;NY;New York;Northeast
40,73325;-73,32533;North Babylon;NY;New York;Northeast
40,71623;-73,35908;West Babylon;NY;New York;Northeast
40,74514;-73,05461;Bayport;NY;New York;Northeast
40,706;-73,24208;Bay Shore;NY;New York;Northeast
40,67217;-73,53293;Bellmore;NY;New York;Northeast
40,77774;-72,94253;Bellport;NY;New York;Northeast
40,74267;-73,48615;Bethpage;NY;New York;Northeast
40,75005;-73,03531;Blue Point;NY;New York;Northeast
40,77131;-73,12729;Bohemia;NY;New York;Northeast
40,78405;-73,25223;Brentwood;NY;New York;Northeast
40,71891;-73,26391;Brightwaters;NY;New York;Northeast
40,77935;-72,91175;Brookhaven;NY;New York;Northeast
40,87025;-73,08202;Centereach;NY;New York;Northeast
40,89362;-73,37009;Centerport;NY;New York;Northeast
40,78358;-73,19657;Central Islip;NY;New York;Northeast
40,86522;-73,45288;Cold Spring Harbor;NY;New York;Northeast
40,84056;-73,28085;Commack;NY;New York;Northeast
40,67891;-73,39564;Copiague;NY;New York;Northeast
40,88019;-73,00368;Coram;NY;New York;Northeast
40,76249;-73,32161;Deer Park;NY;New York;Northeast
40,72701;-73,18456;East Islip;NY;New York;Northeast
40,86262;-73,31703;East Northport;NY;New York;Northeast
40,84245;-73,53916;East Norwich;NY;New York;Northeast
40,93742;-73,10544;East Setauket;NY;New York;Northeast
40,83779;-73,03761;Farmingville;NY;New York;Northeast
40,71058;-73,16275;Great River;NY;New York;Northeast
40,86536;-73,36118;Greenlawn;NY;New York;Northeast
40,81034;-73,0419;Holtsville;NY;New York;Northeast
40,81421;-73,3608;Huntington Station;NY;New York;Northeast
40,78372;-73,40931;Melville;NY;New York;Northeast
40,80674;-73,1708;Islandia;NY;New York;Northeast
40,72999;-73,21424;Islip;NY;New York;Northeast
40,75791;-73,17359;Islip Terrace;NY;New York;Northeast
40,88771;-73,24738;Kings Park;NY;New York;Northeast
40,8583;-73,11748;Lake Grove;NY;New York;Northeast
40,72545;-73,51656;Levittown;NY;New York;Northeast
40,68892;-73,37356;Lindenhurst;NY;New York;Northeast
40,65361;-73,45626;Massapequa;NY;New York;Northeast
40,68283;-73,44707;Massapequa Park;NY;New York;Northeast
40,93585;-72,97544;Miller Place;NY;New York;Northeast
40,88249;-73,55862;Mill Neck;NY;New York;Northeast
40,93602;-73,01645;Mount Sinai;NY;New York;Northeast
40,84438;-73,14535;Nesconset;NY;New York;Northeast
40,91052;-73,32611;Northport;NY;New York;Northeast
40,64945;-73,14123;Ocean Beach;NY;New York;Northeast
40,8674;-73,52651;Oyster Bay;NY;New York;Northeast
40,76118;-72,9875;Patchogue;NY;New York;Northeast
40,91345;-73,04567;Port Jefferson Station;NY;New York;Northeast
40,95171;-73,0645;Port Jefferson;NY;New York;Northeast
40,94312;-72,93073;Rocky Point;NY;New York;Northeast
40,8127;-73,1156;Ronkonkoma;NY;New York;Northeast
40,89249;-73,16973;Saint James;NY;New York;Northeast
40,73727;-73,08024;Sayville;NY;New York;Northeast
40,67766;-73,49068;Seaford;NY;New York;Northeast
40,86855;-73,0422;Selden;NY;New York;Northeast
40,85338;-73,21089;Smithtown;NY;New York;Northeast
40,81808;-73,21318;Hauppauge;NY;New York;Northeast
40,95759;-72,97214;Sound Beach;NY;New York;Northeast
40,90719;-73,12777;Stony Brook;NY;New York;Northeast
40,82819;-73,50282;Syosset;NY;New York;Northeast
40,94832;-72,8302;Wading River;NY;New York;Northeast
40,6462;-73,51024;Wantagh;NY;New York;Northeast
40,70803;-73,29827;West Islip;NY;New York;Northeast
40,72958;-73,09986;West Sayville;NY;New York;Northeast
40,752;-73,37497;Wyandanch;NY;New York;Northeast
40,76256;-73,52383;Hicksville;NY;New York;Northeast
40,78177;-73,4733;Plainview;NY;New York;Northeast
40,75829;-73,45706;Old Bethpage;NY;New York;Northeast
40,92424;-72,64697;Riverhead;NY;New York;Northeast
40,98877;-72,10482;Amagansett;NY;New York;Northeast
40,93347;-72,62195;Aquebogue;NY;New York;Northeast
40,93322;-72,30603;Bridgehampton;NY;New York;Northeast
40,92449;-72,75453;Calverton;NY;New York;Northeast
40,80201;-72,79428;Center Moriches;NY;New York;Northeast
41,01795;-72,48933;Cutchogue;NY;New York;Northeast
41,12627;-72,34223;East Marion;NY;New York;Northeast
40,80819;-72,75664;East Moriches;NY;New York;Northeast
40,84901;-72,57764;East Quogue;NY;New York;Northeast
41,09888;-72,37223;Greenport;NY;New York;Northeast
40,87033;-72,52294;Hampton Bays;NY;New York;Northeast
40,94302;-72,58189;Jamesport;NY;New York;Northeast
40,9662;-72,55797;Laurel;NY;New York;Northeast
40,86496;-72,80097;Manorville;NY;New York;Northeast
40,80627;-72,84734;Mastic;NY;New York;Northeast
40,76624;-72,83655;Mastic Beach;NY;New York;Northeast
40,99716;-72,54369;Mattituck;NY;New York;Northeast
40,88585;-72,95054;Middle Island;NY;New York;Northeast
41,04458;-71,9518;Montauk;NY;New York;Northeast
40,80777;-72,82289;Moriches;NY;New York;Northeast
40,98067;-72,46868;New Suffolk;NY;New York;Northeast
41,03688;-72,4613;Peconic;NY;New York;Northeast
40,82903;-72,60977;Quogue;NY;New York;Northeast
40,80894;-72,70615;Remsenburg;NY;New York;Northeast
40,90458;-72,88488;Ridge;NY;New York;Northeast
40,93715;-72,27379;Sagaponack;NY;New York;Northeast
40,99921;-72,32271;Sag Harbor;NY;New York;Northeast
41,05743;-72,31492;Shelter Island;NY;New York;Northeast
41,07727;-72,34244;Shelter Island Heights;NY;New York;Northeast
40,94029;-72,57403;South Jamesport;NY;New York;Northeast
41,05949;-72,42617;Southold;NY;New York;Northeast
40,82362;-72,70045;Speonk;NY;New York;Northeast
40,95146;-72,25093;Wainscott;NY;New York;Northeast
40,92986;-72,34721;Water Mill;NY;New York;Northeast
40,82769;-72,67947;Westhampton;NY;New York;Northeast
40,82878;-72,64669;Westhampton Beach;NY;New York;Northeast
40,8321;-72,92198;Yaphank;NY;New York;Northeast
42,48889;-73,93159;Alcove;NY;New York;Northeast
42,85367;-73,9063;Alplaus;NY;New York;Northeast
42,69824;-74,03398;Altamont;NY;New York;Northeast
42,93752;-74,17287;Amsterdam;NY;New York;Northeast
42,31453;-73,45682;Austerlitz;NY;New York;Northeast
42,62926;-73,52662;Averill Park;NY;New York;Northeast
42,92993;-73,88245;Ballston Lake;NY;New York;Northeast
43,00208;-73,87401;Ballston Spa;NY;New York;Northeast
42,60656;-74,16573;Berne;NY;New York;Northeast
42,48134;-73,53419;Brainard;NY;New York;Northeast
43,09142;-74,11924;Broadalbin;NY;New York;Northeast
42,92122;-73,90872;Burnt Hills;NY;New York;Northeast
42,94545;-73,44213;Buskirk;NY;New York;Northeast
43,24042;-74,55666;Caroga Lake;NY;New York;Northeast
42,53665;-73,70558;Castleton On Hudson;NY;New York;Northeast
42,73453;-74,37534;Central Bridge;NY;New York;Northeast
42,53564;-74,68468;Charlotteville;NY;New York;Northeast
42,63047;-73,35916;Cherry Plain;NY;New York;Northeast
42,55893;-73,97028;Clarksville;NY;New York;Northeast
42,38185;-73,89162;Climax;NY;New York;Northeast
42,70357;-74,5267;Cobleskill;NY;New York;Northeast
42,47974;-73,79682;Coeymans;NY;New York;Northeast
42,48864;-73,92119;Coeymans Hollow;NY;New York;Northeast
42,78396;-73,72655;Cohoes;NY;New York;Northeast
42,34493;-73,83938;Coxsackie;NY;New York;Northeast
42,75767;-73,47847;Cropseyville;NY;New York;Northeast
42,75283;-74,18791;Delanson;NY;New York;Northeast
42,60764;-73,86864;Delmar;NY;New York;Northeast
42,76761;-74,0905;Duanesburg;NY;New York;Northeast
42,97316;-73,34335;Eagle Bridge;NY;New York;Northeast
42,3498;-73,923;Earlton;NY;New York;Northeast
42,61403;-74,05811;East Berne;NY;New York;Northeast
42,41325;-73,49284;East Chatham;NY;New York;Northeast
42,59915;-73,65658;East Greenbush;NY;New York;Northeast
42,52871;-73,501;East Nassau;NY;New York;Northeast
42,56442;-73,63826;East Schodack;NY;New York;Northeast
42,60711;-74,65887;East Worcester;NY;New York;Northeast
42,85402;-73,78654;Clifton Park;NY;New York;Northeast
42,78011;-74,30291;Esperance;NY;New York;Northeast
42,56083;-73,91663;Feura Bush;NY;New York;Northeast
42,95701;-74,40467;Fonda;NY;New York;Northeast
42,94336;-74,28193;Fort Hunter;NY;New York;Northeast
42,98513;-74,25441;Fort Johnson;NY;New York;Northeast
42,56971;-74,41521;Fultonham;NY;New York;Northeast
42,88102;-74,36164;Fultonville;NY;New York;Northeast
43,05219;-74,04709;Galway;NY;New York;Northeast
42,30145;-73,64046;Ghent;NY;New York;Northeast
42,40868;-74,38506;Gilboa;NY;New York;Northeast
42,59426;-73,7841;Glenmont;NY;New York;Northeast
43,12338;-74,36255;Gloversville;NY;New York;Northeast
42,70411;-73,90182;Guilderland;NY;New York;Northeast
42,70043;-73,96659;Guilderland Center;NY;New York;Northeast
42,99684;-74,10508;Hagaman;NY;New York;Northeast
42,42794;-73,8931;Hannacroix;NY;New York;Northeast
42,88073;-73,35624;Hoosick Falls;NY;New York;Northeast
42,70396;-74,38456;Howes Cave;NY;New York;Northeast
42,89091;-73,48737;Johnsonville;NY;New York;Northeast
43,03151;-74,41553;Johnstown;NY;New York;Northeast
42,38871;-73,71228;Kinderhook;NY;New York;Northeast
42,75349;-73,77671;Latham;NY;New York;Northeast
42,46747;-73,59338;Malden Bridge;NY;New York;Northeast
42,53849;-74,91278;Maryland;NY;New York;Northeast
43,16894;-74,25557;Mayfield;NY;New York;Northeast
42,92096;-73,72049;Mechanicville;NY;New York;Northeast
42,45781;-74,1409;Medusa;NY;New York;Northeast
42,54341;-74,31138;Middleburgh;NY;New York;Northeast
42,52239;-73,60636;Nassau;NY;New York;Northeast
42,44652;-73,78494;New Baltimore;NY;New York;Northeast
42,47633;-73,40394;New Lebanon;NY;New York;Northeast
42,44156;-73,65835;Niverville;NY;New York;Northeast
42,46573;-74,46249;North Blenheim;NY;New York;Northeast
43,26533;-74,23059;Northville;NY;New York;Northeast
42,43249;-73,56016;Old Chatham;NY;New York;Northeast
42,85727;-74,12922;Pattersonville;NY;New York;Northeast
42,73735;-73,37128;Petersburg;NY;New York;Northeast
43,52096;-74,56552;Piseco;NY;New York;Northeast
42,689;-73,56689;Poestenkill;NY;New York;Northeast
42,48525;-73,85218;Ravena;NY;New York;Northeast
42,63106;-73,71801;Rensselaer;NY;New York;Northeast
42,51365;-74,15147;Rensselaerville;NY;New York;Northeast
42,83361;-73,84652;Rexford;NY;New York;Northeast
42,62011;-74,56692;Richmondville;NY;New York;Northeast
42,87613;-74,04923;Rotterdam Junction;NY;New York;Northeast
42,92553;-73,78874;Round Lake;NY;New York;Northeast
42,63606;-73,46692;Sand Lake;NY;New York;Northeast
42,93713;-73,60124;Schaghticoke;NY;New York;Northeast
42,59229;-74,82337;Schenevus;NY;New York;Northeast
42,47764;-73,74354;Schodack Landing;NY;New York;Northeast
42,66742;-74,29892;Schoharie;NY;New York;Northeast
42,53927;-73,81903;Selkirk;NY;New York;Northeast
42,64328;-73,88503;Slingerlands;NY;New York;Northeast
42,76325;-74,36619;Sloansville;NY;New York;Northeast
42,53369;-73,84606;South Bethlehem;NY;New York;Northeast
43,62883;-74,42717;Speculator;NY;New York;Northeast
42,31518;-73,50756;Spencertown;NY;New York;Northeast
42,83846;-74,45644;Sprakers;NY;New York;Northeast
42,5614;-73,3751;Stephentown;NY;New York;Northeast
42,28915;-73,73895;Stottville;NY;New York;Northeast
42,39042;-73,76196;Stuyvesant;NY;New York;Northeast
42,35314;-73,72802;Stuyvesant Falls;NY;New York;Northeast
42,38839;-73,96787;Surprise;NY;New York;Northeast
42,95184;-74,28459;Tribes Hill;NY;New York;Northeast
42,42272;-73,65387;Valatie;NY;New York;Northeast
42,90102;-73,53507;Valley Falls;NY;New York;Northeast
42,62502;-73,9737;Voorheesville;NY;New York;Northeast
42,62632;-74,46537;Warnerville;NY;New York;Northeast
42,73618;-73,71688;Watervliet;NY;New York;Northeast
42,40428;-73,82136;West Coxsackie;NY;New York;Northeast
42,51713;-74,04327;Westerlo;NY;New York;Northeast
42,53839;-74,45431;West Fulton;NY;New York;Northeast
42,63149;-73,61708;West Sand Lake;NY;New York;Northeast
42,67819;-73,63285;Wynantskill;NY;New York;Northeast
42,88188;-73,98323;Schenectady;NY;New York;Northeast
41,81602;-74,23632;Accord;NY;New York;Northeast
42,31585;-74,0989;Acra;NY;New York;Northeast
42,09647;-74,56502;Arkville;NY;New York;Northeast
42,05662;-74,16655;Bearsville;NY;New York;Northeast
42,0706;-74,45212;Big Indian;NY;New York;Northeast
41,87975;-74,04094;Bloomington;NY;New York;Northeast
42,01218;-74,27698;Boiceville;NY;New York;Northeast
42,31338;-74,02628;Cairo;NY;New York;Northeast
42,2211;-73,92356;Catskill;NY;New York;Northeast
41,9073;-73,98943;Connelly;NY;New York;Northeast
42,35863;-74,1609;Cornwallville;NY;New York;Northeast
41,85948;-74,10265;Cottekill;NY;New York;Northeast
41,6743;-74,37769;Cragsmoor;NY;New York;Northeast
42,2512;-74,5336;Denver;NY;New York;Northeast
42,37968;-74,11136;East Durham;NY;New York;Northeast
42,24689;-74,14358;East Jewett;NY;New York;Northeast
42,14771;-74,11921;Elka Park;NY;New York;Northeast
41,73817;-74,44615;Ellenville;NY;New York;Northeast
41,83323;-73,961;Esopus;NY;New York;Northeast
42,20306;-74,49933;Fleischmanns;NY;New York;Northeast
42,04702;-73,94403;Glasco;NY;New York;Northeast
42,00533;-74,15526;Glenford;NY;New York;Northeast
42,36491;-74,50793;Grand Gorge;NY;New York;Northeast
41,72715;-74,51148;Greenfield Park;NY;New York;Northeast
42,20447;-74,0746;Haines Falls;NY;New York;Northeast
42,21251;-74,59667;Halcottsville;NY;New York;Northeast
42,29674;-74,18789;Hensonville;NY;New York;Northeast
41,78665;-74,16338;High Falls;NY;New York;Northeast
42,1502;-74,50625;Highmount;NY;New York;Northeast
42,22275;-74,23545;Hunter;NY;New York;Northeast
41,93388;-74,08536;Hurley;NY;New York;Northeast
42,24942;-74,28993;Jewett;NY;New York;Northeast
41,79063;-74,31655;Kerhonkson;NY;New York;Northeast
42,07955;-74,20067;Lake Hill;NY;New York;Northeast
41,99377;-73,99338;Lake Katrine;NY;New York;Northeast
42,13804;-74,22176;Lanesville;NY;New York;Northeast
42,0929;-73,93629;Malden On Hudson;NY;New York;Northeast
42,2869;-74,15038;Maplecrest;NY;New York;Northeast
42,14871;-74,66334;Margaretville;NY;New York;Northeast
42,03308;-73,99703;Mount Marion;NY;New York;Northeast
42,03997;-74,24659;Mount Tremper;NY;New York;Northeast
41,82273;-74,41666;Napanoch;NY;New York;Northeast
42,23976;-74,6805;New Kingston;NY;New York;Northeast
42,42357;-74,16676;Oak Hill;NY;New York;Northeast
41,90531;-74,25246;Olivebridge;NY;New York;Northeast
42,1895;-74,01573;Palenville;NY;New York;Northeast
42,04071;-74,34452;Phoenicia;NY;New York;Northeast
42,15278;-74,46725;Pine Hill;NY;New York;Northeast
41,90671;-73,97826;Port Ewen;NY;New York;Northeast
42,29998;-74,41375;Prattsville;NY;New York;Northeast
42,44521;-74,2421;Preston Hollow;NY;New York;Northeast
42,26932;-74,05515;Purling;NY;New York;Northeast
41,83799;-74,04195;Rifton;NY;New York;Northeast
41,84732;-74,07447;Rosendale;NY;New York;Northeast
42,26157;-74,02827;Round Top;NY;New York;Northeast
42,01397;-74,01332;Ruby;NY;New York;Northeast
42,08528;-74,00028;Saugerties;NY;New York;Northeast
42,13803;-74,37683;Shandaken;NY;New York;Northeast
41,97519;-74,22718;Shokan;NY;New York;Northeast
42,26841;-73,95587;South Cairo;NY;New York;Northeast
41,66796;-74,44184;Spring Glen;NY;New York;Northeast
41,87024;-74,17338;Stone Ridge;NY;New York;Northeast
42,20507;-74,15288;Tannersville;NY;New York;Northeast
41,83438;-74,06235;Tillson;NY;New York;Northeast
41,86095;-73,99555;Ulster Park;NY;New York;Northeast
41,75597;-74,35462;Wawarsing;NY;New York;Northeast
42,12355;-73,9251;West Camp;NY;New York;Northeast
41,96957;-74,13311;West Hurley;NY;New York;Northeast
42,18758;-74,33453;West Kill;NY;New York;Northeast
41,79316;-73,97283;West Park;NY;New York;Northeast
41,94857;-74,30169;West Shokan;NY;New York;Northeast
42,08264;-74,24563;Willow;NY;New York;Northeast
41,85664;-73,55953;Amenia;NY;New York;Northeast
42,08324;-73,65409;Ancram;NY;New York;Northeast
42,03615;-73,58139;Ancramdale;NY;New York;Northeast
42,02342;-73,9094;Annandale On Hudson;NY;New York;Northeast
42,00735;-73,92126;Barrytown;NY;New York;Northeast
41,49637;-73,95351;Beacon;NY;New York;Northeast
42,21661;-73,71639;Claverack;NY;New York;Northeast
41,87137;-73,76274;Clinton Corners;NY;New York;Northeast
41,68008;-74,06451;Clintondale;NY;New York;Northeast
42,10722;-73,55343;Copake;NY;New York;Northeast
42,13392;-73,51103;Copake Falls;NY;New York;Northeast
41,43362;-74,00693;Cornwall On Hudson;NY;New York;Northeast
42,17071;-73,65164;Craryville;NY;New York;Northeast
41,72693;-73,58893;Dover Plains;NY;New York;Northeast
42,08627;-73,75311;Elizaville;NY;New York;Northeast
41,53092;-73,89245;Fishkill;NY;New York;Northeast
42,12236;-73,85938;Germantown;NY;New York;Northeast
41,51931;-73,93703;Glenham;NY;New York;Northeast
41,72273;-74,00477;Highland;NY;New York;Northeast
42,20692;-73,68413;Hollowville;NY;New York;Northeast
41,53689;-73,66917;Holmes;NY;New York;Northeast
41,55925;-73,79401;Hopewell Junction;NY;New York;Northeast
41,67073;-73,72524;Lagrangeville;NY;New York;Northeast
41,48602;-74,22354;Maybrook;NY;New York;Northeast
42,26129;-73,66822;Mellenville;NY;New York;Northeast
41,7914;-73,67251;Millbrook;NY;New York;Northeast
41,96627;-73,53313;Millerton;NY;New York;Northeast
41,66307;-74,10157;Modena;NY;New York;Northeast
41,52957;-74,25843;Montgomery;NY;New York;Northeast
41,53671;-74,05196;Newburgh;NY;New York;Northeast
41,46146;-74,07311;New Windsor;NY;New York;Northeast
41,75602;-74,0958;New Paltz;NY;New York;Northeast
41,49417;-73,5891;Patterson;NY;New York;Northeast
41,57827;-73,5862;Pawling;NY;New York;Northeast
42,24849;-73,64584;Philmont;NY;New York;Northeast
41,62223;-74,33256;Pine Bush;NY;New York;Northeast
41,98206;-73,65211;Pine Plains;NY;New York;Northeast
41,7346;-73,79731;Pleasant Valley;NY;New York;Northeast
41,62377;-73,66983;Poughquag;NY;New York;Northeast
42,00663;-73,81152;Red Hook;NY;New York;Northeast
41,92548;-73,8717;Rhinebeck;NY;New York;Northeast
41,91764;-73,94566;Rhinecliff;NY;New York;Northeast
41,48514;-74,15714;Rock Tavern;NY;New York;Northeast
41,42048;-74,11678;Salisbury Mills;NY;New York;Northeast
41,80629;-73,79673;Salt Point;NY;New York;Northeast
41,85348;-73,87302;Staatsburg;NY;New York;Northeast
41,90625;-73,69374;Stanfordville;NY;New York;Northeast
41,54693;-73,72919;Stormville;NY;New York;Northeast
42,05625;-73,88014;Tivoli;NY;New York;Northeast
41,72396;-73,7025;Verbank;NY;New York;Northeast
41,5657;-74,17289;Walden;NY;New York;Northeast
41,6278;-74,15875;Wallkill;NY;New York;Northeast
41,59559;-73,88774;Wappingers Falls;NY;New York;Northeast
41,78601;-73,5528;Wassaic;NY;New York;Northeast
41,66049;-73,56004;Wingdale;NY;New York;Northeast
41,70602;-73,91119;Poughkeepsie;NY;New York;Northeast
41,48431;-74,90543;Barryville;NY;New York;Northeast
41,56741;-74,42832;Bloomingburg;NY;New York;Northeast
41,59042;-74,3748;Burlingham;NY;New York;Northeast
41,77809;-75,02751;Callicoon;NY;New York;Northeast
41,85195;-74,93535;Callicoon Center;NY;New York;Northeast
41,95679;-74,54794;Claryville;NY;New York;Northeast
41,69269;-74,96902;Cochecton;NY;New York;Northeast
41,49411;-74,61582;Cuddebackville;NY;New York;Northeast
41,56075;-74,87353;Eldred;NY;New York;Northeast
41,73378;-74,6102;Fallsburg;NY;New York;Northeast
41,7354;-74,7531;Ferndale;NY;New York;Northeast
41,85327;-75,01917;Fremont Center;NY;New York;Northeast
41,50529;-74,79941;Glen Spey;NY;New York;Northeast
41,66009;-74,59119;Glen Wild;NY;New York;Northeast
41,89499;-74,46616;Grahamsville;NY;New York;Northeast
41,84368;-75,07816;Hankins;NY;New York;Northeast
41,71796;-74,72108;Harris;NY;New York;Northeast
41,54065;-74,84687;Highland Lake;NY;New York;Northeast
41,78503;-75,02633;Hortonville;NY;New York;Northeast
41,44929;-74,65582;Huguenot;NY;New York;Northeast
41,76596;-74,65934;Hurleyville;NY;New York;Northeast
41,69149;-74,82768;Kauneonga Lake;NY;New York;Northeast
41,73595;-74,96382;Kenoza Lake;NY;New York;Northeast
41,69209;-74,66119;Kiamesha Lake;NY;New York;Northeast
41,68278;-74,9905;Lake Huntington;NY;New York;Northeast
41,9428;-74,74942;Livingston Manor;NY;New York;Northeast
41,78399;-74,65758;Loch Sheldrake;NY;New York;Northeast
41,90063;-75,10559;Long Eddy;NY;New York;Northeast
41,65582;-74,79462;Mongaup Valley;NY;New York;Northeast
41,68221;-74,52205;Mountain Dale;NY;New York;Northeast
41,59639;-74,98515;Narrowsburg;NY;New York;Northeast
41,85265;-74,6281;Neversink;NY;New York;Northeast
41,81408;-74,97923;North Branch;NY;New York;Northeast
41,83504;-75,00284;Obernburg;NY;New York;Northeast
41,87157;-74,71507;Parksville;NY;New York;Northeast
41,65925;-74,47071;Phillipsport;NY;New York;Northeast
41,44681;-74,85028;Pond Eddy;NY;New York;Northeast
41,37394;-74,62429;Port Jervis;NY;New York;Northeast
41,62266;-74,58232;Rock Hill;NY;New York;Northeast
41,96486;-74,93197;Roscoe;NY;New York;Northeast
41,55172;-74,71067;Forestburgh;NY;New York;Northeast
41,66174;-74,8138;Smallwood;NY;New York;Northeast
41,69804;-74,62703;South Fallsburg;NY;New York;Northeast
41,44514;-74,71989;Sparrow Bush;NY;New York;Northeast
41,61448;-74,47208;Summitville;NY;New York;Northeast
41,74026;-74,83502;Swan Lake;NY;New York;Northeast
41,66907;-74,61485;Thompsonville;NY;New York;Northeast
41,52429;-74,58051;Westbrookville;NY;New York;Northeast
41,64306;-74,85393;White Lake;NY;New York;Northeast
41,7931;-74,8365;White Sulphur Springs;NY;New York;Northeast
41,79552;-74,58846;Woodbourne;NY;New York;Northeast
41,71374;-74,57233;Woodridge;NY;New York;Northeast
41,5863;-74,51705;Wurtsboro;NY;New York;Northeast
41,81126;-74,88692;Youngsville;NY;New York;Northeast
41,51447;-74,95172;Yulan;NY;New York;Northeast
43,31097;-73,64545;Glens Falls;NY;New York;Northeast
43,28891;-73,63024;South Glens Falls;NY;New York;Northeast
43,3375;-73,68307;Queensbury;NY;New York;Northeast
43,74782;-73,75393;Adirondack;NY;New York;Northeast
43,24097;-73,4624;Argyle;NY;New York;Northeast
43,57502;-74,07508;Bakers Mills;NY;New York;Northeast
43,85731;-74,41213;Blue Mountain Lake;NY;New York;Northeast
43,6004;-73,63678;Bolton Landing;NY;New York;Northeast
43,70161;-73,69459;Brant Lake;NY;New York;Northeast
43,63697;-73,82614;Chestertown;NY;New York;Northeast
43,61144;-73,46315;Clemons;NY;New York;Northeast
43,46022;-73,64067;Cleverdale;NY;New York;Northeast
43,45866;-73,41332;Comstock;NY;New York;Northeast
43,17945;-73,40628;Cossayuna;NY;New York;Northeast
43,5279;-73,71386;Diamond Point;NY;New York;Northeast
43,44917;-73,51241;Fort Ann;NY;New York;Northeast
43,25534;-73,56841;Fort Edward;NY;New York;Northeast
43,19533;-73,68791;Gansevoort;NY;New York;Northeast
43,13866;-73,84355;Greenfield Center;NY;New York;Northeast
43,74994;-73,56816;Hague;NY;New York;Northeast
43,34496;-73,55058;Hudson Falls;NY;New York;Northeast
43,59919;-73,5165;Huletts Landing;NY;New York;Northeast
43,75058;-74,2746;Indian Lake;NY;New York;Northeast
43,5849;-73,97771;Johnsburg;NY;New York;Northeast
43,49423;-73,64081;Kattskill Bay;NY;New York;Northeast
43,42757;-73,70703;Lake George;NY;New York;Northeast
43,34022;-73,80592;Lake Luzerne;NY;New York;Northeast
43,98698;-74,59024;Long Lake;NY;New York;Northeast
43,44812;-73,2985;Middle Granville;NY;New York;Northeast
43,09886;-73,97941;Middle Grove;NY;New York;Northeast
43,85171;-74,06211;Minerva;NY;New York;Northeast
43,99293;-74,13598;Newcomb;NY;New York;Northeast
43,68816;-73,99804;North Creek;NY;New York;Northeast
43,45019;-73,32767;North Granville;NY;New York;Northeast
44,00121;-73,79762;North Hudson;NY;New York;Northeast
43,65531;-74,14625;North River;NY;New York;Northeast
43,84033;-73,93354;Olmstedville;NY;New York;Northeast
43,88899;-73,6703;Paradox;NY;New York;Northeast
43,16587;-73,90569;Porter Corners;NY;New York;Northeast
43,74982;-73,41502;Putnam Station;NY;New York;Northeast
43,67419;-73,91878;Riparius;NY;New York;Northeast
43,06031;-73,93162;Rock City Falls;NY;New York;Northeast
43,72733;-74,3054;Sabael;NY;New York;Northeast
43,07537;-73,7401;Saratoga Springs;NY;New York;Northeast
43,83931;-73,7625;Schroon Lake;NY;New York;Northeast
43,09249;-73,61196;Schuylerville;NY;New York;Northeast
43,8839;-73,72309;Severance;NY;New York;Northeast
43,1185;-73,30682;Shushan;NY;New York;Northeast
43,69035;-73,54836;Silver Bay;NY;New York;Northeast
43,44217;-74,0479;Stony Creek;NY;New York;Northeast
43,85291;-73,50786;Ticonderoga;NY;New York;Northeast
43,08855;-73,5921;Victory Mills;NY;New York;Northeast
43,52929;-73,83161;Warrensburg;NY;New York;Northeast
43,63689;-73,92654;Wevertown;NY;New York;Northeast
43,54504;-73,37471;Whitehall;NY;New York;Northeast
44,70842;-73,47465;Plattsburgh;NY;New York;Northeast
44,8546;-73,64593;Altona;NY;New York;Northeast
44,53464;-73,46687;Keeseville;NY;New York;Northeast
44,46233;-73,74201;Au Sable Forks;NY;New York;Northeast
44,93289;-74,6018;Bombay;NY;New York;Northeast
44,8535;-74,035;Brainardsville;NY;New York;Northeast
44,83572;-74,5145;Brushton;NY;New York;Northeast
44,92468;-74,17387;Burke;NY;New York;Northeast
44,68975;-73,67863;Cadyville;NY;New York;Northeast
44,96793;-73,45072;Champlain;NY;New York;Northeast
44,89332;-74,06016;Chateaugay;NY;New York;Northeast
44,89188;-73,43574;Chazy;NY;New York;Northeast
44,33381;-74,7827;Childwold;NY;New York;Northeast
44,94546;-73,95802;Churubusco;NY;New York;Northeast
44,95223;-74,32214;Constable;NY;New York;Northeast
44,2005;-74,81818;Cranberry Lake;NY;New York;Northeast
43,9539;-73,52898;Crown Point;NY;New York;Northeast
44,71971;-73,71909;Dannemora;NY;New York;Northeast
44,72349;-74,5437;Dickinson Center;NY;New York;Northeast
44,21222;-73,6082;Elizabethtown;NY;New York;Northeast
44,89118;-73,84512;Ellenburg;NY;New York;Northeast
44,84603;-73,87659;Ellenburg Center;NY;New York;Northeast
44,85709;-73,79461;Ellenburg Depot;NY;New York;Northeast
44,96176;-74,47807;Fort Covington;NY;New York;Northeast
44,43859;-74,16541;Gabriels;NY;New York;Northeast
44,13934;-73,82075;Keene Valley;NY;New York;Northeast
44,33451;-74,23829;Lake Clear;NY;New York;Northeast
44,23162;-73,98903;Lake Placid;NY;New York;Northeast
44,32685;-73,57675;Lewis;NY;New York;Northeast
44,71181;-73,91362;Lyon Mountain;NY;New York;Northeast
44,74198;-74,26347;Malone;NY;New York;Northeast
44,09301;-73,49628;Mineville;NY;New York;Northeast
44,85353;-74,57706;Moira;NY;New York;Northeast
44,95661;-73,57419;Mooers;NY;New York;Northeast
44,96073;-73,7014;Mooers Forks;NY;New York;Northeast
44,02226;-73,54123;Moriah;NY;New York;Northeast
44,06103;-73,57972;Moriah Center;NY;New York;Northeast
44,70642;-73,60141;Morrisonville;NY;New York;Northeast
44,13224;-73,63625;New Russia;NY;New York;Northeast
44,70587;-74,684;Nicholville;NY;New York;Northeast
44,79226;-74,41915;North Bangor;NY;New York;Northeast
44,76864;-74,65897;North Lawrence;NY;New York;Northeast
44,44949;-74,33222;Paul Smiths;NY;New York;Northeast
44,30279;-74,59187;Piercefield;NY;New York;Northeast
44,05582;-73,46931;Port Henry;NY;New York;Northeast
44,52977;-73,431;Port Kent;NY;New York;Northeast
44,50469;-74,20498;Rainbow Lake;NY;New York;Northeast
44,29484;-74,09673;Ray Brook;NY;New York;Northeast
44,6181;-73,79589;Redford;NY;New York;Northeast
44,98926;-73,37213;Rouses Point;NY;New York;Northeast
44,57254;-74,50875;Saint Regis Falls;NY;New York;Northeast
44,62235;-73,84035;Saranac;NY;New York;Northeast
44,34627;-74,14243;Saranac Lake;NY;New York;Northeast
44,56413;-73,73395;Schuyler Falls;NY;New York;Northeast
44,22279;-74,44056;Tupper Lake;NY;New York;Northeast
44,33948;-73,76386;Upper Jay;NY;New York;Northeast
44,53935;-74,06439;Vermontville;NY;New York;Northeast
44,81822;-73,51582;West Chazy;NY;New York;Northeast
44,36129;-73,42129;Willsboro;NY;New York;Northeast
44,0879;-73,57584;Witherbee;NY;New York;Northeast
42,81646;-76,07458;Apulia Station;NY;New York;Northeast
43,16741;-76,36258;Baldwinsville;NY;New York;Northeast
43,29226;-75,93107;Bernhards Bay;NY;New York;Northeast
43,2236;-76,14993;Brewerton;NY;New York;Northeast
43,0448;-76,30775;Camillus;NY;New York;Northeast
43,07793;-75,76275;Canastota;NY;New York;Northeast
43,1852;-76,57044;Cato;NY;New York;Northeast
42,91366;-76,69502;Cayuga;NY;New York;Northeast
42,93828;-75,82551;Cazenovia;NY;New York;Northeast
43,32268;-76,17402;Central Square;NY;New York;Northeast
43,06046;-75,86521;Chittenango;NY;New York;Northeast
43,16678;-76,0654;Cicero;NY;New York;Northeast
42,56033;-75,93029;Cincinnatus;NY;New York;Northeast
43,19079;-76,19711;Clay;NY;New York;Northeast
43,26565;-75,85154;Cleveland;NY;New York;Northeast
43,2977;-75,99595;Constantia;NY;New York;Northeast
42,58692;-76,19029;Cortland;NY;New York;Northeast
42,88339;-75,91021;Delphi Falls;NY;New York;Northeast
42,72838;-75,86957;De Ruyter;NY;New York;Northeast
42,47513;-76,26471;Dryden;NY;New York;Northeast
43,16947;-75,66923;Durhamville;NY;New York;Northeast
43,09543;-76,04014;East Syracuse;NY;New York;Northeast
43,02381;-76,41926;Elbridge;NY;New York;Northeast
42,86493;-75,75173;Erieville;NY;New York;Northeast
42,84429;-75,98023;Fabius;NY;New York;Northeast
42,81884;-76,81577;Fayette;NY;New York;Northeast
43,03297;-76,00259;Fayetteville;NY;New York;Northeast
42,49905;-76,35555;Freeville;NY;New York;Northeast
43,33081;-76,37867;Fulton;NY;New York;Northeast
42,67584;-76,54252;Genoa;NY;New York;Northeast
43,31035;-76,54786;Hannibal;NY;New York;Northeast
43,35364;-76,15182;Hastings;NY;New York;Northeast
42,71557;-76,20089;Homer;NY;New York;Northeast
42,96206;-76,06171;Jamesville;NY;New York;Northeast
43,08338;-76,47776;Jordan;NY;New York;Northeast
42,67364;-76,62527;King Ferry;NY;New York;Northeast
43,10148;-75,95253;Kirkville;NY;New York;Northeast
43,64853;-75,98091;Lacona;NY;New York;Northeast
42,88938;-76,11314;La Fayette;NY;New York;Northeast
42,69634;-76,16493;Little York;NY;New York;Northeast
43,10787;-76,19096;Liverpool;NY;New York;Northeast
42,65145;-76,42502;Locke;NY;New York;Northeast
42,60211;-76,06665;McGraw;NY;New York;Northeast
42,55276;-76,29253;McLean;NY;New York;Northeast
43,32652;-76,10507;Mallory;NY;New York;Northeast
42,96378;-75,95523;Manlius;NY;New York;Northeast
42,97349;-76,33069;Marcellus;NY;New York;Northeast
42,89019;-76,28507;Marietta;NY;New York;Northeast
43,25988;-76,61858;Martville;NY;New York;Northeast
43,10306;-76,41926;Memphis;NY;New York;Northeast
43,16425;-76,53488;Meridian;NY;New York;Northeast
43,3937;-76,47462;Minetto;NY;New York;Northeast
43,07449;-76,00796;Minoa;NY;New York;Northeast
43,01007;-76,70838;Montezuma;NY;New York;Northeast
42,75226;-76,39522;Moravia;NY;New York;Northeast
42,97655;-76,44488;Mottville;NY;New York;Northeast
42,94233;-76,1695;Nedrow;NY;New York;Northeast
42,83857;-75,85919;New Woodstock;NY;New York;Northeast
43,22796;-75,75325;North Bay;NY;New York;Northeast
42,64578;-75,81718;North Pitcher;NY;New York;Northeast
43,43469;-76,46331;Oswego;NY;New York;Northeast
43,41964;-76,09539;Parish;NY;New York;Northeast
43,26547;-76,24446;Pennellville;NY;New York;Northeast
42,96731;-75,68476;Peterboro;NY;New York;Northeast
43,25801;-76,31676;Phoenix;NY;New York;Northeast
42,60368;-75,84582;Pitcher;NY;New York;Northeast
42,89915;-76,01461;Pompey;NY;New York;Northeast
43,05891;-76,65841;Port Byron;NY;New York;Northeast
42,76684;-76,18616;Preble;NY;New York;Northeast
43,55189;-76,12959;Pulaski;NY;New York;Northeast
43,23325;-76,71545;Red Creek;NY;New York;Northeast
43,65188;-76,1232;Sandy Creek;NY;New York;Northeast
43,09711;-76,76031;Savannah;NY;New York;Northeast
42,77336;-76,56603;Scipio Center;NY;New York;Northeast
42,9208;-76,78106;Seneca Falls;NY;New York;Northeast
42,89323;-76,38518;Skaneateles;NY;New York;Northeast
42,9945;-76,45476;Skaneateles Falls;NY;New York;Northeast
43,13378;-76,76192;South Butler;NY;New York;Northeast
42,65945;-75,77136;South Otselic;NY;New York;Northeast
43,20288;-75,7254;Sylvan Beach;NY;New York;Northeast
42,71603;-75,97626;Truxton;NY;New York;Northeast
42,80321;-76,11545;Tully;NY;New York;Northeast
42,82613;-76,65157;Union Springs;NY;New York;Northeast
43,18833;-75,71823;Verona Beach;NY;New York;Northeast
43,08194;-75,70841;Wampsville;NY;New York;Northeast
43,09377;-76,31626;Warners;NY;New York;Northeast
42,91185;-76,87601;Waterloo;NY;New York;Northeast
43,07219;-76,5568;Weedsport;NY;New York;Northeast
43,3171;-76,0571;West Monroe;NY;New York;Northeast
43,04356;-76,15065;Syracuse;NY;New York;Northeast
43,42225;-75,21546;Alder Creek;NY;New York;Northeast
43,50261;-75,95044;Altmar;NY;New York;Northeast
43,36992;-75,46636;Ava;NY;New York;Northeast
43,23954;-75,1589;Barneveld;NY;New York;Northeast
43,89329;-75,43144;Beaver Falls;NY;New York;Northeast
43,24865;-75,66686;Blossvale;NY;New York;Northeast
43,47398;-75,34103;Boonville;NY;New York;Northeast
42,89055;-75,57065;Bouckville;NY;New York;Northeast
43,70247;-75,20758;Brantingham;NY;New York;Northeast
42,7438;-75,1385;Burlington Flats;NY;New York;Northeast
42,85638;-74,58844;Canajoharie;NY;New York;Northeast
42,92366;-75,25958;Cassville;NY;New York;Northeast
43,02705;-75,26593;Chadwicks;NY;New York;Northeast
43,08901;-75,37259;Clark Mills;NY;New York;Northeast
43,3165;-74,93325;Cold Brook;NY;New York;Northeast
43,58398;-75,54091;Constableville;NY;New York;Northeast
42,71865;-74,90374;Cooperstown;NY;New York;Northeast
43,96047;-75,28474;Croghan;NY;New York;Northeast
42,98247;-75,42836;Deansboro;NY;New York;Northeast
43,11094;-74,70017;Dolgeville;NY;New York;Northeast
43,81706;-74,97284;Eagle Bay;NY;New York;Northeast
42,75831;-75,57452;Earlville;NY;New York;Northeast
42,83091;-74,82207;East Springfield;NY;New York;Northeast
42,83445;-75,65986;Eaton;NY;New York;Northeast
42,70193;-75,24847;Edmeston;NY;New York;Northeast
42,75114;-74,9816;Fly Creek;NY;New York;Northeast
43,49706;-74,97833;Forestport;NY;New York;Northeast
42,93995;-74,66631;Fort Plain;NY;New York;Northeast
42,64766;-75,18918;Garrattsville;NY;New York;Northeast
43,75271;-75,31062;Glenfield;NY;New York;Northeast
43,6889;-75,33153;Greig;NY;New York;Northeast
42,82093;-75,54453;Hamilton;NY;New York;Northeast
42,70202;-75,06398;Hartwick;NY;New York;Northeast
43,06352;-74,98817;Herkimer;NY;New York;Northeast
43,47123;-74,72732;Hoffmeister;NY;New York;Northeast
43,26612;-75,27199;Holland Patent;NY;New York;Northeast
42,80971;-75,42401;Hubbardsville;NY;New York;Northeast
42,96952;-75,08037;Ilion;NY;New York;Northeast
43,72457;-74,73577;Inlet;NY;New York;Northeast
42,89807;-74,86256;Jordanville;NY;New York;Northeast
43,33127;-75,50984;Lee Center;NY;New York;Northeast
42,80501;-75,26105;Leonardsville;NY;New York;Northeast
43,85563;-75,31772;Lowville;NY;New York;Northeast
43,6446;-75,33209;Lyons Falls;NY;New York;Northeast
43,17041;-75,27188;Marcy;NY;New York;Northeast
43,73842;-75,48089;Martinsburg;NY;New York;Northeast
43,14326;-74,92257;Middleville;NY;New York;Northeast
42,9677;-74,94087;Mohawk;NY;New York;Northeast
42,97602;-75,59131;Munnsville;NY;New York;Northeast
42,92908;-74,60922;Nelliston;NY;New York;Northeast
42,63723;-75,30981;New Berlin;NY;New York;Northeast
43,10002;-75,29399;New York Mills;NY;New York;Northeast
43,65069;-74,9619;Old Forge;NY;New York;Northeast
43,06293;-75,64654;Oneida;NY;New York;Northeast
43,15228;-75,36291;Oriskany;NY;New York;Northeast
42,9635;-75,48675;Oriskany Falls;NY;New York;Northeast
42,92096;-74,53311;Palatine Bridge;NY;New York;Northeast
43,59914;-75,24765;Port Leyden;NY;New York;Northeast
43,80501;-74,67034;Raquette Lake;NY;New York;Northeast
43,59677;-75,80383;Redfield;NY;New York;Northeast
43,35171;-75,15527;Remsen;NY;New York;Northeast
42,85491;-74,99724;Richfield Springs;NY;New York;Northeast
43,21807;-75,45941;Rome;NY;New York;Northeast
42,7026;-74,81263;Roseboom;NY;New York;Northeast
43,03718;-74,63001;Saint Johnsville;NY;New York;Northeast
43,16885;-74,75719;Salisbury Center;NY;New York;Northeast
42,91791;-75,37655;Sangerfield;NY;New York;Northeast
43,00145;-75,25855;Sauquoit;NY;New York;Northeast
42,77527;-75,03691;Schuyler Lake;NY;New York;Northeast
42,77721;-74,59315;Sharon Springs;NY;New York;Northeast
42,68492;-75,45572;Sherburne;NY;New York;Northeast
43,07115;-75,59866;Sherrill;NY;New York;Northeast
42,68632;-75,61998;Smyrna;NY;New York;Northeast
42,84696;-74,86448;Springfield Center;NY;New York;Northeast
43,22028;-75,29853;Stittville;NY;New York;Northeast
43,37606;-75,6122;Taberg;NY;New York;Northeast
43,69491;-75,06072;Thendara;NY;New York;Northeast
43,64414;-75,44517;Turin;NY;New York;Northeast
42,88789;-74,81196;Van Hornesville;NY;New York;Northeast
43,03633;-75,51441;Vernon Center;NY;New York;Northeast
42,69661;-75,17695;West Burlington;NY;New York;Northeast
43,40075;-75,81995;Westdale;NY;New York;Northeast
42,85426;-75,65549;West Eaton;NY;New York;Northeast
42,7865;-75,3165;West Edmeston;NY;New York;Northeast
43,35707;-75,34088;Westernville;NY;New York;Northeast
43,46698;-75,52928;West Leyden;NY;New York;Northeast
42,85957;-75,17698;West Winfield;NY;New York;Northeast
43,1172;-75,33023;Whitesboro;NY;New York;Northeast
43,53136;-75,14198;Woodgate;NY;New York;Northeast
43,11087;-75,27744;Yorkville;NY;New York;Northeast
43,08138;-75,22611;Utica;NY;New York;Northeast
44,04877;-75,75747;Fort Drum;NY;New York;Northeast
43,87007;-76,01601;Adams Center;NY;New York;Northeast
44,33233;-75,91187;Alexandria Bay;NY;New York;Northeast
44,23879;-75,62508;Antwerp;NY;New York;Northeast
43,98571;-75,76911;Black River;NY;New York;Northeast
44,85884;-74,73879;Brasher Falls;NY;New York;Northeast
44,53081;-75,69194;Brier Hill;NY;New York;Northeast
44,02538;-75,85896;Calcium;NY;New York;Northeast
44,11641;-76,27851;Cape Vincent;NY;New York;Northeast
43,97705;-75,59432;Carthage;NY;New York;Northeast
43,89989;-75,45265;Castorland;NY;New York;Northeast
44,8452;-75,06596;Chase Mills;NY;New York;Northeast
44,09654;-76,115;Chaumont;NY;New York;Northeast
44,44877;-75,75299;Chippewa Bay;NY;New York;Northeast
44,5384;-74,92135;Colton;NY;New York;Northeast
43,85143;-75,7202;Copenhagen;NY;New York;Northeast
44,03764;-75,68307;Deferiet;NY;New York;Northeast
44,49742;-75,31756;De Kalb Junction;NY;New York;Northeast
44,12698;-76,06826;Depauville;NY;New York;Northeast
44,48259;-75,48825;De Peyster;NY;New York;Northeast
44,29915;-75,26188;Edwards;NY;New York;Northeast
43,74107;-76,12762;Ellisburg;NY;New York;Northeast
44,09751;-75,83346;Evans Mills;NY;New York;Northeast
44,02077;-75,75443;Felts Mills;NY;New York;Northeast
44,2594;-75,14324;Fine;NY;New York;Northeast
44,3198;-75,99937;Wellesley Island;NY;New York;Northeast
44,27341;-76,00573;Fishers Landing;NY;New York;Northeast
44,3263;-75,46742;Gouverneur;NY;New York;Northeast
44,03207;-75,71738;Great Bend;NY;New York;Northeast
44,30878;-75,44655;Hailesboro;NY;New York;Northeast
44,44144;-75,69379;Hammond;NY;New York;Northeast
44,6017;-74,99264;Hannawa Falls;NY;New York;Northeast
44,91246;-74,69983;Helena;NY;New York;Northeast
43,80742;-76,20629;Henderson;NY;New York;Northeast
43,86513;-76,18125;Henderson Harbor;NY;New York;Northeast
44,43579;-75,21338;Hermon;NY;New York;Northeast
44,56654;-75,46067;Heuvelton;NY;New York;Northeast
44,97865;-74,64781;Hogansburg;NY;New York;Northeast
44,19141;-75,95058;La Fargeville;NY;New York;Northeast
43,73783;-75,8707;Lorraine;NY;New York;Northeast
44,77727;-75,15764;Madrid;NY;New York;Northeast
43,70924;-76,1054;Mannsville;NY;New York;Northeast
44,9378;-74,89383;Massena;NY;New York;Northeast
44,05227;-75,44933;Natural Bridge;NY;New York;Northeast
44,21404;-74,95557;Newton Falls;NY;New York;Northeast
44,18264;-75,11635;Oswegatchie;NY;New York;Northeast
44,48166;-74,67987;Parishville;NY;New York;Northeast
44,17105;-75,72133;Philadelphia;NY;New York;Northeast
43,73763;-76,05192;Pierrepont Manor;NY;New York;Northeast
44,28227;-75,83872;Plessis;NY;New York;Northeast
44,65178;-74,91377;Potsdam;NY;New York;Northeast
44,83165;-74,96775;Raymondville;NY;New York;Northeast
44,32664;-75,76554;Redwood;NY;New York;Northeast
44,59416;-75,32814;Rensselaer Falls;NY;New York;Northeast
44,42933;-75,37142;Richville;NY;New York;Northeast
43,84024;-75,88924;Rodman;NY;New York;Northeast
44,97395;-74,73543;Rooseveltown;NY;New York;Northeast
43,93343;-76,09399;Sackets Harbor;NY;New York;Northeast
44,44744;-74,82516;South Colton;NY;New York;Northeast
44,12612;-75,02319;Star Lake;NY;New York;Northeast
44,22747;-75,78208;Theresa;NY;New York;Northeast
44,28861;-76,0258;Thousand Island Park;NY;New York;Northeast
44,03237;-76,24824;Three Mile Bay;NY;New York;Northeast
44,8575;-75,1645;Waddington;NY;New York;Northeast
44,10505;-74,92872;Wanakena;NY;New York;Northeast
44,70425;-74,88971;West Stockholm;NY;New York;Northeast
42,23201;-75,53127;Afton;NY;New York;Northeast
42,13059;-74,7882;Andes;NY;New York;Northeast
42,04396;-76,16772;Apalachin;NY;New York;Northeast
42,30459;-75,4793;Bainbridge;NY;New York;Northeast
42,56236;-76,11986;Blodgett Mills;NY;New York;Northeast
42,36614;-74,78982;Bloomville;NY;New York;Northeast
42,27535;-74,74498;Bovina Center;NY;New York;Northeast
42,21706;-76,33898;Candor;NY;New York;Northeast
42,24078;-75,90629;Castle Creek;NY;New York;Northeast
42,26868;-75,82085;Chenango Forks;NY;New York;Northeast
42,49003;-74,98209;Colliersville;NY;New York;Northeast
42,03428;-75,81727;Conklin;NY;New York;Northeast
42,47739;-74,83904;Davenport;NY;New York;Northeast
42,45745;-74,88363;Davenport Center;NY;New York;Northeast
42,17257;-74,90379;Delancey;NY;New York;Northeast
42,30873;-74,92538;Delhi;NY;New York;Northeast
42,09387;-75,43625;Deposit;NY;New York;Northeast
42,05976;-75,01524;Downsville;NY;New York;Northeast
42,01025;-75,10394;East Branch;NY;New York;Northeast
42,40915;-74,89321;East Meredith;NY;New York;Northeast
42,13425;-76,08354;Endicott;NY;New York;Northeast
41,96192;-75,17283;Fishs Eddy;NY;New York;Northeast
42,47023;-75,33458;Gilbertsville;NY;New York;Northeast
42,25894;-75,9866;Glen Aubrey;NY;New York;Northeast
42,43542;-76,2177;Harford;NY;New York;Northeast
42,4485;-74,69563;Harpersfield;NY;New York;Northeast
42,20606;-75,66334;Harpursville;NY;New York;Northeast
42,34914;-74,65658;Hobart;NY;New York;Northeast
42,16937;-75,99796;Johnson City;NY;New York;Northeast
42,05844;-75,77419;Kirkwood;NY;New York;Northeast
42,5513;-75,13644;Laurens;NY;New York;Northeast
42,32765;-76,04389;Lisle;NY;New York;Northeast
42,50327;-75,78028;McDonough;NY;New York;Northeast
42,25164;-76,04207;Maine;NY;New York;Northeast
42,45787;-76,06028;Marathon;NY;New York;Northeast
42,20708;-75,37562;Masonville;NY;New York;Northeast
42,37894;-74,97315;Meridale;NY;New York;Northeast
42,40849;-75,3914;Mount Upton;NY;New York;Northeast
42,61188;-75,11157;Mount Vision;NY;New York;Northeast
42,23099;-76,17481;Newark Valley;NY;New York;Northeast
42,02993;-76,35461;Nichols;NY;New York;Northeast
42,16808;-75,54266;Nineveh;NY;New York;Northeast
42,61655;-75,52584;North Norwich;NY;New York;Northeast
42,47204;-75,03893;Oneonta;NY;New York;Northeast
42,44329;-75,20154;Otego;NY;New York;Northeast
42,10517;-75,63701;Ouaquaga;NY;New York;Northeast
42,11178;-76,25216;Owego;NY;New York;Northeast
42,19829;-75,76432;Port Crane;NY;New York;Northeast
42,54903;-74,96727;Portlandville;NY;New York;Northeast
42,28423;-75,39595;Sidney;NY;New York;Northeast
42,24824;-75,26007;Sidney Center;NY;New York;Northeast
42,41408;-75,84171;Smithville Flats;NY;New York;Northeast
42,37922;-74,72302;South Kortright;NY;New York;Northeast
42,53468;-75,37584;South New Berlin;NY;New York;Northeast
42,60927;-75,68083;South Plymouth;NY;New York;Northeast
42,36037;-75,05465;Treadwell;NY;New York;Northeast
42,20443;-75,27777;Trout Creek;NY;New York;Northeast
42,33785;-75,31392;Unadilla;NY;New York;Northeast
42,04873;-76,02663;Vestal;NY;New York;Northeast
42,16666;-75,16633;Walton;NY;New York;Northeast
42,37123;-75,24916;Wells Bridge;NY;New York;Northeast
42,45573;-74,94989;West Davenport;NY;New York;Northeast
42,5048;-75,14156;West Oneonta;NY;New York;Northeast
42,3369;-75,9372;Whitney Point;NY;New York;Northeast
42,44164;-75,904;Willet;NY;New York;Northeast
42,29095;-76,39225;Willseyville;NY;New York;Northeast
42,18253;-75,88048;Binghamton;NY;New York;Northeast
43,03149;-78,51154;Akron;NY;New York;Northeast
42,89487;-78,51008;Alden;NY;New York;Northeast
42,91788;-78,24703;Alexander;NY;New York;Northeast
42,63366;-79,02056;Angola;NY;New York;Northeast
43,30792;-78,62728;Appleton;NY;New York;Northeast
42,57542;-78,39241;Arcade;NY;New York;Northeast
42,83158;-78,29784;Attica;NY;New York;Northeast
43,33431;-78,52572;Barker;NY;New York;Northeast
43,07639;-78,39704;Basom;NY;New York;Northeast
42,99513;-78,21508;Batavia;NY;New York;Northeast
42,58111;-78,24431;Bliss;NY;New York;Northeast
42,94212;-78,68794;Bowmansville;NY;New York;Northeast
42,59408;-79,02067;Brant;NY;New York;Northeast
43,31498;-78,71664;Burt;NY;New York;Northeast
42,56518;-78,50052;Chaffee;NY;New York;Northeast
42,98661;-78,60908;Clarence;NY;New York;Northeast
43,04587;-78,63189;Clarence Center;NY;New York;Northeast
42,65865;-78,68436;Colden;NY;New York;Northeast
42,4985;-78,86238;Collins;NY;New York;Northeast
42,49099;-78,85936;Collins Center;NY;New York;Northeast
42,97447;-78,38712;Corfu;NY;New York;Northeast
42,80637;-78,45448;Cowlesville;NY;New York;Northeast
42,83593;-78,17101;Dale;NY;New York;Northeast
42,88809;-78,37847;Darien Center;NY;New York;Northeast
42,46882;-78,48377;Delevan;NY;New York;Northeast
42,90142;-78,70431;Depew;NY;New York;Northeast
42,48087;-79,31128;Dunkirk;NY;New York;Northeast
43,04168;-78,69927;East Amherst;NY;New York;Northeast
42,77054;-78,58084;East Aurora;NY;New York;Northeast
42,90606;-78,1312;East Bethany;NY;New York;Northeast
42,5536;-78,60121;East Concord;NY;New York;Northeast
42,99183;-78,30663;East Pembroke;NY;New York;Northeast
43,10167;-78,16211;Elba;NY;New York;Northeast
42,83241;-78,63678;Elma;NY;New York;Northeast
42,43986;-78,30884;Farmersville Station;NY;New York;Northeast
42,59111;-79,08949;Farnham;NY;New York;Northeast
42,44364;-79,14897;Forestville;NY;New York;Northeast
42,41451;-79,32518;Fredonia;NY;New York;Northeast
42,62381;-78,18051;Gainesville;NY;New York;Northeast
43,21565;-78,56644;Gasport;NY;New York;Northeast
43,02696;-78,75808;Getzville;NY;New York;Northeast
42,43673;-78,92798;Gowanda;NY;New York;Northeast
43,01673;-78,96308;Grand Island;NY;New York;Northeast
42,56332;-79,06528;Irving;NY;New York;Northeast
42,65689;-78,38435;Java Center;NY;New York;Northeast
42,67921;-78,43446;Java Village;NY;New York;Northeast
42,71494;-78,92691;Lake View;NY;New York;Northeast
42,54224;-78,88868;Lawtons;NY;New York;Northeast
43,15989;-78,70032;Lockport;NY;New York;Northeast
42,84272;-78,55481;Marilla;NY;New York;Northeast
43,2125;-78,37696;Medina;NY;New York;Northeast
43,19043;-78,4813;Middleport;NY;New York;Northeast
43,13718;-79,03516;Niagara University;NY;New York;Northeast
42,58206;-78,89803;North Collins;NY;New York;Northeast
42,6981;-78,9395;North Evans;NY;New York;Northeast
42,66813;-78,33624;North Java;NY;New York;Northeast
43,07337;-78,83585;North Tonawanda;NY;New York;Northeast
43,33529;-78,72335;Olcott;NY;New York;Northeast
42,75204;-78,74402;Orchard Park;NY;New York;Northeast
42,4805;-79,0092;Perrysburg;NY;New York;Northeast
43,23556;-78,89935;Ransomville;NY;New York;Northeast
43,14787;-78,87856;Sanborn;NY;New York;Northeast
42,53057;-78,51738;Sardinia;NY;New York;Northeast
42,48489;-79,2437;Sheridan;NY;New York;Northeast
42,52387;-79,16935;Silver Creek;NY;New York;Northeast
42,37497;-79,05376;South Dayton;NY;New York;Northeast
42,71723;-78,53606;South Wales;NY;New York;Northeast
42,52366;-78,7109;Springville;NY;New York;Northeast
42,97547;-78,0759;Stafford;NY;New York;Northeast
42,73154;-78,43205;Strykersville;NY;New York;Northeast
42,99794;-78,87815;Tonawanda;NY;New York;Northeast
42,45088;-79,41592;Van Buren Point;NY;New York;Northeast
42,74327;-78,32629;Varysburg;NY;New York;Northeast
42,51187;-78,98745;Versailles;NY;New York;Northeast
42,76446;-78,52938;Wales Center;NY;New York;Northeast
42,70115;-78,67294;West Falls;NY;New York;Northeast
42,42491;-78,64286;West Valley;NY;New York;Northeast
43,28201;-78,81757;Wilson;NY;New York;Northeast
42,52594;-78,47306;Yorkshire;NY;New York;Northeast
43,24178;-79,00548;Youngstown;NY;New York;Northeast
42,89706;-78,88752;Buffalo;NY;New York;Northeast
43,09701;-79,03726;Niagara Falls;NY;New York;Northeast
42,7559;-77,01643;Bellona;NY;New York;Northeast
43,08003;-77,97849;Bergen;NY;New York;Northeast
42,60717;-77,21681;Branchport;NY;New York;Northeast
43,21385;-77,93305;Brockport;NY;New York;Northeast
43,08357;-78,06704;Byron;NY;New York;Northeast
42,94382;-77,82788;Caledonia;NY;New York;Northeast
42,84649;-77,3104;Canandaigua;NY;New York;Northeast
42,61828;-78,05442;Castile;NY;New York;Northeast
43,08029;-77,85963;Churchville;NY;New York;Northeast
42,95696;-77,14333;Clifton Springs;NY;New York;Northeast
43,07939;-76,87779;Clyde;NY;New York;Northeast
42,71496;-77,66721;Conesus;NY;New York;Northeast
42,57072;-77,73435;Dansville;NY;New York;Northeast
43,11312;-77,48978;East Rochester;NY;New York;Northeast
43,0921;-77,41623;Fairport;NY;New York;Northeast
43,01602;-77,47338;Fishers;NY;New York;Northeast
42,79731;-77,76879;Geneseo;NY;New York;Northeast
42,84584;-77,00012;Geneva;NY;New York;Northeast
42,79539;-77,0689;Hall;NY;New York;Northeast
43,32659;-77,9374;Hamlin;NY;New York;Northeast
42,77773;-77,5842;Hemlock;NY;New York;Northeast
43,04119;-77,60996;Henrietta;NY;New York;Northeast
43,29242;-77,80542;Hilton;NY;New York;Northeast
43,21099;-78,05456;Holley;NY;New York;Northeast
42,75308;-77,49425;Honeoye;NY;New York;Northeast
42,96589;-77,58173;Honeoye Falls;NY;New York;Northeast
42,93683;-77,49787;Ionia;NY;New York;Northeast
43,32946;-78,04226;Kendall;NY;New York;Northeast
42,58011;-77,12791;Keuka Park;NY;New York;Northeast
43,23768;-78,31008;Knowlesville;NY;New York;Northeast
42,97457;-77,97014;Le Roy;NY;New York;Northeast
42,88016;-77,60131;Lima;NY;New York;Northeast
42,81174;-77,63873;Livonia;NY;New York;Northeast
43,09532;-77,33598;Macedon;NY;New York;Northeast
42,69485;-77,87167;Mount Morris;NY;New York;Northeast
42,99603;-77,87762;Mumford;NY;New York;Northeast
43,08597;-77,80303;North Chili;NY;New York;Northeast
43,25287;-77,73175;North Greece;NY;New York;Northeast
43,19855;-76,91153;North Rose;NY;New York;Northeast
42,59217;-77,8971;Nunda;NY;New York;Northeast
43,23184;-77,31389;Ontario;NY;New York;Northeast
42,67639;-76,80876;Ovid;NY;New York;Northeast
42,87242;-78,01471;Pavilion;NY;New York;Northeast
43,15129;-77,44806;Penfield;NY;New York;Northeast
42,66764;-77,06473;Penn Yan;NY;New York;Northeast
42,96462;-77,02601;Phelps;NY;New York;Northeast
42,84632;-77,88468;Piffard;NY;New York;Northeast
42,53958;-78,08358;Portageville;NY;New York;Northeast
43,03539;-77,15604;Port Gibson;NY;New York;Northeast
42,83418;-77,87521;Retsof;NY;New York;Northeast
42,75704;-76,84403;Romulus;NY;New York;Northeast
43,15306;-76,87595;Rose;NY;New York;Northeast
42,98777;-77,67747;Rush;NY;New York;Northeast
42,75562;-77,23958;Rushville;NY;New York;Northeast
42,66166;-77,71056;Scottsburg;NY;New York;Northeast
43,0296;-77,77372;Scottsville;NY;New York;Northeast
42,97538;-77,24341;Shortsville;NY;New York;Northeast
42,67757;-78,09166;Silver Springs;NY;New York;Northeast
43,21886;-77,04596;Sodus;NY;New York;Northeast
43,25946;-76,98665;Sodus Point;NY;New York;Northeast
42,67906;-77,83222;Sonyea;NY;New York;Northeast
43,04807;-78,06126;South Byron;NY;New York;Northeast
43,18823;-77,81778;Spencerport;NY;New York;Northeast
42,68716;-77,57691;Springwater;NY;New York;Northeast
42,82218;-77,13131;Stanley;NY;New York;Northeast
42,98329;-77,42417;Victor;NY;New York;Northeast
43,14657;-77,28365;Walworth;NY;New York;Northeast
42,74012;-78,17269;Warsaw;NY;New York;Northeast
43,34397;-78,24894;Waterport;NY;New York;Northeast
42,90587;-77,55301;West Bloomfield;NY;New York;Northeast
43,04151;-77,68693;West Henrietta;NY;New York;Northeast
42,67973;-76,87047;Willard;NY;New York;Northeast
43,23997;-77,17224;Williamson;NY;New York;Northeast
42,10663;-78,52795;Allegany;NY;New York;Northeast
42,01424;-78,06988;Alma;NY;New York;Northeast
42,35279;-77,98267;Angelica;NY;New York;Northeast
42,08957;-79,42306;Ashville;NY;New York;Northeast
42,18163;-79,36812;Bemus Point;NY;New York;Northeast
42,28368;-78,23493;Black Creek;NY;New York;Northeast
42,07323;-78,14832;Bolivar;NY;New York;Northeast
42,38056;-79,43406;Brocton;NY;New York;Northeast
42,36258;-78,18235;Caneadea;NY;New York;Northeast
42,34417;-79,28813;Cassadaga;NY;New York;Northeast
42,34323;-78,87198;Cattaraugus;NY;New York;Northeast
42,10857;-79,27997;Celoron;NY;New York;Northeast
42,01645;-78,26801;Ceres;NY;New York;Northeast
42,20961;-79,46882;Chautauqua;NY;New York;Northeast
42,3101;-79,13489;Cherry Creek;NY;New York;Northeast
42,05272;-79,67031;Clymer;NY;New York;Northeast
42,25255;-79,02221;Conewango Valley;NY;New York;Northeast
42,2129;-78,29358;Cuba;NY;New York;Northeast
42,2648;-79,41689;Dewittville;NY;New York;Northeast
42,40404;-78,73628;East Otto;NY;New York;Northeast
42,30063;-78,65092;Ellicottville;NY;New York;Northeast
42,14996;-79,17499;Falconer;NY;New York;Northeast
42,45027;-78,09681;Fillmore;NY;New York;Northeast
42,13715;-79,74644;Findley Lake;NY;New York;Northeast
42,04539;-79,05926;Frewsburg;NY;New York;Northeast
42,21962;-79,18053;Gerry;NY;New York;Northeast
42,21868;-78,5963;Great Valley;NY;New York;Northeast
42,11934;-79,30878;Greenhurst;NY;New York;Northeast
42,4219;-78,21516;Houghton;NY;New York;Northeast
42,15346;-79,09061;Kennedy;NY;New York;Northeast
42,1392;-78,63636;Kill Buck;NY;New York;Northeast
42,3517;-79,31965;Lily Dale;NY;New York;Northeast
42,02385;-78,19799;Little Genesee;NY;New York;Northeast
42,23477;-78,81398;Little Valley;NY;New York;Northeast
42,19708;-79,42373;Maple Springs;NY;New York;Northeast
42,23944;-79,50457;Mayville;NY;New York;Northeast
42,07098;-78,41421;Olean;NY;New York;Northeast
42,05344;-79,51583;Panama;NY;New York;Northeast
42,0468;-78,29963;Portville;NY;New York;Northeast
42,08875;-78,14658;Richburg;NY;New York;Northeast
42,23198;-79,69532;Ripley;NY;New York;Northeast
42,38999;-78,26167;Rushford;NY;New York;Northeast
42,07759;-78,4827;Saint Bonaventure;NY;New York;Northeast
42,10703;-78,76977;Salamanca;NY;New York;Northeast
42,2665;-79,2559;Sinclairville;NY;New York;Northeast
42,06014;-78,91816;Steamburg;NY;New York;Northeast
42,06012;-78,37661;Westons Mills;NY;New York;Northeast
42,25135;-77,78808;Alfred Station;NY;New York;Northeast
42,31587;-77,8476;Almond;NY;New York;Northeast
42,41821;-77,71949;Arkport;NY;New York;Northeast
42,55817;-77,46882;Atlanta;NY;New York;Northeast
42,41961;-77,44355;Avoca;NY;New York;Northeast
42,29199;-76,99413;Beaver Dams;NY;New York;Northeast
42,15525;-76,95148;Big Flats;NY;New York;Northeast
42,19728;-76,73161;Breesport;NY;New York;Northeast
42,36295;-76,34548;Brooktondale;NY;New York;Northeast
42,44878;-76,81688;Burdett;NY;New York;Northeast
42,21924;-77,43466;Cameron;NY;New York;Northeast
42,18629;-77,36258;Cameron Mills;NY;New York;Northeast
42,23541;-77,21623;Campbell;NY;New York;Northeast
42,43522;-77,84702;Canaseraga;NY;New York;Northeast
42,23984;-77,5722;Canisteo;NY;New York;Northeast
42,26875;-76,70881;Cayuta;NY;New York;Northeast
42,05564;-76,62116;Chemung;NY;New York;Northeast
42,49354;-77,49335;Cohocton;NY;New York;Northeast
42,18069;-77,14292;Coopers Plains;NY;New York;Northeast
42,12927;-77,02783;Corning;NY;New York;Northeast
42,49919;-77,01668;Dundee;NY;New York;Northeast
42,18951;-76,66635;Erin;NY;New York;Northeast
42,44119;-77,18758;Hammondsport;NY;New York;Northeast
42,52699;-76,84249;Hector;NY;New York;Northeast
42,59666;-76,963;Himrod;NY;New York;Northeast
42,32819;-77,64371;Hornell;NY;New York;Northeast
42,20225;-76,8334;Horseheads;NY;New York;Northeast
42,5301;-78,00319;Hunt;NY;New York;Northeast
42,6031;-76,74047;Interlaken;NY;New York;Northeast
42,43249;-76,49891;Ithaca;NY;New York;Northeast
42,13978;-77,50112;Jasper;NY;New York;Northeast
42,37737;-77,36944;Kanona;NY;New York;Northeast
42,02909;-77,13315;Lindley;NY;New York;Northeast
42,12118;-76,53985;Lockwood;NY;New York;Northeast
42,0914;-76,6888;Lowman;NY;New York;Northeast
42,2804;-76,84205;Millport;NY;New York;Northeast
42,35091;-76,83178;Montour Falls;NY;New York;Northeast
42,36403;-76,77052;Odessa;NY;New York;Northeast
42,16816;-77,13234;Painted Post;NY;New York;Northeast
42,03838;-76,91093;Pine City;NY;New York;Northeast
42,24141;-76,86473;Pine Valley;NY;New York;Northeast
42,52181;-77,29814;Prattsburgh;NY;New York;Northeast
42,53231;-77,17234;Pulteney;NY;New York;Northeast
42,06181;-77,68384;Rexville;NY;New York;Northeast
42,44946;-76,94401;Rock Stream;NY;New York;Northeast
42,31521;-77,19323;Savona;NY;New York;Northeast
42,17363;-77,97334;Scio;NY;New York;Northeast
42,4017;-76,35795;Slaterville Springs;NY;New York;Northeast
42,5801;-76,56576;Lansing;NY;New York;Northeast
42,47613;-77,88724;Swain;NY;New York;Northeast
42,048;-77,57117;Troupsburg;NY;New York;Northeast
42,50408;-76,68836;Trumansburg;NY;New York;Northeast
42,21605;-76,58138;Van Etten;NY;New York;Northeast
42,37823;-76,95035;Watkins Glen;NY;New York;Northeast
42,0478;-76,52804;Waverly;NY;New York;Northeast
42,02442;-76,77185;Wellsburg;NY;New York;Northeast
42,07772;-77,93387;Wellsville;NY;New York;Northeast
42,02949;-77,79076;Whitesville;NY;New York;Northeast
42,05729;-77,43482;Woodhull;NY;New York;Northeast
42,07363;-76,74137;Elmira;NY;New York;Northeast
40,59161;-80,32078;Aliquippa;PA;Pennsylvania;Northeast
40,60153;-80,21415;Ambridge;PA;Pennsylvania;Northeast
40,34216;-80,38289;Atlasburg;PA;Pennsylvania;Northeast
40,64431;-80,17607;Baden;PA;Pennsylvania;Northeast
40,63351;-79,87678;Bairdford;PA;Pennsylvania;Northeast
40,65128;-79,93173;Bakerstown;PA;Pennsylvania;Northeast
40,69933;-80,36464;Beaver;PA;Pennsylvania;Northeast
40,15871;-79,81188;Belle Vernon;PA;Pennsylvania;Northeast
40,60859;-79,74149;Brackenridge;PA;Pennsylvania;Northeast
40,63622;-80,08164;Bradfordwoods;PA;Pennsylvania;Northeast
40,34348;-80,12865;Bridgeville;PA;Pennsylvania;Northeast
40,26924;-79,79805;Buena Vista;PA;Pennsylvania;Northeast
40,40805;-80,33053;Bulger;PA;Pennsylvania;Northeast
40,2283;-79,9479;Bunola;PA;Pennsylvania;Northeast
40,39373;-80,43583;Burgettstown;PA;Pennsylvania;Northeast
40,13329;-79,93661;Charleroi;PA;Pennsylvania;Northeast
40,57649;-79,84649;Cheswick;PA;Pennsylvania;Northeast
40,29887;-79,9213;Clairton;PA;Pennsylvania;Northeast
40,30194;-79,79891;Coulters;PA;Pennsylvania;Northeast
40,58492;-79,78074;Creighton;PA;Pennsylvania;Northeast
40,34802;-80,16235;Cuddy;PA;Pennsylvania;Northeast
40,18011;-79,86501;Donora;PA;Pennsylvania;Northeast
40,35083;-79,89067;Dravosburg;PA;Pennsylvania;Northeast
40,38488;-79,80726;East McKeesport;PA;Pennsylvania;Northeast
40,2499;-79,92379;Elrama;PA;Pennsylvania;Northeast
40,64009;-79,9492;Gibsonia;PA;Pennsylvania;Northeast
40,32613;-79,88614;Glassport;PA;Pennsylvania;Northeast
40,55618;-80,22868;Crescent;PA;Pennsylvania;Northeast
40,3123;-79,79513;Greenock;PA;Pennsylvania;Northeast
40,55545;-79,80366;Harwick;PA;Pennsylvania;Northeast
40,5617;-80,44038;Hookstown;PA;Pennsylvania;Northeast
40,56812;-79,86076;Indianola;PA;Pennsylvania;Northeast
40,6669;-80,43318;Industry;PA;Pennsylvania;Northeast
40,38056;-80,35975;Joffre;PA;Pennsylvania;Northeast
40,36353;-80,4008;Langeloth;PA;Pennsylvania;Northeast
40,56512;-80,21407;Leetsdale;PA;Pennsylvania;Northeast
40,35571;-80,24713;McDonald;PA;Pennsylvania;Northeast
40,68056;-80,49182;Midland;PA;Pennsylvania;Northeast
40,37695;-80,29113;Midway;PA;Pennsylvania;Northeast
40,66013;-80,31082;Monaca;PA;Pennsylvania;Northeast
40,15184;-79,88277;Monessen;PA;Pennsylvania;Northeast
40,19487;-79,92228;Monongahela;PA;Pennsylvania;Northeast
40,64192;-79,72766;Natrona Heights;PA;Pennsylvania;Northeast
40,75119;-80,25269;New Brighton;PA;Pennsylvania;Northeast
40,20823;-79,96106;New Eagle;PA;Pennsylvania;Northeast
40,56241;-79,7124;New Kensington;PA;Pennsylvania;Northeast
40,13922;-79,85605;Pricedale;PA;Pennsylvania;Northeast
40,58665;-79,82693;Rural Ridge;PA;Pennsylvania;Northeast
40,60949;-79,8374;Russellton;PA;Pennsylvania;Northeast
40,62517;-80,4173;Shippingport;PA;Pennsylvania;Northeast
40,35949;-80,38501;Slovan;PA;Pennsylvania;Northeast
40,57471;-80,23614;South Heights;PA;Pennsylvania;Northeast
40,38031;-80,21061;Sturgeon;PA;Pennsylvania;Northeast
40,24802;-79,79041;Sutersville;PA;Pennsylvania;Northeast
40,6282;-79,8028;Tarentum;PA;Pennsylvania;Northeast
40,38497;-79,72539;Trafford;PA;Pennsylvania;Northeast
40,664;-80,09593;Warrendale;PA;Pennsylvania;Northeast
40,27159;-79,89607;West Elizabeth;PA;Pennsylvania;Northeast
40,62587;-80,06766;Wexford;PA;Pennsylvania;Northeast
40,58139;-79,95531;Allison Park;PA;Pennsylvania;Northeast
40,32125;-80,03707;Bethel Park;PA;Pennsylvania;Northeast
40,40379;-79,86249;Braddock;PA;Pennsylvania;Northeast
40,40882;-80,10863;Carnegie;PA;Pennsylvania;Northeast
40,50006;-80,20031;Coraopolis;PA;Pennsylvania;Northeast
40,37321;-79,85024;Duquesne;PA;Pennsylvania;Northeast
40,40453;-79,83734;East Pittsburgh;PA;Pennsylvania;Northeast
40,5384;-79,95211;Glenshaw;PA;Pennsylvania;Northeast
40,39597;-79,90689;Homestead;PA;Pennsylvania;Northeast
40,35976;-79,90628;West Mifflin;PA;Pennsylvania;Northeast
40,46019;-80,28727;Imperial;PA;Pennsylvania;Northeast
40,29348;-79,99515;South Park;PA;Pennsylvania;Northeast
40,33477;-79,80132;Mckeesport;PA;Pennsylvania;Northeast
40,46872;-80,10233;McKees Rocks;PA;Pennsylvania;Northeast
40,37762;-79,80902;North Versailles;PA;Pennsylvania;Northeast
40,52192;-79,83479;Oakmont;PA;Pennsylvania;Northeast
40,4073;-79,7783;Pitcairn;PA;Pennsylvania;Northeast
40,38474;-80,12231;Presto;PA;Pennsylvania;Northeast
40,57298;-80,14725;Sewickley;PA;Pennsylvania;Northeast
40,54759;-79,78317;Springdale;PA;Pennsylvania;Northeast
40,41451;-79,82352;Turtle Creek;PA;Pennsylvania;Northeast
40,39351;-79,79525;Wilmerding;PA;Pennsylvania;Northeast
40,47565;-79,95389;Pittsburgh;PA;Pennsylvania;Northeast
39,79255;-80,48108;Aleppo;PA;Pennsylvania;Northeast
40,04608;-80,18592;Amity;PA;Pennsylvania;Northeast
40,25404;-80,43757;Avella;PA;Pennsylvania;Northeast
40,06318;-80,02937;Beallsville;PA;Pennsylvania;Northeast
40,14555;-80,01775;Bentleyville;PA;Pennsylvania;Northeast
39,75741;-79,98319;Bobtown;PA;Pennsylvania;Northeast
39,76514;-80,26185;Brave;PA;Pennsylvania;Northeast
40,27105;-80,16535;Canonsburg;PA;Pennsylvania;Northeast
39,87386;-79,99768;Carmichaels;PA;Pennsylvania;Northeast
40,32167;-80,18716;Cecil;PA;Pennsylvania;Northeast
40,10845;-80,40926;Claysville;PA;Pennsylvania;Northeast
40,10074;-80,0654;Cokeburg;PA;Pennsylvania;Northeast
39,94893;-79,96331;Crucible;PA;Pennsylvania;Northeast
39,75088;-79,96293;Dilliner;PA;Pennsylvania;Northeast
40,02813;-80,27205;Prosperity;PA;Pennsylvania;Northeast
40,18227;-80,09492;Eighty Four;PA;Pennsylvania;Northeast
40,24226;-79,99134;Finleyville;PA;Pennsylvania;Northeast
40,02693;-80,01429;Fredericktown;PA;Pennsylvania;Northeast
39,81292;-79,9673;Garards Fort;PA;Pennsylvania;Northeast
39,9505;-80,37521;Graysville;PA;Pennsylvania;Northeast
40,28654;-80,32258;Hickory;PA;Pennsylvania;Northeast
40,24533;-80,22061;Houston;PA;Pennsylvania;Northeast
40,02173;-80,10743;Marianna;PA;Pennsylvania;Northeast
39,93545;-80,07536;Mather;PA;Pennsylvania;Northeast
40,21807;-80,22469;Meadow Lands;PA;Pennsylvania;Northeast
39,98748;-79,99624;Millsboro;PA;Pennsylvania;Northeast
40,29377;-80,20056;Muse;PA;Pennsylvania;Northeast
39,87827;-79,93068;Nemacolin;PA;Pennsylvania;Northeast
39,75418;-80,40253;New Freeport;PA;Pennsylvania;Northeast
39,93721;-79,98153;Rices Landing;PA;Pennsylvania;Northeast
40,055;-80,00309;Richeyville;PA;Pennsylvania;Northeast
39,87667;-80,27555;Rogersville;PA;Pennsylvania;Northeast
40,08846;-80,08144;Scenery Hill;PA;Pennsylvania;Northeast
40,33277;-80,2623;Southview;PA;Pennsylvania;Northeast
39,75821;-80,21301;Spraggs;PA;Pennsylvania;Northeast
40,25159;-80,19761;Strabane;PA;Pennsylvania;Northeast
39,94557;-80,2849;Sycamore;PA;Pennsylvania;Northeast
40,15564;-80,38548;Taylorstown;PA;Pennsylvania;Northeast
40,1598;-79,974;Van Voorhis;PA;Pennsylvania;Northeast
40,26321;-80,05474;Venetia;PA;Pennsylvania;Northeast
40,0145;-79,9892;Vestaburg;PA;Pennsylvania;Northeast
39,8734;-80,17991;Waynesburg;PA;Pennsylvania;Northeast
40,10493;-80,48744;West Alexander;PA;Pennsylvania;Northeast
39,97973;-80,45083;West Finley;PA;Pennsylvania;Northeast
40,27771;-80,27433;Westland;PA;Pennsylvania;Northeast
40,2432;-80,42519;West Middletown;PA;Pennsylvania;Northeast
39,8725;-80,4692;Wind Ridge;PA;Pennsylvania;Northeast
39,89914;-79,74965;Uniontown;PA;Pennsylvania;Northeast
39,91246;-79,90352;Adah;PA;Pennsylvania;Northeast
40,09496;-79,85218;Allenport;PA;Pennsylvania;Northeast
39,98493;-79,87141;Allison;PA;Pennsylvania;Northeast
40,05861;-79,89408;California;PA;Pennsylvania;Northeast
39,95981;-79,86537;Cardale;PA;Pennsylvania;Northeast
39,84527;-79,59743;Chalk Hill;PA;Pennsylvania;Northeast
39,9781;-79,80927;Chestnut Ridge;PA;Pennsylvania;Northeast
40,08804;-79,92538;Coal Center;PA;Pennsylvania;Northeast
39,829;-79,35377;Confluence;PA;Pennsylvania;Northeast
40,02702;-79,55411;Connellsville;PA;Pennsylvania;Northeast
40,06742;-79,97065;Daisytown;PA;Pennsylvania;Northeast
40,0811;-79,68184;Dawson;PA;Pennsylvania;Northeast
40,00678;-79,94021;Denbo;PA;Pennsylvania;Northeast
40,04025;-79,65534;Dickerson Run;PA;Pennsylvania;Northeast
39,94066;-79,58075;Dunbar;PA;Pennsylvania;Northeast
40,11301;-79,85913;Dunlevy;PA;Pennsylvania;Northeast
39,97413;-79,95799;East Millsboro;PA;Pennsylvania;Northeast
40,08013;-79,88037;Elco;PA;Pennsylvania;Northeast
39,94314;-79,84731;Fairbank;PA;Pennsylvania;Northeast
39,81844;-79,72543;Fairchance;PA;Pennsylvania;Northeast
40,07485;-79,84431;Fayette City;PA;Pennsylvania;Northeast
39,73775;-79,64347;Gibbon Glade;PA;Pennsylvania;Northeast
40,01542;-79,84019;Grindstone;PA;Pennsylvania;Northeast
39,91924;-79,88448;Hibbs;PA;Pennsylvania;Northeast
40,0134;-79,90836;Hiller;PA;Pennsylvania;Northeast
39,87343;-79,65766;Hopwood;PA;Pennsylvania;Northeast
40,03172;-79,39433;Indian Head;PA;Pennsylvania;Northeast
39,9445;-79,93257;Isabella;PA;Pennsylvania;Northeast
40,13572;-79,73394;Jacobs Creek;PA;Pennsylvania;Northeast
39,97267;-79,78055;Keisterville;PA;Pennsylvania;Northeast
40,00289;-79,97616;La Belle;PA;Pennsylvania;Northeast
39,74018;-79,84005;Lake Lynn;PA;Pennsylvania;Northeast
39,86386;-79,87286;Leckrone;PA;Pennsylvania;Northeast
40,00614;-79,64609;Leisenring;PA;Pennsylvania;Northeast
39,92919;-79,6532;Lemont Furnace;PA;Pennsylvania;Northeast
39,88715;-79,85099;McClellandtown;PA;Pennsylvania;Northeast
39,76483;-79,4648;Markleysburg;PA;Pennsylvania;Northeast
39,80712;-79,90756;Martin;PA;Pennsylvania;Northeast
39,83978;-79,89843;Masontown;PA;Pennsylvania;Northeast
40,06136;-79,38113;Melcroft;PA;Pennsylvania;Northeast
39,9629;-79,89916;Merrittstown;PA;Pennsylvania;Northeast
39,92463;-79,43695;Mill Run;PA;Pennsylvania;Northeast
39,93883;-79,64126;Mount Braddock;PA;Pennsylvania;Northeast
40,07562;-79,89199;Newell;PA;Pennsylvania;Northeast
39,78931;-79,90526;New Geneva;PA;Pennsylvania;Northeast
40,01366;-79,41861;Normalville;PA;Pennsylvania;Northeast
39,85321;-79,53078;Ohiopyle;PA;Pennsylvania;Northeast
39,91933;-79,71679;Oliver;PA;Pennsylvania;Northeast
40,07256;-79,77352;Perryopolis;PA;Pennsylvania;Northeast
39,75201;-79,90145;Point Marion;PA;Pennsylvania;Northeast
39,95812;-79,88057;Republic;PA;Pennsylvania;Northeast
39,86888;-79,92228;Ronco;PA;Pennsylvania;Northeast
40,15224;-79,71329;Smithton;PA;Pennsylvania;Northeast
39,98644;-79,76962;Smock;PA;Pennsylvania;Northeast
40,06073;-79,76645;Star Junction;PA;Pennsylvania;Northeast
40,08352;-79,85036;Stockdale;PA;Pennsylvania;Northeast
39,89242;-79,77842;Uledi;PA;Pennsylvania;Northeast
40,02762;-79,70981;Vanderbilt;PA;Pennsylvania;Northeast
39,97749;-79,75974;Waltersburg;PA;Pennsylvania;Northeast
39,96323;-79,69531;West Leisenring;PA;Pennsylvania;Northeast
40,06782;-79,45327;White;PA;Pennsylvania;Northeast
40,11974;-79,76306;Wickhaven;PA;Pennsylvania;Northeast
40,03641;-79,25176;Hidden Valley;PA;Pennsylvania;Northeast
40,10626;-79,06017;Acosta;PA;Pennsylvania;Northeast
40,19972;-78,63176;Alum Bank;PA;Pennsylvania;Northeast
40,18537;-79,0794;Boswell;PA;Pennsylvania;Northeast
39,76232;-79,06084;Boynton;PA;Pennsylvania;Northeast
39,98585;-78,24566;Breezewood;PA;Pennsylvania;Northeast
39,89712;-78,69589;Buffalo Mills;PA;Pennsylvania;Northeast
39,826;-78,45001;Clearville;PA;Pennsylvania;Northeast
39,94956;-78,2109;Crystal Spring;PA;Pennsylvania;Northeast
39,86644;-78,83233;Fairhope;PA;Pennsylvania;Northeast
40,12835;-78,59341;Fishertown;PA;Pennsylvania;Northeast
39,79549;-79,23712;Fort Hill;PA;Pennsylvania;Northeast
40,04905;-78,98076;Friedens;PA;Pennsylvania;Northeast
39,86742;-79,07851;Garrett;PA;Pennsylvania;Northeast
39,77943;-78,776;Hyndman;PA;Pennsylvania;Northeast
40,13717;-79,04758;Jenners;PA;Pennsylvania;Northeast
40,1629;-79,07019;Jennerstown;PA;Pennsylvania;Northeast
39,99025;-78,64493;Manns Choice;PA;Pennsylvania;Northeast
39,88413;-79,26761;Markleton;PA;Pennsylvania;Northeast
39,79629;-78,98232;Meyersdale;PA;Pennsylvania;Northeast
40,12525;-78,61575;New Paris;PA;Pennsylvania;Northeast
40,09758;-79,08132;Quecreek;PA;Pennsylvania;Northeast
40,05914;-78,68241;Schellsburg;PA;Pennsylvania;Northeast
40,01687;-78,90664;Shanksville;PA;Pennsylvania;Northeast
40,09379;-79,0907;Sipesville;PA;Pennsylvania;Northeast
39,74165;-79,1219;Springs;PA;Pennsylvania;Northeast
40,0962;-78,93618;Stoystown;PA;Pennsylvania;Northeast
39,72967;-78,84542;Wellersburg;PA;Pennsylvania;Northeast
39,75907;-79,11552;West Salisbury;PA;Pennsylvania;Northeast
40,31397;-79,53643;Greensburg;PA;Pennsylvania;Northeast
40,13699;-79,41613;Acme;PA;Pennsylvania;Northeast
40,30656;-79,65266;Adamsburg;PA;Pennsylvania;Northeast
40,13793;-79,59938;Alverton;PA;Pennsylvania;Northeast
40,55355;-79,56577;Apollo;PA;Pennsylvania;Northeast
40,36133;-79,73397;Ardara;PA;Pennsylvania;Northeast
40,23502;-79,55093;Armbrust;PA;Pennsylvania;Northeast
40,26856;-79,65805;Arona;PA;Pennsylvania;Northeast
40,56229;-79,44628;Avonmore;PA;Pennsylvania;Northeast
40,32051;-79,49719;Bovard;PA;Pennsylvania;Northeast
40,32336;-79,33882;Bradenville;PA;Pennsylvania;Northeast
40,0356;-79,31724;Champion;PA;Pennsylvania;Northeast
40,3689;-79,62263;Claridge;PA;Pennsylvania;Northeast
40,36638;-79,47124;Crabtree;PA;Pennsylvania;Northeast
40,27048;-79,67925;Darragh;PA;Pennsylvania;Northeast
40,10009;-79,37008;Donegal;PA;Pennsylvania;Northeast
40,59731;-79,56304;East Vandergrift;PA;Pennsylvania;Northeast
40,08968;-79,58527;Everson;PA;Pennsylvania;Northeast
40,43803;-79,60668;Export;PA;Pennsylvania;Northeast
40,35941;-79,51699;Forbes Road;PA;Pennsylvania;Northeast
40,32533;-79,60596;Grapeville;PA;Pennsylvania;Northeast
40,34891;-79,49877;Hannastown;PA;Pennsylvania;Northeast
40,36459;-79,65619;Harrison City;PA;Pennsylvania;Northeast
40,26125;-79,71203;Herminie;PA;Pennsylvania;Northeast
40,26466;-79,4017;Hostetter;PA;Pennsylvania;Northeast
40,20927;-79,59379;Hunker;PA;Pennsylvania;Northeast
40,22315;-79,73243;Hutchinson;PA;Pennsylvania;Northeast
40,32045;-79,72119;Irwin;PA;Pennsylvania;Northeast
40,34681;-79,61278;Jeannette;PA;Pennsylvania;Northeast
40,09517;-79,34448;Jones Mills;PA;Pennsylvania;Northeast
40,34262;-79,72009;Larimer;PA;Pennsylvania;Northeast
40,27527;-79,39213;Latrobe;PA;Pennsylvania;Northeast
40,19739;-79,18141;Laughlintown;PA;Pennsylvania;Northeast
40,64114;-79,61981;Leechburg;PA;Pennsylvania;Northeast
40,25467;-79,22217;Ligonier;PA;Pennsylvania;Northeast
40,24669;-79,77293;Lowber;PA;Pennsylvania;Northeast
40,32192;-79,36007;Loyalhanna;PA;Pennsylvania;Northeast
40,33892;-79,47972;Luxor;PA;Pennsylvania;Northeast
40,33925;-79,66338;Manor;PA;Pennsylvania;Northeast
40,15858;-79,51398;Mount Pleasant;PA;Pennsylvania;Northeast
40,46352;-79,67168;Murrysville;PA;Pennsylvania;Northeast
40,40783;-79,4321;New Alexandria;PA;Pennsylvania;Northeast
40,36038;-79,32146;New Derry;PA;Pennsylvania;Northeast
40,24428;-79,63069;New Stanton;PA;Pennsylvania;Northeast
40,59383;-79,55634;North Apollo;PA;Pennsylvania;Northeast
40,20672;-79,49636;Norvelt;PA;Pennsylvania;Northeast
40,33363;-79,63867;Penn;PA;Pennsylvania;Northeast
40,24303;-79,45913;Pleasant Unity;PA;Pennsylvania;Northeast
40,15048;-79,23113;Rector;PA;Pennsylvania;Northeast
40,28447;-79,72579;Rillton;PA;Pennsylvania;Northeast
40,18126;-79,64982;Ruffs Dale;PA;Pennsylvania;Northeast
40,52104;-79,49638;Salina;PA;Pennsylvania;Northeast
40,5023;-79,43873;Saltsburg;PA;Pennsylvania;Northeast
40,68301;-79,63696;Schenley;PA;Pennsylvania;Northeast
40,10926;-79,60492;Scottdale;PA;Pennsylvania;Northeast
40,4629;-79,50629;Slickville;PA;Pennsylvania;Northeast
40,61802;-79,43635;Spring Church;PA;Pennsylvania;Northeast
40,13149;-79,31977;Stahlstown;PA;Pennsylvania;Northeast
40,1734;-79,58602;Tarrs;PA;Pennsylvania;Northeast
40,2253;-79,49164;United;PA;Pennsylvania;Northeast
40,6455;-79,54243;Vandergrift;PA;Pennsylvania;Northeast
40,29668;-79,68411;Wendel;PA;Pennsylvania;Northeast
40,33086;-79,67861;Westmoreland City;PA;Pennsylvania;Northeast
40,24939;-79,40592;Whitney;PA;Pennsylvania;Northeast
40,19707;-79,69284;Wyano;PA;Pennsylvania;Northeast
40,24054;-79,5803;Youngwood;PA;Pennsylvania;Northeast
40,2167;-79,68894;Yukon;PA;Pennsylvania;Northeast
40,62935;-79,15056;Indiana;PA;Pennsylvania;Northeast
40,64019;-78,87193;Alverda;PA;Pennsylvania;Northeast
41,00926;-78,96235;Anita;PA;Pennsylvania;Northeast
40,79323;-78,84692;Arcadia;PA;Pennsylvania;Northeast
40,5698;-79,26184;Aultman;PA;Pennsylvania;Northeast
40,63962;-78,82978;Northern Cambria;PA;Pennsylvania;Northeast
40,97017;-78,87655;Big Run;PA;Pennsylvania;Northeast
40,47025;-79,19031;Black Lick;PA;Pennsylvania;Northeast
40,45354;-79,23896;Blairsville;PA;Pennsylvania;Northeast
40,53896;-79,06625;Brush Valley;PA;Pennsylvania;Northeast
40,82029;-78,78739;Burnside;PA;Pennsylvania;Northeast
40,59833;-78,72532;Carrolltown;PA;Pennsylvania;Northeast
40,70066;-79,1582;Chambersville;PA;Pennsylvania;Northeast
40,73545;-78,81746;Cherry Tree;PA;Pennsylvania;Northeast
40,51751;-79,33954;Clarksburg;PA;Pennsylvania;Northeast
40,56498;-79,31496;Clune;PA;Pennsylvania;Northeast
40,70583;-78,92049;Commodore;PA;Pennsylvania;Northeast
41,02749;-79,07921;Coolspring;PA;Pennsylvania;Northeast
40,50383;-79,1767;Coral;PA;Pennsylvania;Northeast
40,72829;-79,21336;Creekside;PA;Pennsylvania;Northeast
40,9869;-78,96072;De Lancey;PA;Pennsylvania;Northeast
40,72046;-79,00836;Dixonville;PA;Pennsylvania;Northeast
40,69945;-79,36946;Elderton;PA;Pennsylvania;Northeast
40,59871;-78,75356;Elmora;PA;Pennsylvania;Northeast
40,69039;-78,78174;Emeigh;PA;Pennsylvania;Northeast
40,67875;-79,16454;Ernest;PA;Pennsylvania;Northeast
40,80601;-78,88924;Gipsy;PA;Pennsylvania;Northeast
40,81042;-78,8688;Glen Campbell;PA;Pennsylvania;Northeast
40,62264;-78,91347;Heilwood;PA;Pennsylvania;Northeast
40,76533;-79,14562;Home;PA;Pennsylvania;Northeast
40,52489;-79,087;Homer City;PA;Pennsylvania;Northeast
40,48377;-79,18256;Josephine;PA;Pennsylvania;Northeast
40,78681;-78,64728;La Jose;PA;Pennsylvania;Northeast
40,55667;-79,15152;Lucernemines;PA;Pennsylvania;Northeast
40,57134;-79,30096;McIntyre;PA;Pennsylvania;Northeast
40,8902;-78,73733;Mahaffey;PA;Pennsylvania;Northeast
40,7721;-79,03045;Marion Center;PA;Pennsylvania;Northeast
40,64583;-78,80509;Marsteller;PA;Pennsylvania;Northeast
40,63399;-78,89019;Mentcle;PA;Pennsylvania;Northeast
40,6001;-78,83309;Nicktown;PA;Pennsylvania;Northeast
40,90718;-79,12795;Northpoint;PA;Pennsylvania;Northeast
40,99423;-79,02773;Oliveburg;PA;Pennsylvania;Northeast
40,59661;-78,99574;Penn Run;PA;Pennsylvania;Northeast
40,95859;-78,96974;Punxsutawney;PA;Pennsylvania;Northeast
40,99528;-79,15747;Ringgold;PA;Pennsylvania;Northeast
40,83309;-78,99009;Rochester Mills;PA;Pennsylvania;Northeast
40,87392;-78,89984;Rossiter;PA;Pennsylvania;Northeast
40,63075;-78,73041;Saint Benedict;PA;Pennsylvania;Northeast
40,65729;-79,32508;Shelocta;PA;Pennsylvania;Northeast
40,63488;-78,78405;Spangler;PA;Pennsylvania;Northeast
41,01348;-79,11442;Sprankle Mills;PA;Pennsylvania;Northeast
40,69749;-78,96255;Starford;PA;Pennsylvania;Northeast
40,96728;-79,19901;Timblin;PA;Pennsylvania;Northeast
40,40008;-79,21846;Torrance;PA;Pennsylvania;Northeast
40,91628;-79,05606;Valier;PA;Pennsylvania;Northeast
40,96375;-78,98679;Walston;PA;Pennsylvania;Northeast
41,02449;-79,13937;Worthville;PA;Pennsylvania;Northeast
41,12867;-78,72352;Du Bois;PA;Pennsylvania;Northeast
41,35868;-78,36453;Benezett;PA;Pennsylvania;Northeast
41,24831;-78,83828;Brockway;PA;Pennsylvania;Northeast
41,17005;-79,03885;Brookville;PA;Pennsylvania;Northeast
41,29479;-78,50582;Byrnedale;PA;Pennsylvania;Northeast
41,35104;-79,13906;Clarington;PA;Pennsylvania;Northeast
41,17337;-79,19324;Corsica;PA;Pennsylvania;Northeast
41,35305;-78,604;Dagus Mines;PA;Pennsylvania;Northeast
41,35301;-78,19053;Driftwood;PA;Pennsylvania;Northeast
41,51228;-78,27811;Emporium;PA;Pennsylvania;Northeast
41,16927;-78,82708;Falls Creek;PA;Pennsylvania;Northeast
41,25798;-78,50441;Force;PA;Pennsylvania;Northeast
41,33375;-78,6147;Kersey;PA;Pennsylvania;Northeast
41,08614;-79,02948;Knox Dale;PA;Pennsylvania;Northeast
41,03137;-78,71908;Luthersburg;PA;Pennsylvania;Northeast
41,10115;-78,90316;Reynoldsville;PA;Pennsylvania;Northeast
41,39253;-78,79357;Ridgway;PA;Pennsylvania;Northeast
41,08906;-78,6154;Rockton;PA;Pennsylvania;Northeast
41,45671;-78,53439;Saint Marys;PA;Pennsylvania;Northeast
41,3435;-79,04697;Sigel;PA;Pennsylvania;Northeast
41,3221;-78,07246;Sinnamahoning;PA;Pennsylvania;Northeast
41,0157;-78,83847;Stump Creek;PA;Pennsylvania;Northeast
41,09911;-79,19532;Summerville;PA;Pennsylvania;Northeast
41,0508;-78,81418;Sykesville;PA;Pennsylvania;Northeast
41,02587;-78,78628;Troutville;PA;Pennsylvania;Northeast
41,29885;-78,41799;Weedville;PA;Pennsylvania;Northeast
41,58116;-78,57935;Wilcox;PA;Pennsylvania;Northeast
40,46705;-79,05006;Armagh;PA;Pennsylvania;Northeast
40,31642;-78,69786;Beaverdale;PA;Pennsylvania;Northeast
40,51853;-78,87794;Belsano;PA;Pennsylvania;Northeast
40,10684;-78,77527;Cairnbrook;PA;Pennsylvania;Northeast
40,40851;-78,6407;Cassandra;PA;Pennsylvania;Northeast
40,04783;-78,81934;Central City;PA;Pennsylvania;Northeast
40,54148;-78,78019;Colver;PA;Pennsylvania;Northeast
40,23943;-78,91591;Davidsville;PA;Pennsylvania;Northeast
40,47683;-79,0042;Dilltown;PA;Pennsylvania;Northeast
40,29468;-78,71732;Dunlo;PA;Pennsylvania;Northeast
40,51612;-78,76225;Ebensburg;PA;Pennsylvania;Northeast
40,28107;-78,79589;Elton;PA;Pennsylvania;Northeast
40,20112;-78,96755;Hollsopple;PA;Pennsylvania;Northeast
40,16221;-78,89584;Hooversville;PA;Pennsylvania;Northeast
40,21463;-78,98105;Jerome;PA;Pennsylvania;Northeast
40,42215;-78,6057;Lilly;PA;Pennsylvania;Northeast
40,52128;-78,63218;Loretto;PA;Pennsylvania;Northeast
40,40584;-78,81215;Mineral Point;PA;Pennsylvania;Northeast
40,47437;-78,83513;Nanty Glo;PA;Pennsylvania;Northeast
40,36295;-79,0816;New Florence;PA;Pennsylvania;Northeast
40,35909;-78,86867;Parkhill;PA;Pennsylvania;Northeast
40,48986;-78,76699;Revloc;PA;Pennsylvania;Northeast
40,4055;-79,13442;Robinson;PA;Pennsylvania;Northeast
40,3307;-78,77209;Saint Michael;PA;Pennsylvania;Northeast
40,30348;-78,77614;Salix;PA;Pennsylvania;Northeast
40,21113;-78,89049;Seanor;PA;Pennsylvania;Northeast
40,41837;-79,00051;Seward;PA;Pennsylvania;Northeast
40,30878;-78,69285;Sidman;PA;Pennsylvania;Northeast
40,35022;-78,78819;South Fork;PA;Pennsylvania;Northeast
40,53953;-78,89744;Strongstown;PA;Pennsylvania;Northeast
40,3891;-78,73284;Summerhill;PA;Pennsylvania;Northeast
40,49848;-78,85184;Twin Rocks;PA;Pennsylvania;Northeast
40,46187;-78,9382;Vintondale;PA;Pennsylvania;Northeast
40,38942;-78,71644;Wilmore;PA;Pennsylvania;Northeast
40,21676;-78,77234;Windber;PA;Pennsylvania;Northeast
41,11651;-79,89648;Boyers;PA;Pennsylvania;Northeast
41,05461;-79,7333;Bruin;PA;Pennsylvania;Northeast
40,73961;-80,03719;Callery;PA;Pennsylvania;Northeast
40,94464;-79,75841;Chicora;PA;Pennsylvania;Northeast
40,81822;-80,01531;Connoquenessing;PA;Pennsylvania;Northeast
40,95684;-79,63985;East Brady;PA;Pennsylvania;Northeast
40,87996;-79,84602;East Butler;PA;Pennsylvania;Northeast
41,13619;-79,79699;Eau Claire;PA;Pennsylvania;Northeast
40,79355;-80,04618;Evans City;PA;Pennsylvania;Northeast
40,86051;-79,7288;Fenelton;PA;Pennsylvania;Northeast
41,13519;-79,66948;Foxburg;PA;Pennsylvania;Northeast
41,09399;-79,84537;Hilliards;PA;Pennsylvania;Northeast
41,00693;-79,71395;Karns City;PA;Pennsylvania;Northeast
40,85277;-79,91626;Lyndora;PA;Pennsylvania;Northeast
40,70192;-80,02866;Mars;PA;Pennsylvania;Northeast
41,05217;-79,80349;North Washington;PA;Pennsylvania;Northeast
41,09622;-79,67258;Parker;PA;Pennsylvania;Northeast
41,04362;-79,77379;Petrolia;PA;Pennsylvania;Northeast
40,94459;-80,14152;Portersville;PA;Pennsylvania;Northeast
40,81194;-79,9826;Renfrew;PA;Pennsylvania;Northeast
41,15651;-79,65711;Saint Petersburg;PA;Pennsylvania;Northeast
40,7157;-79,74753;Sarver;PA;Pennsylvania;Northeast
40,72301;-79,83911;Saxonburg;PA;Pennsylvania;Northeast
41,03427;-80,0579;Slippery Rock;PA;Pennsylvania;Northeast
40,70425;-79,92812;Valencia;PA;Pennsylvania;Northeast
41,00866;-79,88687;West Sunbury;PA;Pennsylvania;Northeast
40,76352;-80,12773;Zelienople;PA;Pennsylvania;Northeast
40,71114;-80,10606;Cranberry Township;PA;Pennsylvania;Northeast
41,49757;-80,38591;Adamsville;PA;Pennsylvania;Northeast
41,51936;-80,28463;Atlantic;PA;Pennsylvania;Northeast
40,96812;-80,50099;Bessemer;PA;Pennsylvania;Northeast
41,40432;-80,18766;Clarks Mills;PA;Pennsylvania;Northeast
40,79433;-80,46289;Darlington;PA;Pennsylvania;Northeast
41,03744;-80,45212;Edinburg;PA;Pennsylvania;Northeast
40,8743;-80,2568;Ellwood City;PA;Pennsylvania;Northeast
40,892;-80,47344;Enon Valley;PA;Pennsylvania;Northeast
41,21121;-80,49696;Farrell;PA;Pennsylvania;Northeast
40,82389;-80,19844;Fombell;PA;Pennsylvania;Northeast
41,17433;-80,07002;Grove City;PA;Pennsylvania;Northeast
41,54908;-80,37617;Hartstown;PA;Pennsylvania;Northeast
41,00603;-80,50449;Hillsville;PA;Pennsylvania;Northeast
41,27101;-80,11562;Jackson Center;PA;Pennsylvania;Northeast
40,83425;-80,32369;Koppel;PA;Pennsylvania;Northeast
41,23219;-80,2397;Mercer;PA;Pennsylvania;Northeast
40,87237;-80,3968;New Galilee;PA;Pennsylvania;Northeast
41,13908;-80,34084;New Wilmington;PA;Pennsylvania;Northeast
41,38574;-80,07422;Sandy Lake;PA;Pennsylvania;Northeast
41,23147;-80,43199;Hermitage;PA;Pennsylvania;Northeast
41,28687;-80,44509;Sharpsville;PA;Pennsylvania;Northeast
41,4428;-80,2056;Sheakleyville;PA;Pennsylvania;Northeast
41,31845;-80,08122;Stoneboro;PA;Pennsylvania;Northeast
41,32539;-80,42111;Transfer;PA;Pennsylvania;Northeast
41,06771;-80,51073;Villa Maria;PA;Pennsylvania;Northeast
41,09702;-80,21943;Volant;PA;Pennsylvania;Northeast
40,88902;-80,33509;Wampum;PA;Pennsylvania;Northeast
41,15967;-80,46858;West Middlesex;PA;Pennsylvania;Northeast
40,9283;-80,36235;West Pittsburg;PA;Pennsylvania;Northeast
41,20232;-80,49282;Wheatland;PA;Pennsylvania;Northeast
40,80984;-79,47204;Kittanning;PA;Pennsylvania;Northeast
40,89697;-79,519;Adrian;PA;Pennsylvania;Northeast
40,79436;-79,2023;Beyer;PA;Pennsylvania;Northeast
40,75239;-79,57795;Cadogan;PA;Pennsylvania;Northeast
41,12556;-79,55831;Callensburg;PA;Pennsylvania;Northeast
41,2008;-79,36046;Clarion;PA;Pennsylvania;Northeast
41,34908;-79,18095;Cooksburg;PA;Pennsylvania;Northeast
40,92705;-79,59325;Cowansville;PA;Pennsylvania;Northeast
41,41817;-79,26659;Crown;PA;Pennsylvania;Northeast
40,98701;-79,35381;Distant;PA;Pennsylvania;Northeast
41,06314;-79,29245;Fairmount City;PA;Pennsylvania;Northeast
40,71139;-79,48608;Ford City;PA;Pennsylvania;Northeast
40,76076;-79,5358;Ford Cliff;PA;Pennsylvania;Northeast
41,02099;-79,27817;Hawthorn;PA;Pennsylvania;Northeast
41,22197;-79,54923;Knox;PA;Pennsylvania;Northeast
41,36162;-79,27588;Leeper;PA;Pennsylvania;Northeast
41,31759;-79,34943;Lucinda;PA;Pennsylvania;Northeast
40,78119;-79,52376;McGrann;PA;Pennsylvania;Northeast
41,49507;-79,1297;Marienville;PA;Pennsylvania;Northeast
41,03316;-79,22432;Mayport;PA;Pennsylvania;Northeast
41,0031;-79,35479;New Bethlehem;PA;Pennsylvania;Northeast
40,80499;-79,27905;Nu Mine;PA;Pennsylvania;Northeast
40,79167;-79,18215;Plumville;PA;Pennsylvania;Northeast
41,03412;-79,50348;Rimersburg;PA;Pennsylvania;Northeast
40,76209;-79,32163;Rural Valley;PA;Pennsylvania;Northeast
40,954;-79,34106;Seminole;PA;Pennsylvania;Northeast
41,26557;-79,45259;Shippenville;PA;Pennsylvania;Northeast
41,1267;-79,46809;Sligo;PA;Pennsylvania;Northeast
40,8661;-79,13611;Smicksburg;PA;Pennsylvania;Northeast
41,2307;-79,27217;Strattanville;PA;Pennsylvania;Northeast
41,41102;-79,23092;Vowinckel;PA;Pennsylvania;Northeast
40,80118;-79,34108;Yatesboro;PA;Pennsylvania;Northeast
41,45596;-79,64946;Oil City;PA;Pennsylvania;Northeast
41,45706;-80,03477;Carlton;PA;Pennsylvania;Northeast
41,93218;-79,30324;Chandlers Valley;PA;Pennsylvania;Northeast
41,72294;-79,13884;Clarendon;PA;Pennsylvania;Northeast
41,51895;-80,06782;Cochranton;PA;Pennsylvania;Northeast
41,6012;-80,29958;Conneaut Lake;PA;Pennsylvania;Northeast
41,3216;-79,62942;Cranberry;PA;Pennsylvania;Northeast
41,56835;-79,40084;East Hickory;PA;Pennsylvania;Northeast
41,60567;-79,38428;Endeavor;PA;Pennsylvania;Northeast
41,36733;-79,43182;Fryburg;PA;Pennsylvania;Northeast
41,6323;-79,95878;Guys Mills;PA;Pennsylvania;Northeast
41,651;-79,72716;Hydetown;PA;Pennsylvania;Northeast
41,80642;-79,27684;Irvine;PA;Pennsylvania;Northeast
41,29047;-79,56435;Kossuth;PA;Pennsylvania;Northeast
41,36096;-79,36873;Lickingville;PA;Pennsylvania;Northeast
41,29749;-79,44968;Marble;PA;Pennsylvania;Northeast
41,63143;-80,15378;Meadville;PA;Pennsylvania;Northeast
41,31995;-79,9294;Polk;PA;Pennsylvania;Northeast
41,42204;-79,75233;Reno;PA;Pennsylvania;Northeast
41,47045;-79,684;Rouseville;PA;Pennsylvania;Northeast
41,37845;-79,6727;Seneca;PA;Pennsylvania;Northeast
41,96323;-79,3322;Sugar Grove;PA;Pennsylvania;Northeast
41,67583;-79,37285;Tidioute;PA;Pennsylvania;Northeast
41,76615;-79,03644;Tiona;PA;Pennsylvania;Northeast
41,49359;-79,38839;Tionesta;PA;Pennsylvania;Northeast
41,68167;-79,89028;Townville;PA;Pennsylvania;Northeast
41,38597;-79,3422;Tylersburg;PA;Pennsylvania;Northeast
41,36379;-79,51517;Venus;PA;Pennsylvania;Northeast
41,56586;-79,44796;West Hickory;PA;Pennsylvania;Northeast
41,20121;-79,87406;Clintonville;PA;Pennsylvania;Northeast
41,20786;-79,69796;Emlenton;PA;Pennsylvania;Northeast
41,26136;-79,81066;Kennerdell;PA;Pennsylvania;Northeast
41,96459;-79,48076;Bear Lake;PA;Pennsylvania;Northeast
41,7912;-80,02017;Cambridge Springs;PA;Pennsylvania;Northeast
41,75047;-80,36273;Conneautville;PA;Pennsylvania;Northeast
41,91743;-79,66374;Corry;PA;Pennsylvania;Northeast
41,92012;-80,30482;Cranesville;PA;Pennsylvania;Northeast
41,88212;-80,16392;Edinboro;PA;Pennsylvania;Northeast
41,97107;-80,31039;Girard;PA;Pennsylvania;Northeast
41,69481;-79,54544;Grand Valley;PA;Pennsylvania;Northeast
42,17036;-79,9351;Harborcreek;PA;Pennsylvania;Northeast
41,66555;-80,31447;Harmonsburg;PA;Pennsylvania;Northeast
42,01881;-80,34253;Lake City;PA;Pennsylvania;Northeast
41,65887;-80,44175;Linesville;PA;Pennsylvania;Northeast
41,98121;-80,13937;McKean;PA;Pennsylvania;Northeast
41,87466;-79,97132;Mill Village;PA;Pennsylvania;Northeast
42,17109;-79,82907;North East;PA;Pennsylvania;Northeast
41,73553;-80,14316;Saegertown;PA;Pennsylvania;Northeast
41,79442;-79,66765;Spartansburg;PA;Pennsylvania;Northeast
41,81937;-80,38356;Springboro;PA;Pennsylvania;Northeast
41,85563;-79,49889;Spring Creek;PA;Pennsylvania;Northeast
41,78673;-80,13088;Venango;PA;Pennsylvania;Northeast
42,04094;-79,82631;Wattsburg;PA;Pennsylvania;Northeast
42,12096;-80,08958;Erie;PA;Pennsylvania;Northeast
40,55338;-78,37283;Altoona;PA;Pennsylvania;Northeast
40,56719;-78,10214;Alexandria;PA;Pennsylvania;Northeast
40,76832;-78,45128;Beccaria;PA;Pennsylvania;Northeast
40,6036;-78,32995;Bellwood;PA;Pennsylvania;Northeast
40,68367;-78,41591;Blandburg;PA;Pennsylvania;Northeast
40,83947;-78,35259;Brisbin;PA;Pennsylvania;Northeast
40,22888;-78,12298;Broad Top;PA;Pennsylvania;Northeast
40,32853;-78,0692;Calvin;PA;Pennsylvania;Northeast
40,5651;-78,60664;Chest Springs;PA;Pennsylvania;Northeast
40,28482;-78,50855;Claysburg;PA;Pennsylvania;Northeast
40,75272;-78,50036;Coalport;PA;Pennsylvania;Northeast
40,46231;-78,58003;Cresson;PA;Pennsylvania;Northeast
40,27141;-78,34754;Curryville;PA;Pennsylvania;Northeast
40,15969;-78,23259;Defiance;PA;Pennsylvania;Northeast
40,41621;-78,48743;Duncansville;PA;Pennsylvania;Northeast
40,60214;-78,50161;Dysart;PA;Pennsylvania;Northeast
40,34214;-78,47079;East Freedom;PA;Pennsylvania;Northeast
40,33809;-78,2012;Entriken;PA;Pennsylvania;Northeast
40,68566;-78,44912;Fallentimber;PA;Pennsylvania;Northeast
40,70657;-78,5702;Flinton;PA;Pennsylvania;Northeast
40,50774;-78,57146;Gallitzin;PA;Pennsylvania;Northeast
40,80204;-78,49932;Glen Hope;PA;Pennsylvania;Northeast
40,39514;-78,09798;Hesston;PA;Pennsylvania;Northeast
40,44231;-78,33242;Hollidaysburg;PA;Pennsylvania;Northeast
40,8505;-78,37945;Houtzdale;PA;Pennsylvania;Northeast
40,51692;-77,95302;Huntingdon;PA;Pennsylvania;Northeast
40,24898;-78,55092;Imler;PA;Pennsylvania;Northeast
40,8066;-78,56353;Irvona;PA;Pennsylvania;Northeast
40,32486;-78,17757;James Creek;PA;Pennsylvania;Northeast
40,16063;-78,39138;Loysburg;PA;Pennsylvania;Northeast
40,83058;-78,45026;Madera;PA;Pennsylvania;Northeast
40,17822;-78,42437;New Enterprise;PA;Pennsylvania;Northeast
40,87056;-78,31286;Osceola Mills;PA;Pennsylvania;Northeast
40,18213;-78,52546;Osterburg;PA;Pennsylvania;Northeast
40,65072;-78,61974;Patton;PA;Pennsylvania;Northeast
40,25828;-78,50556;Queen;PA;Pennsylvania;Northeast
40,79414;-78,40203;Ramey;PA;Pennsylvania;Northeast
40,16935;-78,24324;Riddlesburg;PA;Pennsylvania;Northeast
40,30671;-78,39026;Roaring Spring;PA;Pennsylvania;Northeast
40,1865;-78,07926;Robertsdale;PA;Pennsylvania;Northeast
40,68796;-78,67905;Saint Boniface;PA;Pennsylvania;Northeast
40,81507;-78,2457;Sandy Ridge;PA;Pennsylvania;Northeast
40,2252;-78,23421;Saxton;PA;Pennsylvania;Northeast
40,15659;-78,195;Six Mile Run;PA;Pennsylvania;Northeast
40,75149;-78,40254;Smithmill;PA;Pennsylvania;Northeast
40,27206;-78,4565;Sproul;PA;Pennsylvania;Northeast
40,65595;-78,07313;Spruce Creek;PA;Pennsylvania;Northeast
40,63541;-78,29685;Tipton;PA;Pennsylvania;Northeast
40,28019;-78,08063;Todd;PA;Pennsylvania;Northeast
40,67056;-78,24102;Tyrone;PA;Pennsylvania;Northeast
40,10737;-78,10028;Waterfall;PA;Pennsylvania;Northeast
40,07744;-78,1473;Wells Tannery;PA;Pennsylvania;Northeast
40,75935;-78,72053;Westover;PA;Pennsylvania;Northeast
40,17259;-78,12852;Wood;PA;Pennsylvania;Northeast
41,5793;-78,02599;Austin;PA;Pennsylvania;Northeast
41,74674;-78,39022;Crosby;PA;Pennsylvania;Northeast
41,89881;-78,66328;Custer City;PA;Pennsylvania;Northeast
41,80456;-78,57787;Cyclone;PA;Pennsylvania;Northeast
41,98501;-78,5338;Derrick City;PA;Pennsylvania;Northeast
41,96501;-78,4788;Duke Center;PA;Pennsylvania;Northeast
41,81339;-78,42309;East Smethport;PA;Pennsylvania;Northeast
41,85921;-78,60843;Gifford;PA;Pennsylvania;Northeast
41,70303;-78,59514;Hazel Hurst;PA;Pennsylvania;Northeast
41,61806;-78,84418;James City;PA;Pennsylvania;Northeast
41,63045;-78,81;Kane;PA;Pennsylvania;Northeast
41,80511;-78,73929;Lewis Run;PA;Pennsylvania;Northeast
41,69255;-78,54998;Mount Jewett;PA;Pennsylvania;Northeast
41,7888;-78,26016;Port Allegany;PA;Pennsylvania;Northeast
41,87567;-78,56941;Rew;PA;Pennsylvania;Northeast
41,92578;-78,49042;Rixford;PA;Pennsylvania;Northeast
41,79064;-78,13858;Roulette;PA;Pennsylvania;Northeast
41,9427;-78,14425;Shinglehouse;PA;Pennsylvania;Northeast
41,75578;-78,4214;Smethport;PA;Pennsylvania;Northeast
41,88796;-78,29682;Turtlepoint;PA;Pennsylvania;Northeast
40,78538;-77,84214;State College;PA;Pennsylvania;Northeast
40,79867;-77,86481;University Park;PA;Pennsylvania;Northeast
40,91995;-77,38702;Aaronsburg;PA;Pennsylvania;Northeast
40,95888;-78,19875;Allport;PA;Pennsylvania;Northeast
41,15813;-77,71441;Beech Creek;PA;Pennsylvania;Northeast
40,92734;-77,76685;Bellefonte;PA;Pennsylvania;Northeast
40,98803;-78,31208;Bigler;PA;Pennsylvania;Northeast
41,06199;-77,58598;Blanchard;PA;Pennsylvania;Northeast
40,76607;-77,77739;Boalsburg;PA;Pennsylvania;Northeast
40,80704;-77,69097;Centre Hall;PA;Pennsylvania;Northeast
41,08569;-78,43317;Clearfield;PA;Pennsylvania;Northeast
40,84711;-77,4347;Coburn;PA;Pennsylvania;Northeast
40,94158;-78,57862;Curwensville;PA;Pennsylvania;Northeast
41,0391;-78,10389;Drifting;PA;Pennsylvania;Northeast
40,90668;-77,87731;Fleming;PA;Pennsylvania;Northeast
40,94576;-78,47494;Glen Richey;PA;Pennsylvania;Northeast
40,98923;-78,64292;Grampian;PA;Pennsylvania;Northeast
41,00319;-78,11113;Grassflat;PA;Pennsylvania;Northeast
40,92555;-78,20214;Hawk Run;PA;Pennsylvania;Northeast
41,03399;-77,69011;Howard;PA;Pennsylvania;Northeast
41,00849;-78,46269;Hyde;PA;Pennsylvania;Northeast
40,91285;-77,93261;Julian;PA;Pennsylvania;Northeast
41,15641;-78,02422;Karthaus;PA;Pennsylvania;Northeast
40,99941;-78,16439;Kylertown;PA;Pennsylvania;Northeast
41,01247;-77,53455;Lamar;PA;Pennsylvania;Northeast
40,95978;-78,11431;Lanse;PA;Pennsylvania;Northeast
40,81229;-77,80132;Lemont;PA;Pennsylvania;Northeast
40,93639;-77,5386;Madisonburg;PA;Pennsylvania;Northeast
40,94045;-77,78638;Milesburg;PA;Pennsylvania;Northeast
40,89697;-77,47228;Millheim;PA;Pennsylvania;Northeast
40,99902;-78,36046;Mineral Springs;PA;Pennsylvania;Northeast
40,92871;-77,65005;Mingoville;PA;Pennsylvania;Northeast
41,00056;-78,20033;Morrisdale;PA;Pennsylvania;Northeast
41,04903;-78,03519;Moshannon;PA;Pennsylvania;Northeast
40,94673;-78,17219;Munson;PA;Pennsylvania;Northeast
40,86764;-78,51991;New Millport;PA;Pennsylvania;Northeast
40,91162;-78,47204;Olanta;PA;Pennsylvania;Northeast
41,15428;-77,79857;Orviston;PA;Pennsylvania;Northeast
40,72086;-77,96396;Pennsylvania Furnace;PA;Pennsylvania;Northeast
40,86684;-78,17163;Philipsburg;PA;Pennsylvania;Northeast
40,72725;-77,89066;Pine Grove Mills;PA;Pennsylvania;Northeast
40,80149;-78,04969;Port Matilda;PA;Pennsylvania;Northeast
41,1879;-78,03705;Pottersdale;PA;Pennsylvania;Northeast
40,96715;-77,35939;Rebersburg;PA;Pennsylvania;Northeast
41,01141;-77,94077;Snow Shoe;PA;Pennsylvania;Northeast
40,84536;-77,56882;Spring Mills;PA;Pennsylvania;Northeast
40,96648;-78,29087;Wallaceton;PA;Pennsylvania;Northeast
40,73291;-78,06846;Warriors Mark;PA;Pennsylvania;Northeast
40,94325;-78,33609;West Decatur;PA;Pennsylvania;Northeast
40,97116;-78,15162;Winburne;PA;Pennsylvania;Northeast
41,02743;-78,31119;Woodland;PA;Pennsylvania;Northeast
40,90707;-77,33841;Woodward;PA;Pennsylvania;Northeast
41,73038;-77,31841;Wellsboro;PA;Pennsylvania;Northeast
41,70477;-76,83124;Alba;PA;Pennsylvania;Northeast
41,67787;-77,10392;Arnot;PA;Pennsylvania;Northeast
41,66803;-77,05845;Blossburg;PA;Pennsylvania;Northeast
41,8618;-76,77687;Columbia Cross Roads;PA;Pennsylvania;Northeast
41,77481;-77,96104;Coudersport;PA;Pennsylvania;Northeast
41,723;-77,05519;Covington;PA;Pennsylvania;Northeast
41,98218;-77,28851;Elkland;PA;Pennsylvania;Northeast
41,69614;-77,54654;Gaines;PA;Pennsylvania;Northeast
41,67191;-77,70064;Galeton;PA;Pennsylvania;Northeast
41,94103;-77,8761;Genesee;PA;Pennsylvania;Northeast
41,95319;-76,78997;Gillett;PA;Pennsylvania;Northeast
41,71506;-76,70485;Granville Summit;PA;Pennsylvania;Northeast
41,9655;-77,65941;Harrison Valley;PA;Pennsylvania;Northeast
41,95203;-77,43371;Knoxville;PA;Pennsylvania;Northeast
41,97352;-77,15028;Lawrenceville;PA;Pennsylvania;Northeast
41,77574;-76,94017;Mainesburg;PA;Pennsylvania;Northeast
41,87032;-77,32404;Middlebury Center;PA;Pennsylvania;Northeast
41,96421;-77,71004;Mills;PA;Pennsylvania;Northeast
41,68097;-77,0141;Morris Run;PA;Pennsylvania;Northeast
41,9654;-77,35414;Osceola;PA;Pennsylvania;Northeast
41,8406;-77,61915;Sabinsville;PA;Pennsylvania;Northeast
41,91422;-77,13999;Tioga;PA;Pennsylvania;Northeast
41,85369;-77,75683;Ulysses;PA;Pennsylvania;Northeast
40,46463;-77,86761;Allensville;PA;Pennsylvania;Northeast
40,35735;-76,55528;Annville;PA;Pennsylvania;Northeast
40,60304;-76,81065;Berrysburg;PA;Pennsylvania;Northeast
40,28495;-77,54364;Blain;PA;Pennsylvania;Northeast
40,13428;-77,11801;Boiling Springs;PA;Pennsylvania;Northeast
40,27809;-76,58335;Campbelltown;PA;Pennsylvania;Northeast
40,23508;-76,92931;Camp Hill;PA;Pennsylvania;Northeast
40,6596;-77,19358;Cocolamus;PA;Pennsylvania;Northeast
40,6275;-76,89854;Dalmatia;PA;Pennsylvania;Northeast
40,40246;-76,88117;Dauphin;PA;Pennsylvania;Northeast
40,09078;-77,02462;Dillsburg;PA;Pennsylvania;Northeast
40,41014;-77,04367;Duncannon;PA;Pennsylvania;Northeast
40,33758;-77,66093;East Waterford;PA;Pennsylvania;Northeast
40,5813;-76,81169;Elizabethville;PA;Pennsylvania;Northeast
40,40992;-77,30854;Elliottsburg;PA;Pennsylvania;Northeast
40,29506;-76,97731;Enola;PA;Pennsylvania;Northeast
40,46734;-76,43626;Fredericksburg;PA;Pennsylvania;Northeast
40,4033;-76,65073;Grantville;PA;Pennsylvania;Northeast
40,60833;-76,74417;Gratz;PA;Pennsylvania;Northeast
40,26829;-76,62754;Hershey;PA;Pennsylvania;Northeast
40,20831;-76,78489;Highspire;PA;Pennsylvania;Northeast
40,41638;-77,57443;Honey Grove;PA;Pennsylvania;Northeast
40,28579;-76,69611;Hummelstown;PA;Pennsylvania;Northeast
40,43329;-77,42872;Ickesburg;PA;Pennsylvania;Northeast
40,46787;-76,54895;Jonestown;PA;Pennsylvania;Northeast
40,2928;-76,24077;Kleinfeltersville;PA;Pennsylvania;Northeast
40,31558;-77,32571;Landisburg;PA;Pennsylvania;Northeast
40,21667;-76,5395;Lawn;PA;Pennsylvania;Northeast
40,24679;-76,90033;Lemoyne;PA;Pennsylvania;Northeast
40,58236;-77,59013;Lewistown;PA;Pennsylvania;Northeast
40,37098;-77,41426;Loysville;PA;Pennsylvania;Northeast
40,60554;-76,72669;Lykens;PA;Pennsylvania;Northeast
40,65172;-77,25948;McAlisterville;PA;Pennsylvania;Northeast
40,24907;-77,03005;Mechanicsburg;PA;Pennsylvania;Northeast
40,45881;-77,77306;McVeytown;PA;Pennsylvania;Northeast
40,31577;-77,98195;Mapleton Depot;PA;Pennsylvania;Northeast
40,3255;-77,03256;Marysville;PA;Pennsylvania;Northeast
40,49746;-77,72764;Mattawana;PA;Pennsylvania;Northeast
40,50111;-77,54792;Mifflin;PA;Pennsylvania;Northeast
40,59241;-77,38165;Mifflintown;PA;Pennsylvania;Northeast
40,49144;-77,88158;Mill Creek;PA;Pennsylvania;Northeast
40,56542;-76,90046;Millersburg;PA;Pennsylvania;Northeast
40,55153;-77,16813;Millerstown;PA;Pennsylvania;Northeast
40,76274;-77,47343;Milroy;PA;Pennsylvania;Northeast
40,24135;-76,47553;Mount Gretna;PA;Pennsylvania;Northeast
40,09837;-77,20527;Mount Holly Springs;PA;Pennsylvania;Northeast
40,35885;-77,85892;Mount Union;PA;Pennsylvania;Northeast
40,38848;-76,31583;Myerstown;PA;Pennsylvania;Northeast
40,40685;-77,17795;New Bloomfield;PA;Pennsylvania;Northeast
40,45722;-76,97921;New Buffalo;PA;Pennsylvania;Northeast
40,20217;-76,86377;New Cumberland;PA;Pennsylvania;Northeast
40,30061;-77,58928;New Germantown;PA;Pennsylvania;Northeast
40,30047;-76,25924;Newmanstown;PA;Pennsylvania;Northeast
40,39372;-77,83429;Newton Hamilton;PA;Pennsylvania;Northeast
40,62084;-77,30758;Oakland Mills;PA;Pennsylvania;Northeast
40,40232;-76,53651;Ono;PA;Pennsylvania;Northeast
40,64057;-76,80299;Pillow;PA;Pennsylvania;Northeast
40,49762;-77,42579;Port Royal;PA;Pennsylvania;Northeast
40,68705;-77,62692;Reedsville;PA;Pennsylvania;Northeast
40,69067;-77,12502;Richfield;PA;Pennsylvania;Northeast
40,30046;-76,295;Schaefferstown;PA;Pennsylvania;Northeast
40,32953;-77,18302;Shermans Dale;PA;Pennsylvania;Northeast
40,30998;-76,92817;Summerdale;PA;Pennsylvania;Northeast
40,58414;-77,2168;Thompsontown;PA;Pennsylvania;Northeast
40,57414;-76,67704;Wiconisco;PA;Pennsylvania;Northeast
40,64535;-77,57639;Yeagertown;PA;Pennsylvania;Northeast
40,2595;-76,88705;Harrisburg;PA;Pennsylvania;Northeast
39,96229;-77,65677;Chambersburg;PA;Pennsylvania;Northeast
40,18989;-77,661;Amberson;PA;Pennsylvania;Northeast
39,75191;-78,41457;Artemas;PA;Pennsylvania;Northeast
39,81;-78,07073;Big Cove Tannery;PA;Pennsylvania;Northeast
40,25381;-77,77249;Blairs Mills;PA;Pennsylvania;Northeast
39,74811;-77,47025;Blue Ridge Summit;PA;Pennsylvania;Northeast
40,09234;-77,89008;Burnt Cabins;PA;Pennsylvania;Northeast
40,22367;-77,69318;Doylesburg;PA;Pennsylvania;Northeast
40,17807;-77,74108;Dry Run;PA;Pennsylvania;Northeast
40,05796;-77,82019;Fannettsburg;PA;Pennsylvania;Northeast
40,06521;-77,9389;Fort Littleton;PA;Pennsylvania;Northeast
39,9723;-77,89195;Fort Loudon;PA;Pennsylvania;Northeast
39,78706;-77,75709;Greencastle;PA;Pennsylvania;Northeast
40,07853;-78,01144;Hustontown;PA;Pennsylvania;Northeast
40,09462;-77,63341;Lurgan;PA;Pennsylvania;Northeast
39,95118;-78,00406;McConnellsburg;PA;Pennsylvania;Northeast
39,79997;-77,94305;Mercersburg;PA;Pennsylvania;Northeast
39,83705;-77,54091;Mont Alto;PA;Pennsylvania;Northeast
39,8612;-78,13003;Needmore;PA;Pennsylvania;Northeast
40,13973;-77,83009;Neelyton;PA;Pennsylvania;Northeast
40,15411;-77,58227;Newburg;PA;Pennsylvania;Northeast
40,17793;-77,40326;Newville;PA;Pennsylvania;Northeast
40,28368;-77,81484;Orbisonia;PA;Pennsylvania;Northeast
40,08595;-77,66562;Orrstown;PA;Pennsylvania;Northeast
40,0629;-77,68255;Pleasant Hall;PA;Pennsylvania;Northeast
40,24186;-77,9002;Rockhill Furnace;PA;Pennsylvania;Northeast
39,73668;-77,52338;Rouzerville;PA;Pennsylvania;Northeast
39,91317;-77,81695;Saint Thomas;PA;Pennsylvania;Northeast
40,21241;-78,00628;Saltillo;PA;Pennsylvania;Northeast
40,15426;-77,86756;Shade Gap;PA;Pennsylvania;Northeast
40,0508;-77,49027;Shippensburg;PA;Pennsylvania;Northeast
40,2977;-77,89489;Shirleysburg;PA;Pennsylvania;Northeast
39,85981;-77,51164;South Mountain;PA;Pennsylvania;Northeast
40,14489;-77,74174;Spring Run;PA;Pennsylvania;Northeast
39,72409;-77,71727;State Line;PA;Pennsylvania;Northeast
40,17993;-77,99331;Three Springs;PA;Pennsylvania;Northeast
40,03846;-77,77297;Upperstrasburg;PA;Pennsylvania;Northeast
40,08745;-77,412;Walnut Bottom;PA;Pennsylvania;Northeast
39,80389;-78,23958;Warfordsburg;PA;Pennsylvania;Northeast
39,77421;-77,57354;Waynesboro;PA;Pennsylvania;Northeast
40,10183;-77,80367;Willow Hill;PA;Pennsylvania;Northeast
39,89119;-76,9815;Abbottstown;PA;Pennsylvania;Northeast
39,81659;-76,41069;Airville;PA;Pennsylvania;Northeast
39,92615;-77,29755;Arendtsville;PA;Pennsylvania;Northeast
39,97696;-77,23099;Aspers;PA;Pennsylvania;Northeast
39,98383;-77,24966;Bendersville;PA;Pennsylvania;Northeast
39,94853;-77,314;Biglerville;PA;Pennsylvania;Northeast
39,87351;-76,44894;Brogue;PA;Pennsylvania;Northeast
39,81709;-76,84191;Codorus;PA;Pennsylvania;Northeast
39,88472;-76,65719;Dallastown;PA;Pennsylvania;Northeast
39,75469;-76,32852;Delta;PA;Pennsylvania;Northeast
39,97136;-76,52267;East Prospect;PA;Pennsylvania;Northeast
40,01847;-76,7265;Emigsville;PA;Pennsylvania;Northeast
40,1585;-76,79468;Etters;PA;Pennsylvania;Northeast
39,75406;-76,44742;Fawn Grove;PA;Pennsylvania;Northeast
39,85548;-76,53513;Felton;PA;Pennsylvania;Northeast
40,07523;-77,02669;Franklintown;PA;Pennsylvania;Northeast
40,03616;-77,22772;Gardners;PA;Pennsylvania;Northeast
39,82762;-77,22641;Gettysburg;PA;Pennsylvania;Northeast
39,76295;-76,85374;Glenville;PA;Pennsylvania;Northeast
40,13438;-76,88188;Lewisberry;PA;Pennsylvania;Northeast
39,75566;-77,11183;Littlestown;PA;Pennsylvania;Northeast
39,85275;-76,70756;Loganville;PA;Pennsylvania;Northeast
39,86863;-77,32948;McKnightstown;PA;Pennsylvania;Northeast
39,80535;-77,01887;McSherrystown;PA;Pennsylvania;Northeast
40,04927;-76,68247;Mount Wolf;PA;Pennsylvania;Northeast
39,75536;-76,68003;New Freedom;PA;Pennsylvania;Northeast
39,88918;-77,07896;New Oxford;PA;Pennsylvania;Northeast
39,76199;-76,50008;New Park;PA;Pennsylvania;Northeast
39,88741;-77,38714;Orrtanna;PA;Pennsylvania;Northeast
39,75978;-76,696;Railroad;PA;Pennsylvania;Northeast
39,89834;-76,58366;Red Lion;PA;Pennsylvania;Northeast
39,85196;-76,75377;Seven Valleys;PA;Pennsylvania;Northeast
39,85088;-76,86872;Spring Grove;PA;Pennsylvania;Northeast
39,76736;-76,58504;Stewartstown;PA;Pennsylvania;Northeast
39,92985;-76,90049;Thomasville;PA;Pennsylvania;Northeast
39,98463;-76,51966;Wrightsville;PA;Pennsylvania;Northeast
40,1174;-76,78124;York Haven;PA;Pennsylvania;Northeast
39,90258;-76,78797;York New Salem;PA;Pennsylvania;Northeast
40,00037;-77,10633;York Springs;PA;Pennsylvania;Northeast
40,02448;-76,32855;Bausman;PA;Pennsylvania;Northeast
40,05915;-76,18999;Bird In Hand;PA;Pennsylvania;Northeast
40,11718;-76,0527;Blue Ball;PA;Pennsylvania;Northeast
40,12455;-76,21394;Brownstown;PA;Pennsylvania;Northeast
39,90923;-76,03073;Christiana;PA;Pennsylvania;Northeast
39,93773;-76,38703;Conestoga;PA;Pennsylvania;Northeast
39,80519;-76,25932;Drumore;PA;Pennsylvania;Northeast
40,14278;-76,02145;East Earl;PA;Pennsylvania;Northeast
40,09813;-76,34897;East Petersburg;PA;Pennsylvania;Northeast
40,17499;-76,17009;Ephrata;PA;Pennsylvania;Northeast
40,01495;-75,99333;Gap;PA;Pennsylvania;Northeast
40,04036;-76,10008;Gordonville;PA;Pennsylvania;Northeast
39,85731;-76,2923;Holtwood;PA;Pennsylvania;Northeast
40,03665;-76,11214;Intercourse;PA;Pennsylvania;Northeast
40,01224;-76,03813;Kinzers;PA;Pennsylvania;Northeast
40,09877;-76,1888;Leola;PA;Pennsylvania;Northeast
40,18217;-76,30038;Lititz;PA;Pennsylvania;Northeast
40,17307;-76,42792;Manheim;PA;Pennsylvania;Northeast
40,07492;-76,58339;Maytown;PA;Pennsylvania;Northeast
39,97911;-76,37608;Millersville;PA;Pennsylvania;Northeast
40,10935;-76,51174;Mount Joy;PA;Pennsylvania;Northeast
40,03923;-76,42584;Mountville;PA;Pennsylvania;Northeast
40,12075;-75,96514;Narvon;PA;Pennsylvania;Northeast
40,10328;-76,07543;New Holland;PA;Pennsylvania;Northeast
39,97636;-76,09264;Paradise;PA;Pennsylvania;Northeast
39,76404;-76,18649;Peach Bottom;PA;Pennsylvania;Northeast
39,89191;-76,32994;Pequea;PA;Pennsylvania;Northeast
39,86924;-76,1476;Quarryville;PA;Pennsylvania;Northeast
39,94806;-76,23416;Refton;PA;Pennsylvania;Northeast
40,27043;-76,09652;Reinholds;PA;Pennsylvania;Northeast
40,12574;-76,57035;Rheems;PA;Pennsylvania;Northeast
40,00937;-76,15105;Ronks;PA;Pennsylvania;Northeast
40,03561;-76,19782;Smoketown;PA;Pennsylvania;Northeast
40,22397;-76,16405;Stevens;PA;Pennsylvania;Northeast
39,95938;-76,18032;Strasburg;PA;Pennsylvania;Northeast
40,15617;-76,05535;Terre Hill;PA;Pennsylvania;Northeast
39,98928;-76,44756;Washington Boro;PA;Pennsylvania;Northeast
39,95981;-76,26463;Willow Street;PA;Pennsylvania;Northeast
41,34206;-76,88821;Williamsport;PA;Pennsylvania;Northeast
41,18046;-77,20503;Antes Fort;PA;Pennsylvania;Northeast
41,18155;-77,31927;Avis;PA;Pennsylvania;Northeast
41,43125;-77,45629;Cammal;PA;Pennsylvania;Northeast
41,53904;-77,47914;Cedar Run;PA;Pennsylvania;Northeast
41,32546;-77,08215;Cogan Station;PA;Pennsylvania;Northeast
41,49798;-77,74106;Cross Fork;PA;Pennsylvania;Northeast
41,10677;-76,87591;Dewart;PA;Pennsylvania;Northeast
41,42713;-76,57293;Eagles Mere;PA;Pennsylvania;Northeast
41,28673;-76,68149;Hughesville;PA;Pennsylvania;Northeast
41,41289;-77,40156;Jersey Mills;PA;Pennsylvania;Northeast
41,2342;-77,26171;Jersey Shore;PA;Pennsylvania;Northeast
41,23919;-76,5829;Lairdsville;PA;Pennsylvania;Northeast
41,28589;-77,48097;Lock Haven;PA;Pennsylvania;Northeast
41,03847;-77,31497;Loganton;PA;Pennsylvania;Northeast
41,15147;-77,35043;McElhattan;PA;Pennsylvania;Northeast
41,07232;-76,81352;McEwensville;PA;Pennsylvania;Northeast
41,05517;-77,47805;Mackeyville;PA;Pennsylvania;Northeast
41,13086;-77,53201;Mill Hall;PA;Pennsylvania;Northeast
41,31108;-76,88421;Montoursville;PA;Pennsylvania;Northeast
41,20841;-76,73325;Muncy;PA;Pennsylvania;Northeast
41,35234;-76,55155;Muncy Valley;PA;Pennsylvania;Northeast
41,3966;-77,66602;North Bend;PA;Pennsylvania;Northeast
41,28326;-76,70751;Picture Rocks;PA;Pennsylvania;Northeast
41,50999;-76,91388;Ralston;PA;Pennsylvania;Northeast
41,34316;-77,82735;Renovo;PA;Pennsylvania;Northeast
41,57591;-76,97168;Roaring Branch;PA;Pennsylvania;Northeast
41,54632;-76,7477;Shunk;PA;Pennsylvania;Northeast
41,49939;-77,50073;Slate Run;PA;Pennsylvania;Northeast
41,43137;-77,04524;Trout Run;PA;Pennsylvania;Northeast
41,11832;-76,71756;Turbotville;PA;Pennsylvania;Northeast
41,24782;-76,5416;Unityville;PA;Pennsylvania;Northeast
41,10332;-76,82678;Watsontown;PA;Pennsylvania;Northeast
41,20551;-77,38019;Woolrich;PA;Pennsylvania;Northeast
40,83669;-76,75762;Sunbury;PA;Pennsylvania;Northeast
40,73626;-77,23641;Beaver Springs;PA;Pennsylvania;Northeast
40,78505;-77,1772;Beavertown;PA;Pennsylvania;Northeast
41,26885;-76,3751;Benton;PA;Pennsylvania;Northeast
41,02216;-76,43061;Bloomsburg;PA;Pennsylvania;Northeast
40,9011;-76,40783;Catawissa;PA;Pennsylvania;Northeast
40,72099;-76,72541;Dornsife;PA;Pennsylvania;Northeast
40,85652;-76,49848;Elysburg;PA;Pennsylvania;Northeast
40,75482;-76,96133;Freeburg;PA;Pennsylvania;Northeast
40,90057;-77,15546;Hartleton;PA;Pennsylvania;Northeast
40,68791;-76,79449;Herndon;PA;Pennsylvania;Northeast
40,80554;-76,45499;Marion Heights;PA;Pennsylvania;Northeast
40,77982;-76,46701;Kulpmont;PA;Pennsylvania;Northeast
40,88365;-77,19795;Laurelton;PA;Pennsylvania;Northeast
40,71446;-76,60136;Leck Kill;PA;Pennsylvania;Northeast
40,97485;-76,94247;Lewisburg;PA;Pennsylvania;Northeast
40,77537;-76,43291;Locust Gap;PA;Pennsylvania;Northeast
40,72455;-77,35888;McClure;PA;Pennsylvania;Northeast
40,80389;-77,04329;Middleburg;PA;Pennsylvania;Northeast
40,95904;-77,08747;Mifflinburg;PA;Pennsylvania;Northeast
40,88308;-77,21628;Millmont;PA;Pennsylvania;Northeast
40,9671;-76,85847;Montandon;PA;Pennsylvania;Northeast
40,80255;-76,433;Mount Carmel;PA;Pennsylvania;Northeast
40,69212;-77,01254;Mount Pleasant Mills;PA;Pennsylvania;Northeast
41,05636;-76,9722;New Columbia;PA;Pennsylvania;Northeast
40,92789;-76,76712;Northumberland;PA;Pennsylvania;Northeast
40,84238;-76,42314;Numidia;PA;Pennsylvania;Northeast
41,11821;-76,39498;Orangeville;PA;Pennsylvania;Northeast
40,82685;-76,63402;Paxinos;PA;Pennsylvania;Northeast
40,77361;-77,0788;Paxtonville;PA;Pennsylvania;Northeast
40,86069;-77,05661;Penns Creek;PA;Pennsylvania;Northeast
40,70294;-76,90687;Port Trevorton;PA;Pennsylvania;Northeast
40,98688;-76,78979;Potts Grove;PA;Pennsylvania;Northeast
40,78866;-76,55035;Coal Township;PA;Pennsylvania;Northeast
40,71464;-76,69025;Rebuck;PA;Pennsylvania;Northeast
40,80992;-76,8897;Selinsgrove;PA;Pennsylvania;Northeast
40,7677;-76,61317;Shamokin;PA;Pennsylvania;Northeast
40,85571;-76,82319;Shamokin Dam;PA;Pennsylvania;Northeast
40,89109;-77,12383;Swengel;PA;Pennsylvania;Northeast
40,78098;-76,68632;Trevorton;PA;Pennsylvania;Northeast
40,87042;-77,28941;Weikert;PA;Pennsylvania;Northeast
41,01847;-76,87598;West Milton;PA;Pennsylvania;Northeast
41,07508;-76,8849;White Deer;PA;Pennsylvania;Northeast
40,81931;-76,37306;Wilburton;PA;Pennsylvania;Northeast
40,88228;-76,9143;Winfield;PA;Pennsylvania;Northeast
40,69364;-76,25526;Pottsville;PA;Pennsylvania;Northeast
40,81328;-76,32989;Aristes;PA;Pennsylvania;Northeast
40,66136;-76,31871;Branchdale;PA;Pennsylvania;Northeast
40,63104;-76,19273;Cressona;PA;Pennsylvania;Northeast
40,70867;-76,11529;Cumbola;PA;Pennsylvania;Northeast
40,78378;-76,21638;Frackville;PA;Pennsylvania;Northeast
40,60357;-76,24244;Friedensburg;PA;Pennsylvania;Northeast
40,79786;-76,21205;Gilberton;PA;Pennsylvania;Northeast
40,79417;-76,28;Girardville;PA;Pennsylvania;Northeast
40,75048;-76,33997;Gordon;PA;Pennsylvania;Northeast
40,65558;-76,50198;Hegins;PA;Pennsylvania;Northeast
40,68614;-76,61472;Klingerstown;PA;Pennsylvania;Northeast
40,76161;-76,37949;Lavelle;PA;Pennsylvania;Northeast
40,6605;-76,28903;Llewellyn;PA;Pennsylvania;Northeast
40,78458;-76,37523;Locustdale;PA;Pennsylvania;Northeast
40,8123;-76,2449;Lost Creek;PA;Pennsylvania;Northeast
40,82485;-76,14223;Mahanoy City;PA;Pennsylvania;Northeast
40,79624;-76,23547;Mahanoy Plane;PA;Pennsylvania;Northeast
40,67919;-76,24425;Mar Lin;PA;Pennsylvania;Northeast
40,76434;-76,05997;Mary D;PA;Pennsylvania;Northeast
40,69047;-76,25985;Minersville;PA;Pennsylvania;Northeast
40,59359;-76,51651;Muir;PA;Pennsylvania;Northeast
40,74224;-76,15141;New Philadelphia;PA;Pennsylvania;Northeast
40,69932;-75,94656;New Ringgold;PA;Pennsylvania;Northeast
40,64713;-76,05988;Orwigsburg;PA;Pennsylvania;Northeast
40,56133;-76,39548;Pine Grove;PA;Pennsylvania;Northeast
40,69919;-76,16536;Port Carbon;PA;Pennsylvania;Northeast
40,86047;-76,20945;Ringtown;PA;Pennsylvania;Northeast
40,6417;-76,62625;Sacramento;PA;Pennsylvania;Northeast
40,72072;-76,19056;Saint Clair;PA;Pennsylvania;Northeast
40,58199;-76,21367;Schuylkill Haven;PA;Pennsylvania;Northeast
40,69592;-76,23606;Seltzer;PA;Pennsylvania;Northeast
40,8204;-76,21131;Shenandoah;PA;Pennsylvania;Northeast
40,56729;-76,20207;Summit Station;PA;Pennsylvania;Northeast
40,531;-76,62065;Tower City;PA;Pennsylvania;Northeast
40,63077;-76,39523;Tremont;PA;Pennsylvania;Northeast
40,76798;-76,03827;Tuscarora;PA;Pennsylvania;Northeast
40,64403;-76,55027;Valley View;PA;Pennsylvania;Northeast
40,91935;-76,23729;Zion Grove;PA;Pennsylvania;Northeast
40,47288;-75,64395;Alburtis;PA;Pennsylvania;Northeast
40,81135;-75,59158;Aquashicola;PA;Pennsylvania;Northeast
40,80408;-75,66336;Bowmanstown;PA;Pennsylvania;Northeast
40,554;-75,65361;Breinigsville;PA;Pennsylvania;Northeast
40,65694;-75,46776;Catasauqua;PA;Pennsylvania;Northeast
40,54182;-75,41654;Center Valley;PA;Pennsylvania;Northeast
40,75053;-75,54148;Cherryville;PA;Pennsylvania;Northeast
40,50925;-75,38891;Coopersburg;PA;Pennsylvania;Northeast
40,68203;-75,54638;Coplay;PA;Pennsylvania;Northeast
40,79574;-75,48246;Danielsville;PA;Pennsylvania;Northeast
40,41742;-75,51306;East Greenville;PA;Pennsylvania;Northeast
40,54803;-75,56029;East Texas;PA;Pennsylvania;Northeast
40,51912;-75,50018;Emmaus;PA;Pennsylvania;Northeast
40,59409;-75,66415;Fogelsville;PA;Pennsylvania;Northeast
40,71802;-75,70999;Germansville;PA;Pennsylvania;Northeast
40,35321;-75,43824;Green Lane;PA;Pennsylvania;Northeast
40,58794;-75,29929;Hellertown;PA;Pennsylvania;Northeast
40,44798;-75,54911;Hereford;PA;Pennsylvania;Northeast
40,8922;-75,49094;Kunkletown;PA;Pennsylvania;Northeast
40,7233;-75,53644;Laurys Station;PA;Pennsylvania;Northeast
40,5035;-75,57886;Macungie;PA;Pennsylvania;Northeast
40,78229;-75,18164;Martins Creek;PA;Pennsylvania;Northeast
40,75755;-75,31927;Nazareth;PA;Pennsylvania;Northeast
40,69814;-75,61086;Neffs;PA;Pennsylvania;Northeast
40,6635;-75,74492;New Tripoli;PA;Pennsylvania;Northeast
40,626;-75,616;Orefield;PA;Pennsylvania;Northeast
40,4317;-75,53884;Palm;PA;Pennsylvania;Northeast
40,83098;-75,57843;Palmerton;PA;Pennsylvania;Northeast
40,84548;-75,25842;Pen Argyl;PA;Pennsylvania;Northeast
40,38378;-75,47702;Pennsburg;PA;Pennsylvania;Northeast
40,31971;-75,51424;Perkiomenville;PA;Pennsylvania;Northeast
40,37382;-75,48154;Red Hill;PA;Pennsylvania;Northeast
40,56603;-75,24115;Riegelsville;PA;Pennsylvania;Northeast
40,67181;-75,62096;Schnecksville;PA;Pennsylvania;Northeast
40,74415;-75,65754;Slatedale;PA;Pennsylvania;Northeast
40,73618;-75,63227;Slatington;PA;Pennsylvania;Northeast
40,56236;-75,28396;Springtown;PA;Pennsylvania;Northeast
40,75494;-75,2637;Stockertown;PA;Pennsylvania;Northeast
40,74174;-75,25434;Tatamy;PA;Pennsylvania;Northeast
40,73867;-75,54757;Treichlers;PA;Pennsylvania;Northeast
40,55398;-75,59588;Trexlertown;PA;Pennsylvania;Northeast
40,76578;-75,5576;Walnutport;PA;Pennsylvania;Northeast
40,82656;-75,32068;Wind Gap;PA;Pennsylvania;Northeast
40,46844;-75,51372;Zionsville;PA;Pennsylvania;Northeast
40,95198;-75,95395;Hazleton;PA;Pennsylvania;Northeast
41,00057;-75,59146;Albrightsville;PA;Pennsylvania;Northeast
40,74315;-75,82314;Andreas;PA;Pennsylvania;Northeast
40,80667;-76,08093;Barnesville;PA;Pennsylvania;Northeast
40,94212;-75,90517;Beaver Meadows;PA;Pennsylvania;Northeast
40,81974;-75,91611;Coaldale;PA;Pennsylvania;Northeast
40,99105;-76,05824;Conyngham;PA;Pennsylvania;Northeast
40,83958;-76,07509;Delano;PA;Pennsylvania;Northeast
41,00152;-75,919;Drifton;PA;Pennsylvania;Northeast
41,03569;-76,00097;Drums;PA;Pennsylvania;Northeast
40,98221;-75,95011;Ebervale;PA;Pennsylvania;Northeast
41,02499;-75,88728;Freeland;PA;Pennsylvania;Northeast
40,98137;-75,97111;Harleigh;PA;Pennsylvania;Northeast
40,93245;-75,68247;Jim Thorpe;PA;Pennsylvania;Northeast
40,9201;-75,93077;Junedale;PA;Pennsylvania;Northeast
40,90068;-76,00446;Kelayres;PA;Pennsylvania;Northeast
40,83515;-75,87939;Lansford;PA;Pennsylvania;Northeast
40,99259;-75,96468;Lattimer Mines;PA;Pennsylvania;Northeast
40,83603;-75,692;Lehighton;PA;Pennsylvania;Northeast
40,88591;-76,02582;Mcadoo;PA;Pennsylvania;Northeast
40,98962;-75,98154;Milnesville;PA;Pennsylvania;Northeast
40,86279;-75,84727;Nesquehoning;PA;Pennsylvania;Northeast
40,94439;-76,16492;Nuremberg;PA;Pennsylvania;Northeast
40,82361;-75,66879;Parryville;PA;Pennsylvania;Northeast
40,8528;-76,03011;Quakake;PA;Pennsylvania;Northeast
40,95743;-76,195;Rock Glen;PA;Pennsylvania;Northeast
40,90089;-76,09448;Sheppton;PA;Pennsylvania;Northeast
40,98457;-76,1206;Sugarloaf;PA;Pennsylvania;Northeast
40,81744;-75,86145;Summit Hill;PA;Pennsylvania;Northeast
40,77857;-75,97893;Tamaqua;PA;Pennsylvania;Northeast
40,91594;-75,96563;Tresckow;PA;Pennsylvania;Northeast
40,93308;-75,82996;Weatherly;PA;Pennsylvania;Northeast
41,03141;-75,18316;East Stroudsburg;PA;Pennsylvania;Northeast
41,01734;-75,28754;Bartonsville;PA;Pennsylvania;Northeast
40,9221;-75,39714;Brodheadsville;PA;Pennsylvania;Northeast
41,19558;-75,27264;Buck Hill Falls;PA;Pennsylvania;Northeast
41,14712;-75,0001;Bushkill;PA;Pennsylvania;Northeast
41,22545;-75,22268;Canadensis;PA;Pennsylvania;Northeast
41,15617;-75,25186;Cresco;PA;Pennsylvania;Northeast
40,98341;-75,14665;Delaware Water Gap;PA;Pennsylvania;Northeast
41,22531;-75,00633;Dingmans Ferry;PA;Pennsylvania;Northeast
40,96505;-75,45285;Effort;PA;Pennsylvania;Northeast
40,90878;-75,44076;Gilbert;PA;Pennsylvania;Northeast
41,0922;-75,25968;Henryville;PA;Pennsylvania;Northeast
40,89833;-75,49104;Kresgeville;PA;Pennsylvania;Northeast
41,07208;-75,44298;Long Pond;PA;Pennsylvania;Northeast
41,06413;-75,10455;Marshalls Creek;PA;Pennsylvania;Northeast
41,37566;-74,73674;Matamoras;PA;Pennsylvania;Northeast
41,42027;-74,77503;Millrift;PA;Pennsylvania;Northeast
41,17045;-75,30485;Mountainhome;PA;Pennsylvania;Northeast
40,89043;-75,1058;Mount Bethel;PA;Pennsylvania;Northeast
41,11735;-75,34442;Mount Pocono;PA;Pennsylvania;Northeast
41,14643;-75,42752;Pocono Summit;PA;Pennsylvania;Northeast
41,15116;-75,53664;Pocono Lake;PA;Pennsylvania;Northeast
41,0995;-75,3682;Pocono Manor;PA;Pennsylvania;Northeast
41,11339;-75,45633;Pocono Pines;PA;Pennsylvania;Northeast
40,89848;-75,36953;Saylorsburg;PA;Pennsylvania;Northeast
40,92561;-75,32831;Sciota;PA;Pennsylvania;Northeast
41,07301;-75,35553;Scotrun;PA;Pennsylvania;Northeast
41,01574;-75,11192;Shawnee On Delaware;PA;Pennsylvania;Northeast
41,22956;-75,2191;Skytop;PA;Pennsylvania;Northeast
40,97254;-75,28562;Stroudsburg;PA;Pennsylvania;Northeast
41,08926;-75,33771;Swiftwater;PA;Pennsylvania;Northeast
41,15837;-75,03658;Tamiment;PA;Pennsylvania;Northeast
41,50495;-75,53529;Archbald;PA;Pennsylvania;Northeast
41,59792;-75,09509;Beach Lake;PA;Pennsylvania;Northeast
41,59971;-75,53026;Carbondale;PA;Pennsylvania;Northeast
41,45655;-75,74295;Clarks Summit;PA;Pennsylvania;Northeast
41,64767;-75,53258;Clifford;PA;Pennsylvania;Northeast
41,74821;-75,11315;Damascus;PA;Pennsylvania;Northeast
41,80705;-75,20122;Equinunk;PA;Pennsylvania;Northeast
41,57858;-75,7994;Factoryville;PA;Pennsylvania;Northeast
41,60333;-75,70589;Fleetville;PA;Pennsylvania;Northeast
41,66337;-75,4691;Forest City;PA;Pennsylvania;Northeast
41,42263;-75,02206;Greeley;PA;Pennsylvania;Northeast
41,32774;-75,23577;Greentown;PA;Pennsylvania;Northeast
41,42946;-75,1253;Hawley;PA;Pennsylvania;Northeast
41,7428;-75,47779;Herrick Center;PA;Pennsylvania;Northeast
41,62214;-75,25531;Honesdale;PA;Pennsylvania;Northeast
41,57107;-75,58452;Jermyn;PA;Pennsylvania;Northeast
41,46014;-75,54823;Jessup;PA;Pennsylvania;Northeast
41,49221;-75,00661;Lackawaxen;PA;Pennsylvania;Northeast
41,43867;-75,3959;Lake Ariel;PA;Pennsylvania;Northeast
41,86859;-75,30345;Lake Como;PA;Pennsylvania;Northeast
41,55931;-75,76505;La Plume;PA;Pennsylvania;Northeast
41,65833;-75,62565;Lenoxville;PA;Pennsylvania;Northeast
41,66262;-75,11059;Milanville;PA;Pennsylvania;Northeast
41,33912;-75,54667;Moscow;PA;Pennsylvania;Northeast
41,64513;-75,76044;Nicholson;PA;Pennsylvania;Northeast
41,5132;-75,61684;Olyphant;PA;Pennsylvania;Northeast
41,39849;-75,22023;Paupack;PA;Pennsylvania;Northeast
41,48387;-75,58951;Peckville;PA;Pennsylvania;Northeast
41,74971;-75,361;Pleasant Mount;PA;Pennsylvania;Northeast
41,81963;-75,42731;Poyntelle;PA;Pennsylvania;Northeast
41,88467;-75,35541;Preston Park;PA;Pennsylvania;Northeast
41,61843;-75,3404;Prompton;PA;Pennsylvania;Northeast
41,4696;-75,05084;Rowland;PA;Pennsylvania;Northeast
41,40916;-74,91757;Shohola;PA;Pennsylvania;Northeast
41,26719;-75,34744;South Sterling;PA;Pennsylvania;Northeast
41,92774;-75,32434;Starlight;PA;Pennsylvania;Northeast
41,9049;-75,42988;Starrucca;PA;Pennsylvania;Northeast
41,40181;-75,17824;Tafton;PA;Pennsylvania;Northeast
41,19709;-75,37796;Tobyhanna;PA;Pennsylvania;Northeast
41,70352;-75,14597;Tyler Hill;PA;Pennsylvania;Northeast
41,732;-75,53502;Union Dale;PA;Pennsylvania;Northeast
41,58738;-75,40002;Waymart;PA;Pennsylvania;Northeast
41,52828;-75,20821;White Mills;PA;Pennsylvania;Northeast
41,41007;-75,66767;Scranton;PA;Pennsylvania;Northeast
41,35541;-75,68016;Moosic;PA;Pennsylvania;Northeast
41,39524;-75,71461;Taylor;PA;Pennsylvania;Northeast
41,18749;-75,75526;Bear Creek;PA;Pennsylvania;Northeast
41,05959;-75,53226;Blakeslee;PA;Pennsylvania;Northeast
41,35025;-75,98207;Dallas;PA;Pennsylvania;Northeast
41,48373;-76,35768;Dushore;PA;Pennsylvania;Northeast
41,45968;-75,85752;Falls;PA;Pennsylvania;Northeast
41,51907;-76,63954;Forksville;PA;Pennsylvania;Northeast
41,17149;-76,07707;Glen Lyon;PA;Pennsylvania;Northeast
41,37883;-76,0313;Harveys Lake;PA;Pennsylvania;Northeast
41,43574;-76,7195;Hillsgrove;PA;Pennsylvania;Northeast
41,25441;-76,09129;Hunlock Creek;PA;Pennsylvania;Northeast
41,20228;-76,27348;Huntington Mills;PA;Pennsylvania;Northeast
41,67297;-76,14768;Laceyville;PA;Pennsylvania;Northeast
41,05529;-75,62088;Lake Harmony;PA;Pennsylvania;Northeast
41,51311;-75,85027;Lake Winola;PA;Pennsylvania;Northeast
41,41136;-76,4635;Laporte;PA;Pennsylvania;Northeast
41,31559;-76,02235;Lehman;PA;Pennsylvania;Northeast
41,41474;-76,32047;Lopez;PA;Pennsylvania;Northeast
41,52393;-76,13365;Mehoopany;PA;Pennsylvania;Northeast
41,66361;-76,02698;Meshoppen;PA;Pennsylvania;Northeast
41,03079;-76,30233;Mifflinville;PA;Pennsylvania;Northeast
41,46769;-76,3764;Mildred;PA;Pennsylvania;Northeast
41,18984;-76,0218;Nanticoke;PA;Pennsylvania;Northeast
41,02961;-76,20598;Nescopeck;PA;Pennsylvania;Northeast
41,41215;-76,08859;Noxen;PA;Pennsylvania;Northeast
41,29724;-75,74024;Pittston;PA;Pennsylvania;Northeast
41,35359;-75,77681;Duryea;PA;Pennsylvania;Northeast
41,18327;-76,19619;Shickshinny;PA;Pennsylvania;Northeast
41,32703;-76,20442;Sweet Valley;PA;Pennsylvania;Northeast
41,52712;-75,95601;Tunkhannock;PA;Pennsylvania;Northeast
41,10195;-76,06196;Wapwallopen;PA;Pennsylvania;Northeast
41,08435;-75,75666;White Haven;PA;Pennsylvania;Northeast
41,2433;-75,88523;Wilkes Barre;PA;Pennsylvania;Northeast
41,13325;-75,9228;Mountain Top;PA;Pennsylvania;Northeast
41,297;-75,95927;Shavertown;PA;Pennsylvania;Northeast
41,28635;-75,89674;Luzerne;PA;Pennsylvania;Northeast
41,97203;-75,96822;Brackney;PA;Pennsylvania;Northeast
41,73977;-75,90966;Dimock;PA;Pennsylvania;Northeast
41,87431;-76,62075;East Smithfield;PA;Pennsylvania;Northeast
41,91343;-76,04843;Friendsville;PA;Pennsylvania;Northeast
41,7779;-75,65029;Gibson;PA;Pennsylvania;Northeast
41,9482;-75,80116;Hallstead;PA;Pennsylvania;Northeast
41,70422;-75,786;Hop Bottom;PA;Pennsylvania;Northeast
41,7495;-75,74276;Kingsley;PA;Pennsylvania;Northeast
41,79672;-76,11245;Lawton;PA;Pennsylvania;Northeast
41,8395;-76,17088;Le Raysville;PA;Pennsylvania;Northeast
41,95049;-76,10904;Little Meadows;PA;Pennsylvania;Northeast
41,67625;-76,55639;Monroeton;PA;Pennsylvania;Northeast
41,59433;-76,46515;New Albany;PA;Pennsylvania;Northeast
41,97433;-76,52968;Sayre;PA;Pennsylvania;Northeast
41,75594;-75,61652;South Gibson;PA;Pennsylvania;Northeast
41,80446;-75,89416;South Montrose;PA;Pennsylvania;Northeast
41,78994;-76,18454;Stevensville;PA;Pennsylvania;Northeast
41,60494;-76,23929;Sugar Run;PA;Pennsylvania;Northeast
41,93539;-75,56893;Susquehanna;PA;Pennsylvania;Northeast
41,75358;-76,45615;Towanda;PA;Pennsylvania;Northeast
41,85916;-76,49126;Ulster;PA;Pennsylvania;Northeast
41,93677;-76,17992;Warren Center;PA;Pennsylvania;Northeast
41,71654;-76,27534;Wyalusing;PA;Pennsylvania;Northeast
41,79532;-76,35472;Wysox;PA;Pennsylvania;Northeast
40,30529;-75,15026;Doylestown;PA;Pennsylvania;Northeast
40,32134;-75,05852;Buckingham;PA;Pennsylvania;Northeast
40,37727;-75,0545;Carversville;PA;Pennsylvania;Northeast
40,28908;-75,21046;Chalfont;PA;Pennsylvania;Northeast
40,27255;-75,25628;Colmar;PA;Pennsylvania;Northeast
40,49264;-75,09067;Erwinna;PA;Pennsylvania;Northeast
40,3532;-75,16798;Fountainville;PA;Pennsylvania;Northeast
40,2851;-75,05934;Furlong;PA;Pennsylvania;Northeast
40,31952;-75,24514;Hilltown;PA;Pennsylvania;Northeast
40,25674;-75,07885;Jamison;PA;Pennsylvania;Northeast
40,52926;-75,2142;Kintnersville;PA;Pennsylvania;Northeast
40,29457;-75,25581;Line Lexington;PA;Pennsylvania;Northeast
40,40265;-75,042;Lumberville;PA;Pennsylvania;Northeast
40,43444;-75,39714;Milford Square;PA;Pennsylvania;Northeast
40,22993;-75,23154;Montgomeryville;PA;Pennsylvania;Northeast
40,35126;-74,99779;New Hope;PA;Pennsylvania;Northeast
40,47167;-75,16261;Ottsville;PA;Pennsylvania;Northeast
40,39252;-75,23381;Perkasie;PA;Pennsylvania;Northeast
40,28923;-75,01009;Pineville;PA;Pennsylvania;Northeast
40,42677;-75,1138;Pipersville;PA;Pennsylvania;Northeast
40,44709;-75,06544;Point Pleasant;PA;Pennsylvania;Northeast
40,45294;-75,33833;Quakertown;PA;Pennsylvania;Northeast
40,2224;-75,00032;Richboro;PA;Pennsylvania;Northeast
40,48469;-75,3141;Richlandtown;PA;Pennsylvania;Northeast
40,36376;-75,32366;Sellersville;PA;Pennsylvania;Northeast
40,34462;-75,27033;Silverdale;PA;Pennsylvania;Northeast
40,29759;-75,33327;Souderton;PA;Pennsylvania;Northeast
40,32644;-75,37239;Telford;PA;Pennsylvania;Northeast
40,41212;-75,38129;Trumbauersville;PA;Pennsylvania;Northeast
40,53395;-75,11997;Upper Black Eddy;PA;Pennsylvania;Northeast
40,21675;-75,07321;Warminster;PA;Pennsylvania;Northeast
40,24676;-75,14321;Warrington;PA;Pennsylvania;Northeast
40,28655;-74,87865;Washington Crossing;PA;Pennsylvania;Northeast
40,27276;-75,01105;Wycombe;PA;Pennsylvania;Northeast
40,18386;-75,21104;Ambler;PA;Pennsylvania;Northeast
40,00217;-75,29841;Ardmore;PA;Pennsylvania;Northeast
40,01362;-75,22979;Bala Cynwyd;PA;Pennsylvania;Northeast
40,13323;-75,06222;Huntingdon Valley;PA;Pennsylvania;Northeast
39,97425;-75,36107;Broomall;PA;Pennsylvania;Northeast
40,13775;-75,06308;Bryn Athyn;PA;Pennsylvania;Northeast
40,02362;-75,3298;Bryn Mawr;PA;Pennsylvania;Northeast
40,05966;-75,10586;Cheltenham;PA;Pennsylvania;Northeast
39,8637;-75,4338;Aston;PA;Pennsylvania;Northeast
39,89078;-75,46295;Chester Heights;PA;Pennsylvania;Northeast
39,92312;-75,29834;Clifton Heights;PA;Pennsylvania;Northeast
40,10453;-74,93853;Bensalem;PA;Pennsylvania;Northeast
40,08874;-74,89385;Croydon;PA;Pennsylvania;Northeast
39,85862;-75,33507;Crum Lynne;PA;Pennsylvania;Northeast
39,91724;-75,26708;Darby;PA;Pennsylvania;Northeast
40,14556;-75,1632;Dresher;PA;Pennsylvania;Northeast
39,95035;-75,304;Drexel Hill;PA;Pennsylvania;Northeast
40,07347;-75,12453;Elkins Park;PA;Pennsylvania;Northeast
39,86345;-75,29271;Essington;PA;Pennsylvania;Northeast
40,1812;-74,83269;Fairless Hills;PA;Pennsylvania;Northeast
40,1083;-75,21747;Flourtown;PA;Pennsylvania;Northeast
39,88907;-75,277;Folcroft;PA;Pennsylvania;Northeast
39,89077;-75,32892;Folsom;PA;Pennsylvania;Northeast
40,13353;-75,20953;Fort Washington;PA;Pennsylvania;Northeast
40,04851;-75,28126;Gladwyne;PA;Pennsylvania;Northeast
39,90368;-75,29323;Glenolden;PA;Pennsylvania;Northeast
40,10197;-75,17214;Glenside;PA;Pennsylvania;Northeast
40,17732;-75,10624;Hatboro;PA;Pennsylvania;Northeast
40,00663;-75,31747;Haverford;PA;Pennsylvania;Northeast
40,18901;-75,15253;Horsham;PA;Pennsylvania;Northeast
40,10133;-75,10558;Jenkintown;PA;Pennsylvania;Northeast
40,18207;-74,91062;Langhorne;PA;Pennsylvania;Northeast
39,93764;-75,26355;Lansdowne;PA;Pennsylvania;Northeast
39,89721;-75,44532;Lenni;PA;Pennsylvania;Northeast
40,15475;-74,97918;Feasterville Trevose;PA;Pennsylvania;Northeast
39,85048;-75,4921;Garnet Valley;PA;Pennsylvania;Northeast
39,82741;-75,432;Marcus Hook;PA;Pennsylvania;Northeast
39,92248;-75,41419;Media;PA;Pennsylvania;Northeast
40,0022;-75,2489;Merion Station;PA;Pennsylvania;Northeast
39,90628;-75,32452;Morton;PA;Pennsylvania;Northeast
40,02419;-75,25697;Narberth;PA;Pennsylvania;Northeast
39,98093;-75,4346;Newtown Square;PA;Pennsylvania;Northeast
40,1136;-75,18852;Oreland;PA;Pennsylvania;Northeast
39,88586;-75,30763;Prospect Park;PA;Pennsylvania;Northeast
39,87328;-75,32159;Ridley Park;PA;Pennsylvania;Northeast
39,90238;-75,26591;Sharon Hill;PA;Pennsylvania;Northeast
39,89864;-75,34751;Swarthmore;PA;Pennsylvania;Northeast
39,96043;-75,27032;Upper Darby;PA;Pennsylvania;Northeast
39,97715;-75,31192;Havertown;PA;Pennsylvania;Northeast
40,03759;-75,34969;Villanova;PA;Pennsylvania;Northeast
40,1484;-75,12378;Willow Grove;PA;Pennsylvania;Northeast
39,87499;-75,3467;Woodlyn;PA;Pennsylvania;Northeast
40,08588;-75,15137;Wyncote;PA;Pennsylvania;Northeast
39,99813;-75,27388;Wynnewood;PA;Pennsylvania;Northeast
40,0414;-75,4809;Paoli;PA;Pennsylvania;Northeast
39,93478;-75,97038;Atglen;PA;Pennsylvania;Northeast
39,82163;-75,76887;Avondale;PA;Pennsylvania;Northeast
40,0309;-75,45083;Berwyn;PA;Pennsylvania;Northeast
40,05597;-75,83804;Brandamore;PA;Pennsylvania;Northeast
39,85722;-75,60244;Chadds Ford;PA;Pennsylvania;Northeast
39,92723;-75,52319;Cheyney;PA;Pennsylvania;Northeast
39,97046;-75,83069;Coatesville;PA;Pennsylvania;Northeast
39,87359;-75,91695;Cochranville;PA;Pennsylvania;Northeast
40,04208;-75,42331;Devon;PA;Pennsylvania;Northeast
40,02271;-75,72045;Downingtown;PA;Pennsylvania;Northeast
40,04213;-75,63814;Exton;PA;Pennsylvania;Northeast
39,90458;-75,50243;Glen Mills;PA;Pennsylvania;Northeast
40,10203;-75,75461;Glenmoore;PA;Pennsylvania;Northeast
40,08279;-75,88338;Honey Brook;PA;Pennsylvania;Northeast
40,02967;-75,56955;Immaculata;PA;Pennsylvania;Northeast
39,86706;-75,71763;Kennett Square;PA;Pennsylvania;Northeast
39,76244;-75,79528;Landenberg;PA;Pennsylvania;Northeast
39,78036;-75,89054;Lincoln University;PA;Pennsylvania;Northeast
40,0466;-75,5302;Malvern;PA;Pennsylvania;Northeast
39,9655;-75,92766;Parkesburg;PA;Pennsylvania;Northeast
39,96285;-75,88395;Pomeroy;PA;Pennsylvania;Northeast
39,98082;-75,89496;Sadsburyville;PA;Pennsylvania;Northeast
39,99941;-75,75972;Thorndale;PA;Pennsylvania;Northeast
39,83333;-75,75267;Toughkenamon;PA;Pennsylvania;Northeast
39,98594;-75,60358;West Chester;PA;Pennsylvania;Northeast
39,83683;-75,83962;West Grove;PA;Pennsylvania;Northeast
40,13042;-75,33143;Norristown;PA;Pennsylvania;Northeast
40,09467;-75,38402;King Of Prussia;PA;Pennsylvania;Northeast
40,15835;-75,27858;Blue Bell;PA;Pennsylvania;Northeast
40,10383;-75,64476;Chester Springs;PA;Pennsylvania;Northeast
40,18972;-75,43734;Collegeville;PA;Pennsylvania;Northeast
40,08011;-75,30317;Conshohocken;PA;Pennsylvania;Northeast
40,32788;-75,56518;Frederick;PA;Pennsylvania;Northeast
40,20253;-75,24842;Gwynedd;PA;Pennsylvania;Northeast
40,18706;-75,25274;Gwynedd Valley;PA;Pennsylvania;Northeast
40,27018;-75,39554;Harleysville;PA;Pennsylvania;Northeast
40,13233;-75,57863;Kimberton;PA;Pennsylvania;Northeast
40,08686;-75,25427;Lafayette Hill;PA;Pennsylvania;Northeast
40,23068;-75,30369;Lansdale;PA;Pennsylvania;Northeast
40,13886;-75,50141;Mont Clare;PA;Pennsylvania;Northeast
40,22303;-75,24365;North Wales;PA;Pennsylvania;Northeast
40,1367;-75,45962;Oaks;PA;Pennsylvania;Northeast
40,20512;-75,58758;Parker Ford;PA;Pennsylvania;Northeast
40,12674;-75,5294;Phoenixville;PA;Pennsylvania;Northeast
40,11542;-75,28453;Plymouth Meeting;PA;Pennsylvania;Northeast
40,25882;-75,616;Pottstown;PA;Pennsylvania;Northeast
40,20776;-75,53137;Royersford;PA;Pennsylvania;Northeast
40,34036;-75,58189;Sassamansville;PA;Pennsylvania;Northeast
40,25842;-75,47363;Schwenksville;PA;Pennsylvania;Northeast
40,22427;-75,40507;Skippack;PA;Pennsylvania;Northeast
40,17028;-75,60042;Spring City;PA;Pennsylvania;Northeast
40,18447;-75,23583;Spring House;PA;Pennsylvania;Northeast
40,28817;-75,50623;Zieglerville;PA;Pennsylvania;Northeast
40,24314;-76,05822;Adamstown;PA;Pennsylvania;Northeast
40,40808;-75,5755;Bally;PA;Pennsylvania;Northeast
40,40699;-75,58965;Barto;PA;Pennsylvania;Northeast
40,3795;-75,62331;Bechtelsville;PA;Pennsylvania;Northeast
40,45873;-76,12379;Bernville;PA;Pennsylvania;Northeast
40,25913;-75,83984;Birdsboro;PA;Pennsylvania;Northeast
40,44551;-75,88179;Blandon;PA;Pennsylvania;Northeast
40,48473;-75,74381;Bowers;PA;Pennsylvania;Northeast
40,35;-75,67937;Boyertown;PA;Pennsylvania;Northeast
40,27187;-75,74981;Douglassville;PA;Pennsylvania;Northeast
40,15968;-75,79959;Elverson;PA;Pennsylvania;Northeast
40,44948;-75,81676;Fleetwood;PA;Pennsylvania;Northeast
40,20116;-75,84974;Geigertown;PA;Pennsylvania;Northeast
40,63387;-75,86158;Kempton;PA;Pennsylvania;Northeast
40,54012;-75,77675;Kutztown;PA;Pennsylvania;Northeast
40,42245;-75,99021;Leesport;PA;Pennsylvania;Northeast
40,57813;-75,88111;Lenhartsville;PA;Pennsylvania;Northeast
40,3394;-75,79537;Limekiln;PA;Pennsylvania;Northeast
40,48069;-75,75891;Lyon Station;PA;Pennsylvania;Northeast
40,54655;-75,70023;Maxatawny;PA;Pennsylvania;Northeast
40,49071;-75,68823;Mertztown;PA;Pennsylvania;Northeast
40,23714;-75,9658;Mohnton;PA;Pennsylvania;Northeast
40,47821;-76,02597;Mohrsville;PA;Pennsylvania;Northeast
40,1697;-75,89635;Morgantown;PA;Pennsylvania;Northeast
40,41669;-76,29619;Mount Aetna;PA;Pennsylvania;Northeast
40,3411;-75,62977;New Berlinville;PA;Pennsylvania;Northeast
40,38315;-75,76644;Oley;PA;Pennsylvania;Northeast
40,58176;-76,02672;Port Clinton;PA;Pennsylvania;Northeast
40,45593;-76,25055;Rehrersburg;PA;Pennsylvania;Northeast
40,35951;-76,14213;Robesonia;PA;Pennsylvania;Northeast
40,51288;-76,10377;Shartlesville;PA;Pennsylvania;Northeast
40,49335;-75,94993;Shoemakersville;PA;Pennsylvania;Northeast
40,49234;-76,18661;Strausstown;PA;Pennsylvania;Northeast
40,50316;-75,70135;Topton;PA;Pennsylvania;Northeast
40,51926;-75,87403;Virginville;PA;Pennsylvania;Northeast
40,34231;-76,08873;Wernersville;PA;Pennsylvania;Northeast
40,3957;-76,20989;Womelsdorf;PA;Pennsylvania;Northeast
39,58427;-75,69914;Bear;DE;Delaware;Northeast
39,8043;-75,45794;Claymont;DE;Delaware;Northeast
39,5715;-75,5905;Delaware City;DE;Delaware;Northeast
39,78512;-75,68147;Hockessin;DE;Delaware;Northeast
39,78964;-75,58458;Montchanin;DE;Delaware;Northeast
39,5102;-75,59616;Port Penn;DE;Delaware;Northeast
39,55928;-75,65143;Saint Georges;DE;Delaware;Northeast
39,80666;-75,5973;Winterthur;DE;Delaware;Northeast
39,78031;-75,64274;Yorklyn;DE;Delaware;Northeast
39,12765;-75,46694;Dover Afb;DE;Delaware;Northeast
38,56311;-75,07085;Bethany Beach;DE;Delaware;Northeast
39,08135;-75,63113;Camden Wyoming;DE;Delaware;Northeast
39,21846;-75,58498;Cheswold;DE;Delaware;Northeast
38,56575;-75,2022;Dagsboro;DE;Delaware;Northeast
38,7949;-75,42476;Ellendale;DE;Delaware;Northeast
38,47542;-75,05559;Fenwick Island;DE;Delaware;Northeast
38,50336;-75,22855;Frankford;DE;Delaware;Northeast
39,03224;-75,45297;Frederica;DE;Delaware;Northeast
38,68763;-75,25124;Harbeson;DE;Delaware;Northeast
39,15145;-75,69695;Hartly;DE;Delaware;Northeast
39,22652;-75,6654;Kenton;DE;Delaware;Northeast
38,72737;-75,16632;Lewes;DE;Delaware;Northeast
39,09436;-75,72439;Marydel;DE;Delaware;Northeast
38,69113;-75,10132;Rehoboth Beach;DE;Delaware;Northeast
38,46862;-75,17462;Selbyville;DE;Delaware;Northeast
39,05041;-75,57642;Viola;DE;Delaware;Northeast
38,95949;-77,60829;Aldie;VA;Virginia;Southeast
38,6871;-78,0133;Amissville;VA;Virginia;Southeast
38,79472;-77,53105;Manassas;VA;Virginia;Southeast
38,82138;-77,89764;Marshall;VA;Virginia;Southeast
38,62159;-77,62819;Catlett;VA;Virginia;Southeast
38,85576;-77,47987;Centreville;VA;Virginia;Southeast
39,16673;-77,59404;Paeonian Springs;VA;Virginia;Southeast
39,16648;-77,72748;Purcellville;VA;Virginia;Southeast
39,08602;-77,87659;Bluemont;VA;Virginia;Southeast
38,7374;-77,55473;Bristow;VA;Virginia;Southeast
38,80682;-77,72992;Broad Run;VA;Virginia;Southeast
39,11675;-77,79159;Round Hill;VA;Virginia;Southeast
38,86421;-77,56792;Catharpin;VA;Virginia;Southeast
38,92117;-77,93759;Delaplane;VA;Virginia;Southeast
39,04151;-77,47958;Ashburn;VA;Virginia;Southeast
38,89583;-77,44453;Chantilly;VA;Virginia;Southeast
38,87172;-77,64627;Haymarket;VA;Virginia;Southeast
39,26775;-77,63804;Lovettsville;VA;Virginia;Southeast
38,66687;-77,55374;Nokesville;VA;Virginia;Southeast
39,00143;-77,87874;Upperville;VA;Virginia;Southeast
38,69045;-77,843;Warrenton;VA;Virginia;Southeast
38,95968;-77,33806;Reston;VA;Virginia;Southeast
38,87523;-77,76128;The Plains;VA;Virginia;Southeast
38,85779;-77,01051;Naval Anacost Annex;DC;District of Columbia;Northeast (Federal)
38,8718;-76,99481;Washington Navy Yard;DC;District of Columbia;Northeast (Federal)
38,61863;-76,85715;Waldorf;MD;Maryland;Northeast
38,25412;-76,73878;Abell;MD;Maryland;Northeast
38,67161;-77,02478;Accokeek;MD;Maryland;Northeast
38,58638;-76,70702;Aquasco;MD;Maryland;Northeast
38,27191;-76,74625;Avenue;MD;Maryland;Northeast
38,46251;-76,98538;Bel Alton;MD;Maryland;Northeast
38,50708;-76,67789;Benedict;MD;Maryland;Northeast
38,67179;-76,80576;Brandywine;MD;Maryland;Northeast
38,4204;-76,54772;Broomes Island;MD;Maryland;Northeast
38,65443;-77,08848;Bryans Road;MD;Maryland;Northeast
38,54351;-76,854;Bryantown;MD;Maryland;Northeast
38,28152;-76,78891;Bushwood;MD;Maryland;Northeast
38,23288;-76,52196;Callaway;MD;Maryland;Northeast
38,33062;-76,79438;Chaptico;MD;Maryland;Northeast
38,45281;-76,84504;Charlotte Hall;MD;Maryland;Northeast
38,33523;-76,73451;Clements;MD;Maryland;Northeast
38,26212;-76,84877;Cobb Island;MD;Maryland;Northeast
38,23256;-76,76404;Coltons Point;MD;Maryland;Northeast
38,1459;-76,35027;Dameron;MD;Maryland;Northeast
38,33996;-76,45388;Dowell;MD;Maryland;Northeast
38,16653;-76,47087;Drayden;MD;Maryland;Northeast
38,42591;-76,95682;Faulkner;MD;Maryland;Northeast
38,24582;-76,49412;Great Mills;MD;Maryland;Northeast
38,35582;-76,57212;Hollywood;MD;Maryland;Northeast
38,60823;-76,6086;Huntingtown;MD;Maryland;Northeast
38,29838;-76,91413;Issue;MD;Maryland;Northeast
38,27186;-76,63276;Leonardtown;MD;Maryland;Northeast
38,22795;-76,43139;Lexington Park;MD;Maryland;Northeast
38,33914;-76,6787;Loveville;MD;Maryland;Northeast
38,38358;-76,44537;Lusby;MD;Maryland;Northeast
38,56973;-77,15958;Marbury;MD;Maryland;Northeast
38,41886;-76,73238;Mechanicsville;MD;Maryland;Northeast
38,36928;-76,70741;Morganza;MD;Maryland;Northeast
38,26474;-76,84473;Mount Victoria;MD;Maryland;Northeast
38,43359;-77,19972;Nanjemoy;MD;Maryland;Northeast
38,21782;-76,44537;Park Hall;MD;Maryland;Northeast
38,2824;-76,42031;Patuxent River;MD;Maryland;Northeast
38,13307;-76,50019;Piney Point;MD;Maryland;Northeast
38,49992;-77,04016;Port Tobacco;MD;Maryland;Northeast
38,52164;-76,60072;Prince Frederick;MD;Maryland;Northeast
38,14308;-76,41027;Saint Inigoes;MD;Maryland;Northeast
38,43465;-76,52904;Saint Leonard;MD;Maryland;Northeast
38,18557;-76,43898;Saint Marys City;MD;Maryland;Northeast
38,33475;-76,46965;Solomons;MD;Maryland;Northeast
38,15916;-76,52631;Tall Timbers;MD;Maryland;Northeast
38,18352;-76,50682;Valley Lee;MD;Maryland;Northeast
38,45924;-77,08931;Welcome;MD;Maryland;Northeast
39,12877;-76,78803;Annapolis Junction;MD;Maryland;Northeast
39,04503;-76,90009;Beltsville;MD;Maryland;Northeast
38,96548;-76,85091;Lanham;MD;Maryland;Northeast
38,94204;-76,92623;Bladensburg;MD;Maryland;Northeast
38,80485;-76,65245;Lothian;MD;Maryland;Northeast
38,94306;-76,96517;Mount Rainier;MD;Maryland;Northeast
38,71813;-76,53987;North Beach;MD;Maryland;Northeast
38,98643;-76,73967;Bowie;MD;Maryland;Northeast
38,65573;-76,54292;Chesapeake Beach;MD;Maryland;Northeast
38,80628;-76,53139;Churchton;MD;Maryland;Northeast
38,6913;-76,62855;Owings;MD;Maryland;Northeast
39,00193;-76,93096;College Park;MD;Maryland;Northeast
38,88372;-76,89362;Capitol Heights;MD;Maryland;Northeast
38,80552;-76,99495;Oxon Hill;MD;Maryland;Northeast
38,83664;-76,91936;Suitland;MD;Maryland;Northeast
38,85348;-76,88377;District Heights;MD;Maryland;Northeast
38,81692;-76,94124;Temple Hills;MD;Maryland;Northeast
38,79552;-76,56221;Deale;MD;Maryland;Northeast
39,09892;-76,74479;Fort George G Meade;MD;Maryland;Northeast
38,80748;-76,87457;Andrews Air Force Base;MD;Maryland;Northeast
39,13786;-76,82134;Savage;MD;Maryland;Northeast
38,83374;-76,51146;Shady Side;MD;Maryland;Northeast
38,84533;-76,54654;Galesville;MD;Maryland;Northeast
38,98818;-76,81635;Glenn Dale;MD;Maryland;Northeast
38,99981;-76,88567;Greenbelt;MD;Maryland;Northeast
38,7785;-76,76911;Upper Marlboro;MD;Maryland;Northeast
38,86913;-76,6067;Harwood;MD;Maryland;Northeast
38,83733;-76,56647;West River;MD;Maryland;Northeast
38,76388;-76,57665;Tracys Landing;MD;Maryland;Northeast
38,94229;-76,93655;Hyattsville;MD;Maryland;Northeast
38,96677;-77,14357;Glen Echo;MD;Maryland;Northeast
39,00506;-77,10295;Bethesda;MD;Maryland;Northeast
38,98369;-77,07845;Chevy Chase;MD;Maryland;Northeast
38,97347;-77,16188;Cabin John;MD;Maryland;Northeast
39,15134;-77,07331;Olney;MD;Maryland;Northeast
39,20595;-77,05552;Brookeville;MD;Maryland;Northeast
39,11208;-77,40823;Poolesville;MD;Maryland;Northeast
39,17909;-77,41438;Bealsville;MD;Maryland;Northeast
39,1858;-77,32581;Boyds;MD;Maryland;Northeast
39,20831;-77,42473;Dickerson;MD;Maryland;Northeast
39,03413;-77,22149;Potomac;MD;Maryland;Northeast
39,13702;-77,13197;Derwood;MD;Maryland;Northeast
39,15072;-77,03069;Sandy Spring;MD;Maryland;Northeast
39,14653;-76,99886;Ashton;MD;Maryland;Northeast
39,18039;-77,01879;Brinklow;MD;Maryland;Northeast
39,10969;-76,93411;Burtonsville;MD;Maryland;Northeast
39,12534;-76,96834;Spencerville;MD;Maryland;Northeast
39,14068;-77,18865;Gaithersburg;MD;Maryland;Northeast
39,14077;-77,17456;Washington Grove;MD;Maryland;Northeast
39,17952;-77,197;Montgomery Village;MD;Maryland;Northeast
39,02696;-77,07781;Kensington;MD;Maryland;Northeast
39,03521;-77,09494;Garrett Park;MD;Maryland;Northeast
39,02155;-77,00919;Silver Spring;MD;Maryland;Northeast
38,98182;-77,00106;Takoma Park;MD;Maryland;Northeast
39,51077;-76,20274;Aberdeen;MD;Maryland;Northeast
39,44101;-76,16509;Aberdeen Proving Ground;MD;Maryland;Northeast
39,47032;-76,29378;Abingdon;MD;Maryland;Northeast
39,38953;-76,29851;Gunpowder;MD;Maryland;Northeast
39,04529;-76,49716;Arnold;MD;Maryland;Northeast
39,53606;-76,35164;Bel Air;MD;Maryland;Northeast
39,47498;-76,23667;Belcamp;MD;Maryland;Northeast
39,49002;-76,6659;Cockeysville;MD;Maryland;Northeast
39,4874;-76,65792;Hunt Valley;MD;Maryland;Northeast
39,03376;-76,60401;Crownsville;MD;Maryland;Northeast
38,93637;-76,63875;Davidsonville;MD;Maryland;Northeast
39,42953;-76,28947;Edgewood;MD;Maryland;Northeast
39,27105;-76,8924;Ellicott City;MD;Maryland;Northeast
39,52818;-76,43781;Fallston;MD;Maryland;Northeast
39,49568;-76,91057;Finksburg;MD;Maryland;Northeast
39,58569;-76,39228;Forest Hill;MD;Maryland;Northeast
39,4721;-76,45388;Fork;MD;Maryland;Northeast
39,20238;-76,44379;Fort Howard;MD;Maryland;Northeast
39,02624;-76,67083;Gambrills;MD;Maryland;Northeast
39,07805;-76,4338;Gibson Island;MD;Maryland;Northeast
39,45111;-76,50606;Glen Arm;MD;Maryland;Northeast
39,16893;-76,58346;Glen Burnie;MD;Maryland;Northeast
39,48516;-76,8081;Glyndon;MD;Maryland;Northeast
39,20414;-76,75301;Elkridge;MD;Maryland;Northeast
39,1583;-76,69953;Harmans;MD;Maryland;Northeast
39,56911;-76,14776;Havre De Grace;MD;Maryland;Northeast
39,48284;-76,46735;Hydes;MD;Maryland;Northeast
39,61659;-76,46317;Jarrettsville;MD;Maryland;Northeast
39,44462;-76,35601;Joppa;MD;Maryland;Northeast
39,44728;-76,41583;Kingsville;MD;Maryland;Northeast
39,20919;-76,66796;Linthicum Heights;MD;Maryland;Northeast
39,43773;-76,64318;Lutherville Timonium;MD;Maryland;Northeast
39,35044;-76,90654;Marriottsville;MD;Maryland;Northeast
39,71512;-76,65225;Maryland Line;MD;Maryland;Northeast
39,57568;-76,58089;Monkton;MD;Maryland;Northeast
39,05448;-76,71519;Odenton;MD;Maryland;Northeast
39,00967;-76,6839;Crofton;MD;Maryland;Northeast
39,42719;-76,77795;Owings Mills;MD;Maryland;Northeast
39,64723;-76,67703;Parkton;MD;Maryland;Northeast
39,11631;-76,49941;Pasadena;MD;Maryland;Northeast
39,40526;-76,44628;Perry Hall;MD;Maryland;Northeast
39,47495;-76,18921;Perryman;MD;Maryland;Northeast
39,69601;-76,42577;Pylesville;MD;Maryland;Northeast
39,37705;-76,81174;Randallstown;MD;Maryland;Northeast
39,48851;-76,80888;Reisterstown;MD;Maryland;Northeast
38,95062;-76,58569;Riva;MD;Maryland;Northeast
39,12058;-76,67767;Severn;MD;Maryland;Northeast
39,07737;-76,55613;Severna Park;MD;Maryland;Northeast
39,54905;-76,68107;Sparks Glencoe;MD;Maryland;Northeast
39,41649;-76,707;Stevenson;MD;Maryland;Northeast
39,65314;-76,36087;Street;MD;Maryland;Northeast
39,57183;-76,80597;Upperco;MD;Maryland;Northeast
39,43752;-76,397;Upper Falls;MD;Maryland;Northeast
39,70728;-76,30754;Whiteford;MD;Maryland;Northeast
39,65983;-76,56475;White Hall;MD;Maryland;Northeast
39,39084;-76,40164;White Marsh;MD;Maryland;Northeast
39,29487;-76,62237;Baltimore;MD;Maryland;Northeast
39,40353;-76,63024;Towson;MD;Maryland;Northeast
39,32417;-76,72017;Gwynn Oak;MD;Maryland;Northeast
39,38401;-76,72547;Pikesville;MD;Maryland;Northeast
39,23097;-76,44383;Sparrows Point;MD;Maryland;Northeast
39,345;-76,3966;Middle River;MD;Maryland;Northeast
39,26424;-76,49537;Dundalk;MD;Maryland;Northeast
39,2078;-76,5627;Curtis Bay;MD;Maryland;Northeast
39,24024;-76,67913;Halethorpe;MD;Maryland;Northeast
39,27272;-76,74687;Catonsville;MD;Maryland;Northeast
39,395;-76,53252;Parkville;MD;Maryland;Northeast
39,3342;-76,78217;Windsor Mill;MD;Maryland;Northeast
38,98967;-76,5505;Annapolis;MD;Maryland;Northeast
39,63661;-79,30786;Accident;MD;Maryland;Northeast
39,70666;-78,80203;Corriganville;MD;Maryland;Northeast
39,71692;-78,77474;Ellerslie;MD;Maryland;Northeast
39,68878;-78,54138;Flintstone;MD;Maryland;Northeast
39,65559;-78,96025;Frostburg;MD;Maryland;Northeast
39,65619;-79,16924;Grantsville;MD;Maryland;Northeast
39,40133;-79,22109;Kitzmiller;MD;Maryland;Northeast
39,59828;-79,01074;Lonaconing;MD;Maryland;Northeast
39,47659;-79,05929;Luke;MD;Maryland;Northeast
39,55727;-79,36732;McHenry;MD;Maryland;Northeast
39,64157;-78,96231;Midlothian;MD;Maryland;Northeast
39,6991;-78,86513;Mount Savage;MD;Maryland;Northeast
39,58777;-78,55685;Oldtown;MD;Maryland;Northeast
39,5191;-78,92353;Rawlings;MD;Maryland;Northeast
39,56508;-78,70632;Spring Gap;MD;Maryland;Northeast
39,50326;-79,05046;Westernport;MD;Maryland;Northeast
39,13398;-75,85644;Barclay;MD;Maryland;Northeast
39,3652;-76,06845;Betterton;MD;Maryland;Northeast
38,74928;-76,27695;Bozman;MD;Maryland;Northeast
38,40821;-76,17381;Church Creek;MD;Maryland;Northeast
39,11915;-75,96268;Church Hill;MD;Maryland;Northeast
38,83407;-76,27212;Claiborne;MD;Maryland;Northeast
38,86925;-75,99216;Cordova;MD;Maryland;Northeast
38,33902;-76,08398;Crapo;MD;Maryland;Northeast
38,23528;-76,04967;Crocheron;MD;Maryland;Northeast
39,23577;-75,92238;Crumpton;MD;Maryland;Northeast
38,86111;-75,82753;Denton;MD;Maryland;Northeast
38,58784;-75,94598;East New Market;MD;Maryland;Northeast
38,72287;-75,77478;Federalsburg;MD;Maryland;Northeast
38,27995;-76,185;Fishing Creek;MD;Maryland;Northeast
39,34006;-75,83826;Galena;MD;Maryland;Northeast
39,0261;-75,79839;Goldsboro;MD;Maryland;Northeast
38,94513;-76,20263;Grasonville;MD;Maryland;Northeast
38,91696;-75,94161;Hillsboro;MD;Maryland;Northeast
38,6442;-75,87124;Hurlock;MD;Maryland;Northeast
39,11728;-75,87441;Ingleside;MD;Maryland;Northeast
39,31979;-75,96216;Kennedyville;MD;Maryland;Northeast
38,80114;-76,2831;Mcdaniel;MD;Maryland;Northeast
39,31286;-75,80795;Massey;MD;Maryland;Northeast
38,72028;-76,28108;Neavitt;MD;Maryland;Northeast
38,9534;-75,99042;Queen Anne;MD;Maryland;Northeast
38,94071;-76,13819;Queenstown;MD;Maryland;Northeast
38,57442;-75,79985;Rhodesdale;MD;Maryland;Northeast
38,95534;-75,88839;Ridgely;MD;Maryland;Northeast
39,12905;-76,21967;Rock Hall;MD;Maryland;Northeast
38,7136;-76,20209;Royal Oak;MD;Maryland;Northeast
38,78333;-76,23303;Saint Michaels;MD;Maryland;Northeast
38,6081;-75,94732;Secretary;MD;Maryland;Northeast
38,75158;-76,34469;Sherwood;MD;Maryland;Northeast
39,34377;-76,05188;Still Pond;MD;Maryland;Northeast
39,18967;-75,85139;Sudlersville;MD;Maryland;Northeast
38,45897;-76,28509;Taylors Island;MD;Maryland;Northeast
38,69658;-76,33562;Tilghman;MD;Maryland;Northeast
38,27707;-76,06148;Toddville;MD;Maryland;Northeast
38,65235;-76,04163;Trappe;MD;Maryland;Northeast
38,29011;-76,0884;Wingate;MD;Maryland;Northeast
38,78628;-76,30548;Wittman;MD;Maryland;Northeast
38,48454;-76,18544;Woolford;MD;Maryland;Northeast
39,30889;-76,10336;Worton;MD;Maryland;Northeast
38,91722;-76,08875;Wye Mills;MD;Maryland;Northeast
39,66808;-78,01247;Big Pool;MD;Maryland;Northeast
39,52618;-77,66933;Boonsboro;MD;Maryland;Northeast
39,41059;-77,51003;Braddock Heights;MD;Maryland;Northeast
39,33865;-77,43147;Buckeystown;MD;Maryland;Northeast
39,39343;-77,62734;Burkittsville;MD;Maryland;Northeast
39,70501;-77,49977;Cascade;MD;Maryland;Northeast
39,66575;-77,91457;Clear Spring;MD;Maryland;Northeast
39,32825;-77,01056;Cooksville;MD;Maryland;Northeast
39,68865;-77,33096;Emmitsburg;MD;Maryland;Northeast
39,55004;-77,75838;Fairplay;MD;Maryland;Northeast
39,60583;-77,70382;Funkstown;MD;Maryland;Northeast
39,2543;-77,01959;Glenelg;MD;Maryland;Northeast
39,63233;-77,73902;Hagerstown;MD;Maryland;Northeast
39,33684;-77,31131;Ijamsville;MD;Maryland;Northeast
39,45758;-77,70118;Keedysville;MD;Maryland;Northeast
39,59902;-77,25906;Keymar;MD;Maryland;Northeast
39,48058;-77,24842;Libertytown;MD;Maryland;Northeast
39,65928;-78,39859;Little Orleans;MD;Maryland;Northeast
39,69773;-77,74638;Maugansville;MD;Maryland;Northeast
39,35245;-77,25791;Monrovia;MD;Maryland;Northeast
39,3955;-77,15869;Mount Airy;MD;Maryland;Northeast
39,53725;-77,55301;Myersville;MD;Maryland;Northeast
39,4088;-77,27844;New Market;MD;Maryland;Northeast
39,27918;-77,5287;Point Of Rocks;MD;Maryland;Northeast
39,61576;-77,33754;Rocky Ridge;MD;Maryland;Northeast
39,42447;-77,65398;Rohrersville;MD;Maryland;Northeast
39,67676;-77,46777;Sabillasville;MD;Maryland;Northeast
39,4552;-77,75995;Sharpsburg;MD;Maryland;Northeast
39,64885;-77,55903;Smithsburg;MD;Maryland;Northeast
39,67169;-77,17317;Taneytown;MD;Maryland;Northeast
39,59429;-77,41958;Thurmont;MD;Maryland;Northeast
39,54267;-77,18713;Union Bridge;MD;Maryland;Northeast
39,48963;-77,34357;Walkersville;MD;Maryland;Northeast
39,29705;-76,97388;West Friendship;MD;Maryland;Northeast
39,53858;-77,29985;Woodsboro;MD;Maryland;Northeast
38,29005;-75,68887;Allen;MD;Maryland;Northeast
38,42658;-75,17293;Bishopville;MD;Maryland;Northeast
38,29176;-75,88669;Bivalve;MD;Maryland;Northeast
37,98081;-75,83537;Crisfield;MD;Maryland;Northeast
38,16664;-75,90611;Deal Island;MD;Maryland;Northeast
37,97982;-76,02871;Ewell;MD;Maryland;Northeast
38,32077;-75,62353;Fruitland;MD;Maryland;Northeast
38,09892;-75,38324;Girdletree;MD;Maryland;Northeast
38,53355;-75,93758;Linkwood;MD;Maryland;Northeast
38,4594;-75,76731;Mardela Springs;MD;Maryland;Northeast
38,01452;-75,73098;Marion Station;MD;Maryland;Northeast
38,37006;-75,46064;Parsonsburg;MD;Maryland;Northeast
38,36171;-75,39867;Pittsville;MD;Maryland;Northeast
38,07825;-75,54375;Pocomoke City;MD;Maryland;Northeast
38,20453;-75,7102;Princess Anne;MD;Maryland;Northeast
38,33807;-75,79224;Quantico;MD;Maryland;Northeast
38,53525;-75,72834;Sharptown;MD;Maryland;Northeast
38,39716;-75,21514;Showell;MD;Maryland;Northeast
38,19167;-75,40327;Snow Hill;MD;Maryland;Northeast
38,28605;-75,83296;Tyaskin;MD;Maryland;Northeast
37,9672;-76,02137;Tylerton;MD;Maryland;Northeast
38,11025;-75,79399;Upper Fairmount;MD;Maryland;Northeast
38,4163;-75,29399;Whaleyville;MD;Maryland;Northeast
38,39266;-75,35417;Willards;MD;Maryland;Northeast
39,55229;-76,06157;Perry Point;MD;Maryland;Northeast
39,57274;-76,04378;Perryville;MD;Maryland;Northeast
39,62303;-76,07812;Port Deposit;MD;Maryland;Northeast
39,68931;-76,03886;Rising Sun;MD;Maryland;Northeast
39,40973;-75,87073;Cecilton;MD;Maryland;Northeast
39,50095;-75,84764;Chesapeake City;MD;Maryland;Northeast
39,67106;-76,09823;Colora;MD;Maryland;Northeast
39,68327;-76,16662;Conowingo;MD;Maryland;Northeast
39,42047;-75,93372;Earleville;MD;Maryland;Northeast
39,65675;-75,83449;Elk Mills;MD;Maryland;Northeast
39,62568;-75,85904;Elkton;MD;Maryland;Northeast
38,59874;-77,3491;Dumfries;VA;Virginia;Southeast
38,89411;-77,22159;Dunn Loring;VA;Virginia;Southeast
38,74992;-77,31536;Fairfax Station;VA;Virginia;Southeast
38,8485;-77,14212;Falls Church;VA;Virginia;Southeast
38,70525;-77,15636;Fort Belvoir;VA;Virginia;Southeast
39,01032;-77,30258;Great Falls;VA;Virginia;Southeast
38,67998;-77,2055;Lorton;VA;Virginia;Southeast
38,8909;-77,33025;Oakton;VA;Virginia;Southeast
38,68217;-77,26073;Occoquan;VA;Virginia;Southeast
38,5742;-77,3895;Triangle;VA;Virginia;Southeast
38,88011;-77,07482;Fort Myer;VA;Virginia;Southeast
38,07177;-77,28624;Bowling Green;VA;Virginia;Southeast
37,8637;-76,35043;Burgess;VA;Virginia;Southeast
38,35875;-77,86093;Burr Hill;VA;Virginia;Southeast
37,97216;-76,57288;Callao;VA;Virginia;Southeast
38,04698;-77,07471;Caret;VA;Virginia;Southeast
37,7764;-76,8156;Center Cross;VA;Virginia;Southeast
38,18078;-76,99776;Colonial Beach;VA;Virginia;Southeast
38,33996;-77,03238;Dahlgren;VA;Virginia;Southeast
37,83599;-76,85032;Dunnsville;VA;Virginia;Southeast
37,95897;-76,67257;Haynesville;VA;Virginia;Southeast
37,88316;-76,41386;Heathsville;VA;Virginia;Southeast
38,03807;-77,06872;Hustle;VA;Virginia;Southeast
37,73723;-76,35245;Kilmarnock;VA;Virginia;Southeast
38,2717;-77,15996;King George;VA;Virginia;Southeast
38,04986;-76,58796;Kinsale;VA;Virginia;Southeast
37,76346;-76,72675;Laneview;VA;Virginia;Southeast
38,31732;-77,7913;Locust Grove;VA;Virginia;Southeast
37,98352;-76,50323;Lottsburg;VA;Virginia;Southeast
38,11651;-76,80634;Montross;VA;Virginia;Southeast
38,01036;-76,67942;Oldhams;VA;Virginia;Southeast
38,08473;-77,67062;Partlow;VA;Virginia;Southeast
38,18941;-77,27334;Rappahannock Academy;VA;Virginia;Southeast
37,85865;-76,28731;Reedville;VA;Virginia;Southeast
38,29348;-77,88837;Rhoadesville;VA;Virginia;Southeast
37,94342;-77,44565;Ruther Glen;VA;Virginia;Southeast
37,82929;-76,69256;Sharps;VA;Virginia;Southeast
38,17273;-77,70575;Spotsylvania;VA;Virginia;Southeast
37,91289;-76,96196;Tappahannock;VA;Virginia;Southeast
37,69398;-76,43277;Weems;VA;Virginia;Southeast
37,65063;-76,36268;White Stone;VA;Virginia;Southeast
38,10941;-77,44419;Woodford;VA;Virginia;Southeast
38,81803;-78,28102;Bentonville;VA;Virginia;Southeast
39,16374;-77,98512;Berryville;VA;Virginia;Southeast
39,06417;-78,03317;Boyce;VA;Virginia;Southeast
38,85158;-78,13734;Chester Gap;VA;Virginia;Southeast
39,26535;-78,09507;Clear Brook;VA;Virginia;Southeast
39,37397;-78,31172;Cross Junction;VA;Virginia;Southeast
38,76554;-78,11371;Flint Hill;VA;Virginia;Southeast
38,92909;-78,18052;Front Royal;VA;Virginia;Southeast
39,25057;-78,3605;Gore;VA;Virginia;Southeast
38,82625;-78,0321;Hume;VA;Virginia;Southeast
38,80737;-78,13302;Huntly;VA;Virginia;Southeast
38,9034;-78,00801;Markham;VA;Virginia;Southeast
38,96362;-78,5314;Maurertown;VA;Virginia;Southeast
38,75893;-78,35817;Rileyville;VA;Virginia;Southeast
38,83921;-78,42894;Fort Valley;VA;Virginia;Southeast
39,06863;-78,4586;Star Tannery;VA;Virginia;Southeast
39,06443;-78,21425;Stephens City;VA;Virginia;Southeast
39,21723;-78,08901;Stephenson;VA;Virginia;Southeast
38,95628;-78,4383;Toms Brook;VA;Virginia;Southeast
39,05;-78,11716;White Post;VA;Virginia;Southeast
38,44038;-77,99633;Culpeper;VA;Virginia;Southeast
38,32769;-78,21732;Aroda;VA;Virginia;Southeast
38,46239;-78,27634;Banco;VA;Virginia;Southeast
38,55632;-77,75884;Bealeton;VA;Virginia;Southeast
38,52068;-77,89363;Brandy Station;VA;Virginia;Southeast
38,41032;-78,18541;Brightwood;VA;Virginia;Southeast
38,47076;-77,82026;Elkwood;VA;Virginia;Southeast
38,52888;-78,28337;Etlan;VA;Virginia;Southeast
38,48044;-77,6468;Goldvein;VA;Virginia;Southeast
38,46304;-78,22645;Haywood;VA;Virginia;Southeast
38,33789;-78,38821;Hood;VA;Virginia;Southeast
38,63286;-77,90752;Jeffersonton;VA;Virginia;Southeast
38,44029;-78,1527;Leon;VA;Virginia;Southeast
38,40179;-77,81796;Lignum;VA;Virginia;Southeast
38,35658;-78,01596;Mitchells;VA;Virginia;Southeast
38,36782;-78,16635;Oakpark;VA;Virginia;Southeast
38,34413;-78,26151;Pratts;VA;Virginia;Southeast
38,30886;-78,19153;Radiant;VA;Virginia;Southeast
38,33191;-78,0467;Rapidan;VA;Virginia;Southeast
38,52757;-77,81119;Remington;VA;Virginia;Southeast
38,47941;-78,18336;Reva;VA;Virginia;Southeast
38,39633;-77,69673;Richardsville;VA;Virginia;Southeast
38,59024;-78,00205;Rixeyville;VA;Virginia;Southeast
38,28692;-78,27685;Rochelle;VA;Virginia;Southeast
38,63805;-78,26163;Sperryville;VA;Virginia;Southeast
38,44541;-77,86819;Stevensburg;VA;Virginia;Southeast
38,4589;-77,71179;Sumerduck;VA;Virginia;Southeast
38,52477;-78,37132;Syria;VA;Virginia;Southeast
38,62922;-78,0195;Viewtown;VA;Virginia;Southeast
38,61945;-78,18394;Woodville;VA;Virginia;Southeast
38,40519;-78,87931;Harrisonburg;VA;Virginia;Southeast
38,84466;-78,78554;Basye;VA;Virginia;Southeast
38,79264;-78,9757;Bergton;VA;Virginia;Southeast
38,63469;-78,80939;Broadway;VA;Virginia;Southeast
38,74387;-79,00948;Criders;VA;Virginia;Southeast
38,65789;-78,97902;Fulks Run;VA;Virginia;Southeast
38,56395;-79,10005;Hinton;VA;Virginia;Southeast
38,45778;-78,75692;Keezletown;VA;Virginia;Southeast
38,55709;-78,85769;Linville;VA;Virginia;Southeast
38,67199;-78,4548;Luray;VA;Virginia;Southeast
38,38642;-78,73845;McGaheysville;VA;Virginia;Southeast
38,33887;-78,89417;Mount Crawford;VA;Virginia;Southeast
38,77191;-78,6992;Mount Jackson;VA;Virginia;Southeast
38,36703;-79,16053;Mount Solon;VA;Virginia;Southeast
38,77991;-78,8375;Orkney Springs;VA;Virginia;Southeast
38,38791;-78,79239;Penn Laird;VA;Virginia;Southeast
38,71792;-78,70972;Quicksburg;VA;Virginia;Southeast
38,56668;-78,92048;Singers Glen;VA;Virginia;Southeast
38,65156;-78,76406;Timberville;VA;Virginia;Southeast
38,08874;-78,55569;Charlottesville;VA;Virginia;Southeast
37,68621;-78,92511;Arrington;VA;Virginia;Southeast
38,18671;-78,32405;Barboursville;VA;Virginia;Southeast
37,90374;-78,71696;Covesville;VA;Virginia;Southeast
38,15037;-78,69743;Crozet;VA;Virginia;Southeast
38,25785;-78,55474;Dyke;VA;Virginia;Southeast
38,1671;-78,49974;Earlysville;VA;Virginia;Southeast
37,81297;-78,60891;Esmont;VA;Virginia;Southeast
37,86256;-78,78248;Faber;VA;Virginia;Southeast
38,10575;-78,97288;Fishersville;VA;Virginia;Southeast
38,20559;-78,59705;Free Union;VA;Virginia;Southeast
38,10397;-78,19684;Gordonsville;VA;Virginia;Southeast
38,04326;-78,32624;Keswick;VA;Virginia;Southeast
38,35154;-78,12264;Locust Dale;VA;Virginia;Southeast
37,788;-78,88257;Lovingston;VA;Virginia;Southeast
38,22998;-78,1918;Montpelier Station;VA;Virginia;Southeast
37,8983;-78,89611;Nellysford;VA;Virginia;Southeast
37,93758;-78,64794;North Garden;VA;Virginia;Southeast
37,71722;-78,98861;Piney River;VA;Virginia;Southeast
38,24111;-78,39407;Ruckersville;VA;Virginia;Southeast
37,79699;-78,69367;Schuyler;VA;Virginia;Southeast
37,75019;-78,80299;Shipman;VA;Virginia;Southeast
38,33588;-78,46915;Stanardsville;VA;Virginia;Southeast
37,84555;-79,04036;Tyro;VA;Virginia;Southeast
38,29328;-78,11943;Woodberry Forest;VA;Virginia;Southeast
37,34917;-77,96357;Amelia Court House;VA;Virginia;Southeast
37,68307;-78,40567;Arvonia;VA;Virginia;Southeast
37,81038;-77,18717;Aylett;VA;Virginia;Southeast
37,47562;-76,80691;Barhamsville;VA;Virginia;Southeast
37,93127;-77,63124;Beaverdam;VA;Virginia;Southeast
37,40102;-76,37187;Bohannon;VA;Virginia;Southeast
37,7353;-78,26432;Bremo Bluff;VA;Virginia;Southeast
37,78293;-76,96586;Bruington;VA;Virginia;Southeast
37,92448;-77,77554;Bumpass;VA;Virginia;Southeast
37,41447;-76,36204;Cardinal;VA;Virginia;Southeast
37,64551;-78,13183;Cartersville;VA;Virginia;Southeast
37,34652;-77,05962;Charles City;VA;Virginia;Southeast
37,65552;-76,68199;Church View;VA;Virginia;Southeast
37,49809;-76,37679;Cobbs Creek;VA;Virginia;Southeast
37,65503;-77,80596;Crozier;VA;Virginia;Southeast
37,55519;-76,34357;Deltaville;VA;Virginia;Southeast
37,42937;-76,27069;Diggs;VA;Virginia;Southeast
37,84765;-77,48973;Doswell;VA;Virginia;Southeast
37,48918;-76,41986;Dutton;VA;Virginia;Southeast
37,7706;-78,21852;Fork Union;VA;Virginia;Southeast
37,70424;-77,56539;Glen Allen;VA;Virginia;Southeast
37,258;-76,50404;Gloucester Point;VA;Virginia;Southeast
37,71694;-77,99882;Goochland;VA;Virginia;Southeast
37,8016;-77,92979;Gum Spring;VA;Virginia;Southeast
37,49836;-76,28831;Gwynn;VA;Virginia;Southeast
37,49511;-76,33727;Hallieford;VA;Virginia;Southeast
37,55065;-76,38528;Hardyville;VA;Virginia;Southeast
37,54326;-76,45228;Hartfield;VA;Virginia;Southeast
37,29543;-76,48148;Hayes;VA;Virginia;Southeast
37,54938;-77,31591;Henrico;VA;Virginia;Southeast
37,47328;-76,30499;Hudgins;VA;Virginia;Southeast
37,31899;-78,11111;Jetersville;VA;Virginia;Southeast
37,8864;-78,11162;Kents Store;VA;Virginia;Southeast
37,70623;-76,84205;King And Queen Court House;VA;Virginia;Southeast
37,66296;-77,05394;King William;VA;Virginia;Southeast
37,47593;-76,91212;Lanexa;VA;Virginia;Southeast
37,64647;-76,80167;Little Plymouth;VA;Virginia;Southeast
37,59402;-76,50755;Locust Hill;VA;Virginia;Southeast
38,00153;-78,03595;Louisa;VA;Virginia;Southeast
37,71053;-77,83325;Maidens;VA;Virginia;Southeast
37,6506;-77,72754;Manakin Sabot;VA;Virginia;Southeast
37,71524;-77,2062;Manquin;VA;Virginia;Southeast
37,65523;-76,73015;Mascot;VA;Virginia;Southeast
37,43263;-76,32445;Mathews;VA;Virginia;Southeast
37,58338;-76,76578;Mattaponi;VA;Virginia;Southeast
37,97736;-77,87365;Mineral;VA;Virginia;Southeast
37,45139;-76,27978;Moon;VA;Virginia;Southeast
37,40872;-77,78468;Moseley;VA;Virginia;Southeast
37,65238;-78,3031;New Canton;VA;Virginia;Southeast
37,55271;-77,05949;New Kent;VA;Virginia;Southeast
37,4514;-76,43216;North;VA;Virginia;Southeast
37,705;-77,78261;Oilville;VA;Virginia;Southeast
37,39048;-76,26494;Onemo;VA;Virginia;Southeast
37,36245;-76,30062;Port Haywood;VA;Virginia;Southeast
37,54999;-77,93507;Powhatan;VA;Virginia;Southeast
37,43852;-77,04818;Providence Forge;VA;Virginia;Southeast
37,36965;-77,0391;Ruthville;VA;Virginia;Southeast
37,84262;-77,06223;Saint Stephens Church;VA;Virginia;Southeast
37,56794;-76,61599;Saluda;VA;Virginia;Southeast
37,50718;-77,25402;Sandston;VA;Virginia;Southeast
37,5244;-76,71106;Shacklefords;VA;Virginia;Southeast
37,62757;-77,84028;State Farm;VA;Virginia;Southeast
37,3572;-76,29765;Susan;VA;Virginia;Southeast
37,3942;-76,832;Toano;VA;Virginia;Southeast
37,58945;-76,46225;Topping;VA;Virginia;Southeast
37,65343;-76,62407;Urbanna;VA;Virginia;Southeast
37,56934;-76,41991;Wake;VA;Virginia;Southeast
37,73088;-77,00295;Walkerton;VA;Virginia;Southeast
37,69977;-76,62045;Water View;VA;Virginia;Southeast
37,68402;-75,6397;Accomac;VA;Virginia;Southeast
37,85858;-75,52197;Assawoman;VA;Virginia;Southeast
36,99586;-76,56993;Battery Park;VA;Virginia;Southeast
37,56859;-75,88148;Belle Haven;VA;Virginia;Southeast
37,43282;-75,87095;Birdsnest;VA;Virginia;Southeast
37,82431;-75,61773;Bloxom;VA;Virginia;Southeast
37,26407;-75,95676;Cape Charles;VA;Virginia;Southeast
36,95054;-76,53625;Carrollton;VA;Virginia;Southeast
36,73861;-76,84289;Carrsville;VA;Virginia;Southeast
37,29517;-75,96635;Cheriton;VA;Virginia;Southeast
36,75208;-76,21807;Chesapeake;VA;Virginia;Southeast
37,95461;-75,33759;Chincoteague Island;VA;Virginia;Southeast
37,93332;-75,46691;Wallops Island;VA;Virginia;Southeast
37,36026;-75,96798;Eastville;VA;Virginia;Southeast
37,51489;-75,87428;Exmore;VA;Virginia;Southeast
37,47806;-75,90225;Franktown;VA;Virginia;Southeast
37,9905;-75,39228;Greenbackville;VA;Virginia;Southeast
37,64406;-75,86495;Hacksneck;VA;Virginia;Southeast
37,88643;-75,60422;Hallwood;VA;Virginia;Southeast
37,65731;-75,83226;Harborton;VA;Virginia;Southeast
37,97051;-75,45159;Horntown;VA;Virginia;Southeast
37,62776;-75,77843;Keller;VA;Virginia;Southeast
37,41466;-75,91969;Machipongo;VA;Virginia;Southeast
37,8432;-75,55362;Mappsville;VA;Virginia;Southeast
37,4533;-75,84587;Marionville;VA;Virginia;Southeast
37,88017;-75,64709;Mears;VA;Virginia;Southeast
37,63802;-75,74306;Melfa;VA;Virginia;Southeast
37,4653;-75,85356;Nassawadox;VA;Virginia;Southeast
37,81375;-75,58688;Nelsonia;VA;Virginia;Southeast
37,97459;-75,53443;New Church;VA;Virginia;Southeast
37,93371;-75,557;Oak Hall;VA;Virginia;Southeast
37,73061;-75,76687;Onancock;VA;Virginia;Southeast
37,63821;-75,66926;Onley;VA;Virginia;Southeast
37,58275;-75,81166;Painter;VA;Virginia;Southeast
37,76564;-75,61429;Parksley;VA;Virginia;Southeast
37,63647;-75,82397;Pungoteague;VA;Virginia;Southeast
37,52361;-75,73969;Quinby;VA;Virginia;Southeast
37,9124;-75,71344;Saxis;VA;Virginia;Southeast
36,87099;-76,55097;Suffolk;VA;Virginia;Southeast
37,83048;-75,99019;Tangier;VA;Virginia;Southeast
37,71208;-75,69943;Tasley;VA;Virginia;Southeast
37,90127;-75,56874;Temperanceville;VA;Virginia;Southeast
36,87175;-76,00689;Virginia Beach;VA;Virginia;Southeast
37,61388;-75,69077;Wachapreague;VA;Virginia;Southeast
37,5177;-75,80824;Willis Wharf;VA;Virginia;Southeast
37,95237;-75,60831;Withams;VA;Virginia;Southeast
37,05862;-76,46414;Newport News;VA;Virginia;Southeast
37,13195;-76,58902;Fort Eustis;VA;Virginia;Southeast
37,0099;-76,30451;Fort Monroe;VA;Virginia;Southeast
37,13178;-76,35678;Poquoson;VA;Virginia;Southeast
37,21829;-76,52371;Yorktown;VA;Virginia;Southeast
37,23618;-77,33582;Fort Gregg Adams;VA;Virginia;Southeast
36,876;-77,91794;Alberta;VA;Virginia;Southeast
36,61491;-77,20724;Boykins;VA;Virginia;Southeast
36,73393;-77,22525;Capron;VA;Virginia;Southeast
37,02098;-77,39771;Carson;VA;Virginia;Southeast
37,21094;-77,66947;Church Road;VA;Virginia;Southeast
37,28911;-77,40063;Colonial Heights;VA;Virginia;Southeast
36,75816;-77,08753;Courtland;VA;Virginia;Southeast
37,08718;-76,91895;Dendron;VA;Virginia;Southeast
37,05638;-77,67076;Dewitt;VA;Virginia;Southeast
37,05421;-77,55305;Dinwiddie;VA;Virginia;Southeast
37,13625;-77,22086;Disputanta;VA;Virginia;Southeast
36,84988;-77,8109;Dolphin;VA;Virginia;Southeast
36,67032;-77,3358;Drewryville;VA;Virginia;Southeast
36,57048;-77,99322;Ebony;VA;Virginia;Southeast
37,05947;-76,83224;Elberon;VA;Virginia;Southeast
36,668;-77,54972;Emporia;VA;Virginia;Southeast
37,16276;-77,7434;Ford;VA;Virginia;Southeast
36,78735;-77,70291;Freeman;VA;Virginia;Southeast
36,58389;-77,88588;Gasburg;VA;Virginia;Southeast
36,92012;-76,86693;Ivor;VA;Virginia;Southeast
36,82063;-77,4878;Jarratt;VA;Virginia;Southeast
36,98351;-77,72629;McKenney;VA;Virginia;Southeast
36,60761;-77,09803;Newsoms;VA;Virginia;Southeast
37,22941;-77,25845;Prince George;VA;Virginia;Southeast
36,8291;-77,02065;Sedley;VA;Virginia;Southeast
36,59224;-77,59547;Skippers;VA;Virginia;Southeast
37,18521;-77,57834;Sutherland;VA;Virginia;Southeast
36,56762;-77,81658;Valentines;VA;Virginia;Southeast
36,8972;-77,74395;Warfield;VA;Virginia;Southeast
37,13867;-77,82404;Wilsons;VA;Virginia;Southeast
36,83399;-77,28234;Yale;VA;Virginia;Southeast
36,82737;-76,85662;Zuni;VA;Virginia;Southeast
37,32309;-78,41186;Farmville;VA;Virginia;Southeast
36,70668;-78,28627;Baskerville;VA;Virginia;Southeast
36,62378;-78,34144;Boydton;VA;Virginia;Southeast
36,59103;-78,13305;Bracey;VA;Virginia;Southeast
36,72452;-77,97266;Brodnax;VA;Virginia;Southeast
37,17987;-78,21219;Burkeville;VA;Virginia;Southeast
37,09316;-78,64627;Charlotte Court House;VA;Virginia;Southeast
36,80919;-78,43396;Chase City;VA;Virginia;Southeast
37,17468;-78,09608;Crewe;VA;Virginia;Southeast
37,17613;-78,62373;Cullen;VA;Virginia;Southeast
37,52494;-78,4819;Dillwyn;VA;Virginia;Southeast
36,94547;-78,52463;Drakes Branch;VA;Virginia;Southeast
36,90541;-78,00464;Dundas;VA;Virginia;Southeast
37,13241;-78,30138;Green Bay;VA;Virginia;Southeast
37,24181;-78,46041;Hampden Sydney;VA;Virginia;Southeast
36,9056;-78,13319;Kenbridge;VA;Virginia;Southeast
37,02265;-78,44284;Keysville;VA;Virginia;Southeast
36,66005;-78,07699;La Crosse;VA;Virginia;Southeast
37,10893;-78,38705;Meherrin;VA;Virginia;Southeast
37,10816;-78,06556;Nottoway;VA;Virginia;Southeast
37,26848;-78,65581;Pamplin;VA;Virginia;Southeast
37,10472;-78,79654;Phenix;VA;Virginia;Southeast
37,195;-78,80168;Red House;VA;Virginia;Southeast
36,77713;-78,63149;Red Oak;VA;Virginia;Southeast
37,29177;-78,27418;Rice;VA;Virginia;Southeast
36,91813;-78,62857;Saxe;VA;Virginia;Southeast
36,72123;-78,51922;Skipwith;VA;Virginia;Southeast
36,74818;-78,18637;South Hill;VA;Virginia;Southeast
36,97323;-78,24549;Victoria;VA;Virginia;Southeast
36,8482;-78,5797;Wylliesburg;VA;Virginia;Southeast
37,27048;-79,94128;Roanoke;VA;Virginia;Southeast
36,60999;-80,53283;Ararat;VA;Virginia;Southeast
36,67806;-79,70396;Axton;VA;Virginia;Southeast
36,76333;-79,99741;Bassett;VA;Virginia;Southeast
37,18257;-80,61637;Belspring;VA;Virginia;Southeast
37,15577;-80,13159;Bent Mountain;VA;Virginia;Southeast
37,25772;-80,41961;Blacksburg;VA;Virginia;Southeast
37,37237;-79,7759;Blue Ridge;VA;Virginia;Southeast
37,11814;-79,96453;Boones Mill;VA;Virginia;Southeast
37,37316;-80,21238;Catawba;VA;Virginia;Southeast
37,03809;-80,23113;Check;VA;Virginia;Southeast
37,13053;-80,4225;Christiansburg;VA;Virginia;Southeast
36,59704;-80,42116;Claudville;VA;Virginia;Southeast
37,36337;-79,90278;Cloverdale;VA;Virginia;Southeast
37,0539;-80,15418;Copper Hill;VA;Virginia;Southeast
36,62923;-80,13204;Critz;VA;Virginia;Southeast
37,40614;-79,92031;Daleville;VA;Virginia;Southeast
37,67539;-79,83639;Eagle Rock;VA;Virginia;Southeast
37,27268;-80,63585;Eggleston;VA;Virginia;Southeast
37,22594;-80,24748;Elliston;VA;Virginia;Southeast
36,89492;-80,0798;Ferrum;VA;Virginia;Southeast
36,70392;-79,96078;Fieldale;VA;Virginia;Southeast
37,52633;-79,88921;Fincastle;VA;Virginia;Southeast
36,92131;-80,32264;Floyd;VA;Virginia;Southeast
37,00158;-79,76306;Glade Hill;VA;Virginia;Southeast
37,38784;-80,85657;Glen Lyn;VA;Virginia;Southeast
37,22304;-79,73787;Goodview;VA;Virginia;Southeast
37,17702;-79,80111;Hardy;VA;Virginia;Southeast
36,83994;-79,99891;Henry;VA;Virginia;Southeast
37,13546;-79,48773;Huddleston;VA;Virginia;Southeast
36,90278;-80,60127;Indian Valley;VA;Virginia;Southeast
36,71891;-80,41277;Meadows Of Dan;VA;Virginia;Southeast
37,1709;-79,64141;Moneta;VA;Virginia;Southeast
37,30996;-80,86774;Narrows;VA;Virginia;Southeast
37,13947;-80,5918;New River;VA;Virginia;Southeast
37,56836;-80,22894;Paint Bank;VA;Virginia;Southeast
37,20534;-80,64707;Parrott;VA;Virginia;Southeast
36,67563;-80,12794;Patrick Springs;VA;Virginia;Southeast
37,24595;-80,77901;Pearisburg;VA;Virginia;Southeast
36,92587;-79,65456;Penhook;VA;Virginia;Southeast
37,05052;-80,31684;Pilot;VA;Virginia;Southeast
37,10105;-80,56677;Radford;VA;Virginia;Southeast
37,40178;-80,82815;Rich Creek;VA;Virginia;Southeast
36,58156;-79,87231;Ridgeway;VA;Virginia;Southeast
37,02277;-80,43424;Riner;VA;Virginia;Southeast
37,40229;-80,59694;Ripplemead;VA;Virginia;Southeast
36,95827;-79,86457;Rocky Mount;VA;Virginia;Southeast
36,98132;-79,54391;Sandy Level;VA;Virginia;Southeast
37,13735;-80,25828;Shawsville;VA;Virginia;Southeast
37,24718;-80,7345;Staffordsville;VA;Virginia;Southeast
36,73613;-79,94876;Stanleytown;VA;Virginia;Southeast
36,67095;-80,23835;Stuart;VA;Virginia;Southeast
37,35087;-79,66762;Thaxton;VA;Virginia;Southeast
37,00937;-79,69193;Union Hall;VA;Virginia;Southeast
37,2855;-79,79963;Vinton;VA;Virginia;Southeast
37,0881;-79,77642;Wirtz;VA;Virginia;Southeast
36,80868;-80,27557;Woolwine;VA;Virginia;Southeast
36,94237;-82,79571;Appalachia;VA;Virginia;Southeast
37,1014;-82,17783;Bee;VA;Virginia;Southeast
36,84831;-82,74645;Big Stone Gap;VA;Virginia;Southeast
37,11957;-82,22641;Birchleaf;VA;Virginia;Southeast
36,63398;-82,9943;Blackwater;VA;Virginia;Southeast
36,86059;-82,28322;Castlewood;VA;Virginia;Southeast
37,14223;-82,33384;Clinchco;VA;Virginia;Southeast
37,17047;-82,44963;Clintwood;VA;Virginia;Southeast
36,96928;-82,45449;Coeburn;VA;Virginia;Southeast
37,03939;-82,26424;Dante;VA;Virginia;Southeast
36,71075;-82,79785;Duffield;VA;Virginia;Southeast
36,84045;-82,51598;Dungannon;VA;Virginia;Southeast
36,86609;-82,74395;East Stone Gap;VA;Virginia;Southeast
36,62708;-83,50767;Ewing;VA;Virginia;Southeast
36,75752;-82,58705;Fort Blackmore;VA;Virginia;Southeast
36,65807;-82,60582;Gate City;VA;Virginia;Southeast
37,22344;-82,28503;Haysi;VA;Virginia;Southeast
36,6517;-82,41199;Hiltons;VA;Virginia;Southeast
37,02291;-82,00059;Honaker;VA;Virginia;Southeast
36,67164;-83,15079;Jonesville;VA;Virginia;Southeast
36,83811;-82,93904;Keokee;VA;Virginia;Southeast
36,72846;-82,24693;Mendota;VA;Virginia;Southeast
36,74712;-82,41714;Nickelsville;VA;Virginia;Southeast
37,0302;-82,33401;Nora;VA;Virginia;Southeast
36,74948;-83,03037;Pennington Gap;VA;Virginia;Southeast
37,10383;-82,61909;Pound;VA;Virginia;Southeast
36,65051;-83,3295;Rose Hill;VA;Virginia;Southeast
36,82159;-83,05533;Saint Charles;VA;Virginia;Southeast
36,94155;-82,34554;Saint Paul;VA;Virginia;Southeast
36,61186;-82,56688;Weber City;VA;Virginia;Southeast
36,6147;-81,5791;Whitetop;VA;Virginia;Southeast
37,00559;-82,56458;Wise;VA;Virginia;Southeast
36,87292;-81,40161;Atkins;VA;Virginia;Southeast
36,83117;-80,86897;Austinville;VA;Virginia;Southeast
36,9105;-80,79805;Barren Springs;VA;Virginia;Southeast
37,17166;-81,20728;Bastian;VA;Virginia;Southeast
37,1393;-81,0534;Bland;VA;Virginia;Southeast
36,95277;-81,67145;Broadford;VA;Virginia;Southeast
36,60138;-80,66876;Cana;VA;Virginia;Southeast
36,76048;-81,65778;Chilhowie;VA;Virginia;Southeast
36,80534;-81,1195;Cripple Creek;VA;Virginia;Southeast
36,86513;-81,1997;Crockett;VA;Virginia;Southeast
36,97461;-80,78836;Draper;VA;Virginia;Southeast
36,80918;-80,60608;Dugspur;VA;Virginia;Southeast
36,72771;-81,19625;Elk Creek;VA;Virginia;Southeast
36,77357;-81,82971;Emory;VA;Virginia;Southeast
36,66185;-80,69382;Fancy Gap;VA;Virginia;Southeast
36,72375;-81,02471;Fries;VA;Virginia;Southeast
36,64057;-80,92921;Galax;VA;Virginia;Southeast
36,75267;-81,75891;Glade Spring;VA;Virginia;Southeast
36,95958;-80,65598;Hiwassee;VA;Virginia;Southeast
36,63897;-81,17392;Independence;VA;Virginia;Southeast
36,81109;-81,01757;Ivanhoe;VA;Virginia;Southeast
36,58081;-80,76591;Lambsburg;VA;Virginia;Southeast
36,71547;-80,53437;Laurel Fork;VA;Virginia;Southeast
36,93917;-80,9023;Max Meadows;VA;Virginia;Southeast
36,76672;-81,84552;Meadowview;VA;Virginia;Southeast
36,6137;-81,40084;Mouth Of Wilson;VA;Virginia;Southeast
37,26426;-81,10315;Rocky Gap;VA;Virginia;Southeast
36,89283;-81,30003;Rural Retreat;VA;Virginia;Southeast
36,91345;-81,69107;Saltville;VA;Virginia;Southeast
36,79129;-81,20178;Speedwell;VA;Virginia;Southeast
36,69126;-81,42944;Troutdale;VA;Virginia;Southeast
36,85672;-80,50183;Willis;VA;Virginia;Southeast
36,72453;-80,83924;Woodlawn;VA;Virginia;Southeast
36,95702;-81,10652;Wytheville;VA;Virginia;Southeast
38,13257;-79,08846;Staunton;VA;Virginia;Southeast
38,11784;-79,33052;Augusta Springs;VA;Virginia;Southeast
38,05774;-79,83096;Bacova;VA;Virginia;Southeast
38,50753;-79,55925;Blue Grass;VA;Virginia;Southeast
37,91099;-79,31126;Brownsburg;VA;Virginia;Southeast
37,83041;-79,75128;Clifton Forge;VA;Virginia;Southeast
38,076;-79,34181;Craigsville;VA;Virginia;Southeast
38,16897;-78,83924;Crimora;VA;Virginia;Southeast
38,41817;-79,46461;Doe Hill;VA;Virginia;Southeast
38,2116;-78,933;Fort Defiance;VA;Virginia;Southeast
38,22823;-78,8109;Grottoes;VA;Virginia;Southeast
38,35971;-79,39028;Head Waters;VA;Virginia;Southeast
37,96615;-79,88013;Hot Springs;VA;Virginia;Southeast
37,79836;-79,79002;Iron Gate;VA;Virginia;Southeast
37,79379;-79,87014;Low Moor;VA;Virginia;Southeast
38,33066;-79,51201;McDowell;VA;Virginia;Southeast
38,02955;-79,28621;Middlebrook;VA;Virginia;Southeast
38,02237;-79,65048;Millboro;VA;Virginia;Southeast
37,86082;-79,10398;Montebello;VA;Virginia;Southeast
38,2592;-78,97249;Mount Sidney;VA;Virginia;Southeast
37,93833;-79,22194;Raphine;VA;Virginia;Southeast
37,9129;-79,41052;Rockbridge Baths;VA;Virginia;Southeast
37,80504;-79,84731;Selma;VA;Virginia;Southeast
37,97231;-79,22;Steeles Tavern;VA;Virginia;Southeast
38,00416;-79,04374;Stuarts Draft;VA;Virginia;Southeast
38,15353;-79,23992;Swoope;VA;Virginia;Southeast
37,81484;-79,2256;Vesuvius;VA;Virginia;Southeast
38,1448;-79,82013;Warm Springs;VA;Virginia;Southeast
38,27521;-79,33165;West Augusta;VA;Virginia;Southeast
38,29366;-78,92925;Weyers Cave;VA;Virginia;Southeast
37,35565;-79,15608;Lynchburg;VA;Virginia;Southeast
37,14532;-79,23258;Altavista;VA;Virginia;Southeast
37,37324;-78,78591;Appomattox;VA;Virginia;Southeast
37,55452;-79,40169;Big Island;VA;Virginia;Southeast
36,7324;-79,34577;Blairs;VA;Virginia;Southeast
37,07733;-78,8777;Brookneal;VA;Virginia;Southeast
36,62452;-78,64001;Buffalo Junction;VA;Virginia;Southeast
36,80785;-79,61044;Callands;VA;Virginia;Southeast
36,87835;-78,76691;Clover;VA;Virginia;Southeast
37,48996;-79,32097;Coleman Falls;VA;Virginia;Southeast
36,85376;-78,90728;Crystal Hill;VA;Virginia;Southeast
36,71584;-79,50632;Dry Fork;VA;Virginia;Southeast
37,23493;-79,26898;Evington;VA;Virginia;Southeast
37,36655;-79,3268;Forest;VA;Virginia;Southeast
37,13674;-79,06639;Gladys;VA;Virginia;Southeast
37,6678;-79,47007;Glasgow;VA;Virginia;Southeast
37,38093;-79,4021;Goode;VA;Virginia;Southeast
36,9666;-79,30401;Gretna;VA;Virginia;Southeast
37,70577;-78,62241;Howardsville;VA;Virginia;Southeast
37,06106;-79,27385;Hurt;VA;Virginia;Southeast
36,85259;-79,18588;Java;VA;Virginia;Southeast
36,72747;-79,25069;Keeling;VA;Virginia;Southeast
37,3486;-79,4272;Lowry;VA;Virginia;Southeast
37,13671;-79,37983;Lynch Station;VA;Virginia;Southeast
37,46514;-79,09628;Madison Heights;VA;Virginia;Southeast
36,93762;-78,97553;Nathalie;VA;Virginia;Southeast
37,58763;-79,50483;Natural Bridge Station;VA;Virginia;Southeast
37,26408;-79,09997;Rustburg;VA;Virginia;Southeast
37,32651;-78,91342;Spout Spring;VA;Virginia;Southeast
36,64217;-79,18504;Sutherlin;VA;Virginia;Southeast
37,55904;-79,08421;Sweet Briar;VA;Virginia;Southeast
36,78553;-79,1095;Vernon Hill;VA;Virginia;Southeast
36,60521;-78,7828;Virgilina;VA;Virginia;Southeast
37,63289;-78,72452;Wingina;VA;Virginia;Southeast
37,19068;-81,64049;Amonate;VA;Virginia;Southeast
37,18383;-81,65762;Bandy;VA;Virginia;Southeast
37,35607;-82,1914;Big Rock;VA;Virginia;Southeast
37,21088;-81,54378;Bishop;VA;Virginia;Southeast
37,24093;-81,36123;Bluefield;VA;Virginia;Southeast
37,28814;-81,39183;Boissevain;VA;Virginia;Southeast
37,29498;-82,26533;Breaks;VA;Virginia;Southeast
37,02955;-81,795;Cedar Bluff;VA;Virginia;Southeast
37,09728;-81,84461;Doran;VA;Virginia;Southeast
37,262;-81,3385;Falls Mills;VA;Virginia;Southeast
37,31466;-82,07181;Grundy;VA;Virginia;Southeast
37,22005;-81,79638;Jewell Ridge;VA;Virginia;Southeast
37,17292;-81,4782;North Tazewell;VA;Virginia;Southeast
37,2202;-81,99714;Oakwood;VA;Virginia;Southeast
37,27411;-81,90253;Pilgrims Knob;VA;Virginia;Southeast
37,30683;-81,34962;Pocahontas;VA;Virginia;Southeast
37,05258;-81,70981;Pounding Mill;VA;Virginia;Southeast
37,17357;-81,90461;Raven;VA;Virginia;Southeast
37,11797;-81,80802;Richlands;VA;Virginia;Southeast
37,08303;-81,92198;Swords Creek;VA;Virginia;Southeast
37,07732;-81,50054;Tazewell;VA;Virginia;Southeast
37,1743;-82,12364;Vansant;VA;Virginia;Southeast
37,22363;-81,84737;Whitewood;VA;Virginia;Southeast
37,47627;-81,18352;Beeson;WV;West Virginia;Southeast
37,33408;-81,32933;Bramwell;WV;West Virginia;Southeast
37,53331;-81,37337;Bud;WV;West Virginia;Southeast
37,48722;-81,32652;Covel;WV;West Virginia;Southeast
37,44759;-81,24699;Hiawatha;WV;West Virginia;Southeast
37,39733;-81,15162;Kegley;WV;West Virginia;Southeast
37,44986;-81,20094;Lashmeet;WV;West Virginia;Southeast
37,45045;-81,29589;Matoaka;WV;West Virginia;Southeast
37,35042;-81,26055;Montcalm;WV;West Virginia;Southeast
37,3032;-81,32013;Nemours;WV;West Virginia;Southeast
37,40182;-81,2273;Rock;WV;West Virginia;Southeast
37,46841;-81,55544;Welch;WV;West Virginia;Southeast
37,33142;-81,41048;Anawalt;WV;West Virginia;Southeast
37,35954;-81,72489;Bartley;WV;West Virginia;Southeast
37,22036;-81,63026;Berwind;WV;West Virginia;Southeast
37,46139;-81,70516;Big Sandy;WV;West Virginia;Southeast
37,34206;-81,81721;Bradshaw;WV;West Virginia;Southeast
37,60809;-81,62275;Brenton;WV;West Virginia;Southeast
37,62908;-81,68755;Clear Fork;WV;West Virginia;Southeast
37,66761;-81,74105;Coal Mountain;WV;West Virginia;Southeast
37,29212;-81,62411;Cucumber;WV;West Virginia;Southeast
37,49975;-81,6553;Davy;WV;West Virginia;Southeast
37,33399;-81,55799;Elbert;WV;West Virginia;Southeast
37,38943;-81,44085;Elkhorn;WV;West Virginia;Southeast
37,54313;-81,66093;Fanrock;WV;West Virginia;Southeast
37,36846;-81,54908;Gary;WV;West Virginia;Southeast
37,48378;-81,70923;Hensley;WV;West Virginia;Southeast
37,48554;-81,78703;Iaeger;WV;West Virginia;Southeast
37,52643;-81,80041;Ikes Fork;WV;West Virginia;Southeast
37,52611;-81,89175;Isaban;WV;West Virginia;Southeast
37,57339;-81,41455;Itmann;WV;West Virginia;Southeast
37,28206;-81,43413;Jenkinjones;WV;West Virginia;Southeast
37,67435;-81,55848;Jesse;WV;West Virginia;Southeast
37,37807;-81,88516;Jolo;WV;West Virginia;Southeast
37,59922;-81,83805;Justice;WV;West Virginia;Southeast
37,42924;-81,51686;Kimball;WV;West Virginia;Southeast
37,73997;-81,5789;Kopperston;WV;West Virginia;Southeast
37,40882;-81,42499;Kyle;WV;West Virginia;Southeast
37,69591;-81,67557;Lynco;WV;West Virginia;Southeast
37,65919;-81,59075;Matheny;WV;West Virginia;Southeast
37,36182;-81,36525;Maybeury;WV;West Virginia;Southeast
37,25216;-81,59925;Newhall;WV;West Virginia;Southeast
37,60432;-81,45261;New Richmond;WV;West Virginia;Southeast
37,42412;-81,40259;Northfork;WV;West Virginia;Southeast
37,56133;-81,82315;North Spring;WV;West Virginia;Southeast
37,73784;-81,53203;Oceana;WV;West Virginia;Southeast
37,31693;-81,48552;Pageton;WV;West Virginia;Southeast
37,44986;-81,8932;Panther;WV;West Virginia;Southeast
37,35734;-81,87415;Paynesville;WV;West Virginia;Southeast
37,4321;-81,63086;Premier;WV;West Virginia;Southeast
37,31639;-81,76725;Raysal;WV;West Virginia;Southeast
37,64679;-81,53187;Rock View;WV;West Virginia;Southeast
37,44435;-81,68785;Roderfield;WV;West Virginia;Southeast
37,62771;-81,76623;Simon;WV;West Virginia;Southeast
37,27943;-81,55048;Squire;WV;West Virginia;Southeast
37,37808;-81,38664;Switchback;WV;West Virginia;Southeast
37,36195;-81,48876;Thorpe;WV;West Virginia;Southeast
37,31691;-81,69699;War;WV;West Virginia;Southeast
37,25186;-81,69052;Warriormine;WV;West Virginia;Southeast
37,37718;-81,58208;Wilcoe;WV;West Virginia;Southeast
37,74173;-80,66835;Alderson;WV;West Virginia;Southeast
38,4693;-79,78668;Arbovale;WV;West Virginia;Southeast
37,51793;-80,75461;Ballard;WV;West Virginia;Southeast
38,58918;-79,71723;Bartow;WV;West Virginia;Southeast
38,19294;-80,15174;Buckeye;WV;West Virginia;Southeast
38,38999;-79,965;Cass;WV;West Virginia;Southeast
37,91471;-80,59355;Crawley;WV;West Virginia;Southeast
38,32836;-79,89267;Dunmore;WV;West Virginia;Southeast
37,58824;-80,3577;Gap Mills;WV;West Virginia;Southeast
37,83632;-80,72709;Grassy Meadows;WV;West Virginia;Southeast
38,39926;-79,77108;Green Bank;WV;West Virginia;Southeast
37,48358;-80,63103;Lindside;WV;West Virginia;Southeast
38,22932;-80,07436;Marlinton;WV;West Virginia;Southeast
37,88729;-80,40827;Maxwelton;WV;West Virginia;Southeast
37,66029;-80,72041;Pence Springs;WV;West Virginia;Southeast
37,43743;-80,77617;Peterstown;WV;West Virginia;Southeast
38,03345;-80,35283;Renick;WV;West Virginia;Southeast
37,73238;-80,47574;Ronceverte;WV;West Virginia;Southeast
37,65395;-80,44693;Secondcreek;WV;West Virginia;Southeast
37,66513;-80,52273;Sinks Grove;WV;West Virginia;Southeast
37,90823;-80,67527;Smoot;WV;West Virginia;Southeast
37,63256;-80,73968;Talcott;WV;West Virginia;Southeast
37,48942;-80,41749;Waiteville;WV;West Virginia;Southeast
37,59989;-80,68948;Wayside;WV;West Virginia;Southeast
37,66095;-80,63512;Wolfcreek;WV;West Virginia;Southeast
38,13087;-81,25466;Alloy;WV;West Virginia;Southeast
38,25101;-81,77925;Alum Creek;WV;West Virginia;Southeast
38,58201;-81,26982;Amma;WV;West Virginia;Southeast
37,8252;-81,42766;Arnett;WV;West Virginia;Southeast
37,95044;-81,35766;Artie;WV;West Virginia;Southeast
38,51169;-81,8363;Bancroft;WV;West Virginia;Southeast
38,24293;-81,49226;Belle;WV;West Virginia;Southeast
38,37663;-81,08955;Bickmore;WV;West Virginia;Southeast
37,91587;-81,68482;Bim;WV;West Virginia;Southeast
37,84157;-81,79241;Blair;WV;West Virginia;Southeast
38,15744;-81,6266;Bloomingrose;WV;West Virginia;Southeast
38,29378;-81,4018;Blount;WV;West Virginia;Southeast
37,95598;-81,72535;Bob White;WV;West Virginia;Southeast
38,45028;-81,22599;Bomont;WV;West Virginia;Southeast
38,14615;-81,2801;Boomer;WV;West Virginia;Southeast
38,16339;-81,52399;Cabin Creek;WV;West Virginia;Southeast
38,19168;-81,26438;Cannelton;WV;West Virginia;Southeast
38,13673;-81,24385;Charlton Heights;WV;West Virginia;Southeast
37,91139;-81,32118;Clear Creek;WV;West Virginia;Southeast
38,45603;-81,32474;Clendenin;WV;West Virginia;Southeast
37,9219;-81,76027;Clothier;WV;West Virginia;Southeast
37,95442;-81,44656;Colcord;WV;West Virginia;Southeast
38,11954;-81,57315;Comfort;WV;West Virginia;Southeast
38,15885;-81,70929;Costa;WV;West Virginia;Southeast
38,12226;-81,45044;Dawes;WV;West Virginia;Southeast
38,1078;-81,23783;Deep Water;WV;West Virginia;Southeast
38,25422;-81,2153;Dixie;WV;West Virginia;Southeast
38,1751;-81,43342;Drybranch;WV;West Virginia;Southeast
37,87549;-81,44411;Dry Creek;WV;West Virginia;Southeast
38,57761;-80,92572;Duck;WV;West Virginia;Southeast
38,20963;-81,44018;East Bank;WV;West Virginia;Southeast
38,54667;-81,93179;Eleanor;WV;West Virginia;Southeast
38,47732;-81,46756;Elkview;WV;West Virginia;Southeast
38,0526;-81,42915;Eskdale;WV;West Virginia;Southeast
37,86889;-81,937;Ethel;WV;West Virginia;Southeast
38,60861;-82,02879;Fraziers Bottom;WV;West Virginia;Southeast
38,06809;-81,36118;Gallagher;WV;West Virginia;Southeast
38,16762;-81,18867;Gauley Bridge;WV;West Virginia;Southeast
38,15544;-81,21655;Glen Ferris;WV;West Virginia;Southeast
38,16735;-81,35192;Handley;WV;West Virginia;Southeast
38,18207;-81,38225;Hansford;WV;West Virginia;Southeast
38,22427;-81,64493;Hernshaw;WV;West Virginia;Southeast
37,9655;-81,87289;Hewett;WV;West Virginia;Southeast
38,53097;-81,86062;Hometown;WV;West Virginia;Southeast
38,21324;-81,3264;Hugheston;WV;West Virginia;Southeast
38,34841;-81,12591;Indore;WV;West Virginia;Southeast
38,38103;-81,76633;Institute;WV;West Virginia;Southeast
38,55741;-81,03338;Ivydale;WV;West Virginia;Southeast
37,98199;-81,7986;Jeffrey;WV;West Virginia;Southeast
38,13065;-81,18997;Kanawha Falls;WV;West Virginia;Southeast
38,11882;-81,32294;Kimberly;WV;West Virginia;Southeast
38,03362;-81,27494;Kincaid;WV;West Virginia;Southeast
37,91167;-81,87787;Lake;WV;West Virginia;Southeast
38,31554;-81,19074;Lizemores;WV;West Virginia;Southeast
38,19058;-81,35382;London;WV;West Virginia;Southeast
38,29328;-81,33441;Mammoth;WV;West Virginia;Southeast
38,47976;-81,11831;Maysel;WV;West Virginia;Southeast
38,13596;-81,48553;Miami;WV;West Virginia;Southeast
38,11038;-81,2874;Mount Carbon;WV;West Virginia;Southeast
37,86738;-81,49733;Naoma;WV;West Virginia;Southeast
38,6305;-81,03592;Nebo;WV;West Virginia;Southeast
38,15001;-81,73066;Nellis;WV;West Virginia;Southeast
38,42001;-81,82414;Nitro;WV;West Virginia;Southeast
38,03511;-81,53695;Orgas;WV;West Virginia;Southeast
37,9558;-81,7745;Ottawa;WV;West Virginia;Southeast
38,0411;-81,24004;Page;WV;West Virginia;Southeast
38,11572;-81,70249;Peytona;WV;West Virginia;Southeast
38,41181;-81,48217;Pinch;WV;West Virginia;Southeast
38,50186;-81,7806;Poca;WV;West Virginia;Southeast
38,29884;-81,27314;Pond Gap;WV;West Virginia;Southeast
38,06123;-81,3189;Powellton;WV;West Virginia;Southeast
38,20712;-81,38435;Pratt;WV;West Virginia;Southeast
38,50406;-81,19373;Procious;WV;West Virginia;Southeast
38,14907;-81,65308;Racine;WV;West Virginia;Southeast
38,12788;-81,76288;Ridgeview;WV;West Virginia;Southeast
38,07519;-81,21898;Robson;WV;West Virginia;Southeast
37,86115;-81,41376;Rock Creek;WV;West Virginia;Southeast
37,78961;-81,43316;Saxon;WV;West Virginia;Southeast
38,04962;-81,63476;Seth;WV;West Virginia;Southeast
37,9074;-81,79745;Sharples;WV;West Virginia;Southeast
38,22149;-81,23587;Mount Olive;WV;West Virginia;Southeast
38,17113;-81,29811;Smithers;WV;West Virginia;Southeast
38,72617;-82,01878;Southside;WV;West Virginia;Southeast
38,01672;-81,55089;Sylvester;WV;West Virginia;Southeast
38,3489;-81,48645;Tad;WV;West Virginia;Southeast
38,31593;-81,85372;Tornado;WV;West Virginia;Southeast
37,91546;-81,60914;Twilight;WV;West Virginia;Southeast
38,01841;-81,78926;Uneeda;WV;West Virginia;Southeast
37,9596;-81,69296;Van;WV;West Virginia;Southeast
38,46107;-80,87932;Widen;WV;West Virginia;Southeast
38,18947;-81,55127;Winifrede;WV;West Virginia;Southeast
38,60464;-81,591;Advent;WV;West Virginia;Southeast
38,81291;-81,12343;Arnoldsburg;WV;West Virginia;Southeast
38,66939;-81,08874;Chloe;WV;West Virginia;Southeast
38,84616;-81,83941;Cottageville;WV;West Virginia;Southeast
38,78427;-81,80801;Evans;WV;West Virginia;Southeast
38,67841;-81,48216;Gandeeville;WV;West Virginia;Southeast
38,77068;-81,54237;Gay;WV;West Virginia;Southeast
38,69916;-81,7393;Given;WV;West Virginia;Southeast
38,64255;-81,61454;Kenna;WV;West Virginia;Southeast
38,62119;-81,23173;Left Hand;WV;West Virginia;Southeast
38,91947;-81,9669;Letart;WV;West Virginia;Southeast
38,67465;-81,24836;Looneyville;WV;West Virginia;Southeast
39,01653;-82,02465;Mason;WV;West Virginia;Southeast
38,83027;-81,08886;Millstone;WV;West Virginia;Southeast
38,85547;-81,89516;Mount Alto;WV;West Virginia;Southeast
38,85778;-80,94187;Normantown;WV;West Virginia;Southeast
38,73969;-81,107;Orma;WV;West Virginia;Southeast
38,88174;-81,43395;Reedy;WV;West Virginia;Southeast
38,92451;-81,61687;Sandyville;WV;West Virginia;Southeast
38,54723;-81,1129;Wallback;WV;West Virginia;Southeast
38,96158;-82,04834;West Columbia;WV;West Virginia;Southeast
38,36033;-81,68679;South Charleston;WV;West Virginia;Southeast
39,55497;-78,22004;Berkeley Springs;WV;West Virginia;Southeast
39,31632;-78,053;Bunker Hill;WV;West Virginia;Southeast
39,25273;-77,87055;Charles Town;WV;West Virginia;Southeast
39,58286;-77,88493;Falling Waters;WV;West Virginia;Southeast
39,38095;-78,11969;Gerrardstown;WV;West Virginia;Southeast
39,37821;-78,16384;Glengary;WV;West Virginia;Southeast
39,55812;-78,35887;Great Cacapon;WV;West Virginia;Southeast
39,27613;-77,79184;Harpers Ferry;WV;West Virginia;Southeast
39,52608;-78,09098;Hedgesville;WV;West Virginia;Southeast
39,34024;-77,93899;Kearneysville;WV;West Virginia;Southeast
39,48682;-78,57279;Levels;WV;West Virginia;Southeast
39,45797;-78,45038;Paw Paw;WV;West Virginia;Southeast
39,4225;-78,57623;Points;WV;West Virginia;Southeast
39,31853;-77,86448;Ranson;WV;West Virginia;Southeast
39,37157;-77,83181;Shenandoah Junction;WV;West Virginia;Southeast
39,43835;-77,81477;Shepherdstown;WV;West Virginia;Southeast
39,43543;-78,52081;Slanesville;WV;West Virginia;Southeast
39,24013;-77,95705;Summit Point;WV;West Virginia;Southeast
38,16035;-81,95582;Alkol;WV;West Virginia;Southeast
38,66501;-82,11024;Apple Grove;WV;West Virginia;Southeast
38,01967;-82,03075;Big Creek;WV;West Virginia;Southeast
38,20826;-82,18665;Branchland;WV;West Virginia;Southeast
38,39945;-82,55193;Ceredo;WV;West Virginia;Southeast
37,96388;-82,01394;Chapmanville;WV;West Virginia;Southeast
38,38832;-82,06599;Culloden;WV;West Virginia;Southeast
38,03194;-82,35637;Dunlow;WV;West Virginia;Southeast
38,17784;-82,32056;East Lynn;WV;West Virginia;Southeast
38,08136;-82,51678;Fort Gay;WV;West Virginia;Southeast
38,75731;-82,15262;Gallipolis Ferry;WV;West Virginia;Southeast
38,22915;-81,98641;Griffithsville;WV;West Virginia;Southeast
38,01309;-82,11712;Harts;WV;West Virginia;Southeast
38,3984;-81,98279;Hurricane;WV;West Virginia;Southeast
38,35629;-82,56337;Kenova;WV;West Virginia;Southeast
38,08065;-82,27781;Kiahsville;WV;West Virginia;Southeast
38,30772;-82,43405;Lavalette;WV;West Virginia;Southeast
38,53399;-82,26926;Lesage;WV;West Virginia;Southeast
38,15709;-82,13914;Midkiff;WV;West Virginia;Southeast
38,23078;-82,11017;Myra;WV;West Virginia;Southeast
38,45847;-82,22456;Ona;WV;West Virginia;Southeast
37,92627;-81,9537;Pecks Mill;WV;West Virginia;Southeast
38,23525;-82,55913;Prichard;WV;West Virginia;Southeast
38,09923;-82,16262;Ranger;WV;West Virginia;Southeast
38,32753;-82,23181;Salt Rock;WV;West Virginia;Southeast
38,44736;-81,89908;Scott Depot;WV;West Virginia;Southeast
38,26302;-81,88835;Sod;WV;West Virginia;Southeast
38,10998;-81,96631;Spurlockville;WV;West Virginia;Southeast
38,21971;-81,87294;Sumerco;WV;West Virginia;Southeast
38,2947;-82,15632;West Hamlin;WV;West Virginia;Southeast
38,22725;-81,94549;Yawkey;WV;West Virginia;Southeast
37,86255;-82,0026;Logan;WV;West Virginia;Southeast
37,76641;-81,82878;Accoville;WV;West Virginia;Southeast
37,78125;-81,77081;Amherstdale;WV;West Virginia;Southeast
37,57512;-81,89165;Baisden;WV;West Virginia;Southeast
37,6832;-81,87068;Bruno;WV;West Virginia;Southeast
37,76396;-81,98064;Chauncey;WV;West Virginia;Southeast
37,74549;-81,80275;Davin;WV;West Virginia;Southeast
37,90393;-81,97162;Henlawson;WV;West Virginia;Southeast
37,7657;-81,86237;Kistler;WV;West Virginia;Southeast
37,79821;-81,6816;Lorado;WV;West Virginia;Southeast
37,76292;-81,9368;Lyburn;WV;West Virginia;Southeast
37,71937;-81,87261;Man;WV;West Virginia;Southeast
37,85086;-82,02805;Mount Gay;WV;West Virginia;Southeast
37,74423;-82,05133;Omar;WV;West Virginia;Southeast
37,88674;-81,95905;Peach Creek;WV;West Virginia;Southeast
37,70191;-82,00107;Sarah Ann;WV;West Virginia;Southeast
37,83187;-81,89349;Stollings;WV;West Virginia;Southeast
37,786;-81,98738;Switzer;WV;West Virginia;Southeast
37,87166;-82,08489;Verdunville;WV;West Virginia;Southeast
37,68358;-81,78773;Verner;WV;West Virginia;Southeast
37,57142;-81,9662;Wharncliffe;WV;West Virginia;Southeast
37,8287;-81,9944;Wilkinson;WV;West Virginia;Southeast
37,80302;-81,87401;Yolyn;WV;West Virginia;Southeast
37,9203;-82,29432;Breeden;WV;West Virginia;Southeast
37,70619;-82,2738;Chattaroy;WV;West Virginia;Southeast
37,93186;-82,4519;Crum;WV;West Virginia;Southeast
37,7385;-82,15588;Delbarton;WV;West Virginia;Southeast
37,90411;-82,20283;Dingess;WV;West Virginia;Southeast
37,57017;-82,10044;Edgarton;WV;West Virginia;Southeast
37,87114;-82,34672;Kermit;WV;West Virginia;Southeast
37,82509;-82,22972;Lenore;WV;West Virginia;Southeast
37,59564;-82,08187;Matewan;WV;West Virginia;Southeast
37,63952;-82,15832;North Matewan;WV;West Virginia;Southeast
37,69124;-82,15505;Ragland;WV;West Virginia;Southeast
37,61804;-82,07375;Red Jacket;WV;West Virginia;Southeast
37,66116;-82,07154;Varney;WV;West Virginia;Southeast
37,96297;-82,31493;Wilsondale;WV;West Virginia;Southeast
37,83805;-81,27017;Beckley;WV;West Virginia;Southeast
37,58355;-81,34953;Allen Junction;WV;West Virginia;Southeast
37,60835;-81,3065;Amigo;WV;West Virginia;Southeast
38,14048;-81,11512;Ansted;WV;West Virginia;Southeast
37,76393;-81,42191;Bolt;WV;West Virginia;Southeast
37,50812;-81,13549;Camp Creek;WV;West Virginia;Southeast
37,66626;-81,18231;Coal City;WV;West Virginia;Southeast
37,64736;-81,08862;Cool Ridge;WV;West Virginia;Southeast
37,57291;-81,36565;Corinne;WV;West Virginia;Southeast
37,73869;-81,25368;Crab Orchard;WV;West Virginia;Southeast
37,95645;-80,94037;Danese;WV;West Virginia;Southeast
37,72637;-81,10494;Daniels;WV;West Virginia;Southeast
37,78693;-81,27804;Eccles;WV;West Virginia;Southeast
38,06041;-81,0383;Edmond;WV;West Virginia;Southeast
37,78091;-81,38228;Fairdale;WV;West Virginia;Southeast
37,55325;-81,09061;Flat Top;WV;West Virginia;Southeast
37,81056;-81,37022;Glen Daniel;WV;West Virginia;Southeast
37,70291;-81,51107;Glen Fork;WV;West Virginia;Southeast
37,92476;-81,16628;Glen Jean;WV;West Virginia;Southeast
37,71427;-81,43117;Glen Rogers;WV;West Virginia;Southeast
37,73175;-81,27799;Glen White;WV;West Virginia;Southeast
37,80177;-81,26154;Harper;WV;West Virginia;Southeast
37,64616;-81,27827;Helen;WV;West Virginia;Southeast
38,12629;-80,97537;Hico;WV;West Virginia;Southeast
37,94052;-81,15296;Hilltop;WV;West Virginia;Southeast
37,87948;-81,01781;Layland;WV;West Virginia;Southeast
37,73076;-81,35212;Lester;WV;West Virginia;Southeast
38,00883;-81,15738;Lochgelly;WV;West Virginia;Southeast
38,07172;-80,96461;Lookout;WV;West Virginia;Southeast
37,63931;-81,3813;Maben;WV;West Virginia;Southeast
37,76917;-81,21165;Mabscott;WV;West Virginia;Southeast
37,75136;-81,21515;MacArthur;WV;West Virginia;Southeast
37,66907;-81,45956;McGraws;WV;West Virginia;Southeast
37,63677;-81,44731;Saulsville;WV;West Virginia;Southeast
37,98048;-81,10453;Minden;WV;West Virginia;Southeast
37,87672;-81,20095;Mount Hope;WV;West Virginia;Southeast
37,60359;-81,39892;Mullens;WV;West Virginia;Southeast
37,56301;-81,21115;Odd;WV;West Virginia;Southeast
37,9128;-81,25213;Pax;WV;West Virginia;Southeast
37,8593;-81,07196;Prince;WV;West Virginia;Southeast
37,66782;-81,24434;Princewick;WV;West Virginia;Southeast
37,75232;-81,17848;Raleigh;WV;West Virginia;Southeast
37,70781;-81,47301;Ravencliff;WV;West Virginia;Southeast
37,61575;-81,28691;Rhodell;WV;West Virginia;Southeast
37,67818;-81,49019;Sabine;WV;West Virginia;Southeast
37,97944;-81,25021;Scarbro;WV;West Virginia;Southeast
37,74575;-81,00993;Shady Spring;WV;West Virginia;Southeast
37,68646;-81,33661;Slab Fork;WV;West Virginia;Southeast
37,69181;-81,25882;Sophia;WV;West Virginia;Southeast
37,47147;-81,09966;Spanishburg;WV;West Virginia;Southeast
37,75623;-81,30282;Surveyor;WV;West Virginia;Southeast
37,92917;-81,03105;Thurmond;WV;West Virginia;Southeast
38,02691;-80,98836;Winona;WV;West Virginia;Southeast
37,59657;-81,34914;Wyco;WV;West Virginia;Southeast
38,02156;-80,76077;Charmco;WV;West Virginia;Southeast
37,97044;-80,8098;Rainelle;WV;West Virginia;Southeast
37,7975;-80,76729;Green Sulphur Springs;WV;West Virginia;Southeast
37,61657;-81,00903;Jumping Branch;WV;West Virginia;Southeast
37,48001;-80,97821;Lerona;WV;West Virginia;Southeast
38,03576;-80,7222;Leslie;WV;West Virginia;Southeast
37,84372;-80,86221;Meadow Bridge;WV;West Virginia;Southeast
37,80819;-80,90571;Meadow Creek;WV;West Virginia;Southeast
37,62861;-80,94138;Nimitz;WV;West Virginia;Southeast
37,5126;-80,91736;Pipestem;WV;West Virginia;Southeast
38,08321;-80,70274;Quinwood;WV;West Virginia;Southeast
37,75752;-80,83044;Sandstone;WV;West Virginia;Southeast
37,89395;-80,81741;Spring Dale;WV;West Virginia;Southeast
37,67864;-81,04594;White Oak;WV;West Virginia;Southeast
40,0693;-80,6508;Wheeling;WV;West Virginia;Southeast
40,21662;-80,65965;Beech Bottom;WV;West Virginia;Southeast
40,00236;-80,71985;Benwood;WV;West Virginia;Southeast
40,3482;-80,55522;Colliers;WV;West Virginia;Southeast
40,3344;-80,58494;Follansbee;WV;West Virginia;Southeast
39,96329;-80,72595;Glen Dale;WV;West Virginia;Southeast
39,81641;-80,66969;Glen Easton;WV;West Virginia;Southeast
39,98389;-80,73104;Mcmechen;WV;West Virginia;Southeast
39,89764;-80,7107;Moundsville;WV;West Virginia;Southeast
40,5211;-80,57022;New Manchester;WV;West Virginia;Southeast
40,18622;-80,66453;Short Creek;WV;West Virginia;Southeast
40,07156;-80,59379;Triadelphia;WV;West Virginia;Southeast
40,10465;-80,54649;Valley Grove;WV;West Virginia;Southeast
40,42189;-80,56123;Weirton;WV;West Virginia;Southeast
40,16889;-80,59813;West Liberty;WV;West Virginia;Southeast
40,19748;-80,64567;Windsor Heights;WV;West Virginia;Southeast
39,23394;-81,57483;Parkersburg;WV;West Virginia;Southeast
38,96553;-81,11478;Big Bend;WV;West Virginia;Southeast
39,00647;-81,0385;Big Springs;WV;West Virginia;Southeast
39,02114;-81,18155;Brohard;WV;West Virginia;Southeast
38,92925;-81,26059;Creston;WV;West Virginia;Southeast
39,21488;-81,45431;Davisville;WV;West Virginia;Southeast
39,45053;-81,03601;Friendly;WV;West Virginia;Southeast
39,07122;-81,18088;Macfarlan;WV;West Virginia;Southeast
39,47429;-80,88269;Middlebourne;WV;West Virginia;Southeast
39,1566;-81,53697;Mineral Wells;WV;West Virginia;Southeast
38,89493;-81,17503;Mount Zion;WV;West Virginia;Southeast
38,98355;-81,19308;Munday;WV;West Virginia;Southeast
39,6333;-80,76707;New Martinsville;WV;West Virginia;Southeast
39,60724;-80,93216;Paden City;WV;West Virginia;Southeast
38,98066;-81,41368;Palestine;WV;West Virginia;Southeast
39,16789;-81,2526;Petroleum;WV;West Virginia;Southeast
39,57231;-80,76572;Porters Falls;WV;West Virginia;Southeast
38,99061;-81,71949;Ravenswood;WV;West Virginia;Southeast
39,53454;-80,71429;Reader;WV;West Virginia;Southeast
39,53899;-80,96577;Sistersville;WV;West Virginia;Southeast
39,06001;-81,02888;Smithville;WV;West Virginia;Southeast
39,20016;-81,36699;Walker;WV;West Virginia;Southeast
39,00082;-80,20249;Buckhannon;WV;West Virginia;Southeast
38,22657;-80,62639;Fenwick;WV;West Virginia;Southeast
38,53136;-80,60149;Erbacon;WV;West Virginia;Southeast
38,36992;-80,47848;Cowen;WV;West Virginia;Southeast
38,34781;-80,57314;Camden On Gauley;WV;West Virginia;Southeast
38,39401;-80,04434;Snowshoe;WV;West Virginia;Southeast
38,60837;-80,45901;Diana;WV;West Virginia;Southeast
38,84506;-80,26798;French Creek;WV;West Virginia;Southeast
38,66123;-80,37122;Hacker Valley;WV;West Virginia;Southeast
38,74485;-80,17474;Helvetia;WV;West Virginia;Southeast
38,75437;-80,37054;Kanawha Head;WV;West Virginia;Southeast
38,6437;-80,18881;Pickens;WV;West Virginia;Southeast
38,76618;-80,30833;Rock Cave;WV;West Virginia;Southeast
38,84769;-80,15145;Tallmansville;WV;West Virginia;Southeast
39,10178;-80,1584;Volga;WV;West Virginia;Southeast
39,02757;-79,96198;Belington;WV;West Virginia;Southeast
38,91261;-79,65341;Bowden;WV;West Virginia;Southeast
38,9226;-80,01239;Coalton;WV;West Virginia;Southeast
38,82536;-79,91528;Dailey;WV;West Virginia;Southeast
39,08923;-79,41147;Davis;WV;West Virginia;Southeast
38,95705;-79,43586;Dryfork;WV;West Virginia;Southeast
38,58923;-79,82277;Durbin;WV;West Virginia;Southeast
38,43411;-80,50219;Upperglade;WV;West Virginia;Southeast
38,92557;-80,08069;Ellamore;WV;West Virginia;Southeast
38,71457;-79,82276;Glady;WV;West Virginia;Southeast
39,11612;-79,61617;Hambleton;WV;West Virginia;Southeast
38,81229;-79,60034;Harman;WV;West Virginia;Southeast
39,049;-79,55194;Hendricks;WV;West Virginia;Southeast
38,62993;-79,963;Huttonsville;WV;West Virginia;Southeast
38,98313;-79,94583;Junior;WV;West Virginia;Southeast
39,03201;-79,75659;Kerens;WV;West Virginia;Southeast
38,82572;-80,02547;Mabie;WV;West Virginia;Southeast
38,52022;-80,14619;Monterville;WV;West Virginia;Southeast
39,16657;-79,69057;Parsons;WV;West Virginia;Southeast
38,49664;-80,3645;Webster Springs;WV;West Virginia;Southeast
38,44109;-80,08637;Slatyfork;WV;West Virginia;Southeast
39,15247;-79,52916;Thomas;WV;West Virginia;Southeast
38,7824;-79,9365;Valley Bend;WV;West Virginia;Southeast
38,53443;-80,02309;Valley Head;WV;West Virginia;Southeast
38,75425;-79,56369;Whitmer;WV;West Virginia;Southeast
38,45054;-80,26552;Bergoo;WV;West Virginia;Southeast
39,05461;-80,68732;Alum Bridge;WV;West Virginia;Southeast
39,2623;-80,29057;Anmoore;WV;West Virginia;Southeast
39,12283;-80,9406;Berea;WV;West Virginia;Southeast
38,85364;-80,67683;Burnsville;WV;West Virginia;Southeast
39,42231;-80,60998;Center Point;WV;West Virginia;Southeast
39,0248;-80,84698;Coxs Mills;WV;West Virginia;Southeast
38,82665;-80,39831;Crawford;WV;West Virginia;Southeast
39,29247;-81,06294;Ellenboro;WV;West Virginia;Southeast
39,22757;-80,11098;Galloway;WV;West Virginia;Southeast
39,36507;-80,31776;Gypsy;WV;West Virginia;Southeast
39,33527;-80,33117;Hepzibah;WV;West Virginia;Southeast
38,95859;-80,37155;Horner;WV;West Virginia;Southeast
38,77565;-80,46864;Ireland;WV;West Virginia;Southeast
39,49185;-80,64068;Jacksonburg;WV;West Virginia;Southeast
39,12264;-80,44772;Jane Lew;WV;West Virginia;Southeast
38,97467;-80,7178;Linn;WV;West Virginia;Southeast
39,39878;-80,40263;Lumberport;WV;West Virginia;Southeast
39,34636;-80,30996;Meadowbrook;WV;West Virginia;Southeast
39,23093;-79,89076;Moatsville;WV;West Virginia;Southeast
39,20313;-80,28973;Mount Clare;WV;West Virginia;Southeast
39,18078;-80,70723;New Milton;WV;West Virginia;Southeast
38,89164;-80,59457;Orlando;WV;West Virginia;Southeast
39,29808;-80,93499;Pennsboro;WV;West Virginia;Southeast
39,16349;-80,02245;Philippi;WV;West Virginia;Southeast
39,18412;-80,91607;Pullman;WV;West Virginia;Southeast
39,28117;-80,17272;Rosemont;WV;West Virginia;Southeast
39,3116;-79,68651;Rowlesburg;WV;West Virginia;Southeast
38,88475;-80,7598;Sand Fork;WV;West Virginia;Southeast
39,39144;-80,28085;Shinnston;WV;West Virginia;Southeast
39,26743;-80,08875;Simpson;WV;West Virginia;Southeast
39,2965;-80,71683;Smithburg;WV;West Virginia;Southeast
39,34315;-80,31631;Spelter;WV;West Virginia;Southeast
39,36861;-79,7626;Tunnelton;WV;West Virginia;Southeast
39,40595;-80,49265;Wallace;WV;West Virginia;Southeast
39,28078;-80,77354;West Union;WV;West Virginia;Southeast
39,43174;-80,35007;Wyatt;WV;West Virginia;Southeast
39,55179;-79,63212;Albright;WV;West Virginia;Southeast
39,50105;-79,82393;Arthurdale;WV;West Virginia;Southeast
39,71374;-80,23065;Blacksville;WV;West Virginia;Southeast
39,54075;-79,80716;Bretz;WV;West Virginia;Southeast
39,65465;-79,6184;Bruceton Mills;WV;West Virginia;Southeast
39,4846;-79,71189;Kingwood;WV;West Virginia;Southeast
39,68179;-80,07458;Maidsville;WV;West Virginia;Southeast
39,66375;-80,00219;Osage;WV;West Virginia;Southeast
39,71233;-80,17064;Pentress;WV;West Virginia;Southeast
39,66099;-80,03115;Pursglove;WV;West Virginia;Southeast
39,46475;-80,11461;Fairmont;WV;West Virginia;Southeast
39,52141;-80,18015;Barrackville;WV;West Virginia;Southeast
39,54088;-80,14362;Baxter;WV;West Virginia;Southeast
39,63957;-80,45072;Burton;WV;West Virginia;Southeast
39,42542;-80,27729;Enterprise;WV;West Virginia;Southeast
39,4871;-80,31973;Four States;WV;West Virginia;Southeast
39,55926;-80,17741;Grant Town;WV;West Virginia;Southeast
39,6978;-80,43256;Hundred;WV;West Virginia;Southeast
39,49307;-80,25644;Idamay;WV;West Virginia;Southeast
39,53114;-80,38767;Mannington;WV;West Virginia;Southeast
39,6065;-80,42379;Metz;WV;West Virginia;Southeast
39,52786;-80,10952;Montana Mines;WV;West Virginia;Southeast
39,51606;-80,29751;Rachel;WV;West Virginia;Southeast
39,5738;-80,15339;Rivesville;WV;West Virginia;Southeast
39,67428;-80,31674;Wana;WV;West Virginia;Southeast
38,47769;-80,71887;Birch River;WV;West Virginia;Southeast
38,83242;-80,73136;Copen;WV;West Virginia;Southeast
38,4828;-80,82572;Dille;WV;West Virginia;Southeast
38,77542;-80,73562;Exchange;WV;West Virginia;Southeast
38,72186;-80,56057;Flatwoods;WV;West Virginia;Southeast
38,6576;-80,87714;Frametown;WV;West Virginia;Southeast
38,72071;-80,80883;Gassaway;WV;West Virginia;Southeast
38,75578;-80,5943;Heaters;WV;West Virginia;Southeast
38,56846;-80,70152;Little Birch;WV;West Virginia;Southeast
38,79795;-80,56856;Napier;WV;West Virginia;Southeast
38,77265;-80,99878;Shock;WV;West Virginia;Southeast
38,3185;-80,87902;Summersville;WV;West Virginia;Southeast
38,24358;-81,18082;Belva;WV;West Virginia;Southeast
38,25813;-80,7695;Canvas;WV;West Virginia;Southeast
38,2384;-80,99908;Drennen;WV;West Virginia;Southeast
38,16173;-80,65944;Leivasy;WV;West Virginia;Southeast
38,16883;-80,91085;Mount Lookout;WV;West Virginia;Southeast
38,16509;-80,7971;Mount Nebo;WV;West Virginia;Southeast
38,08991;-80,87423;Nallen;WV;West Virginia;Southeast
38,22983;-80,71905;Nettie;WV;West Virginia;Southeast
38,16324;-80,8544;Pool;WV;West Virginia;Southeast
38,21757;-81,12069;Swiss;WV;West Virginia;Southeast
39,22275;-79,39418;Bayard;WV;West Virginia;Southeast
39,30301;-78,47073;Capon Bridge;WV;West Virginia;Southeast
39,17634;-78,64177;Delray;WV;West Virginia;Southeast
39,2641;-79,51892;Eglon;WV;West Virginia;Southeast
39,34583;-79,17597;Elk Garden;WV;West Virginia;Southeast
39,49778;-78,7678;Fort Ashby;WV;West Virginia;Southeast
39,27761;-79,33126;Gormania;WV;West Virginia;Southeast
39,49774;-78,63463;Green Spring;WV;West Virginia;Southeast
39,40508;-78,98222;Keyser;WV;West Virginia;Southeast
39,15243;-79,06859;Lahmansville;WV;West Virginia;Southeast
39,21508;-79,2647;Mount Storm;WV;West Virginia;Southeast
39,28873;-79,07998;New Creek;WV;West Virginia;Southeast
39,47764;-79,04627;Piedmont;WV;West Virginia;Southeast
39,56017;-78,79026;Ridgeley;WV;West Virginia;Southeast
39,15856;-78,73534;Rio;WV;West Virginia;Southeast
39,31652;-78,75001;Romney;WV;West Virginia;Southeast
39,27303;-78,6997;Shanks;WV;West Virginia;Southeast
39,45042;-79,56035;Terra Alta;WV;West Virginia;Southeast
39,61581;-78,75674;Wiley Ford;WV;West Virginia;Southeast
39,05694;-78,79374;Baker;WV;West Virginia;Southeast
39,19563;-78,44416;High View;WV;West Virginia;Southeast
38,97721;-78,74853;Lost City;WV;West Virginia;Southeast
38,88184;-78,87688;Mathias;WV;West Virginia;Southeast
39,35957;-78,39067;Bloomery;WV;West Virginia;Southeast
39,07662;-79,02238;Fisher;WV;West Virginia;Southeast
39,13033;-78,51139;Capon Springs;WV;West Virginia;Southeast
39,08119;-79,2083;Maysville;WV;West Virginia;Southeast
39,00693;-78,96366;Moorefield;WV;West Virginia;Southeast
38,80492;-79,07237;Milam;WV;West Virginia;Southeast
39,16734;-78,96193;Old Fields;WV;West Virginia;Southeast
39,04801;-78,62878;Wardensville;WV;West Virginia;Southeast
39,2477;-78,91599;Purgitsville;WV;West Virginia;Southeast
38,96933;-79,25935;Cabins;WV;West Virginia;Southeast
39,19053;-78,51932;Yellow Spring;WV;West Virginia;Southeast
38,80493;-79,2512;Upper Tract;WV;West Virginia;Southeast
38,84273;-79,40118;Seneca Rocks;WV;West Virginia;Southeast
38,88742;-79,40064;Onego;WV;West Virginia;Southeast
35,94352;-80,43673;Advance;NC;North Carolina;Southeast
36,23089;-80,07927;Belews Creek;NC;North Carolina;Southeast
36,00434;-80,37547;Clemmons;NC;North Carolina;Southeast
35,8121;-80,55508;Cooleemee;NC;North Carolina;Southeast
36,38141;-80,76052;Dobson;NC;North Carolina;Southeast
36,1978;-80,52096;East Bend;NC;North Carolina;Southeast
36,28604;-80,23548;Germanton;NC;North Carolina;Southeast
36,1047;-80,81272;Hamptonville;NC;North Carolina;Southeast
36,31859;-80,3386;King;NC;North Carolina;Southeast
36,51409;-80,21739;Lawsonville;NC;North Carolina;Southeast
36,09103;-80,45101;Lewisville;NC;North Carolina;Southeast
36,52399;-80,84027;Lowgap;NC;North Carolina;Southeast
36,4456;-79,98883;Mayodan;NC;North Carolina;Southeast
35,92433;-80,5742;Mocksville;NC;North Carolina;Southeast
36,16869;-80,38969;Pfafftown;NC;North Carolina;Southeast
36,41539;-80,48465;Pilot Mountain;NC;North Carolina;Southeast
36,34177;-80,05434;Pine Hall;NC;North Carolina;Southeast
36,33709;-80,44917;Pinnacle;NC;North Carolina;Southeast
36,23482;-80,29614;Rural Hall;NC;North Carolina;Southeast
36,31178;-80,57786;Siloam;NC;North Carolina;Southeast
36,47611;-79,91295;Stoneville;NC;North Carolina;Southeast
36,23608;-80,40116;Tobaccoville;NC;North Carolina;Southeast
36,18728;-80,16012;Walkertown;NC;North Carolina;Southeast
36,32259;-80,14552;Walnut Cove;NC;North Carolina;Southeast
35,79304;-80,59833;Woodleaf;NC;North Carolina;Southeast
36,11382;-80,63586;Yadkinville;NC;North Carolina;Southeast
36,11204;-80,19889;Winston Salem;NC;North Carolina;Southeast
36,03258;-79,48418;Alamance;NC;North Carolina;Southeast
36,18565;-79,50594;Altamahaw;NC;North Carolina;Southeast
35,73253;-79,78857;Asheboro;NC;North Carolina;Southeast
35,56246;-79,54231;Bennett;NC;North Carolina;Southeast
35,34254;-79,74936;Biscoe;NC;North Carolina;Southeast
36,46207;-79,27976;Blanch;NC;North Carolina;Southeast
35,6473;-79,40454;Bonlee;NC;North Carolina;Southeast
36,21407;-79,68283;Browns Summit;NC;North Carolina;Southeast
36,09734;-80,00871;Colfax;NC;North Carolina;Southeast
35,33645;-79,63761;Eagle Springs;NC;North Carolina;Southeast
36,07821;-79,1945;Efland;NC;North Carolina;Southeast
36,21402;-79,48747;Elon;NC;North Carolina;Southeast
35,46096;-79,78784;Ether;NC;North Carolina;Southeast
36,16014;-79,58134;Gibsonville;NC;North Carolina;Southeast
35,56033;-79,35563;Goldston;NC;North Carolina;Southeast
35,96239;-79,34581;Graham;NC;North Carolina;Southeast
35,56058;-79,2725;Gulf;NC;North Carolina;Southeast
36,03401;-79,32623;Haw River;NC;North Carolina;Southeast
35,49149;-79,52624;Highfalls;NC;North Carolina;Southeast
35,95473;-79,98697;High Point;NC;North Carolina;Southeast
35,18538;-79,62689;Jackson Springs;NC;North Carolina;Southeast
36,11818;-80,07794;Kernersville;NC;North Carolina;Southeast
36,40173;-79,16679;Leasburg;NC;North Carolina;Southeast
36,11512;-79,66755;McLeansville;NC;North Carolina;Southeast
36,13749;-79,2647;Mebane;NC;North Carolina;Southeast
35,22098;-79,97685;Mount Gilead;NC;North Carolina;Southeast
35,75446;-79,19648;Pittsboro;NC;North Carolina;Southeast
35,92892;-79,75142;Pleasant Garden;NC;North Carolina;Southeast
36,29072;-79,18594;Prospect Hill;NC;North Carolina;Southeast
35,68996;-79,62366;Ramseur;NC;North Carolina;Southeast
35,83809;-79,80376;Randleman;NC;North Carolina;Southeast
36,3434;-79,6599;Reidsville;NC;North Carolina;Southeast
35,46236;-79,57249;Robbins;NC;North Carolina;Southeast
36,45542;-79,55867;Ruffin;NC;North Carolina;Southeast
35,94557;-79,31141;Saxapahaw;NC;North Carolina;Southeast
35,52467;-79,70014;Seagrove;NC;North Carolina;Southeast
36,06641;-79,6186;Sedalia;NC;North Carolina;Southeast
36,50229;-79,08892;Semora;NC;North Carolina;Southeast
35,7289;-79,43366;Siler City;NC;North Carolina;Southeast
35,89845;-79,41202;Snow Camp;NC;North Carolina;Southeast
35,65976;-80,26786;Southmont;NC;North Carolina;Southeast
35,78859;-79,5678;Staley;NC;North Carolina;Southeast
35,43991;-79,7982;Star;NC;North Carolina;Southeast
36,26844;-79,97641;Stokesdale;NC;North Carolina;Southeast
36,22723;-79,88124;Summerfield;NC;North Carolina;Southeast
35,8116;-79,99133;Trinity;NC;North Carolina;Southeast
35,25607;-79,53184;West End;NC;North Carolina;Southeast
36,03728;-79,60221;Whitsett;NC;North Carolina;Southeast
36,37653;-79,34653;Yanceyville;NC;North Carolina;Southeast
35,48684;-78,68419;Angier;NC;North Carolina;Southeast
35,72123;-78,90828;Apex;NC;North Carolina;Southeast
36,15832;-78,87757;Bahama;NC;North Carolina;Southeast
35,40875;-78,73896;Buies Creek;NC;North Carolina;Southeast
36,51253;-78,55143;Bullock;NC;North Carolina;Southeast
35,95882;-78,25105;Bunn;NC;North Carolina;Southeast
36,12889;-78,77604;Butner;NC;North Carolina;Southeast
35,91147;-79,08211;Carrboro;NC;North Carolina;Southeast
35,76324;-78,78437;Cary;NC;North Carolina;Southeast
35,96776;-79,04406;Chapel Hill;NC;North Carolina;Southeast
35,41298;-78,65847;Coats;NC;North Carolina;Southeast
36,10565;-78,67676;Creedmoor;NC;North Carolina;Southeast
35,39392;-78,37948;Four Oaks;NC;North Carolina;Southeast
36,11721;-78,46997;Franklinton;NC;North Carolina;Southeast
35,54179;-78,8274;Fuquay Varina;NC;North Carolina;Southeast
35,65048;-78,58167;Garner;NC;North Carolina;Southeast
35,6103;-78,87332;Holly Springs;NC;North Carolina;Southeast
36,26176;-79,0866;Hurdle Mills;NC;North Carolina;Southeast
35,61776;-78,1377;Kenly;NC;North Carolina;Southeast
36,20018;-78,44097;Kittrell;NC;North Carolina;Southeast
35,78513;-78,48045;Knightdale;NC;North Carolina;Southeast
35,38458;-78,86626;Lillington;NC;North Carolina;Southeast
36,10439;-78,24282;Louisburg;NC;North Carolina;Southeast
36,43339;-78,05231;Macon;NC;North Carolina;Southeast
36,48047;-78,30643;Manson;NC;North Carolina;Southeast
35,56242;-78,20353;Micro;NC;North Carolina;Southeast
35,6299;-79,0973;Moncure;NC;North Carolina;Southeast
35,64157;-78,98141;New Hill;NC;North Carolina;Southeast
36,4312;-78,23343;Norlina;NC;North Carolina;Southeast
35,51132;-78,24299;Pine Level;NC;North Carolina;Southeast
35,92151;-78,4647;Rolesville;NC;North Carolina;Southeast
36,24872;-78,88045;Rougemont;NC;North Carolina;Southeast
36,3978;-78,97476;Roxboro;NC;North Carolina;Southeast
36,20155;-78,73355;Stem;NC;North Carolina;Southeast
36,44736;-78,5691;Stovall;NC;North Carolina;Southeast
36,29723;-78,93153;Timberlake;NC;North Carolina;Southeast
36,4934;-78,44601;Townsville;NC;North Carolina;Southeast
35,98098;-78,54963;Wake Forest;NC;North Carolina;Southeast
35,55922;-78,67164;Willow Spring;NC;North Carolina;Southeast
35,58579;-78,36231;Wilsons Mills;NC;North Carolina;Southeast
35,84034;-78,30303;Zebulon;NC;North Carolina;Southeast
36,20863;-77,08861;Aulander;NC;North Carolina;Southeast
35,80915;-78,0917;Bailey;NC;North Carolina;Southeast
36,01932;-77,74085;Battleboro;NC;North Carolina;Southeast
35,58637;-76,49706;Belhaven;NC;North Carolina;Southeast
35,37987;-76,93513;Blounts Creek;NC;North Carolina;Southeast
36,10732;-78,07245;Castalia;NC;North Carolina;Southeast
35,4506;-77,0825;Chocowinity;NC;North Carolina;Southeast
36,50275;-77,01394;Como;NC;North Carolina;Southeast
35,81412;-77,45731;Conetoe;NC;North Carolina;Southeast
35,3237;-76,87392;Edward;NC;North Carolina;Southeast
35,80402;-77,83868;Elm City;NC;North Carolina;Southeast
35,55688;-76,02105;Engelhard;NC;North Carolina;Southeast
35,83527;-77,17152;Everetts;NC;North Carolina;Southeast
35,69823;-77,51224;Falkland;NC;North Carolina;Southeast
35,69272;-77,61215;Fountain;NC;North Carolina;Southeast
36,45614;-77,56574;Garysburg;NC;North Carolina;Southeast
36,51262;-77,72178;Gaston;NC;North Carolina;Southeast
35,51606;-77,20892;Grimesland;NC;North Carolina;Southeast
35,90859;-77,27632;Hassell;NC;North Carolina;Southeast
35,99332;-77,39509;Hobgood;NC;North Carolina;Southeast
36,24555;-77,94945;Hollister;NC;North Carolina;Southeast
36,18597;-77,20738;Kelford;NC;North Carolina;Southeast
36,06796;-77,20675;Lewiston Woodville;NC;North Carolina;Southeast
35,63965;-78,02739;Lucama;NC;North Carolina;Southeast
35,75288;-77,63581;Macclesfield;NC;North Carolina;Southeast
36,51716;-77,30488;Margarettsville;NC;North Carolina;Southeast
36,42171;-77,08432;Murfreesboro;NC;North Carolina;Southeast
36,00998;-77,98151;Nashville;NC;North Carolina;Southeast
35,96968;-77,27198;Oak City;NC;North Carolina;Southeast
35,67693;-76,65001;Pantego;NC;North Carolina;Southeast
35,81716;-77,31899;Parmele;NC;North Carolina;Southeast
36,49264;-77,18906;Pendleton;NC;North Carolina;Southeast
35,48739;-77,96993;Pikeville;NC;North Carolina;Southeast
35,8075;-77,64789;Pinetops;NC;North Carolina;Southeast
35,60588;-76,83244;Pinetown;NC;North Carolina;Southeast
36,51832;-77,51577;Pleasant Hill;NC;North Carolina;Southeast
36,26631;-77,31665;Rich Square;NC;North Carolina;Southeast
36,43053;-77,71828;Roanoke Rapids;NC;North Carolina;Southeast
35,81355;-77,26306;Robersonville;NC;North Carolina;Southeast
36,20096;-77,24601;Roxobel;NC;North Carolina;Southeast
35,65331;-77,77606;Saratoga;NC;North Carolina;Southeast
36,12874;-77,41037;Scotland Neck;NC;North Carolina;Southeast
36,48015;-77,40065;Seaboard;NC;North Carolina;Southeast
35,73656;-78,08912;Sims;NC;North Carolina;Southeast
35,9702;-77,44228;Speed;NC;North Carolina;Southeast
35,94222;-78,11825;Spring Hope;NC;North Carolina;Southeast
35,59141;-77,80095;Stantonsburg;NC;North Carolina;Southeast
35,70771;-77,27176;Stokes;NC;North Carolina;Southeast
35,44429;-76,23125;Swanquarter;NC;North Carolina;Southeast
35,90369;-77,52248;Tarboro;NC;North Carolina;Southeast
35,59589;-77,70448;Walstonburg;NC;North Carolina;Southeast
36,41505;-77,59194;Weldon;NC;North Carolina;Southeast
36,09968;-77,74103;Whitakers;NC;North Carolina;Southeast
35,81844;-77,06434;Williamston;NC;North Carolina;Southeast
36,29548;-76,28394;Elizabeth City;NC;North Carolina;Southeast
36,27996;-76,99281;Ahoskie;NC;North Carolina;Southeast
36,32933;-75,91996;Aydlett;NC;North Carolina;Southeast
36,36071;-75,99071;Barco;NC;North Carolina;Southeast
36,32118;-76,84837;Cofield;NC;North Carolina;Southeast
36,38852;-75,93562;Coinjock;NC;North Carolina;Southeast
36,17835;-76,83822;Colerain;NC;North Carolina;Southeast
36,51687;-76,60288;Corapeake;NC;North Carolina;Southeast
36,4131;-75,8497;Corolla;NC;North Carolina;Southeast
35,80857;-76,43579;Creswell;NC;North Carolina;Southeast
36,42407;-76,02534;Currituck;NC;North Carolina;Southeast
36,10223;-76,59414;Edenton;NC;North Carolina;Southeast
36,43026;-76,85962;Eure;NC;North Carolina;Southeast
35,24224;-75,60547;Frisco;NC;North Carolina;Southeast
36,50453;-76,77726;Gates;NC;North Carolina;Southeast
36,38422;-76,71628;Gatesville;NC;North Carolina;Southeast
36,23528;-75,87689;Grandy;NC;North Carolina;Southeast
36,09147;-75,81678;Harbinger;NC;North Carolina;Southeast
36,28785;-76,7597;Harrellsville;NC;North Carolina;Southeast
35,21432;-75,69363;Hatteras;NC;North Carolina;Southeast
36,17908;-76,41446;Hertford;NC;North Carolina;Southeast
36,35901;-76,59648;Hobbsville;NC;North Carolina;Southeast
36,20278;-75,86922;Jarvisburg;NC;North Carolina;Southeast
36,01761;-75,68663;Kill Devil Hills;NC;North Carolina;Southeast
36,10814;-75,73112;Kitty Hawk;NC;North Carolina;Southeast
36,52599;-76,00081;Knotts Island;NC;North Carolina;Southeast
35,79298;-75,8685;Manns Harbor;NC;North Carolina;Southeast
35,91056;-75,68202;Manteo;NC;North Carolina;Southeast
36,39999;-76,00115;Maple;NC;North Carolina;Southeast
36,05577;-76,76293;Merry Hill;NC;North Carolina;Southeast
36,48971;-76,15378;Moyock;NC;North Carolina;Southeast
35,88566;-75,59641;Nags Head;NC;North Carolina;Southeast
35,12593;-75,92165;Ocracoke;NC;North Carolina;Southeast
36,10074;-75,80438;Point Harbor;NC;North Carolina;Southeast
36,28404;-75,92681;Poplar Branch;NC;North Carolina;Southeast
36,13325;-75,83833;Powells Point;NC;North Carolina;Southeast
36,22232;-76,90838;Powellsville;NC;North Carolina;Southeast
35,68549;-75,49195;Rodanthe;NC;North Carolina;Southeast
36,4633;-76,80259;Roduco;NC;North Carolina;Southeast
35,87596;-76,57945;Roper;NC;North Carolina;Southeast
35,55427;-75,46986;Salvo;NC;North Carolina;Southeast
36,36448;-76,07058;Shawboro;NC;North Carolina;Southeast
36,48185;-76,34005;South Mills;NC;North Carolina;Southeast
35,66438;-75,76959;Stumpy Point;NC;North Carolina;Southeast
36,24292;-76,62161;Tyner;NC;North Carolina;Southeast
35,85602;-75,64041;Wanchese;NC;North Carolina;Southeast
35,5635;-75,46466;Waves;NC;North Carolina;Southeast
36,22085;-76,46928;Winfall;NC;North Carolina;Southeast
36,3891;-76,92816;Winton;NC;North Carolina;Southeast
35,33594;-80,20419;Albemarle;NC;North Carolina;Southeast
35,40664;-81,0926;Alexis;NC;North Carolina;Southeast
35,12169;-80,13052;Ansonville;NC;North Carolina;Southeast
35,40826;-80,10743;Badin;NC;North Carolina;Southeast
35,31729;-81,28737;Bessemer City;NC;North Carolina;Southeast
35,48458;-81,79393;Bostic;NC;North Carolina;Southeast
35,28395;-81,79396;Caroleen;NC;North Carolina;Southeast
35,52408;-81,64328;Casar;NC;North Carolina;Southeast
35,56922;-80,60321;China Grove;NC;North Carolina;Southeast
35,24347;-81,77066;Cliffside;NC;North Carolina;Southeast
35,47539;-80,89344;Cornelius;NC;North Carolina;Southeast
35,23354;-81,07925;Cramerton;NC;North Carolina;Southeast
35,42005;-81,3239;Crouse;NC;North Carolina;Southeast
35,48586;-80,79375;Davidson;NC;North Carolina;Southeast
35,6803;-80,43626;East Spencer;NC;North Carolina;Southeast
35,58747;-80,46249;Faith;NC;North Carolina;Southeast
35,22492;-81,23266;Gastonia;NC;North Carolina;Southeast
35,51859;-80,32175;Gold Hill;NC;North Carolina;Southeast
35,61326;-80,44241;Granite Quarry;NC;North Carolina;Southeast
35,19776;-81,48126;Grover;NC;North Carolina;Southeast
35,40413;-81,20284;High Shoals;NC;North Carolina;Southeast
35,40545;-80,86633;Huntersville;NC;North Carolina;Southeast
35,1132;-80,60183;Indian Trail;NC;North Carolina;Southeast
35,45269;-81,10995;Iron Station;NC;North Carolina;Southeast
35,50199;-80,67024;Kannapolis;NC;North Carolina;Southeast
35,24381;-81,37028;Kings Mountain;NC;North Carolina;Southeast
35,54437;-80,61463;Landis;NC;North Carolina;Southeast
35,3202;-81,66067;Lattimore;NC;North Carolina;Southeast
35,45987;-81,55957;Lawndale;NC;North Carolina;Southeast
34,98628;-79,93171;Lilesville;NC;North Carolina;Southeast
35,48404;-81,25391;Lincolnton;NC;North Carolina;Southeast
35,29675;-80,39327;Locust;NC;North Carolina;Southeast
35,25703;-81,07572;McAdenville;NC;North Carolina;Southeast
34,81482;-79,97663;McFarlan;NC;North Carolina;Southeast
35,0037;-80,35316;Marshville;NC;North Carolina;Southeast
35,06017;-80,69666;Matthews;NC;North Carolina;Southeast
35,48609;-80,28628;Misenheimer;NC;North Carolina;Southeast
35,23;-81,74814;Mooresboro;NC;North Carolina;Southeast
35,58001;-80,77477;Mooresville;NC;North Carolina;Southeast
34,85112;-80,01492;Morven;NC;North Carolina;Southeast
35,66061;-80,69949;Mount Ulla;NC;North Carolina;Southeast
35,23224;-80,32737;Oakboro;NC;North Carolina;Southeast
34,93468;-80,26239;Peachland;NC;North Carolina;Southeast
35,03547;-80,21412;Polkton;NC;North Carolina;Southeast
35,4206;-81,64241;Polkville;NC;North Carolina;Southeast
35,52121;-80,44193;Rockwell;NC;North Carolina;Southeast
35,34736;-81,99702;Rutherfordton;NC;North Carolina;Southeast
35,34712;-81,57502;Shelby;NC;North Carolina;Southeast
35,36064;-81,92234;Spindale;NC;North Carolina;Southeast
35,20702;-80,4285;Stanfield;NC;North Carolina;Southeast
35,68025;-80,87528;Troutman;NC;North Carolina;Southeast
35,5062;-81,95986;Union Mills;NC;North Carolina;Southeast
35,55452;-81,42228;Vale;NC;North Carolina;Southeast
35,36036;-81,42935;Waco;NC;North Carolina;Southeast
34,99263;-80,09259;Wadesboro;NC;North Carolina;Southeast
34,91532;-80,73021;Waxhaw;NC;North Carolina;Southeast
35,14154;-78,99447;Fort Liberty;NC;North Carolina;Southeast
35,17206;-79,0149;Pope Army Airfield;NC;North Carolina;Southeast
35,0176;-78,61665;Autryville;NC;North Carolina;Southeast
34,55378;-78,77456;Bladenboro;NC;North Carolina;Southeast
35,31192;-78,83842;Bunnlevel;NC;North Carolina;Southeast
35,15335;-78,10425;Calypso;NC;North Carolina;Southeast
35,2681;-78,57051;Dunn;NC;North Carolina;Southeast
35,09644;-79,75506;Ellerbe;NC;North Carolina;Southeast
35,31409;-78,72115;Erwin;NC;North Carolina;Southeast
35,11919;-78,17577;Faison;NC;North Carolina;Southeast
35,18949;-78,6499;Falcon;NC;North Carolina;Southeast
35,16506;-78,63139;Godwin;NC;North Carolina;Southeast
34,87464;-79,6716;Hamlet;NC;North Carolina;Southeast
35,04652;-79,56203;Hoffman;NC;North Carolina;Southeast
34,92691;-78,91313;Hope Mills;NC;North Carolina;Southeast
34,98206;-77,92033;Kenansville;NC;North Carolina;Southeast
35,2488;-79,32064;Lakeview;NC;North Carolina;Southeast
34,84098;-79,56102;Laurel Hill;NC;North Carolina;Southeast
34,76762;-79,45321;Laurinburg;NC;North Carolina;Southeast
35,39053;-79,19514;Lemon Springs;NC;North Carolina;Southeast
34,90606;-79,08688;Lumber Bridge;NC;North Carolina;Southeast
34,95772;-79,53384;Marston;NC;North Carolina;Southeast
34,71447;-79,32759;Maxton;NC;North Carolina;Southeast
35,22974;-78,36317;Newton Grove;NC;North Carolina;Southeast
35,16982;-79,72325;Norman;NC;North Carolina;Southeast
35,36942;-79,11331;Olivia;NC;North Carolina;Southeast
34,42184;-79,02901;Orrum;NC;North Carolina;Southeast
35,09079;-79,48522;Pinebluff;NC;North Carolina;Southeast
35,19705;-79,46009;Pinehurst;NC;North Carolina;Southeast
34,47723;-79,04337;Proctorville;NC;North Carolina;Southeast
35,052;-79,23342;Raeford;NC;North Carolina;Southeast
34,83526;-79,21282;Red Springs;NC;North Carolina;Southeast
34,85872;-79,0506;Rex;NC;North Carolina;Southeast
34,93073;-79,78252;Rockingham;NC;North Carolina;Southeast
34,97546;-78,50561;Roseboro;NC;North Carolina;Southeast
34,79687;-78,95035;Saint Pauls;NC;North Carolina;Southeast
35,04461;-78,50012;Salemburg;NC;North Carolina;Southeast
34,85889;-79,12984;Shannon;NC;North Carolina;Southeast
35,18059;-79,37566;Southern Pines;NC;North Carolina;Southeast
35,03045;-78,70009;Stedman;NC;North Carolina;Southeast
34,73467;-78,79465;Tar Heel;NC;North Carolina;Southeast
34,98205;-78,18895;Turkey;NC;North Carolina;Southeast
35,21652;-79,23777;Vass;NC;North Carolina;Southeast
35,13643;-78,73855;Wade;NC;North Carolina;Southeast
34,93948;-79,40971;Wagram;NC;North Carolina;Southeast
34,07831;-78,46087;Ash;NC;North Carolina;Southeast
34,05192;-78,20147;Bolivia;NC;North Carolina;Southeast
34,5591;-77,90253;Burgaw;NC;North Carolina;Southeast
34,03831;-77,90682;Carolina Beach;NC;North Carolina;Southeast
34,34171;-77,9011;Castle Hayne;NC;North Carolina;Southeast
34,28419;-78,93333;Cerro Gordo;NC;North Carolina;Southeast
34,31661;-78,84397;Chadbourn;NC;North Carolina;Southeast
34,48979;-78,62598;Clarkton;NC;North Carolina;Southeast
34,47154;-78,47479;Council;NC;North Carolina;Southeast
34,41007;-78,11508;Currie;NC;North Carolina;Southeast
34,26703;-78,27552;Delco;NC;North Carolina;Southeast
34,4166;-78,92221;Evergreen;NC;North Carolina;Southeast
34,29411;-79,00947;Fair Bluff;NC;North Carolina;Southeast
34,31023;-78,60106;Hallsboro;NC;North Carolina;Southeast
34,6885;-78,31798;Harrells;NC;North Carolina;Southeast
34,54199;-77,54019;Holly Ridge;NC;North Carolina;Southeast
34,49078;-78,31933;Kelly;NC;North Carolina;Southeast
33,98151;-77,92748;Kure Beach;NC;North Carolina;Southeast
34,29689;-78,51425;Lake Waccamaw;NC;North Carolina;Southeast
34,2327;-78,11503;Leland;NC;North Carolina;Southeast
34,0031;-78,55068;Longwood;NC;North Carolina;Southeast
34,6703;-77,65393;Maple Hill;NC;North Carolina;Southeast
34,11045;-78,62865;Nakina;NC;North Carolina;Southeast
34,37678;-78,29228;Riegelwood;NC;North Carolina;Southeast
34,52569;-77,41873;Sneads Ferry;NC;North Carolina;Southeast
34;-78,30497;Supply;NC;North Carolina;Southeast
34,10213;-78,78001;Tabor City;NC;North Carolina;Southeast
34,77661;-78,01854;Teachey;NC;North Carolina;Southeast
33,91227;-78,09913;Oak Island;NC;North Carolina;Southeast
33,91968;-78,58434;Calabash;NC;North Carolina;Southeast
33,90333;-78,52295;Sunset Beach;NC;North Carolina;Southeast
33,93271;-78,47159;Ocean Isle Beach;NC;North Carolina;Southeast
33,96415;-78,3987;Shallotte;NC;North Carolina;Southeast
34,29707;-78,68452;Whiteville;NC;North Carolina;Southeast
34,09488;-78,01496;Winnabow;NC;North Carolina;Southeast
34,21679;-77,79957;Wrightsville Beach;NC;North Carolina;Southeast
35,23838;-77,52658;Kinston;NC;North Carolina;Southeast
35,14524;-76,80662;Alliance;NC;North Carolina;Southeast
35,00516;-76,81171;Arapahoe;NC;North Carolina;Southeast
35,44276;-77,3897;Ayden;NC;North Carolina;Southeast
35,19285;-76,70263;Bayboro;NC;North Carolina;Southeast
34,84827;-76,61128;Beaufort;NC;North Carolina;Southeast
34,89678;-77,75569;Beulaville;NC;North Carolina;Southeast
34,95613;-76,44484;Cedar Island;NC;North Carolina;Southeast
34,82136;-77,73684;Chinquapin;NC;North Carolina;Southeast
35,20662;-77,29541;Cove City;NC;North Carolina;Southeast
35,1241;-77,68987;Deep Run;NC;North Carolina;Southeast
35,26396;-77,01568;Ernul;NC;North Carolina;Southeast
35,12237;-76,86848;Grantsboro;NC;North Carolina;Southeast
35,372;-77,41579;Grifton;NC;North Carolina;Southeast
34,70015;-76,56116;Harkers Island;NC;North Carolina;Southeast
34,88857;-76,90872;Havelock;NC;North Carolina;Southeast
34,90167;-76,89955;Cherry Point;NC;North Carolina;Southeast
35,25558;-76,55912;Hobucken;NC;North Carolina;Southeast
35,41769;-77,56366;Hookerton;NC;North Carolina;Southeast
34,6891;-77,23615;Hubert;NC;North Carolina;Southeast
34,72992;-77,46198;Camp Lejeune;NC;North Carolina;Southeast
34,73263;-77,39825;Tarawa Terrace;NC;North Carolina;Southeast
34,70853;-77,31562;Midway Park;NC;North Carolina;Southeast
35,32204;-77,78087;La Grange;NC;North Carolina;Southeast
35,29281;-76,54382;Lowland;NC;North Carolina;Southeast
34,73217;-76,51335;Marshallberg;NC;North Carolina;Southeast
35,47569;-77,5926;Maury;NC;North Carolina;Southeast
35,12233;-76,66904;Merritt;NC;North Carolina;Southeast
34,74064;-76,74566;Morehead City;NC;North Carolina;Southeast
35,13354;-76,97575;New Bern;NC;North Carolina;Southeast
35,05679;-76,72311;Oriental;NC;North Carolina;Southeast
35,02256;-77,72637;Pink Hill;NC;North Carolina;Southeast
34,97997;-77,19794;Pollocksville;NC;North Carolina;Southeast
34,68833;-76,88129;Salter Path;NC;North Carolina;Southeast
34,91494;-76,40769;Sealevel;NC;North Carolina;Southeast
35,20017;-77,86332;Seven Springs;NC;North Carolina;Southeast
34,84992;-76,43341;Stacy;NC;North Carolina;Southeast
34,7613;-77,14507;Stella;NC;North Carolina;Southeast
34,72632;-77,10002;Swansboro;NC;North Carolina;Southeast
35,18714;-76,66783;Vandemere;NC;North Carolina;Southeast
35,52046;-77,41651;Winterville;NC;North Carolina;Southeast
34,66486;-77,02918;Emerald Isle;NC;North Carolina;Southeast
36,17701;-81,84745;Banner Elk;NC;North Carolina;Southeast
36,13454;-81,70218;Blowing Rock;NC;North Carolina;Southeast
36,21547;-81,64427;Boone;NC;North Carolina;Southeast
36,00608;-81,73699;Collettsville;NC;North Carolina;Southeast
35,6641;-81,53619;Connelly Springs;NC;North Carolina;Southeast
35,73978;-81,20897;Conover;NC;North Carolina;Southeast
36,02138;-81,93021;Crossnore;NC;North Carolina;Southeast
36,48433;-81,38264;Crumpler;NC;North Carolina;Southeast
36,20888;-81,51291;Deep Gap;NC;North Carolina;Southeast
35,76013;-81,60674;Drexel;NC;North Carolina;Southeast
36,30863;-80,83612;Elkin;NC;North Carolina;Southeast
36,19492;-81,94899;Elk Park;NC;North Carolina;Southeast
36,53088;-80,97185;Ennice;NC;North Carolina;Southeast
36,11971;-81,41327;Ferguson;NC;North Carolina;Southeast
35,86487;-80,88709;Statesville;NC;North Carolina;Southeast
36,4528;-81,01294;Glade Valley;NC;North Carolina;Southeast
35,72914;-81,77826;Glen Alpine;NC;North Carolina;Southeast
36,34196;-81,36423;Glendale Springs;NC;North Carolina;Southeast
35,82771;-81,41998;Granite Falls;NC;North Carolina;Southeast
36,55218;-81,40994;Grassy Creek;NC;North Carolina;Southeast
36,33297;-81,12603;Hays;NC;North Carolina;Southeast
35,94241;-81,06589;Hiddenite;NC;North Carolina;Southeast
35,71768;-81,41939;Hildebran;NC;North Carolina;Southeast
35,97902;-81,89684;Jonas Ridge;NC;North Carolina;Southeast
36,43134;-81,26758;Laurel Springs;NC;North Carolina;Southeast
35,97778;-81,54371;Lenoir;NC;North Carolina;Southeast
36,33198;-81,20326;McGrady;NC;North Carolina;Southeast
35,57347;-81,15668;Maiden;NC;North Carolina;Southeast
36,27241;-81,28496;Millers Creek;NC;North Carolina;Southeast
36,08969;-81,98656;Minneapolis;NC;North Carolina;Southeast
36,06338;-81,15003;Moravian Falls;NC;North Carolina;Southeast
35,75578;-81,74212;Morganton;NC;North Carolina;Southeast
36,02833;-81,93977;Newland;NC;North Carolina;Southeast
36,16647;-81,07913;North Wilkesboro;NC;North Carolina;Southeast
35,9689;-80,85785;Olin;NC;North Carolina;Southeast
36,02237;-81,89171;Pineola;NC;North Carolina;Southeast
36,53477;-81,30063;Piney Creek;NC;North Carolina;Southeast
36,04249;-82,00596;Plumtree;NC;North Carolina;Southeast
36,20969;-81,37392;Purlear;NC;North Carolina;Southeast
35,71864;-81,47057;Icard;NC;North Carolina;Southeast
35,77423;-81,42793;Rhodhiss;NC;North Carolina;Southeast
36,40698;-80,99024;Roaring Gap;NC;North Carolina;Southeast
36,22538;-80,99443;Roaring River;NC;North Carolina;Southeast
36,19508;-80,92282;Ronda;NC;North Carolina;Southeast
35,7502;-81,52668;Rutherford College;NC;North Carolina;Southeast
36,48381;-81,32735;Scottville;NC;North Carolina;Southeast
35,60704;-80,99817;Sherrills Ford;NC;North Carolina;Southeast
36,3283;-80,85722;State Road;NC;North Carolina;Southeast
35,92185;-81,22151;Taylorsville;NC;North Carolina;Southeast
35,5838;-80,96369;Terrell;NC;North Carolina;Southeast
36,34729;-81,04097;Traphill;NC;North Carolina;Southeast
36,04319;-80,93345;Union Grove;NC;North Carolina;Southeast
35,73237;-81,5739;Valdese;NC;North Carolina;Southeast
36,28023;-81,79259;Vilas;NC;North Carolina;Southeast
36,46622;-81,55434;Warrensville;NC;North Carolina;Southeast
36,36197;-81,47465;West Jefferson;NC;North Carolina;Southeast
36,13666;-81,16317;Wilkesboro;NC;North Carolina;Southeast
36,344;-81,73604;Zionville;NC;North Carolina;Southeast
36,04349;-82,1573;Bakersville;NC;North Carolina;Southeast
35,39873;-83,0662;Balsam;NC;North Carolina;Southeast
35,27105;-82,85979;Balsam Grove;NC;North Carolina;Southeast
35,76321;-82,40428;Barnardsville;NC;North Carolina;Southeast
35,45683;-82,27971;Bat Cave;NC;North Carolina;Southeast
35,59666;-82,28767;Black Mountain;NC;North Carolina;Southeast
35,17324;-82,76711;Brevard;NC;North Carolina;Southeast
35,3697;-83,50559;Bryson City;NC;North Carolina;Southeast
35,51247;-82,71196;Candler;NC;North Carolina;Southeast
35,07131;-83,09458;Cashiers;NC;North Carolina;Southeast
35,16614;-82,63108;Cedar Mountain;NC;North Carolina;Southeast
35,53223;-83,47056;Cherokee;NC;North Carolina;Southeast
35,42766;-82,25145;Chimney Rock;NC;North Carolina;Southeast
35,27776;-83,12195;Cullowhee;NC;North Carolina;Southeast
35,37631;-83,26411;Dillsboro;NC;North Carolina;Southeast
35,282;-82,41752;East Flat Rock;NC;North Carolina;Southeast
35,31961;-82,60283;Etowah;NC;North Carolina;Southeast
35,28905;-82,37796;Flat Rock;NC;North Carolina;Southeast
35,44667;-82,46577;Fletcher;NC;North Carolina;Southeast
35,43536;-83,78403;Fontana Dam;NC;North Carolina;Southeast
35,47544;-82,3485;Gerton;NC;North Carolina;Southeast
35,2719;-82,5419;Hendersonville;NC;North Carolina;Southeast
36,04118;-82,30287;Green Mountain;NC;North Carolina;Southeast
35,39486;-82,65436;Horse Shoe;NC;North Carolina;Southeast
35,52524;-82,97152;Lake Junaluska;NC;North Carolina;Southeast
35,461;-82,16779;Lake Lure;NC;North Carolina;Southeast
35,15185;-82,9249;Lake Toxaway;NC;North Carolina;Southeast
35,84098;-82,09797;Little Switzerland;NC;North Carolina;Southeast
35,50547;-83,11955;Maggie Valley;NC;North Carolina;Southeast
35,90825;-82,21756;Micaville;NC;North Carolina;Southeast
35,34256;-82,18219;Mill Spring;NC;North Carolina;Southeast
35,64781;-82,30006;Montreat;NC;North Carolina;Southeast
35,37489;-82,49569;Mountain Home;NC;North Carolina;Southeast
35,38348;-82,58431;Mills River;NC;North Carolina;Southeast
35,63517;-82,18929;Old Fort;NC;North Carolina;Southeast
35,03796;-83,43215;Otto;NC;North Carolina;Southeast
35,24945;-82,61923;Penrose;NC;North Carolina;Southeast
35,30437;-82,70925;Pisgah Forest;NC;North Carolina;Southeast
35,62104;-82,2782;Ridgecrest;NC;North Carolina;Southeast
35,13927;-82,83709;Rosman;NC;North Carolina;Southeast
35,08976;-82,99791;Sapphire;NC;North Carolina;Southeast
35,01916;-83,32186;Scaly Mountain;NC;North Carolina;Southeast
35,90833;-82,06617;Spruce Pine;NC;North Carolina;Southeast
35,61667;-82,40768;Swannanoa;NC;North Carolina;Southeast
35,3558;-83,20962;Sylva;NC;North Carolina;Southeast
35,23569;-82,1519;Tryon;NC;North Carolina;Southeast
35,24906;-83,02;Tuckasegee;NC;North Carolina;Southeast
35,64632;-83,08952;Waynesville;NC;North Carolina;Southeast
35,72795;-82,52306;Weaverville;NC;North Carolina;Southeast
35,4077;-83,31727;Whittier;NC;North Carolina;Southeast
35,20036;-82,49507;Zirconia;NC;North Carolina;Southeast
35,59441;-82,55785;Asheville;NC;North Carolina;Southeast
35,20127;-83,80506;Andrews;NC;North Carolina;Southeast
35,02503;-83,9571;Brasstown;NC;North Carolina;Southeast
35,06185;-83,73041;Hayesville;NC;North Carolina;Southeast
35,11873;-84,13343;Murphy;NC;North Carolina;Southeast
35,00125;-83,90319;Warne;NC;North Carolina;Southeast
33,78528;-80,17338;Alcolu;SC;South Carolina;Southeast
33,24135;-81,01838;Bamberg;SC;South Carolina;Southeast
33,87673;-81,55294;Batesburg;SC;South Carolina;Southeast
34,44097;-80,37642;Bethune;SC;South Carolina;Southeast
34,54368;-81,13553;Blackstock;SC;South Carolina;Southeast
34,20367;-80,99296;Blythewood;SC;South Carolina;Southeast
33,34619;-80,64373;Bowman;SC;South Carolina;Southeast
34,34002;-80,44374;Cassatt;SC;South Carolina;Southeast
33,9552;-81,05691;Cayce;SC;South Carolina;Southeast
34,13396;-81,33622;Chapin;SC;South Carolina;Southeast
34,18961;-81,86868;Chappells;SC;South Carolina;Southeast
33,37494;-80,98095;Cope;SC;South Carolina;Southeast
34,06253;-80,43455;Dalzell;SC;South Carolina;Southeast
33,93437;-80,69446;Eastover;SC;South Carolina;Southeast
34,18389;-80,8141;Elgin;SC;South Carolina;Southeast
34,11252;-80,16131;Elliott;SC;South Carolina;Southeast
33,53218;-80,57956;Elloree;SC;South Carolina;Southeast
33,39057;-80,29702;Eutawville;SC;South Carolina;Southeast
33,8669;-80,12231;Gable;SC;South Carolina;Southeast
33,81036;-80,73832;Gadsden;SC;South Carolina;Southeast
33,60798;-79,99473;Greeleyville;SC;South Carolina;Southeast
34,56297;-80,73473;Heath Springs;SC;South Carolina;Southeast
33,32853;-80,41891;Holly Hill;SC;South Carolina;Southeast
33,89923;-80,84955;Hopkins;SC;South Carolina;Southeast
33,99818;-80,60785;Horatio;SC;South Carolina;Southeast
34,13948;-81,20457;Irmo;SC;South Carolina;Southeast
34,29495;-81,29239;Jenkinsville;SC;South Carolina;Southeast
34,54976;-80,53268;Kershaw;SC;South Carolina;Southeast
33,91742;-81,45517;Leesville;SC;South Carolina;Southeast
34,4512;-80,8144;Liberty Hill;SC;South Carolina;Southeast
34,19985;-81,37581;Little Mountain;SC;South Carolina;Southeast
34,18162;-80,6994;Lugoff;SC;South Carolina;Southeast
34,289;-80,11318;Lydia;SC;South Carolina;Southeast
33,09161;-81,0426;Ehrhardt;SC;South Carolina;Southeast
33,04012;-80,93868;Lodge;SC;South Carolina;Southeast
34,47798;-80,24038;McBee;SC;South Carolina;Southeast
33,6437;-80,19225;Manning;SC;South Carolina;Southeast
33,99524;-80,21373;Mayesville;SC;South Carolina;Southeast
33,80764;-81,59047;Monetta;SC;South Carolina;Southeast
33,52348;-81,11856;Neeses;SC;South Carolina;Southeast
34,29805;-81,62433;Newberry;SC;South Carolina;Southeast
33,78648;-80,01433;New Zion;SC;South Carolina;Southeast
34,24015;-81,32532;Peak;SC;South Carolina;Southeast
33,76563;-81,25844;Pelion;SC;South Carolina;Southeast
33,70165;-80,47434;Pinewood;SC;South Carolina;Southeast
34,32195;-81,41932;Pomaria;SC;South Carolina;Southeast
34,0963;-80,53268;Rembert;SC;South Carolina;Southeast
33,79236;-81,66823;Ridge Spring;SC;South Carolina;Southeast
33,35726;-80,80698;Rowesville;SC;South Carolina;Southeast
33,68834;-80,7875;Saint Matthews;SC;South Carolina;Southeast
33,59626;-81,32226;Salley;SC;South Carolina;Southeast
33,46491;-80,52329;Santee;SC;South Carolina;Southeast
34,21905;-81,77453;Silverstreet;SC;South Carolina;Southeast
33,53731;-80,34386;Summerton;SC;South Carolina;Southeast
33,87621;-80,35609;Sumter;SC;South Carolina;Southeast
33,97517;-80,47019;Shaw Afb;SC;South Carolina;Southeast
34,10532;-79,94143;Timmonsville;SC;South Carolina;Southeast
33,88751;-80,00865;Turbeville;SC;South Carolina;Southeast
33,42019;-80,43918;Vance;SC;South Carolina;Southeast
33,65699;-81,42586;Wagener;SC;South Carolina;Southeast
33,90102;-81,71304;Ward;SC;South Carolina;Southeast
33,84848;-80,54483;Wedgefield;SC;South Carolina;Southeast
34,1405;-81,2675;White Rock;SC;South Carolina;Southeast
34,4992;-81,5961;Whitmire;SC;South Carolina;Southeast
34,36472;-81,09821;Winnsboro;SC;South Carolina;Southeast
34,93516;-82,01301;Spartanburg;SC;South Carolina;Southeast
35,12254;-82,13157;Campobello;SC;South Carolina;Southeast
35,12911;-81,90902;Chesnee;SC;South Carolina;Southeast
34,99262;-81,83682;Converse;SC;South Carolina;Southeast
35,05362;-81,80463;Cowpens;SC;South Carolina;Southeast
34,64351;-81,85836;Cross Anchor;SC;South Carolina;Southeast
34,28329;-81,97292;Cross Hill;SC;South Carolina;Southeast
34,97092;-81,91069;Drayton;SC;South Carolina;Southeast
34,90372;-82,12526;Duncan;SC;South Carolina;Southeast
34,65714;-81,90035;Enoree;SC;South Carolina;Southeast
35,13444;-82,00172;Fingerville;SC;South Carolina;Southeast
34,98225;-81,59427;Gaffney;SC;South Carolina;Southeast
35,07045;-82,0688;Inman;SC;South Carolina;Southeast
34,42177;-81,80967;Joanna;SC;South Carolina;Southeast
34,37012;-81,75894;Kinards;SC;South Carolina;Southeast
35,14411;-82,26187;Landrum;SC;South Carolina;Southeast
34,78846;-81,46202;Lockhart;SC;South Carolina;Southeast
34,98079;-82,16869;Lyman;SC;South Carolina;Southeast
35,08262;-81,86281;Mayo;SC;South Carolina;Southeast
34,86535;-82,02207;Moore;SC;South Carolina;Southeast
34,9059;-81,70878;Pacolet;SC;South Carolina;Southeast
34,92442;-81,74276;Pacolet Mills;SC;South Carolina;Southeast
34,7861;-81,84854;Pauline;SC;South Carolina;Southeast
34,86049;-82,11386;Reidville;SC;South Carolina;Southeast
34,81564;-81,94921;Roebuck;SC;South Carolina;Southeast
34,93036;-82,0971;Startex;SC;South Carolina;Southeast
34,96684;-81,96857;Una;SC;South Carolina;Southeast
34,97623;-82,1024;Wellford;SC;South Carolina;Southeast
34,76292;-82,04299;Woodruff;SC;South Carolina;Southeast
32,89783;-80,05246;Charleston Afb;SC;South Carolina;Southeast
32,85207;-79,97903;North Charleston;SC;South Carolina;Southeast
32,93258;-80,0056;Hanahan;SC;South Carolina;Southeast
32,79275;-80,37023;Adams Run;SC;South Carolina;Southeast
32,98699;-79,68011;Awendaw;SC;South Carolina;Southeast
33,27708;-79,87711;Bonneau;SC;South Carolina;Southeast
33,14027;-79,8453;Cordesville;SC;South Carolina;Southeast
33,31658;-80,18457;Cross;SC;South Carolina;Southeast
32,5722;-80,31893;Edisto Island;SC;South Carolina;Southeast
32,66636;-79,92902;Folly Beach;SC;South Carolina;Southeast
32,9976;-79,98757;Goose Creek;SC;South Carolina;Southeast
32,6281;-80,54028;Green Pond;SC;South Carolina;Southeast
33,24062;-80,44639;Harleyville;SC;South Carolina;Southeast
33,08731;-79,77164;Huger;SC;South Carolina;Southeast
32,81633;-79,75266;Isle Of Palms;SC;South Carolina;Southeast
32,6997;-80,46998;Jacksonboro;SC;South Carolina;Southeast
32,68581;-80,08604;Johns Island;SC;South Carolina;Southeast
32,98433;-80,11206;Ladson;SC;South Carolina;Southeast
33,11922;-79,4872;McClellanville;SC;South Carolina;Southeast
33,17009;-80,00773;Moncks Corner;SC;South Carolina;Southeast
33,24366;-80,13106;Pinopolis;SC;South Carolina;Southeast
32,81904;-80,23855;Ravenel;SC;South Carolina;Southeast
33,18714;-80,66955;Reevesville;SC;South Carolina;Southeast
33,05379;-80,31928;Ridgeville;SC;South Carolina;Southeast
32,90833;-80,52448;Round O;SC;South Carolina;Southeast
33,16626;-80,57176;Saint George;SC;South Carolina;Southeast
33,3808;-79,89499;Saint Stephen;SC;South Carolina;Southeast
33,11382;-80,80301;Smoaks;SC;South Carolina;Southeast
32,76845;-79,83556;Sullivans Island;SC;South Carolina;Southeast
32,65691;-80,18476;Wadmalaw Island;SC;South Carolina;Southeast
32,90664;-80,67458;Walterboro;SC;South Carolina;Southeast
33,04536;-80,84276;Williams;SC;South Carolina;Southeast
33,97519;-79,11043;Aynor;SC;South Carolina;Southeast
34,62733;-79,71091;Bennettsville;SC;South Carolina;Southeast
34,44323;-79,62414;Blenheim;SC;South Carolina;Southeast
33,7892;-79,84851;Cades;SC;South Carolina;Southeast
34,01622;-79,36048;Centenary;SC;South Carolina;Southeast
34,68083;-79,92601;Cheraw;SC;South Carolina;Southeast
34,5722;-79,53327;Clio;SC;South Carolina;Southeast
33,98984;-79,74222;Coward;SC;South Carolina;Southeast
34,41911;-79,37241;Dillon;SC;South Carolina;Southeast
34,00067;-79,21083;Galivants Ferry;SC;South Carolina;Southeast
34,16175;-78,96635;Green Sea;SC;South Carolina;Southeast
33,89001;-79,35151;Gresham;SC;South Carolina;Southeast
34,48684;-79,33243;Hamer;SC;South Carolina;Southeast
34,39309;-80,07595;Hartsville;SC;South Carolina;Southeast
33,69879;-79,38816;Hemingway;SC;South Carolina;Southeast
33,66849;-79,76403;Kingstree;SC;South Carolina;Southeast
33,47686;-79,85522;Lane;SC;South Carolina;Southeast
34,35841;-79,50457;Latta;SC;South Carolina;Southeast
33,8821;-78,65906;Little River;SC;South Carolina;Southeast
34,55325;-79,42649;Little Rock;SC;South Carolina;Southeast
33,90815;-78,75455;Longs;SC;South Carolina;Southeast
34,0326;-78,90359;Loris;SC;South Carolina;Southeast
34,67495;-79,5624;McColl;SC;South Carolina;Southeast
33,76798;-78,79279;Myrtle Beach;SC;South Carolina;Southeast
34,17134;-79,26695;Mullins;SC;South Carolina;Southeast
33,56952;-79,05076;Murrells Inlet;SC;South Carolina;Southeast
33,65827;-79,56164;Nesmith;SC;South Carolina;Southeast
33,83423;-78,66049;North Myrtle Beach;SC;South Carolina;Southeast
33,9724;-79,57045;Pamplico;SC;South Carolina;Southeast
34,5764;-80,05419;Patrick;SC;South Carolina;Southeast
33,50537;-79,13557;Pawleys Island;SC;South Carolina;Southeast
34,10037;-79,32015;Rains;SC;South Carolina;Southeast
33,55892;-79,84784;Salters;SC;South Carolina;Southeast
34,26941;-79,47704;Sellers;SC;South Carolina;Southeast
34,49462;-79,85429;Society Hill;SC;South Carolina;Southeast
34,64017;-79,57728;Tatum;SC;South Carolina;Southeast
34,1813;-82,42804;Abbeville;SC;South Carolina;Southeast
34,50598;-82,60328;Anderson;SC;South Carolina;Southeast
34,51807;-82,47861;Belton;SC;South Carolina;Southeast
34,09253;-82,55821;Calhoun Falls;SC;South Carolina;Southeast
34,73882;-82,79646;Central;SC;South Carolina;Southeast
34,68133;-82,81716;Clemson;SC;South Carolina;Southeast
34,36087;-82,3346;Donalds;SC;South Carolina;Southeast
34,31402;-82,4205;Due West;SC;South Carolina;Southeast
34,88706;-82,57725;Easley;SC;South Carolina;Southeast
34,50506;-82,97441;Fair Play;SC;South Carolina;Southeast
34,66864;-82,19714;Fountain Inn;SC;South Carolina;Southeast
34,59453;-82,12375;Gray Court;SC;South Carolina;Southeast
34,89805;-82,25826;Greer;SC;South Carolina;Southeast
34,30028;-82,23173;Hodges;SC;South Carolina;Southeast
34,46621;-82,36354;Honea Path;SC;South Carolina;Southeast
34,267;-82,64032;Iva;SC;South Carolina;Southeast
34,76191;-83,29858;Long Creek;SC;South Carolina;Southeast
34,21167;-82,64535;Lowndesville;SC;South Carolina;Southeast
34,77837;-82,30557;Mauldin;SC;South Carolina;Southeast
34,86393;-83,15991;Mountain Rest;SC;South Carolina;Southeast
34,12345;-81,99121;Ninety Six;SC;South Carolina;Southeast
34,76446;-82,75655;Norris;SC;South Carolina;Southeast
34,6405;-82,41495;Pelzer;SC;South Carolina;Southeast
34,69011;-82,29073;Simpsonville;SC;South Carolina;Southeast
34,83295;-82,84701;Six Mile;SC;South Carolina;Southeast
35,03032;-82,49306;Slater;SC;South Carolina;Southeast
34,3791;-82,72722;Starr;SC;South Carolina;Southeast
34,92858;-83,04541;Tamassee;SC;South Carolina;Southeast
34,9855;-82,32833;Taylors;SC;South Carolina;Southeast
35,06008;-82,42136;Travelers Rest;SC;South Carolina;Southeast
34,78547;-83,07669;Walhalla;SC;South Carolina;Southeast
34,42142;-82,22208;Ware Shoals;SC;South Carolina;Southeast
34,98148;-80,85669;Fort Mill;SC;South Carolina;Southeast
34,79439;-80,98398;Edgemoor;SC;South Carolina;Southeast
34,71171;-80,9145;Fort Lawn;SC;South Carolina;Southeast
34,95119;-81,44304;Hickory Grove;SC;South Carolina;Southeast
34,77503;-81,01248;Lando;SC;South Carolina;Southeast
34,85738;-81,23223;McConnells;SC;South Carolina;Southeast
34,71566;-80,2684;Mount Croghan;SC;South Carolina;Southeast
34,76831;-80,40445;Pageland;SC;South Carolina;Southeast
33,58675;-81,69701;Aiken;SC;South Carolina;Southeast
33,41653;-81,6889;New Ellenton;SC;South Carolina;Southeast
33,21185;-81,37911;Barnwell;SC;South Carolina;Southeast
33,36989;-81,27096;Blackville;SC;South Carolina;Southeast
33,64242;-82,11667;Clarks Hill;SC;South Carolina;Southeast
33,81647;-81,99666;Edgefield;SC;South Carolina;Southeast
33,383;-81,36697;Elko;SC;South Carolina;Southeast
33,52299;-81,82891;Gloverville;SC;South Carolina;Southeast
33,5178;-81,84216;Langley;SC;South Carolina;Southeast
33,91779;-82,29559;McCormick;SC;South Carolina;Southeast
33,73452;-82,1667;Modoc;SC;South Carolina;Southeast
33,52508;-81,93954;North Augusta;SC;South Carolina;Southeast
33,44559;-81,8645;Beech Island;SC;South Carolina;Southeast
33,18385;-81,18218;Olar;SC;South Carolina;Southeast
33,8231;-82,20788;Plum Branch;SC;South Carolina;Southeast
33,10168;-81,23641;Ulmer;SC;South Carolina;Southeast
33,51098;-81,81597;Warrenville;SC;South Carolina;Southeast
32,35383;-80,69537;Parris Island;SC;South Carolina;Southeast
32,34042;-80,85465;Okatie;SC;South Carolina;Southeast
32,2204;-80,88277;Bluffton;SC;South Carolina;Southeast
32,9327;-81,14536;Brunson;SC;South Carolina;Southeast
32,58262;-80,93102;Coosawhatchie;SC;South Carolina;Southeast
32,11464;-80,86892;Daufuskie Island;SC;South Carolina;Southeast
32,72863;-80,95708;Early Branch;SC;South Carolina;Southeast
32,74461;-81,24899;Estill;SC;South Carolina;Southeast
32,36441;-80,54946;Saint Helena Island;SC;South Carolina;Southeast
32,68664;-81,18011;Furman;SC;South Carolina;Southeast
32,59632;-81,27407;Garnett;SC;South Carolina;Southeast
32,22936;-80,74931;Hilton Head Island;SC;South Carolina;Southeast
32,24343;-81,04971;Hardeeville;SC;South Carolina;Southeast
32,93805;-80,9434;Islandton;SC;South Carolina;Southeast
32,59651;-81,11245;Pineland;SC;South Carolina;Southeast
32,48475;-80,96766;Ridgeland;SC;South Carolina;Southeast
32,68127;-81,24538;Scotia;SC;South Carolina;Southeast
32,4821;-81,14952;Tillman;SC;South Carolina;Southeast
32,79129;-81,03409;Varnville;SC;South Carolina;Southeast
32,68694;-80,80912;Yemassee;SC;South Carolina;Southeast
33,77309;-84,26093;Avondale Estates;GA;Georgia;Southeast
34,14352;-84,29926;Alpharetta;GA;Georgia;Southeast
33,71739;-83,99913;Conyers;GA;Georgia;Southeast
33,88939;-83,96348;Grayson;GA;Georgia;Southeast
33,71737;-83,80034;Jersey;GA;Georgia;Southeast
33,97642;-83,88252;Dacula;GA;Georgia;Southeast
33,80803;-84,23909;Clarkston;GA;Georgia;Southeast
34,06341;-84,09116;Suwanee;GA;Georgia;Southeast
33,65689;-83,69869;Social Circle;GA;Georgia;Southeast
34,28928;-84,17985;Cumming;GA;Georgia;Southeast
33,7721;-84,29135;Decatur;GA;Georgia;Southeast
33,67078;-84,14209;Lithonia;GA;Georgia;Southeast
33,79871;-84,03414;Snellville;GA;Georgia;Southeast
33,87104;-84,11304;Lilburn;GA;Georgia;Southeast
33,49496;-83,65068;Newborn;GA;Georgia;Southeast
33,5733;-83,89546;Porterdale;GA;Georgia;Southeast
33,93977;-84,20561;Norcross;GA;Georgia;Southeast
33,79115;-84,20598;Pine Lake;GA;Georgia;Southeast
34,05282;-84,38739;Roswell;GA;Georgia;Southeast
33,79641;-84,19231;Stone Mountain;GA;Georgia;Southeast
33,85457;-84,21657;Tucker;GA;Georgia;Southeast
33,97145;-84,23537;Peachtree Corners;GA;Georgia;Southeast
33,97691;-84,14791;Duluth;GA;Georgia;Southeast
34,36457;-84,92014;Adairsville;GA;Georgia;Southeast
34,0879;-85,06982;Aragon;GA;Georgia;Southeast
34,47012;-85,15532;Armuchee;GA;Georgia;Southeast
33,83476;-84,62947;Austell;GA;Georgia;Southeast
34,3352;-84,34744;Ball Ground;GA;Georgia;Southeast
33,53172;-85,26242;Bowdon;GA;Georgia;Southeast
33,8318;-84,65499;Clarkdale;GA;Georgia;Southeast
33,76329;-84,6386;Lithia Springs;GA;Georgia;Southeast
34,12872;-85,35589;Cave Spring;GA;Georgia;Southeast
34,00067;-85,27331;Cedartown;GA;Georgia;Southeast
33,81588;-84,55171;Mableton;GA;Georgia;Southeast
33,87647;-84,69648;Powder Springs;GA;Georgia;Southeast
33,77436;-84,78241;Douglasville;GA;Georgia;Southeast
34,43346;-84,70575;Fairmount;GA;Georgia;Southeast
34,03672;-84,59174;Kennesaw;GA;Georgia;Southeast
34,13751;-85,21877;Lindale;GA;Georgia;Southeast
34,46009;-84,2648;Marble Hill;GA;Georgia;Southeast
34,31107;-85,21691;Mount Berry;GA;Georgia;Southeast
33,96678;-85,05425;Rockmart;GA;Georgia;Southeast
33,43065;-85,16821;Roopville;GA;Georgia;Southeast
34,36122;-84,73584;Rydal;GA;Georgia;Southeast
34,54239;-84,52793;Talking Rock;GA;Georgia;Southeast
33,76972;-85,30398;Tallapoosa;GA;Georgia;Southeast
34,40705;-84,37401;Tate;GA;Georgia;Southeast
33,72018;-84,91956;Villa Rica;GA;Georgia;Southeast
34,33854;-84,59762;Waleska;GA;Georgia;Southeast
33,51975;-84,90879;Whitesburg;GA;Georgia;Southeast
33,65736;-84,85454;Winston;GA;Georgia;Southeast
33,59113;-84,6333;Fairburn;GA;Georgia;Southeast
33,23951;-83,88162;Flovilla;GA;Georgia;Southeast
33,28635;-84,28012;Griffin;GA;Georgia;Southeast
33,22791;-84,57033;Haralson;GA;Georgia;Southeast
33,16699;-84,92071;Hogansville;GA;Georgia;Southeast
33,33001;-84,02617;Jenkinsburg;GA;Georgia;Southeast
33,43473;-84,30603;Lovejoy;GA;Georgia;Southeast
33,18871;-84,69983;Luthersville;GA;Georgia;Southeast
33,01654;-84,31515;Meansville;GA;Georgia;Southeast
33,14218;-84,18606;Milner;GA;Georgia;Southeast
32,99278;-84,47024;Molena;GA;Georgia;Southeast
33,26522;-84,74073;Moreland;GA;Georgia;Southeast
33,5862;-84,33046;Morrow;GA;Georgia;Southeast
33,38852;-84,85911;Newnan;GA;Georgia;Southeast
33,54357;-84,72262;Palmetto;GA;Georgia;Southeast
33,39375;-84,56974;Peachtree City;GA;Georgia;Southeast
33,43066;-84,86798;Sargent;GA;Georgia;Southeast
33,26552;-84,582;Senoia;GA;Georgia;Southeast
33,34032;-84,28858;Sunny Side;GA;Georgia;Southeast
32,98647;-84,25255;The Rock;GA;Georgia;Southeast
33,65502;-84,32813;Conley;GA;Georgia;Southeast
33,6371;-84,26289;Ellenwood;GA;Georgia;Southeast
33,61511;-84,37145;Forest Park;GA;Georgia;Southeast
32,604;-82,34825;Swainsboro;GA;Georgia;Southeast
32,18655;-82,51767;Ailey;GA;Georgia;Southeast
32,1254;-82,79362;Alamo;GA;Georgia;Southeast
32,07973;-82,48643;Alston;GA;Georgia;Southeast
32,15618;-81,98522;Bellville;GA;Georgia;Southeast
32,32773;-81,6008;Brooklet;GA;Georgia;Southeast
32,16953;-81,91978;Claxton;GA;Georgia;Southeast
32,30363;-82,12958;Cobbtown;GA;Georgia;Southeast
32,14601;-81,82301;Daisy;GA;Georgia;Southeast
31,92271;-81,96622;Glennville;GA;Georgia;Southeast
32,15897;-81,93714;Hagan;GA;Georgia;Southeast
33,02867;-82,3727;Louisville;GA;Georgia;Southeast
32,4169;-82,07112;Metter;GA;Georgia;Southeast
32,81467;-82,23682;Midville;GA;Georgia;Southeast
32,81677;-81,97549;Millen;GA;Georgia;Southeast
32,48754;-82,36444;Nunez;GA;Georgia;Southeast
32,55964;-81,93322;Portal;GA;Georgia;Southeast
32,31706;-81,89417;Register;GA;Georgia;Southeast
32,43857;-82,73421;Rockledge;GA;Georgia;Southeast
32,70111;-81,80652;Rocky Ford;GA;Georgia;Southeast
32,98137;-81,79246;Sardis;GA;Georgia;Southeast
32,39852;-82,56498;Soperton;GA;Georgia;Southeast
32,39732;-81,82694;Statesboro;GA;Georgia;Southeast
32,43509;-82,22186;Stillmore;GA;Georgia;Southeast
32,75114;-81,60468;Sylvania;GA;Georgia;Southeast
32,53816;-82,18563;Twin City;GA;Georgia;Southeast
32,01613;-82,47198;Uvalda;GA;Georgia;Southeast
32,22393;-82,41381;Vidalia;GA;Georgia;Southeast
32,86279;-82,3979;Wadley;GA;Georgia;Southeast
34,44194;-83,58446;Alto;GA;Georgia;Southeast
34,37535;-83,03748;Bowersville;GA;Georgia;Southeast
34,13047;-83,7975;Braselton;GA;Georgia;Southeast
34,132;-84,02578;Buford;GA;Georgia;Southeast
34,33833;-83,08661;Canon;GA;Georgia;Southeast
34,36202;-83,29355;Carnesville;GA;Georgia;Southeast
34,78351;-84,34233;Cherry Log;GA;Georgia;Southeast
34,72012;-83,54166;Clarkesville;GA;Georgia;Southeast
34,47948;-83,7863;Clermont;GA;Georgia;Southeast
34,2155;-83,482;Commerce;GA;Georgia;Southeast
34,51017;-83,59103;Cornelia;GA;Georgia;Southeast
34,57344;-84,01576;Dahlonega;GA;Georgia;Southeast
34,43085;-84,1439;Dawsonville;GA;Georgia;Southeast
34,58063;-83,57652;Demorest;GA;Georgia;Southeast
34,65151;-84,35223;Ellijay;GA;Georgia;Southeast
34,97855;-83,32975;Dillard;GA;Georgia;Southeast
34,5035;-83,26888;Eastanollee;GA;Georgia;Southeast
34,68061;-84,47016;East Ellijay;GA;Georgia;Southeast
34,91164;-84,53482;Epworth;GA;Georgia;Southeast
34,17846;-83,90915;Flowery Branch;GA;Georgia;Southeast
34,29781;-83,64971;Gillsville;GA;Georgia;Southeast
34,90673;-83,71016;Hiawassee;GA;Georgia;Southeast
34,09311;-83,7646;Hoschton;GA;Georgia;Southeast
34,76965;-83,44575;Lakemont;GA;Georgia;Southeast
34,44473;-83,08771;Lavonia;GA;Georgia;Southeast
34,40093;-83,65926;Lula;GA;Georgia;Southeast
34,97216;-84,42459;McCaysville;GA;Georgia;Southeast
34,95233;-84,26612;Mineral Bluff;GA;Georgia;Southeast
34,91937;-83,38177;Mountain City;GA;Georgia;Southeast
34,47251;-83,8826;Murrayville;GA;Georgia;Southeast
34,18326;-83,6814;Pendergrass;GA;Georgia;Southeast
34,95348;-83,41218;Rabun Gap;GA;Georgia;Southeast
34,71219;-83,68322;Sautee Nacoochee;GA;Georgia;Southeast
34,73539;-84,07364;Suches;GA;Georgia;Southeast
34,74242;-83,39986;Tallulah Falls;GA;Georgia;Southeast
34,20353;-83,71556;Talmo;GA;Georgia;Southeast
34,82682;-83,44539;Tiger;GA;Georgia;Southeast
34,55549;-83,32632;Toccoa;GA;Georgia;Southeast
34,80195;-83,42405;Wiley;GA;Georgia;Southeast
34,9494;-83,89869;Young Harris;GA;Georgia;Southeast
34,59663;-83,35411;Toccoa Falls;GA;Georgia;Southeast
33,85752;-83,2403;Arnoldsville;GA;Georgia;Southeast
33,92041;-83,53076;Bogart;GA;Georgia;Southeast
33,73113;-83,51592;Bostwick;GA;Georgia;Southeast
33,52128;-83,34211;Buckhead;GA;Georgia;Southeast
34,03115;-83,21364;Colbert;GA;Georgia;Southeast
34,07779;-83,11625;Comer;GA;Georgia;Southeast
33,56553;-82,87034;Crawfordville;GA;Georgia;Southeast
34,20307;-82,94522;Dewy Rose;GA;Georgia;Southeast
34,10346;-82,80145;Elberton;GA;Georgia;Southeast
34,28283;-83,15232;Franklin Springs;GA;Georgia;Southeast
33,77872;-83,56456;Good Hope;GA;Georgia;Southeast
34,36464;-82,91143;Hartwell;GA;Georgia;Southeast
33,78237;-82,94369;Rayle;GA;Georgia;Southeast
34,26383;-83,14624;Royston;GA;Georgia;Southeast
33,61572;-83,60357;Rutledge;GA;Georgia;Southeast
33,95891;-83,58266;Statham;GA;Georgia;Southeast
33,78526;-83,16634;Stephens;GA;Georgia;Southeast
33,90835;-82,69486;Tignall;GA;Georgia;Southeast
33,67159;-83,11187;Union Point;GA;Georgia;Southeast
33,7929;-83,38186;Watkinsville;GA;Georgia;Southeast
33,99725;-83,69743;Winder;GA;Georgia;Southeast
34,49535;-84,95385;Calhoun;GA;Georgia;Southeast
34,77943;-85,36028;Chickamauga;GA;Georgia;Southeast
34,93985;-84,66754;Cisco;GA;Georgia;Southeast
34,95002;-84,91993;Cohutta;GA;Georgia;Southeast
34,92905;-84,76259;Crandall;GA;Georgia;Southeast
34,8253;-84,75795;Eton;GA;Georgia;Southeast
34,36017;-85,42172;Lyerly;GA;Georgia;Southeast
34,58317;-85,47894;Menlo;GA;Georgia;Southeast
34,60183;-84,89375;Resaca;GA;Georgia;Southeast
34,79534;-85,47846;Rising Fawn;GA;Georgia;Southeast
34,80345;-85,21515;Rock Spring;GA;Georgia;Southeast
34,75407;-85,07786;Rocky Face;GA;Georgia;Southeast
34,95168;-85,28213;Rossville;GA;Georgia;Southeast
34,93566;-85,24482;Fort Oglethorpe;GA;Georgia;Southeast
34,59214;-85,03285;Sugar Valley;GA;Georgia;Southeast
34,93681;-85,3882;Lookout Mountain;GA;Georgia;Southeast
34,98212;-84,73743;Tennga;GA;Georgia;Southeast
34,57896;-85,28806;Trion;GA;Georgia;Southeast
34,86944;-85,04072;Tunnel Hill;GA;Georgia;Southeast
34,90103;-84,97458;Varnell;GA;Georgia;Southeast
33,60215;-82,31832;Appling;GA;Georgia;Southeast
33,13878;-82,55013;Avera;GA;Georgia;Southeast
33,28012;-82,19936;Blythe;GA;Georgia;Southeast
33,45517;-82,64777;Camak;GA;Georgia;Southeast
33,38234;-82,40237;Dearing;GA;Georgia;Southeast
33,36731;-82,0291;Gracewood;GA;Georgia;Southeast
33,47037;-82,2193;Grovetown;GA;Georgia;Southeast
33,43604;-82,31879;Harlem;GA;Georgia;Southeast
33,2869;-82,0829;Hephzibah;GA;Georgia;Southeast
33,22457;-82,71989;Mitchell;GA;Georgia;Southeast
32,91866;-81,94439;Perkins;GA;Georgia;Southeast
33,222;-82,45647;Stapleton;GA;Georgia;Southeast
33,51586;-82,51467;Thomson;GA;Georgia;Southeast
33,18934;-82,36014;Wrens;GA;Georgia;Southeast
32,95167;-83,80536;Bolingbroke;GA;Georgia;Southeast
32,54533;-83,59497;Bonaire;GA;Georgia;Southeast
32,18917;-83,93377;Byromville;GA;Georgia;Southeast
32,27636;-83,00564;Cadwell;GA;Georgia;Southeast
32,41439;-83,34504;Cochran;GA;Georgia;Southeast
31,93729;-83,77444;Cordele;GA;Georgia;Southeast
32,97888;-82,62012;Davisboro;GA;Georgia;Southeast
32,65376;-83,501;Dry Branch;GA;Georgia;Southeast
32,18288;-83,1991;Eastman;GA;Georgia;Southeast
33,32344;-83,36987;Eatonton;GA;Georgia;Southeast
32,57405;-82,81959;East Dublin;GA;Georgia;Southeast
33,03894;-83,92977;Forsyth;GA;Georgia;Southeast
33,07661;-83,43643;Haddock;GA;Georgia;Southeast
32,27055;-83,49597;Hawkinsville;GA;Georgia;Southeast
32,12056;-82,93245;McRae Helena;GA;Georgia;Southeast
32,37905;-84,1721;Ideal;GA;Georgia;Southeast
32,74421;-83,16964;Irwinton;GA;Georgia;Southeast
33,28484;-82,78933;Jewell;GA;Georgia;Southeast
33,05237;-83,78302;Juliette;GA;Georgia;Southeast
32,46786;-83,58009;Kathleen;GA;Georgia;Southeast
32,68281;-82,52634;Kite;GA;Georgia;Southeast
32,7743;-83,84664;Lizella;GA;Georgia;Southeast
32,43319;-83,94324;Marshallville;GA;Georgia;Southeast
32,4911;-84,41273;Mauk;GA;Georgia;Southeast
33,06041;-83,22816;Milledgeville;GA;Georgia;Southeast
32,80757;-83,98953;Musella;GA;Georgia;Southeast
32,85229;-82,96471;Oconee;GA;Georgia;Southeast
32,33226;-84,10704;Oglethorpe;GA;Georgia;Southeast
32,13325;-83,52255;Pineview;GA;Georgia;Southeast
31,96582;-83,56619;Pitts;GA;Georgia;Southeast
32,35428;-82,95277;Rentz;GA;Georgia;Southeast
32,54709;-84,10762;Reynolds;GA;Georgia;Southeast
31,93489;-83,17727;Rhine;GA;Georgia;Southeast
32,6987;-84,06456;Roberta;GA;Georgia;Southeast
32,992;-82,89815;Sandersville;GA;Georgia;Southeast
33,42557;-83,631;Shady Dale;GA;Georgia;Southeast
32,58587;-83,65528;Warner Robins;GA;Georgia;Southeast
32,85239;-82,86361;Tennille;GA;Georgia;Southeast
32,79599;-83,0512;Toomsboro;GA;Georgia;Southeast
33,11378;-82,79892;Warthen;GA;Georgia;Southeast
32,89947;-84,15554;Yatesville;GA;Georgia;Southeast
32,49631;-81,30616;Clyo;GA;Georgia;Southeast
32,1758;-81,48024;Ellabell;GA;Georgia;Southeast
32,3211;-81,40126;Guyton;GA;Georgia;Southeast
31,83534;-81,6183;Hinesville;GA;Georgia;Southeast
31,90628;-81,61671;Fort Stewart;GA;Georgia;Southeast
31,7183;-81,73457;Ludowici;GA;Georgia;Southeast
32,13575;-81,37566;Meldrim;GA;Georgia;Southeast
32,10265;-81,25626;Pooler;GA;Georgia;Southeast
31,67359;-81,45304;Riceboro;GA;Georgia;Southeast
31,44909;-81,25132;Sapelo Island;GA;Georgia;Southeast
32,01046;-80,89009;Tybee Island;GA;Georgia;Southeast
31,76786;-81,62758;Walthourville;GA;Georgia;Southeast
32,18232;-81,19942;Port Wentworth;GA;Georgia;Southeast
31,22693;-82,34852;Waycross;GA;Georgia;Southeast
31,54535;-83,01255;Ambrose;GA;Georgia;Southeast
31,77792;-82,34622;Baxley;GA;Georgia;Southeast
31,30946;-82,2565;Blackshear;GA;Georgia;Southeast
31,67641;-82,86946;Broxton;GA;Georgia;Southeast
31,23595;-81,35528;Saint Simons Island;GA;Georgia;Southeast
31,07155;-81,42225;Jekyll Island;GA;Georgia;Southeast
30,89223;-82,12492;Folkston;GA;Georgia;Southeast
31,82393;-82,60658;Hazlehurst;GA;Georgia;Southeast
31,34455;-81,82697;Hortense;GA;Georgia;Southeast
31,64867;-81,9405;Jesup;GA;Georgia;Southeast
30,79096;-81,53443;Kings Bay;GA;Georgia;Southeast
30,7953;-81,71043;Kingsland;GA;Georgia;Southeast
31,94503;-82,70922;Lumber City;GA;Georgia;Southeast
31,49223;-82,27322;Mershon;GA;Georgia;Southeast
31,17307;-81,98026;Nahunta;GA;Georgia;Southeast
31,48265;-82,61861;Nicholls;GA;Georgia;Southeast
31,70275;-82,06647;Odum;GA;Georgia;Southeast
31,40508;-82,1152;Offerman;GA;Georgia;Southeast
31,50312;-82,02896;Screven;GA;Georgia;Southeast
31,20199;-81,3373;Sea Island;GA;Georgia;Southeast
31,73653;-82,18288;Surrency;GA;Georgia;Southeast
31,24872;-82,47093;Waresboro;GA;Georgia;Southeast
31,63011;-82,70705;West Green;GA;Georgia;Southeast
30,74772;-83,33968;Valdosta;GA;Georgia;Southeast
31,11861;-83,43731;Adel;GA;Georgia;Southeast
31,37446;-83,2023;Alapaha;GA;Georgia;Southeast
31,29911;-82,72612;Axson;GA;Georgia;Southeast
30,9918;-83,52556;Barney;GA;Georgia;Southeast
30,92354;-82,85667;Du Pont;GA;Georgia;Southeast
30,71119;-82,64657;Fargo;GA;Georgia;Southeast
30,9876;-83,36006;Hahira;GA;Georgia;Southeast
31,02867;-82,7321;Homerville;GA;Georgia;Southeast
31,103;-83,04317;Lakeland;GA;Georgia;Southeast
30,7337;-83,1096;Lake Park;GA;Georgia;Southeast
30,93182;-83,09672;Naylor;GA;Georgia;Southeast
31,25989;-82,88273;Pearson;GA;Georgia;Southeast
30,77061;-83,55859;Quitman;GA;Georgia;Southeast
31,06245;-83,21846;Ray City;GA;Georgia;Southeast
31,21033;-83,43158;Sparks;GA;Georgia;Southeast
30,70834;-83,00838;Statenville;GA;Georgia;Southeast
31,38327;-83,02761;Willacoochee;GA;Georgia;Southeast
30,96666;-83,19237;Moody Afb;GA;Georgia;Southeast
32,05071;-84,14011;Americus;GA;Georgia;Southeast
32,18766;-84,12258;Andersonville;GA;Georgia;Southeast
31,8215;-83,72806;Arabi;GA;Georgia;Southeast
31,36512;-84,11445;Baconton;GA;Georgia;Southeast
30,87986;-83,72297;Barwick;GA;Georgia;Southeast
31,20749;-84,28438;Camilla;GA;Georgia;Southeast
31,59293;-83,48599;Chula;GA;Georgia;Southeast
31,97195;-83,96446;Cobb;GA;Georgia;Southeast
31,01133;-83,87502;Coolidge;GA;Georgia;Southeast
31,90089;-84,00604;De Soto;GA;Georgia;Southeast
31,33709;-83,90646;Doerun;GA;Georgia;Southeast
31,1753;-83,58736;Ellenton;GA;Georgia;Southeast
31,42128;-83,3315;Enigma;GA;Georgia;Southeast
31,73391;-83,21752;Fitzgerald;GA;Georgia;Southeast
31,20044;-83,87287;Funston;GA;Georgia;Southeast
31,17558;-83,96224;Hartsfield;GA;Georgia;Southeast
31,09514;-84,0346;Meigs;GA;Georgia;Southeast
31,19329;-83,84047;Moultrie;GA;Georgia;Southeast
31,24332;-83,64775;Norman Park;GA;Georgia;Southeast
30,97795;-84,04624;Ochlocknee;GA;Georgia;Southeast
31,56102;-83,27125;Ocilla;GA;Georgia;Southeast
31,33418;-83,60366;Omega;GA;Georgia;Southeast
30,9754;-83,70931;Pavo;GA;Georgia;Southeast
32,02898;-84,39024;Plains;GA;Georgia;Southeast
31,56062;-83,79316;Poulan;GA;Georgia;Southeast
31,76416;-83,4738;Rebecca;GA;Georgia;Southeast
31,25671;-84,0431;Sale City;GA;Georgia;Southeast
31,46104;-83,58386;Tifton;GA;Georgia;Southeast
31,47611;-83,67633;Ty Ty;GA;Georgia;Southeast
31,64117;-83,04333;Wray;GA;Georgia;Southeast
32,51765;-84,5906;Box Springs;GA;Georgia;Southeast
32,66199;-84,88402;Cataula;GA;Georgia;Southeast
32,26621;-84,74612;Cusseta;GA;Georgia;Southeast
32,26147;-84,30043;Ellaville;GA;Georgia;Southeast
32,63545;-85,00707;Fortson;GA;Georgia;Southeast
32,63173;-84,42019;Junction City;GA;Georgia;Southeast
32,20531;-84,8614;Louvale;GA;Georgia;Southeast
32,04117;-84,85407;Lumpkin;GA;Georgia;Southeast
32,14048;-84,97083;Omaha;GA;Georgia;Southeast
32,86708;-84,91107;Pine Mountain;GA;Georgia;Southeast
32,80061;-84,81377;Pine Mountain Valley;GA;Georgia;Southeast
32,69821;-84,49847;Talbotton;GA;Georgia;Southeast
32,56681;-84,72787;Upatoi;GA;Georgia;Southeast
32,66486;-84,70701;Waverly Hall;GA;Georgia;Southeast
32,37304;-84,84331;Fort Moore;GA;Georgia;Southeast
30,09813;-81,71255;Fleming Island;FL;Florida;Southeast
30,42078;-81,97252;Bryceville;FL;Florida;Southeast
30,56985;-81,83975;Callahan;FL;Florida;Southeast
30,19366;-83,29116;Day;FL;Florida;Southeast
30,624;-81,49392;Fernandina Beach;FL;Florida;Southeast
29,93617;-82,69924;Fort White;FL;Florida;Southeast
30,24696;-82,23531;Glen Saint Mary;FL;Florida;Southeast
29,92991;-81,74304;Green Cove Springs;FL;Florida;Southeast
30,70253;-81,91718;Hilliard;FL;Florida;Southeast
30,56417;-83,1519;Jennings;FL;Florida;Southeast
30,0281;-82,39143;Lake Butler;FL;Florida;Southeast
30,07988;-82,10743;Lawtey;FL;Florida;Southeast
30,27554;-83,04935;Live Oak;FL;Florida;Southeast
30,08311;-82,51666;Lulu;FL;Florida;Southeast
30,13276;-82,9754;McAlpin;FL;Florida;Southeast
30,27045;-82,11974;Macclenny;FL;Florida;Southeast
30,15613;-81,81762;Orange Park;FL;Florida;Southeast
30,04097;-82,945;O'Brien;FL;Florida;Southeast
29,97814;-81,80563;Penney Farms;FL;Florida;Southeast
29,82453;-81,27412;Saint Augustine;FL;Florida;Southeast
30,12143;-81,42089;Ponte Vedra;FL;Florida;Southeast
30,12488;-81,36577;Ponte Vedra Beach;FL;Florida;Southeast
30,09074;-82,23222;Raiford;FL;Florida;Southeast
30,36999;-82,29741;Sanderson;FL;Florida;Southeast
29,93205;-82,11324;Starke;FL;Florida;Southeast
30,19797;-82,82767;Wellborn;FL;Florida;Southeast
30,43678;-82,7011;White Springs;FL;Florida;Southeast
30,65851;-81,64478;Yulee;FL;Florida;Southeast
29,1359;-81,52544;Astor;FL;Florida;Southeast
29,44456;-81,36131;Bunnell;FL;Florida;Southeast
29,42664;-81,55649;Crescent City;FL;Florida;Southeast
29,39836;-82,08127;Citra;FL;Florida;Southeast
29,19312;-81,04915;Daytona Beach;FL;Florida;Southeast
29,10866;-80,97907;Port Orange;FL;Florida;Southeast
29,15704;-81,34501;De Leon Springs;FL;Florida;Southeast
29,67803;-81,56785;East Palatka;FL;Florida;Southeast
29,01061;-81,92036;Eastlake Weir;FL;Florida;Southeast
29,37177;-81,82562;Fort McCoy;FL;Florida;Southeast
29,45252;-81,14025;Flagler Beach;FL;Florida;Southeast
29,58057;-81,22455;Palm Coast;FL;Florida;Southeast
29,76274;-81,86306;Florahome;FL;Florida;Southeast
29,60088;-81,88191;Interlachen;FL;Florida;Southeast
28,92456;-81,90528;Lady Lake;FL;Florida;Southeast
28,91629;-81,99374;The Villages;FL;Florida;Southeast
28,98214;-81,03721;New Smyrna Beach;FL;Florida;Southeast
29,28928;-81,16446;Ormond Beach;FL;Florida;Southeast
29,69011;-81,70565;Palatka;FL;Florida;Southeast
29,09631;-81,89686;Ocklawaha;FL;Florida;Southeast
29,23437;-81,44521;Pierson;FL;Florida;Southeast
29,50658;-81,60126;Pomona Park;FL;Florida;Southeast
29,50926;-81,94113;Orange Springs;FL;Florida;Southeast
29,57827;-81,55392;San Mateo;FL;Florida;Southeast
29,54991;-81,64819;Satsuma;FL;Florida;Southeast
29,33289;-81,49056;Seville;FL;Florida;Southeast
29,35005;-82,11109;Sparr;FL;Florida;Southeast
29,47605;-81,6647;Welaka;FL;Florida;Southeast
28,9854;-81,89814;Weirsdale;FL;Florida;Southeast
30,27846;-81,41035;Jacksonville Beach;FL;Florida;Southeast
30,07109;-81,6029;Saint Johns;FL;Florida;Southeast
30,31648;-81,41177;Neptune Beach;FL;Florida;Southeast
30,42701;-84,25799;Tallahassee;FL;Florida;Southeast
29,74232;-85,06938;Apalachicola;FL;Florida;Southeast
29,89948;-84,62327;Carrabelle;FL;Florida;Southeast
29,89185;-84,6122;Lanark Village;FL;Florida;Southeast
30,65635;-84,79126;Chattahoochee;FL;Florida;Southeast
29,8463;-84,90991;Eastpoint;FL;Florida;Southeast
30,60677;-84,41249;Havana;FL;Florida;Southeast
30,2612;-84,75835;Hosford;FL;Florida;Southeast
30,26371;-83,86319;Lamont;FL;Florida;Southeast
30,48307;-84,02104;Lloyd;FL;Florida;Southeast
29,97919;-84,38387;Panacea;FL;Florida;Southeast
30,58662;-83,32242;Pinetta;FL;Florida;Southeast
30,1695;-84,21002;Saint Marks;FL;Florida;Southeast
30,09535;-84,54468;Sopchoppy;FL;Florida;Southeast
29,66181;-83,37047;Steinhatchee;FL;Florida;Southeast
30,36506;-84,81238;Telogia;FL;Florida;Southeast
30,35765;-83,98865;Wacissa;FL;Florida;Southeast
30,14477;-85,67448;Panama City;FL;Florida;Southeast
30,20276;-85,7912;Panama City Beach;FL;Florida;Southeast
29,94805;-85,41812;Mexico Beach;FL;Florida;Southeast
30,63637;-85,38123;Alford;FL;Florida;Southeast
30,52973;-85,19308;Altha;FL;Florida;Southeast
30,94496;-85,06073;Bascom;FL;Florida;Southeast
30,38901;-85,08232;Blountstown;FL;Florida;Southeast
30,85538;-85,72225;Bonifay;FL;Florida;Southeast
30,94861;-85,36714;Campbellton;FL;Florida;Southeast
30,71587;-85,79311;Caryville;FL;Florida;Southeast
30,61797;-85,57154;Chipley;FL;Florida;Southeast
30,78609;-85,40982;Cottondale;FL;Florida;Southeast
30,71415;-85,07727;Cypress;FL;Florida;Southeast
30,84848;-86,19822;Defuniak Springs;FL;Florida;Southeast
30,43315;-85,90694;Ebro;FL;Florida;Southeast
30,92025;-85,52588;Graceville;FL;Florida;Southeast
30,68531;-85,00829;Grand Ridge;FL;Florida;Southeast
30,23854;-85,65185;Lynn Haven;FL;Florida;Southeast
30,27611;-85,20607;Wewahitchka;FL;Florida;Southeast
30,63831;-85,96395;Ponce De Leon;FL;Florida;Southeast
29,84586;-85,3188;Port Saint Joe;FL;Florida;Southeast
30,36527;-86,18429;Santa Rosa Beach;FL;Florida;Southeast
30,77565;-84,94949;Sneads;FL;Florida;Southeast
30,30905;-86,03508;Inlet Beach;FL;Florida;Southeast
30,6279;-85,58728;Wausau;FL;Florida;Southeast
30,42826;-87,22277;Pensacola;FL;Florida;Southeast
30,5926;-87,02344;Bagdad;FL;Florida;Southeast
30,61329;-87,32561;Cantonment;FL;Florida;Southeast
30,96515;-87,34673;Century;FL;Florida;Southeast
30,75399;-86,59491;Crestview;FL;Florida;Southeast
30,39666;-86,47486;Destin;FL;Florida;Southeast
30,58743;-86,59296;Eglin Afb;FL;Florida;Southeast
30,42801;-86,70441;Hurlburt Field;FL;Florida;Southeast
30,46649;-86,65513;Fort Walton Beach;FL;Florida;Southeast
30,38541;-86,34438;Miramar Beach;FL;Florida;Southeast
30,35165;-87,10906;Gulf Breeze;FL;Florida;Southeast
30,72755;-86,7875;Holt;FL;Florida;Southeast
30,4253;-86,8843;Navarre;FL;Florida;Southeast
30,87085;-87,46792;McDavid;FL;Florida;Southeast
30,40666;-86,72962;Mary Esther;FL;Florida;Southeast
30,73453;-87,37471;Molino;FL;Florida;Southeast
30,50871;-86,4535;Niceville;FL;Florida;Southeast
30,44553;-86,57401;Shalimar;FL;Florida;Southeast
30,50337;-86,50942;Valparaiso;FL;Florida;Southeast
29,81706;-82,49065;Alachua;FL;Florida;Southeast
29,30659;-82,07553;Anthony;FL;Florida;Southeast
29,53789;-82,52295;Archer;FL;Florida;Southeast
29,75661;-82,86668;Bell;FL;Florida;Southeast
29,426;-82,62936;Bronson;FL;Florida;Southeast
29,89914;-82,31216;Brooker;FL;Florida;Southeast
29,23005;-82,98331;Cedar Key;FL;Florida;Southeast
29,42146;-82,89464;Chiefland;FL;Florida;Southeast
29,65471;-83,16247;Cross City;FL;Florida;Southeast
29,71719;-82,10225;Earleton;FL;Florida;Southeast
29,23092;-82,72007;Gulf Hammock;FL;Florida;Southeast
29,81845;-82,64155;High Springs;FL;Florida;Southeast
29,50515;-83,24498;Horseshoe Beach;FL;Florida;Southeast
29,82533;-81,95287;Keystone Heights;FL;Florida;Southeast
29,44986;-82,22187;McIntosh;FL;Florida;Southeast
29,49484;-82,31084;Micanopy;FL;Florida;Southeast
29,26327;-82,50321;Morriston;FL;Florida;Southeast
29,42694;-82,21527;Orange Lake;FL;Florida;Southeast
29,29519;-82,76743;Otter Creek;FL;Florida;Southeast
29,36214;-82,26236;Reddick;FL;Florida;Southeast
29,32519;-83,15995;Suwannee;FL;Florida;Southeast
29,79086;-82,15367;Waldo;FL;Florida;Southeast
29,92831;-82,42538;Worthington Springs;FL;Florida;Southeast
28,66509;-81,36916;Altamonte Springs;FL;Florida;Southeast
28,65579;-81,52139;Apopka;FL;Florida;Southeast
28,66255;-81,31403;Casselberry;FL;Florida;Southeast
28,68751;-81,27086;Winter Springs;FL;Florida;Southeast
28,49266;-80,98801;Christmas;FL;Florida;Southeast
28,8816;-81,3238;Debary;FL;Florida;Southeast
29,01775;-81,37802;Deland;FL;Florida;Southeast
28,88368;-81,25061;Deltona;FL;Florida;Southeast
28,98497;-81,21899;Lake Helen;FL;Florida;Southeast
28,76297;-81,35499;Lake Mary;FL;Florida;Southeast
28,631;-81,36457;Maitland;FL;Florida;Southeast
28,68565;-80,9208;Mims;FL;Florida;Southeast
28,77954;-81,637;Mount Dora;FL;Florida;Southeast
28,94291;-81,30593;Orange City;FL;Florida;Southeast
28,83883;-81,07239;Osteen;FL;Florida;Southeast
28,66732;-81,20033;Oviedo;FL;Florida;Southeast
29,01957;-81,52065;Paisley;FL;Florida;Southeast
28,76704;-80,8767;Scottsmoor;FL;Florida;Southeast
28,77554;-81,72884;Tavares;FL;Florida;Southeast
28,97626;-81,7232;Umatilla;FL;Florida;Southeast
28,59977;-81,35235;Winter Park;FL;Florida;Southeast
28,72647;-81,58648;Zellwood;FL;Florida;Southeast
28,07887;-80,62268;Melbourne;FL;Florida;Southeast
28,10818;-80,58709;Indialantic;FL;Florida;Southeast
28,03136;-80,59997;Palm Bay;FL;Florida;Southeast
28,44603;-80,58503;Cape Canaveral;FL;Florida;Southeast
28,37252;-80,74279;Cocoa;FL;Florida;Southeast
28,24272;-80,62287;Patrick Air Force Base;FL;Florida;Southeast
28,32193;-80,62731;Cocoa Beach;FL;Florida;Southeast
28,17464;-80,61146;Satellite Beach;FL;Florida;Southeast
27,75901;-80,61826;Fellsmere;FL;Florida;Southeast
27,92005;-80,55203;Grant;FL;Florida;Southeast
27,9757;-80,57839;Malabar;FL;Florida;Southeast
27,9595;-80,51498;Melbourne Beach;FL;Florida;Southeast
28,31749;-80,66832;Merritt Island;FL;Florida;Southeast
27,79364;-80,49135;Sebastian;FL;Florida;Southeast
28,44513;-80,7637;Sharpes;FL;Florida;Southeast
27,64069;-80,40366;Vero Beach;FL;Florida;Southeast
27,75402;-80,45136;Wabasso;FL;Florida;Southeast
24,82041;-80,80992;Long Key;FL;Florida;Southeast
26,05939;-80,13637;Dania;FL;Florida;Southeast
25,98531;-80,1466;Hallandale;FL;Florida;Southeast
25,83309;-80,27902;Hialeah;FL;Florida;Southeast
26,01852;-80,34488;Pembroke Pines;FL;Florida;Southeast
24,9227;-80,6385;Islamorada;FL;Florida;Southeast
25,19779;-80,38634;Key Largo;FL;Florida;Southeast
24,5855;-81,74904;Key West;FL;Florida;Southeast
24,67481;-81,50717;Summerland Key;FL;Florida;Southeast
24,70563;-81,3587;Big Pine Key;FL;Florida;Southeast
24,72328;-81,02155;Key Colony Beach;FL;Florida;Southeast
25,90775;-80,25753;Opa Locka;FL;Florida;Southeast
25,94922;-80,24562;Miami Gardens;FL;Florida;Southeast
26,23513;-80,12084;Pompano Beach;FL;Florida;Southeast
26,27318;-80,26029;Coral Springs;FL;Florida;Southeast
25,00873;-80,52501;Tavernier;FL;Florida;Southeast
25,7616;-80,14197;Miami Beach;FL;Florida;Southeast
25,72479;-80,16118;Key Biscayne;FL;Florida;Southeast
25,93234;-80,13583;North Miami Beach;FL;Florida;Southeast
26,12128;-80,12745;Fort Lauderdale;FL;Florida;Southeast
26,11715;-80,25409;Plantation;FL;Florida;Southeast
26,71805;-80,0685;West Palm Beach;FL;Florida;Southeast
26,84115;-80,05677;North Palm Beach;FL;Florida;Southeast
26,84629;-80,08823;Palm Beach Gardens;FL;Florida;Southeast
26,64829;-80,24943;Wellington;FL;Florida;Southeast
26,53359;-80,08295;Boynton Beach;FL;Florida;Southeast
26,35054;-80,22792;Boca Raton;FL;Florida;Southeast
26,61415;-80,57952;Belle Glade;FL;Florida;Southeast
26,95443;-80,56524;Canal Point;FL;Florida;Southeast
26,54065;-81,04325;Clewiston;FL;Florida;Southeast
26,31096;-80,09885;Deerfield Beach;FL;Florida;Southeast
26,45781;-80,08002;Delray Beach;FL;Florida;Southeast
26,59272;-80,2339;Lake Worth;FL;Florida;Southeast
27,05748;-80,1703;Hobe Sound;FL;Florida;Southeast
26,93477;-80,12906;Jupiter;FL;Florida;Southeast
26,61872;-80,05527;Lake Worth Beach;FL;Florida;Southeast
26,7832;-80,38063;Loxahatchee;FL;Florida;Southeast
26,9105;-81,19754;Moore Haven;FL;Florida;Southeast
26,80109;-80,65305;Pahokee;FL;Florida;Southeast
26,69796;-80,04075;Palm Beach;FL;Florida;Southeast
26,47559;-80,72306;South Bay;FL;Florida;Southeast
27,76375;-82,27425;Balm;FL;Florida;Southeast
28,66849;-82,17143;Bushnell;FL;Florida;Southeast
28,65771;-81,99886;Center Hill;FL;Florida;Southeast
28,79788;-82,0752;Coleman;FL;Florida;Southeast
28,41787;-82,26476;Dade City;FL;Florida;Southeast
27,90773;-82,17236;Durant;FL;Florida;Southeast
27,82273;-82,37505;Gibsonton;FL;Florida;Southeast
28,84679;-82,18218;Lake Panasoffkee;FL;Florida;Southeast
28,21936;-82,14866;Zephyrhills;FL;Florida;Southeast
28,20279;-82,30503;Wesley Chapel;FL;Florida;Southeast
27,77239;-82,13665;Lithia;FL;Florida;Southeast
28,13788;-82,48184;Lutz;FL;Florida;Southeast
27,97956;-82,30698;Mango;FL;Florida;Southeast
28,01694;-82,12544;Plant City;FL;Florida;Southeast
27,84429;-82,29069;Riverview;FL;Florida;Southeast
27,69354;-82,45861;Ruskin;FL;Florida;Southeast
27,7659;-82,39999;Apollo Beach;FL;Florida;Southeast
27,72179;-82,36;Sun City Center;FL;Florida;Southeast
28,33811;-82,257;Saint Leo;FL;Florida;Southeast
28,00637;-82,28959;Seffner;FL;Florida;Southeast
28,74089;-82,03347;Sumterville;FL;Florida;Southeast
28,10087;-82,28698;Thonotosassa;FL;Florida;Southeast
27,94081;-82,24207;Valrico;FL;Florida;Southeast
27,69531;-82,29025;Wimauma;FL;Florida;Southeast
27,95371;-82,45675;Tampa;FL;Florida;Southeast
27,8084;-82,77451;Bay Pines;FL;Florida;Southeast
27,9793;-82,78007;Clearwater;FL;Florida;Southeast
27,97022;-82,82329;Clearwater Beach;FL;Florida;Southeast
27,91477;-82,8035;Largo;FL;Florida;Southeast
27,83861;-82,71512;Pinellas Park;FL;Florida;Southeast
27,88559;-82,84425;Indian Rocks Beach;FL;Florida;Southeast
27,92385;-82,83635;Belleair Beach;FL;Florida;Southeast
27,62704;-81,44343;Avon Park;FL;Florida;Southeast
28,00915;-81,90506;Eaton Park;FL;Florida;Southeast
27,7381;-81,7674;Fort Meade;FL;Florida;Southeast
27,73131;-81,5108;Frostproof;FL;Florida;Southeast
28,08616;-81,58717;Haines City;FL;Florida;Southeast
27,80864;-81,82381;Homeland;FL;Florida;Southeast
28,27594;-81,50824;Intercession City;FL;Florida;Southeast
28,11886;-81,73191;Lake Alfred;FL;Florida;Southeast
28,04439;-81,62677;Lake Hamilton;FL;Florida;Southeast
27,90023;-81,58556;Lake Wales;FL;Florida;Southeast
27,85608;-81,41033;Lakeshore;FL;Florida;Southeast
27,79104;-81,35971;Indian Lake Estates;FL;Florida;Southeast
27,85648;-81,42828;Nalcrest;FL;Florida;Southeast
27,35647;-81,16517;Lorida;FL;Florida;Southeast
28,24506;-81,55832;Loughman;FL;Florida;Southeast
27,8056;-81,99511;Mulberry;FL;Florida;Southeast
27,78249;-81,20136;River Ranch;FL;Florida;Southeast
28,25882;-81,84769;Polk City;FL;Florida;Southeast
27,50571;-81,36071;Sebring;FL;Florida;Southeast
27,56181;-81,77855;Wauchula;FL;Florida;Southeast
27,9914;-81,77448;Winter Haven;FL;Florida;Southeast
27,4558;-81,68354;Zolfo Springs;FL;Florida;Southeast
26,62304;-81,88228;Fort Myers;FL;Florida;Southeast
26,68217;-81,90688;North Fort Myers;FL;Florida;Southeast
26,57601;-81,94536;Cape Coral;FL;Florida;Southeast
26,72903;-81,6529;Alva;FL;Florida;Southeast
26,77919;-82,25386;Boca Grande;FL;Florida;Southeast
26,66476;-82,15897;Bokeelia;FL;Florida;Southeast
26,54521;-82,19832;Captiva;FL;Florida;Southeast
26,43545;-81,71002;Estero;FL;Florida;Southeast
26,55916;-81,40069;Felda;FL;Florida;Southeast
26,44036;-81,90974;Fort Myers Beach;FL;Florida;Southeast
26,75692;-81,41966;Labelle;FL;Florida;Southeast
26,6292;-81,5602;Lehigh Acres;FL;Florida;Southeast
26,97163;-81,36924;Palmdale;FL;Florida;Southeast
26,853;-82,26958;Placida;FL;Florida;Southeast
26,89015;-82,27184;Rotonda West;FL;Florida;Southeast
26,98411;-82,15126;Port Charlotte;FL;Florida;Southeast
26,91166;-82,04009;Punta Gorda;FL;Florida;Southeast
26,54622;-82,09589;Saint James City;FL;Florida;Southeast
26,4534;-82,10228;Sanibel;FL;Florida;Southeast
26,36634;-81,83503;Bonita Springs;FL;Florida;Southeast
26,03542;-81,40757;Copeland;FL;Florida;Southeast
25,82255;-81,37084;Chokoloskee;FL;Florida;Southeast
25,85449;-81,38253;Everglades City;FL;Florida;Southeast
25,92531;-81,65888;Goodland;FL;Florida;Southeast
25,91774;-81,07706;Ochopee;FL;Florida;Southeast
26,31392;-81,28601;Immokalee;FL;Florida;Southeast
25,91903;-81,69506;Marco Island;FL;Florida;Southeast
27,4029;-82,46784;Bradenton;FL;Florida;Southeast
27,47444;-82,68409;Cortez;FL;Florida;Southeast
27,52837;-82,7331;Anna Maria;FL;Florida;Southeast
27,48916;-82,7044;Bradenton Beach;FL;Florida;Southeast
27,58041;-82,26094;Parrish;FL;Florida;Southeast
27,39258;-82,63407;Longboat Key;FL;Florida;Southeast
27,19159;-82,48309;Osprey;FL;Florida;Southeast
27,26651;-82,51626;Sarasota;FL;Florida;Southeast
27,57168;-82,58923;Terra Ceia;FL;Florida;Southeast
27,37819;-82,17152;Myakka City;FL;Florida;Southeast
27,0893;-81,9543;Fort Ogden;FL;Florida;Southeast
27,14459;-81,91775;Nocatee;FL;Florida;Southeast
27,15203;-82,41966;Nokomis;FL;Florida;Southeast
27,0918;-82,43408;Venice;FL;Florida;Southeast
27,09099;-82,14147;North Port;FL;Florida;Southeast
29,05359;-82,04008;Belleview;FL;Florida;Southeast
28,9608;-82,63421;Crystal River;FL;Florida;Southeast
29,1339;-82,52963;Dunnellon;FL;Florida;Southeast
28,72672;-82,29134;Floral City;FL;Florida;Southeast
28,93084;-82,39122;Hernando;FL;Florida;Southeast
28,97143;-82,42414;Holder;FL;Florida;Southeast
28,74904;-82,52344;Homosassa;FL;Florida;Southeast
29,10451;-82,68694;Inglis;FL;Florida;Southeast
28,82699;-82,25767;Inverness;FL;Florida;Southeast
28,81544;-82,48029;Lecanto;FL;Florida;Southeast
28,92869;-82,49092;Beverly Hills;FL;Florida;Southeast
29,20098;-82,08262;Ocala;FL;Florida;Southeast
29,03299;-82,734;Yankeetown;FL;Florida;Southeast
28,46961;-82,59759;Spring Hill;FL;Florida;Southeast
28,29589;-82,46368;Land O'Lakes;FL;Florida;Southeast
28,2368;-82,73661;New Port Richey;FL;Florida;Southeast
28,62108;-82,26507;Nobleton;FL;Florida;Southeast
28,30176;-82,70516;Port Richey;FL;Florida;Southeast
28,05293;-82,67549;Oldsmar;FL;Florida;Southeast
28,42226;-82,67716;Aripeka;FL;Florida;Southeast
28,0903;-82,77801;Crystal Beach;FL;Florida;Southeast
28,08626;-82,76025;Palm Harbor;FL;Florida;Southeast
28,14445;-82,68543;Tarpon Springs;FL;Florida;Southeast
28,19228;-82,72726;Holiday;FL;Florida;Southeast
28,00927;-82,69673;Safety Harbor;FL;Florida;Southeast
28,03204;-82,78433;Dunedin;FL;Florida;Southeast
28,69367;-81,71138;Astatula;FL;Florida;Southeast
28,86788;-81,89638;Fruitland Park;FL;Florida;Southeast
28,5376;-81,52204;Gotha;FL;Florida;Southeast
28,69638;-81,80243;Howey In The Hills;FL;Florida;Southeast
28,30544;-81,42567;Kissimmee;FL;Florida;Southeast
28,58684;-81,89624;Mascotte;FL;Florida;Southeast
28,58651;-81,68214;Montverde;FL;Florida;Southeast
28,57975;-81,53386;Ocoee;FL;Florida;Southeast
28,24366;-81,29412;Saint Cloud;FL;Florida;Southeast
28,48161;-81,55501;Windermere;FL;Florida;Southeast
28,48309;-81,62833;Winter Garden;FL;Florida;Southeast
28,73517;-81,81813;Yalaha;FL;Florida;Southeast
27,45219;-80,55213;Fort Pierce;FL;Florida;Southeast
27,2969;-80,29748;Port Saint Lucie;FL;Florida;Southeast
27,07969;-80,50074;Indiantown;FL;Florida;Southeast
27,28399;-80,24252;Jensen Beach;FL;Florida;Southeast
27,48016;-80,90926;Okeechobee;FL;Florida;Southeast
27,13623;-80,35655;Palm City;FL;Florida;Southeast
33,60369;-86,49333;Moody;AL;Alabama;Southeast
33,43159;-87,19961;Adger;AL;Alabama;Southeast
33,21751;-86,79307;Alabaster;AL;Alabama;Southeast
32,91433;-85,93816;Alexander City;AL;Alabama;Southeast
33,90166;-86,51785;Allgood;AL;Alabama;Southeast
34,32545;-86,5033;Arab;AL;Alabama;Southeast
34,29828;-86,63496;Baileyton;AL;Alabama;Southeast
34,10256;-86,5455;Blountsville;AL;Alabama;Southeast
33,26321;-86,33408;Bon Air;AL;Alabama;Southeast
32,9016;-87,26948;Brent;AL;Alabama;Southeast
33,04423;-86,97149;Brierfield;AL;Alabama;Southeast
33,10487;-86,72958;Calera;AL;Alabama;Southeast
33,26859;-86,36324;Childersburg;AL;Alabama;Southeast
32,81127;-86,67249;Clanton;AL;Alabama;Southeast
33,20457;-86,61523;Columbiana;AL;Alabama;Southeast
33,59228;-86,40771;Cook Springs;AL;Alabama;Southeast
34,05495;-87,06527;Crane Hill;AL;Alabama;Southeast
33,50417;-86,32693;Cropwell;AL;Alabama;Southeast
34,1542;-86,75932;Cullman;AL;Alabama;Southeast
33,55768;-86,92822;Docena;AL;Alabama;Southeast
33,47529;-86,9469;Dolomite;AL;Alabama;Southeast
33,72862;-87,02775;Dora;AL;Alabama;Southeast
33,8221;-87,00765;Empire;AL;Alabama;Southeast
33,60933;-86,83174;Fultondale;AL;Alabama;Southeast
33,70376;-86,84286;Gardendale;AL;Alabama;Southeast
33,08985;-86,06057;Goodwater;AL;Alabama;Southeast
34,01984;-86,83108;Hanceville;AL;Alabama;Southeast
33,32279;-86,44116;Harpersville;AL;Alabama;Southeast
33,94118;-86,75261;Hayden;AL;Alabama;Southeast
33,1563;-86,15456;Hollins;AL;Alabama;Southeast
34,19718;-86,5931;Holly Pond;AL;Alabama;Southeast
32,97975;-86,73584;Jemison;AL;Alabama;Southeast
32,9426;-86,07457;Kellyton;AL;Alabama;Southeast
33,89871;-86,62526;Locust Fork;AL;Alabama;Southeast
33,28309;-87,09002;McCalla;AL;Alabama;Southeast
33,69374;-86,47248;Margaret;AL;Alabama;Southeast
33,12133;-86,89605;Montevallo;AL;Alabama;Southeast
33,53916;-87,05212;Mulga;AL;Alabama;Southeast
33,66777;-86,42064;Odenville;AL;Alabama;Southeast
33,62567;-86,29594;Pell City;AL;Alabama;Southeast
33,73071;-86,65385;Pinson;AL;Alabama;Southeast
33,49118;-86,97581;Pleasant Grove;AL;Alabama;Southeast
33,81969;-86,59878;Remlap;AL;Alabama;Southeast
32,87877;-86,28965;Rockford;AL;Alabama;Southeast
33,41233;-86,53164;Sterrett;AL;Alabama;Southeast
33,75643;-87,04556;Sumiton;AL;Alabama;Southeast
33,18581;-86,24454;Sylacauga;AL;Alabama;Southeast
33,36898;-86,1005;Talladega;AL;Alabama;Southeast
32,87823;-86,74636;Thorsby;AL;Alabama;Southeast
33,65284;-86,56337;Trussville;AL;Alabama;Southeast
33,4817;-86,50221;Vandiver;AL;Alabama;Southeast
33,42003;-86,39993;Vincent;AL;Alabama;Southeast
34,27004;-86,96847;Vinemont;AL;Alabama;Southeast
33,82388;-86,83987;Warrior;AL;Alabama;Southeast
33,62647;-86,87999;Watson;AL;Alabama;Southeast
33,00675;-86,35706;Weogufka;AL;Alabama;Southeast
33,1152;-87,13931;West Blocton;AL;Alabama;Southeast
33,25699;-86,51442;Wilsonville;AL;Alabama;Southeast
33,179;-87,61586;Tuscaloosa;AL;Alabama;Southeast
33,06016;-88,20159;Aliceville;AL;Alabama;Southeast
32,76538;-88,01908;Boligee;AL;Alabama;Southeast
33,33474;-87,30387;Brookwood;AL;Alabama;Southeast
33,21642;-87,74833;Buhl;AL;Alabama;Southeast
33,28349;-87,6854;Coker;AL;Alabama;Southeast
33,05651;-87,43515;Duncanville;AL;Alabama;Southeast
33,29891;-87,77229;Echola;AL;Alabama;Southeast
33,3814;-87,79713;Elrod;AL;Alabama;Southeast
32,79337;-88,3003;Emelle;AL;Alabama;Southeast
32,71882;-88,19452;Epes;AL;Alabama;Southeast
33,41749;-88,21158;Ethelsville;AL;Alabama;Southeast
32,93389;-87,94183;Eutaw;AL;Alabama;Southeast
33,0563;-87,68687;Fosters;AL;Alabama;Southeast
33,25904;-87,91554;Gordo;AL;Alabama;Southeast
32,93679;-87,57226;Moundville;AL;Alabama;Southeast
32,96304;-88,23121;Panola;AL;Alabama;Southeast
33,09794;-87,80734;Ralph;AL;Alabama;Southeast
33,39852;-88,03934;Reform;AL;Alabama;Southeast
32,93665;-88,09774;West Greene;AL;Alabama;Southeast
34,07936;-87,1801;Arley;AL;Alabama;Southeast
33,7083;-87,68161;Bankston;AL;Alabama;Southeast
33,95392;-88,02022;Beaverton;AL;Alabama;Southeast
33,6421;-87,93147;Belk;AL;Alabama;Southeast
33,60555;-87,54763;Berry;AL;Alabama;Southeast
34,06263;-87,75251;Brilliant;AL;Alabama;Southeast
33,83474;-87,55001;Carbon Hill;AL;Alabama;Southeast
34,12471;-87,38794;Double Springs;AL;Alabama;Southeast
33,89745;-87,65593;Eldridge;AL;Alabama;Southeast
33,99678;-87,90149;Guin;AL;Alabama;Southeast
34,25733;-87,84306;Hackleburg;AL;Alabama;Southeast
34,23555;-87,56309;Haleyville;AL;Alabama;Southeast
33,90137;-87,54999;Kansas;AL;Alabama;Southeast
33,982;-87,46638;Nauvoo;AL;Alabama;Southeast
33,63069;-87,34441;Oakman;AL;Alabama;Southeast
34,35789;-87,71267;Phil Campbell;AL;Alabama;Southeast
34,48577;-88,09536;Red Bay;AL;Alabama;Southeast
33,82161;-87,08692;Sipsey;AL;Alabama;Southeast
33,87332;-88,13837;Sulligent;AL;Alabama;Southeast
33,80071;-87,4521;Townley;AL;Alabama;Southeast
34,35721;-88,07328;Vina;AL;Alabama;Southeast
34,66229;-86,87596;Belle Mina;AL;Alabama;Southeast
34,93141;-86,99086;Elkmont;AL;Alabama;Southeast
34,34967;-86,7239;Eva;AL;Alabama;Southeast
34,34491;-86,89535;Falkville;AL;Alabama;Southeast
34,4414;-86,94315;Hartselle;AL;Alabama;Southeast
34,89605;-87,4936;Killen;AL;Alabama;Southeast
34,66988;-87,53165;Leighton;AL;Alabama;Southeast
34,45176;-87,30289;Moulton;AL;Alabama;Southeast
34,53131;-87,86974;Russellville;AL;Alabama;Southeast
34,77737;-87,56331;Muscle Shoals;AL;Alabama;Southeast
34,66607;-86,95191;Tanner;AL;Alabama;Southeast
34,65106;-87,40705;Town Creek;AL;Alabama;Southeast
34,66343;-87,75996;Tuscumbia;AL;Alabama;Southeast
34,7242;-86,47745;Brownsboro;AL;Alabama;Southeast
34,94101;-86,20002;Estillfork;AL;Alabama;Southeast
34,8287;-85,99868;Fackler;AL;Alabama;Southeast
34,71925;-86,39036;Gurley;AL;Alabama;Southeast
34,82314;-86,75662;Harvest;AL;Alabama;Southeast
34,95407;-86,5951;Hazel Green;AL;Alabama;Southeast
34,81066;-86,27931;Hollytree;AL;Alabama;Southeast
34,51819;-86,61099;Laceys Spring;AL;Alabama;Southeast
34,50676;-86,12609;Langston;AL;Alabama;Southeast
34,86856;-86,55262;Meridianville;AL;Alabama;Southeast
34,62022;-86,46615;Owens Cross Roads;AL;Alabama;Southeast
34,73102;-86,31381;Paint Rock;AL;Alabama;Southeast
34,69393;-85,82423;Pisgah;AL;Alabama;Southeast
34,77852;-86,10383;Scottsboro;AL;Alabama;Southeast
34,53635;-85,99843;Section;AL;Alabama;Southeast
34,89431;-86,71282;Toney;AL;Alabama;Southeast
34,5477;-86,69623;Valhermoso Springs;AL;Alabama;Southeast
34,72497;-86,56304;Huntsville;AL;Alabama;Southeast
33,93159;-86,09033;Rainbow City;AL;Alabama;Southeast
34,25273;-86,26023;Albertville;AL;Alabama;Southeast
34,08952;-86,05771;Attalla;AL;Alabama;Southeast
34,1433;-86,14799;Boaz;AL;Alabama;Southeast
34,91796;-85,64731;Bryant;AL;Alabama;Southeast
34,12515;-85,56786;Centre;AL;Alabama;Southeast
34,29916;-86,03795;Crossville;AL;Alabama;Southeast
34,3981;-85,69698;Fort Payne;AL;Alabama;Southeast
34,45603;-85,9466;Fyffe;AL;Alabama;Southeast
33,98797;-86,24943;Gallant;AL;Alabama;Southeast
34,34222;-85,5554;Gaylesville;AL;Alabama;Southeast
34,36284;-86,0099;Geraldine;AL;Alabama;Southeast
34,43832;-86,06655;Groveoak;AL;Alabama;Southeast
34,34819;-86,32919;Guntersville;AL;Alabama;Southeast
34,64239;-85,72983;Henagar;AL;Alabama;Southeast
34,82994;-85,6125;Higdon;AL;Alabama;Southeast
34,17719;-86,38335;Horton;AL;Alabama;Southeast
34,72218;-85,64072;Ider;AL;Alabama;Southeast
34,52781;-85,56594;Mentone;AL;Alabama;Southeast
34,50524;-85,84012;Rainsville;AL;Alabama;Southeast
33,91557;-86,23889;Steele;AL;Alabama;Southeast
34,06676;-86,3052;Walnut Grove;AL;Alabama;Southeast
32,44651;-86,72536;Autaugaville;AL;Alabama;Southeast
31,88137;-85,72802;Banks;AL;Alabama;Southeast
32,63831;-86,72531;Billingsley;AL;Alabama;Southeast
32,49747;-86,56416;Booth;AL;Alabama;Southeast
31,58395;-86,30531;Brantley;AL;Alabama;Southeast
31,66751;-85,81439;Brundidge;AL;Alabama;Southeast
32,49616;-86,31858;Coosada;AL;Alabama;Southeast
32,61951;-86,40492;Deatsville;AL;Alabama;Southeast
32,6654;-86,03312;Eclectic;AL;Alabama;Southeast
32,54664;-86,33941;Elmore;AL;Alabama;Southeast
32,77587;-86,13269;Equality;AL;Alabama;Southeast
31,93307;-85,20968;Eufaula;AL;Alabama;Southeast
31,49031;-86,38271;Dozier;AL;Alabama;Southeast
32,18479;-85,92953;Fitzpatrick;AL;Alabama;Southeast
31,86044;-86,85697;Forest Home;AL;Alabama;Southeast
32,24944;-85,75157;Fort Davis;AL;Alabama;Southeast
31,99857;-86,57179;Fort Deposit;AL;Alabama;Southeast
31,66983;-86,771;Georgiana;AL;Alabama;Southeast
31,97541;-86,16063;Grady;AL;Alabama;Southeast
31,40788;-86,4869;Gantt;AL;Alabama;Southeast
32,28939;-85,82789;Hardaway;AL;Alabama;Southeast
32,17795;-86,66972;Hayneville;AL;Alabama;Southeast
31,92361;-86,32172;Highland Home;AL;Alabama;Southeast
31,86655;-86,44897;Honoraville;AL;Alabama;Southeast
32,1939;-86,42811;Hope Hull;AL;Alabama;Southeast
31,9994;-86,33948;Lapine;AL;Alabama;Southeast
32,07868;-86,52474;Letohatchee;AL;Alabama;Southeast
31,76612;-86,28092;Luverne;AL;Alabama;Southeast
32,37464;-86,08461;Mount Meigs;AL;Alabama;Southeast
32,3008;-86,08186;Pike Road;AL;Alabama;Southeast
32,48216;-86,42431;Prattville;AL;Alabama;Southeast
32,0905;-86,16008;Ramer;AL;Alabama;Southeast
32,38913;-85,91257;Shorter;AL;Alabama;Southeast
32,53991;-85,93328;Tallassee;AL;Alabama;Southeast
32,70497;-86,28662;Titus;AL;Alabama;Southeast
32,39512;-85,68672;Tuskegee;AL;Alabama;Southeast
32,41911;-85,718;Tuskegee Institute;AL;Alabama;Southeast
32,74881;-86,52021;Verbena;AL;Alabama;Southeast
32,61401;-86,19619;Wetumpka;AL;Alabama;Southeast
33,65082;-85,88264;Anniston;AL;Alabama;Southeast
33,18094;-85,73933;Cragford;AL;Alabama;Southeast
33,04181;-85,70775;Daviston;AL;Alabama;Southeast
33,58662;-86,00025;Eastaboga;AL;Alabama;Southeast
33,7965;-85,46741;Fruithurst;AL;Alabama;Southeast
33,59305;-85,53817;Heflin;AL;Alabama;Southeast
33,35338;-85,75062;Lineville;AL;Alabama;Southeast
33,19513;-85,94659;Millerville;AL;Alabama;Southeast
33,49469;-85,94016;Munford;AL;Alabama;Southeast
33,73569;-85,38314;Muscadine;AL;Alabama;Southeast
33,78215;-86,01624;Ohatchee;AL;Alabama;Southeast
33,53904;-85,37742;Ranburne;AL;Alabama;Southeast
33,7609;-85,81541;Weaver;AL;Alabama;Southeast
33,31885;-85,5253;Wedowee;AL;Alabama;Southeast
31,14387;-85,40321;Dothan;AL;Alabama;Southeast
31,60092;-85,68372;Ariton;AL;Alabama;Southeast
31,02141;-85,77645;Black;AL;Alabama;Southeast
31,17835;-85,86496;Chancellor;AL;Alabama;Southeast
31,63532;-85,38748;Clopton;AL;Alabama;Southeast
31,17612;-85,95653;Coffee Springs;AL;Alabama;Southeast
31,05105;-85,31765;Cottonwood;AL;Alabama;Southeast
31,20558;-85,30093;Cowarts;AL;Alabama;Southeast
31,3741;-85,31;Headland;AL;Alabama;Southeast
31,55783;-85,9331;Jack;AL;Alabama;Southeast
31,3435;-85,49669;Midland City;AL;Alabama;Southeast
31,41469;-85,90596;New Brockton;AL;Alabama;Southeast
31,46648;-85,61641;Ozark;AL;Alabama;Southeast
31,35072;-85,69027;Fort Novosel;AL;Alabama;Southeast
31,13175;-85,15688;Pansey;AL;Alabama;Southeast
31,3208;-85,54738;Pinckard;AL;Alabama;Southeast
31,52131;-85,10355;Shorterville;AL;Alabama;Southeast
31,5723;-85,48956;Skipperville;AL;Alabama;Southeast
31,07681;-85,54111;Slocomb;AL;Alabama;Southeast
31,25213;-85,26961;Webb;AL;Alabama;Southeast
31,18092;-86,57618;Andalusia;AL;Alabama;Southeast
31,75884;-87,19731;Beatrice;AL;Alabama;Southeast
31,14386;-87,076;Brewton;AL;Alabama;Southeast
31,30055;-87,03888;Castleberry;AL;Alabama;Southeast
31,87889;-87,45564;Coy;AL;Alabama;Southeast
31,76636;-87,6614;Dickinson;AL;Alabama;Southeast
31,42252;-87,34512;Excel;AL;Alabama;Southeast
31,04064;-87,25885;Flomaton;AL;Alabama;Southeast
31,07312;-86,36355;Florala;AL;Alabama;Southeast
31,44397;-87,44982;Frisco City;AL;Alabama;Southeast
31,69769;-87,80664;Grove Hill;AL;Alabama;Southeast
31,57103;-86,82556;McKenzie;AL;Alabama;Southeast
31,2795;-86,25579;Opp;AL;Alabama;Southeast
31,51602;-87,55518;Perdue Hill;AL;Alabama;Southeast
31,62616;-87,22861;Peterman;AL;Alabama;Southeast
31,32009;-87,21967;Range;AL;Alabama;Southeast
31,42664;-86,62022;Red Level;AL;Alabama;Southeast
31,38511;-87,22717;Repton;AL;Alabama;Southeast
31,35359;-86,54633;River Falls;AL;Alabama;Southeast
31,08741;-86,05407;Samson;AL;Alabama;Southeast
31,32976;-87,61125;Uriah;AL;Alabama;Southeast
31,77356;-87,37553;Vredenburgh;AL;Alabama;Southeast
31,6223;-87,63424;Whatley;AL;Alabama;Southeast
31,04273;-86,68494;Wing;AL;Alabama;Southeast
31,14498;-87,49303;Atmore;AL;Alabama;Southeast
30,94978;-88,0225;Axis;AL;Alabama;Southeast
30,85893;-87,74188;Bay Minette;AL;Alabama;Southeast
30,4077;-88,24726;Bayou La Batre;AL;Alabama;Southeast
30,31173;-87,74259;Bon Secour;AL;Alabama;Southeast
31,00327;-88,01023;Bucks;AL;Alabama;Southeast
31,15516;-87,99021;Calvert;AL;Alabama;Southeast
31,47082;-88,27546;Chatom;AL;Alabama;Southeast
30,96241;-88,18526;Chunchula;AL;Alabama;Southeast
31,08296;-88,27795;Citronelle;AL;Alabama;Southeast
30,37852;-88,16536;Coden;AL;Alabama;Southeast
31,80868;-88,0203;Coffeeville;AL;Alabama;Southeast
30,8898;-88,02329;Creola;AL;Alabama;Southeast
30,61187;-87,86151;Daphne;AL;Alabama;Southeast
30,25253;-88,14381;Dauphin Island;AL;Alabama;Southeast
30,41192;-87,55445;Elberta;AL;Alabama;Southeast
30,38562;-87,72514;Foley;AL;Alabama;Southeast
31,65948;-88,13836;Frankville;AL;Alabama;Southeast
31,3475;-88,39358;Fruitdale;AL;Alabama;Southeast
31,44702;-87,66487;Gainestown;AL;Alabama;Southeast
30,49084;-88,34384;Grand Bay;AL;Alabama;Southeast
30,27683;-87,73867;Gulf Shores;AL;Alabama;Southeast
31,22129;-87,46592;Huxford;AL;Alabama;Southeast
31,48326;-87,97226;Leroy;AL;Alabama;Southeast
30,41377;-87,44951;Lillian;AL;Alabama;Southeast
30,63982;-87,7504;Loxley;AL;Alabama;Southeast
30,40006;-87,77312;Magnolia Springs;AL;Alabama;Southeast
31,20649;-87,97127;Malcolm;AL;Alabama;Southeast
31,61606;-88,33034;Millry;AL;Alabama;Southeast
30,28813;-87,57142;Orange Beach;AL;Alabama;Southeast
31,03738;-87,66274;Perdido;AL;Alabama;Southeast
30,46983;-87,91467;Point Clear;AL;Alabama;Southeast
30,51291;-88,27067;Saint Elmo;AL;Alabama;Southeast
31,54418;-88,07907;Saint Stephens;AL;Alabama;Southeast
30,85055;-88,10415;Saraland;AL;Alabama;Southeast
30,76825;-88,27276;Semmes;AL;Alabama;Southeast
30,52654;-87,76654;Silverhill;AL;Alabama;Southeast
31,36645;-88,0098;Sunflower;AL;Alabama;Southeast
30,51616;-88,17719;Theodore;AL;Alabama;Southeast
31,36677;-88,1869;Tibbie;AL;Alabama;Southeast
31,19579;-88,38385;Vinegar Bend;AL;Alabama;Southeast
31,36985;-88,02338;Wagarville;AL;Alabama;Southeast
30,83599;-88,35006;Wilmer;AL;Alabama;Southeast
30,69834;-88,03815;Mobile;AL;Alabama;Southeast
30,81175;-88,18176;Eight Mile;AL;Alabama;Southeast
32,06633;-87,2907;Boykin;AL;Alabama;Southeast
32,16625;-87,48416;Catherine;AL;Alabama;Southeast
32,41638;-87,91367;Demopolis;AL;Alabama;Southeast
32,07832;-87,76444;Dixons Mills;AL;Alabama;Southeast
32,43421;-87,62481;Faunsdale;AL;Alabama;Southeast
32,62421;-87,83209;Forkland;AL;Alabama;Southeast
32,45836;-87,74215;Gallion;AL;Alabama;Southeast
32,54759;-86,85303;Jones;AL;Alabama;Southeast
32,78396;-86,84361;Maplesville;AL;Alabama;Southeast
31,80808;-87,54865;Lower Peach Tree;AL;Alabama;Southeast
32,30628;-86,62544;Lowndesboro;AL;Alabama;Southeast
31,83698;-87,10762;McWilliams;AL;Alabama;Southeast
32,6491;-86,89975;Plantersville;AL;Alabama;Southeast
32,42977;-87,28722;Marion Junction;AL;Alabama;Southeast
32,07872;-86,97602;Minter;AL;Alabama;Southeast
32,26184;-87,96509;Myrtlewood;AL;Alabama;Southeast
32,11518;-87,98526;Nanafalia;AL;Alabama;Southeast
32,59278;-87,51933;Newbern;AL;Alabama;Southeast
32,25083;-87,21042;Orrville;AL;Alabama;Southeast
31,8837;-87,01186;Pine Apple;AL;Alabama;Southeast
32,28252;-87,38607;Safford;AL;Alabama;Southeast
32,74513;-87,74488;Sawyerville;AL;Alabama;Southeast
32,11684;-87,90996;Sweet Water;AL;Alabama;Southeast
32,27615;-86,82683;Tyler;AL;Alabama;Southeast
32,72758;-86,9107;Stanton;AL;Alabama;Southeast
32,8292;-87,00947;Lawley;AL;Alabama;Southeast
32,701;-85,39243;Opelika;AL;Alabama;Southeast
32,59953;-85,48858;Auburn University;AL;Alabama;Southeast
32,15039;-85,08094;Cottonton;AL;Alabama;Southeast
32,80557;-85,76809;Dadeville;AL;Alabama;Southeast
32,75257;-85,18484;Valley;AL;Alabama;Southeast
33,03709;-85,30516;Five Points;AL;Alabama;Southeast
32,26897;-84,99757;Fort Mitchell;AL;Alabama;Southeast
32,30061;-85,30138;Hatchechubbee;AL;Alabama;Southeast
32,26118;-85,42064;Hurtsboro;AL;Alabama;Southeast
32,88585;-85,83232;Jacksons Gap;AL;Alabama;Southeast
32,89722;-85,25916;Lanett;AL;Alabama;Southeast
32,60259;-85,58946;Loachapoka;AL;Alabama;Southeast
32,55468;-85,71459;Notasulga;AL;Alabama;Southeast
32,49823;-85,02304;Phenix City;AL;Alabama;Southeast
32,17455;-85,14892;Pittsview;AL;Alabama;Southeast
32,32632;-85,16295;Seale;AL;Alabama;Southeast
32,55465;-85,0974;Smiths Station;AL;Alabama;Southeast
32,42284;-88,1465;Bellamy;AL;Alabama;Southeast
31,89818;-88,30807;Gilbertown;AL;Alabama;Southeast
32,23078;-88,15928;Jachin;AL;Alabama;Southeast
32,23825;-88,30369;Lisman;AL;Alabama;Southeast
31,96069;-88,44667;Melvin;AL;Alabama;Southeast
31,76765;-88,2894;Silas;AL;Alabama;Southeast
31,96956;-88,19108;Toxey;AL;Alabama;Southeast
36,04658;-86,63445;Antioch;TN;Tennessee;Southeast
36,28798;-87,08113;Ashland City;TN;Tennessee;Southeast
35,96355;-86,11364;Auburntown;TN;Tennessee;Southeast
35,64255;-86,19876;Beechgrove;TN;Tennessee;Southeast
35,62563;-86,39927;Bell Buckle;TN;Tennessee;Southeast
35,95263;-87,30855;Bon Aqua;TN;Tennessee;Southeast
35,69578;-86,10746;Bradyville;TN;Tennessee;Southeast
36,62793;-87,85723;Bumpus Mills;TN;Tennessee;Southeast
36,04253;-87,2678;Burns;TN;Tennessee;Southeast
36,3721;-86,30328;Castalian Springs;TN;Tennessee;Southeast
36,52518;-87,01647;Cedar Hill;TN;Tennessee;Southeast
36,3849;-87,12602;Chapmansboro;TN;Tennessee;Southeast
35,77995;-86,71582;College Grove;TN;Tennessee;Southeast
35,31291;-86,83191;Cornersville;TN;Tennessee;Southeast
36,4904;-86,59112;Cottontown;TN;Tennessee;Southeast
36,55985;-86,67887;Cross Plains;TN;Tennessee;Southeast
36,3713;-87,63586;Cumberland City;TN;Tennessee;Southeast
36,30426;-87,41405;Cumberland Furnace;TN;Tennessee;Southeast
36,37534;-87,40095;Cunningham;TN;Tennessee;Southeast
36,07921;-87,44238;Dickson;TN;Tennessee;Southeast
36,40466;-86,02726;Dixon Springs;TN;Tennessee;Southeast
35,98611;-85,90798;Dowelltown;TN;Tennessee;Southeast
35,74924;-86,63428;Eagleville;TN;Tennessee;Southeast
36,39871;-86,45594;Gallatin;TN;Tennessee;Southeast
36,35686;-86,74494;Goodlettsville;TN;Tennessee;Southeast
36,42834;-86,81414;Greenbrier;TN;Tennessee;Southeast
35,92366;-87,77138;Hurricane Mills;TN;Tennessee;Southeast
36,4826;-87,65939;Indian Mound;TN;Tennessee;Southeast
36,32901;-86,91633;Joelton;TN;Tennessee;Southeast
36,09717;-87,11484;Kingston Springs;TN;Tennessee;Southeast
35,95308;-86,27912;Lascassas;TN;Tennessee;Southeast
36,02177;-86,55971;La Vergne;TN;Tennessee;Southeast
35,7785;-87,8303;Lobelville;TN;Tennessee;Southeast
35,87142;-87,31075;Lyles;TN;Tennessee;Southeast
36,06625;-87,63741;McEwen;TN;Tennessee;Southeast
35,6436;-85,74314;Mcminnville;TN;Tennessee;Southeast
36,17791;-86,48872;Mount Juliet;TN;Tennessee;Southeast
36,0014;-87,95063;New Johnsonville;TN;Tennessee;Southeast
35,93562;-86,6625;Nolensville;TN;Tennessee;Southeast
35,87912;-87,50276;Nunnelly;TN;Tennessee;Southeast
36,24652;-86,61938;Old Hickory;TN;Tennessee;Southeast
35,86345;-87,65245;Only;TN;Tennessee;Southeast
36,6145;-86,69894;Orlinda;TN;Tennessee;Southeast
36,13137;-87,03038;Pegram;TN;Tennessee;Southeast
36,38179;-85,91203;Pleasant Shade;TN;Tennessee;Southeast
36,4047;-87,03123;Pleasant View;TN;Tennessee;Southeast
35,80876;-86,19311;Readyville;TN;Tennessee;Southeast
36,54437;-85,81082;Red Boiling Springs;TN;Tennessee;Southeast
36,31288;-86,04536;Riddleton;TN;Tennessee;Southeast
35,7645;-86,55531;Rockvale;TN;Tennessee;Southeast
35,46562;-86,48268;Shelbyville;TN;Tennessee;Southeast
36,29005;-87,46943;Slayden;TN;Tennessee;Southeast
36,32349;-87,89678;Stewart;TN;Tennessee;Southeast
36,3195;-87,78694;Tennessee Ridge;TN;Tennessee;Southeast
35,8073;-86,91517;Thompsons Station;TN;Tennessee;Southeast
36,241;-87,49706;Vanleer;TN;Tennessee;Southeast
35,5104;-86,30162;Wartrace;TN;Tennessee;Southeast
36,1471;-87,19885;White Bluff;TN;Tennessee;Southeast
36,48048;-86,68101;White House;TN;Tennessee;Southeast
36,27875;-86,82983;Whites Creek;TN;Tennessee;Southeast
35,01303;-85,01961;Apison;TN;Tennessee;Southeast
35,45795;-85,70195;Beersheba Springs;TN;Tennessee;Southeast
35,3476;-84,99728;Birchwood;TN;Tennessee;Southeast
35,37703;-85,70245;Coalmont;TN;Tennessee;Southeast
35,04722;-85,05158;Collegedale;TN;Tennessee;Southeast
35,00161;-84,72975;Conasauga;TN;Tennessee;Southeast
35,03079;-84,44341;Copperhill;TN;Tennessee;Southeast
35,17879;-85,97994;Cowan;TN;Tennessee;Southeast
35,25251;-86,00044;Decherd;TN;Tennessee;Southeast
35,04023;-84,38329;Ducktown;TN;Tennessee;Southeast
35,42251;-85,39993;Dunlap;TN;Tennessee;Southeast
35,02825;-86,36876;Elora;TN;Tennessee;Southeast
35,28411;-86,12967;Estill Springs;TN;Tennessee;Southeast
35,59418;-84,96277;Evensville;TN;Tennessee;Southeast
35,14844;-84,35981;Farner;TN;Tennessee;Southeast
35,06584;-86,40548;Flintville;TN;Tennessee;Southeast
35,78594;-84,86651;Grandview;TN;Tennessee;Southeast
35,37386;-85,63222;Gruetli Laager;TN;Tennessee;Southeast
35,02085;-85,53179;Guild;TN;Tennessee;Southeast
35,16904;-85,20899;Hixson;TN;Tennessee;Southeast
35,0366;-86,24299;Huntland;TN;Tennessee;Southeast
35,11935;-86,44222;Kelso;TN;Tennessee;Southeast
35,10073;-85,26135;Lupton City;TN;Tennessee;Southeast
35,50195;-84,34387;Madisonville;TN;Tennessee;Southeast
35,22952;-85,82393;Monteagle;TN;Tennessee;Southeast
35,59454;-85,92003;Morrison;TN;Tennessee;Southeast
35,44702;-86,25586;Normandy;TN;Tennessee;Southeast
35,11551;-85,0549;Ooltewah;TN;Tennessee;Southeast
35,19908;-84,47707;Reliance;TN;Tennessee;Southeast
35,35903;-84,70064;Riceville;TN;Tennessee;Southeast
35,39476;-85,10373;Sale Creek;TN;Tennessee;Southeast
35,16404;-85,65818;Sequatchie;TN;Tennessee;Southeast
35,15355;-85,88173;Sewanee;TN;Tennessee;Southeast
35,21243;-85,3389;Signal Mountain;TN;Tennessee;Southeast
35,29407;-85,17429;Soddy Daisy;TN;Tennessee;Southeast
35,07265;-85,75754;South Pittsburg;TN;Tennessee;Southeast
35,33494;-84,22933;Tellico Plains;TN;Tennessee;Southeast
35,27745;-85,71427;Tracy City;TN;Tennessee;Southeast
35,35141;-86,19747;Tullahoma;TN;Tennessee;Southeast
35,09049;-84,35327;Turtletown;TN;Tennessee;Southeast
35,00198;-85,50353;Whiteside;TN;Tennessee;Southeast
35,21046;-85,51819;Whitwell;TN;Tennessee;Southeast
35,04672;-85,31553;Chattanooga;TN;Tennessee;Southeast
36,53155;-82,37248;Blountville;TN;Tennessee;Southeast
36,46555;-82,20833;Bluff City;TN;Tennessee;Southeast
36,20015;-82,66306;Chuckey;TN;Tennessee;Southeast
36,37513;-82,13729;Elizabethton;TN;Tennessee;Southeast
36,39997;-82,63075;Fall Branch;TN;Tennessee;Southeast
36,01725;-82,56057;Flag Pond;TN;Tennessee;Southeast
36,28074;-82,4938;Jonesborough;TN;Tennessee;Southeast
36,52938;-82,57339;Kingsport;TN;Tennessee;Southeast
36,57462;-81,72556;Laurel Bloomery;TN;Tennessee;Southeast
36,30035;-82,29169;Milligan College;TN;Tennessee;Southeast
36,44175;-82,34639;Piney Flats;TN;Tennessee;Southeast
36,18667;-82,09667;Roan Mountain;TN;Tennessee;Southeast
36,54548;-81,88281;Shady Valley;TN;Tennessee;Southeast
36,36792;-81,75519;Trade;TN;Tennessee;Southeast
36,18456;-82,30413;Unicoi;TN;Tennessee;Southeast
36,3849;-82,27588;Watauga;TN;Tennessee;Southeast
35,79393;-83,98461;Alcoa;TN;Tennessee;Southeast
36,32312;-83,33588;Bean Station;TN;Tennessee;Southeast
36,15802;-84,3177;Briceville;TN;Tennessee;Southeast
36,28102;-83,03885;Bulls Gap;TN;Tennessee;Southeast
36,09073;-83,13373;Bybee;TN;Tennessee;Southeast
36,55323;-83,95894;Clairfield;TN;Tennessee;Southeast
36,02196;-84,42815;Coalfield;TN;Tennessee;Southeast
36,13155;-83,80829;Corryton;TN;Tennessee;Southeast
35,80611;-83,23339;Cosby;TN;Tennessee;Southeast
36,54457;-83,69328;Cumberland Gap;TN;Tennessee;Southeast
35,99778;-83,39678;Dandridge;TN;Tennessee;Southeast
36,20464;-84,8386;Deer Lodge;TN;Tennessee;Southeast
35,88885;-83,00651;Del Rio;TN;Tennessee;Southeast
36,51412;-84,03276;Duff;TN;Tennessee;Southeast
36,56837;-83,97357;Eagan;TN;Tennessee;Southeast
36,54383;-83,00873;Eidson;TN;Tennessee;Southeast
36,35676;-84,69497;Rugby;TN;Tennessee;Southeast
35,67125;-83,47641;Gatlinburg;TN;Tennessee;Southeast
35,67548;-84,18049;Greenback;TN;Tennessee;Southeast
36,06663;-82,85659;Greeneville;TN;Tennessee;Southeast
36,56735;-83,55422;Harrogate;TN;Tennessee;Southeast
36,13059;-84,03305;Heiskell;TN;Tennessee;Southeast
36,42249;-84,53166;Helenwood;TN;Tennessee;Southeast
36,30182;-84,14371;Jacksboro;TN;Tennessee;Southeast
36,10773;-83,46443;Jefferson City;TN;Tennessee;Southeast
36,57657;-84,12323;Jellico;TN;Tennessee;Southeast
35,97074;-83,61585;Kodak;TN;Tennessee;Southeast
36,57219;-83,06534;Kyles Ford;TN;Tennessee;Southeast
36,39958;-84,07275;La Follette;TN;Tennessee;Southeast
36,21799;-84,15532;Rocky Top;TN;Tennessee;Southeast
36,15239;-84,6418;Lancing;TN;Tennessee;Southeast
35,8382;-84,31748;Lenoir City;TN;Tennessee;Southeast
36,21093;-83,75793;Luttrell;TN;Tennessee;Southeast
35,67134;-84,08453;Maryville;TN;Tennessee;Southeast
36,25955;-83,82702;Maynardville;TN;Tennessee;Southeast
36,35558;-83,2144;Mooresburg;TN;Tennessee;Southeast
36,18581;-82,97233;Mosheim;TN;Tennessee;Southeast
36,41221;-83,68196;New Tazewell;TN;Tennessee;Southeast
35,55825;-84,58984;Niota;TN;Tennessee;Southeast
36,05849;-84,37047;Oliver Springs;TN;Tennessee;Southeast
36,01137;-83,04979;Parrottsville;TN;Tennessee;Southeast
36,10369;-84,45022;Petros;TN;Tennessee;Southeast
36,43156;-84,27346;Pioneer;TN;Tennessee;Southeast
36,0578;-84,04476;Powell;TN;Tennessee;Southeast
36,56558;-83,79244;Pruden;TN;Tennessee;Southeast
35,78314;-83,61232;Sevierville;TN;Tennessee;Southeast
35,7864;-83,56367;Pigeon Forge;TN;Tennessee;Southeast
36,35017;-83,8517;Sharps Chapel;TN;Tennessee;Southeast
36,51555;-83,24579;Sneedville;TN;Tennessee;Southeast
36,04693;-83,67932;Strawberry Plains;TN;Tennessee;Southeast
36,26869;-84,68119;Sunbright;TN;Tennessee;Southeast
36,52446;-82,84754;Surgoinsville;TN;Tennessee;Southeast
35,59749;-84,45823;Sweetwater;TN;Tennessee;Southeast
36,15176;-83,40503;Talbott;TN;Tennessee;Southeast
35,7012;-84,66453;Ten Mile;TN;Tennessee;Southeast
36,39861;-83,34393;Thorn Hill;TN;Tennessee;Southeast
35,50392;-84,12539;Vonore;TN;Tennessee;Southeast
35,74142;-83,80747;Walland;TN;Tennessee;Southeast
36,0772;-84,61573;Wartburg;TN;Tennessee;Southeast
36,08144;-83,29299;White Pine;TN;Tennessee;Southeast
35,87338;-84,17882;Farragut;TN;Tennessee;Southeast
35,41909;-89,76687;Atoka;TN;Tennessee;Southeast
35,69507;-89,09761;Bells;TN;Tennessee;Southeast
35,55948;-89,82436;Burlison;TN;Tennessee;Southeast
35,06722;-89,65347;Collierville;TN;Tennessee;Southeast
35,87042;-89,18411;Crockett Mills;TN;Tennessee;Southeast
35,47468;-89,95114;Drummonds;TN;Tennessee;Southeast
36,03743;-89,38511;Dyersburg;TN;Tennessee;Southeast
35,18486;-89,63474;Eads;TN;Tennessee;Southeast
35,99942;-89,59981;Finley;TN;Tennessee;Southeast
35,32715;-89,61941;Gallaway;TN;Tennessee;Southeast
35,0571;-89,18545;Grand Junction;TN;Tennessee;Southeast
35,88185;-89,48065;Halls;TN;Tennessee;Southeast
35,64397;-89,70204;Henning;TN;Tennessee;Southeast
35,15059;-89,13848;Hickory Valley;TN;Tennessee;Southeast
35,20736;-88,80244;Hornsby;TN;Tennessee;Southeast
35,81635;-89,22712;Maury City;TN;Tennessee;Southeast
35,08561;-89,04804;Saulsbury;TN;Tennessee;Southeast
35,94045;-89,24915;Tigrett;TN;Tennessee;Southeast
36,32852;-89,4744;Wynnburg;TN;Tennessee;Southeast
36,41378;-89,47032;Tiptonville;TN;Tennessee;Southeast
35,98836;-88,673;Atwood;TN;Tennessee;Southeast
36,39172;-88,48774;Cottage Grove;TN;Tennessee;Southeast
36,47722;-88,66382;Dukedom;TN;Tennessee;Southeast
36,22108;-88,60939;Gleason;TN;Tennessee;Southeast
36,34828;-89,32295;Hornbeak;TN;Tennessee;Southeast
35,99116;-88,58109;McLemoresville;TN;Tennessee;Southeast
36,25091;-89,32045;Obion;TN;Tennessee;Southeast
36,42852;-88,58964;Palmersville;TN;Tennessee;Southeast
36,44636;-88,3539;Puryear;TN;Tennessee;Southeast
36,29821;-89,05822;Rives;TN;Tennessee;Southeast
36,37444;-89,34662;Samburg;TN;Tennessee;Southeast
36,46386;-88,88397;South Fulton;TN;Tennessee;Southeast
36,02094;-88,61188;Trezevant;TN;Tennessee;Southeast
36,20204;-89,18439;Trimble;TN;Tennessee;Southeast
35,43842;-88,09737;Bath Springs;TN;Tennessee;Southeast
35,60107;-88,62541;Beech Bluff;TN;Tennessee;Southeast
35,26918;-88,6241;Bethel Springs;TN;Tennessee;Southeast
36,05425;-88,26965;Bruceton;TN;Tennessee;Southeast
35,04419;-88,27514;Counce;TN;Tennessee;Southeast
35,22348;-88,30085;Crump;TN;Tennessee;Southeast
35,67601;-88,21222;Darden;TN;Tennessee;Southeast
35,54541;-88,11283;Decaturville;TN;Tennessee;Southeast
36,0675;-89,03316;Dyer;TN;Tennessee;Southeast
35,41978;-88,42934;Enville;TN;Tennessee;Southeast
35,35342;-88,58977;Finger;TN;Tennessee;Southeast
35,0524;-88,5147;Guys;TN;Tennessee;Southeast
35,87677;-88,08888;Holladay;TN;Tennessee;Southeast
36,10766;-88,29024;Hollow Rock;TN;Tennessee;Southeast
35,82727;-88,92819;Humboldt;TN;Tennessee;Southeast
35,59109;-88,51163;Huron;TN;Tennessee;Southeast
35,47632;-88,49846;Jacks Creek;TN;Tennessee;Southeast
35,86893;-88,65198;Lavinia;TN;Tennessee;Southeast
35,43877;-88,89029;Medon;TN;Tennessee;Southeast
35,04888;-88,4112;Michie;TN;Tennessee;Southeast
35,31897;-88,29232;Morris Chapel;TN;Tennessee;Southeast
35,05383;-88,23627;Pickwick Dam;TN;Tennessee;Southeast
35,50191;-88,35659;Reagan;TN;Tennessee;Southeast
35,51192;-88,23469;Scotts Hill;TN;Tennessee;Southeast
35,16142;-88,58811;Selmer;TN;Tennessee;Southeast
35,16388;-88,42825;Stantonville;TN;Tennessee;Southeast
35,79114;-88,03263;Sugar Tree;TN;Tennessee;Southeast
35,35144;-88,96205;Toone;TN;Tennessee;Southeast
35,77672;-88,31535;Wildersville;TN;Tennessee;Southeast
35,83845;-88,37797;Yuma;TN;Tennessee;Southeast
35,18523;-87,80143;Collinwood;TN;Tennessee;Southeast
35,46706;-86,99573;Culleoka;TN;Tennessee;Southeast
35,07898;-87,79239;Cypress Inn;TN;Tennessee;Southeast
35,11923;-86,81472;Dellrose;TN;Tennessee;Southeast
35,72334;-87,35538;Duck River;TN;Tennessee;Southeast
35,33464;-87,26559;Ethridge;TN;Tennessee;Southeast
35,19135;-86,80219;Frankewing;TN;Tennessee;Southeast
35,10116;-87,15937;Goodspring;TN;Tennessee;Southeast
35,59514;-87,33987;Hampshire;TN;Tennessee;Southeast
35,53142;-87,54869;Hohenwald;TN;Tennessee;Southeast
35,06802;-87,64494;Iron City;TN;Tennessee;Southeast
35,29035;-87,42845;Lawrenceburg;TN;Tennessee;Southeast
35,13083;-87,29072;Leoma;TN;Tennessee;Southeast
35,0771;-87,92134;Lutts;TN;Tennessee;Southeast
35,3773;-87,03873;Lynnville;TN;Tennessee;Southeast
35,02775;-87,17057;Minor Hill;TN;Tennessee;Southeast
35,2624;-88,02336;Olivehill;TN;Tennessee;Southeast
35,84341;-87,20984;Primm Springs;TN;Tennessee;Southeast
35,02813;-87,48863;Saint Joseph;TN;Tennessee;Southeast
35,76792;-87,14574;Santa Fe;TN;Tennessee;Southeast
35,43411;-87,33476;Summertown;TN;Tennessee;Southeast
35,17306;-87,54029;Westpoint;TN;Tennessee;Southeast
35,03906;-86,68569;Taft;TN;Tennessee;Southeast
36,22682;-85,53841;Cookeville;TN;Tennessee;Southeast
36,39314;-84,73528;Allardt;TN;Tennessee;Southeast
36,52903;-85,33767;Allons;TN;Tennessee;Southeast
36,31576;-85,20113;Allred;TN;Tennessee;Southeast
36,23133;-85,65964;Bloomington Springs;TN;Tennessee;Southeast
36,14954;-86,00833;Brush Creek;TN;Tennessee;Southeast
36,17252;-85,79197;Buffalo Valley;TN;Tennessee;Southeast
36,5617;-85,15243;Byrdstown;TN;Tennessee;Southeast
35,76982;-85,63268;Campaign;TN;Tennessee;Southeast
36,55804;-85,48699;Celina;TN;Tennessee;Southeast
36,2166;-85,81195;Chestnut Mound;TN;Tennessee;Southeast
36,20322;-85,00442;Clarkrange;TN;Tennessee;Southeast
35,80692;-85,51334;Doyle;TN;Tennessee;Southeast
36,23458;-85,8713;Elmwood;TN;Tennessee;Southeast
36,35173;-85,65932;Gainesboro;TN;Tennessee;Southeast
36,26296;-85,00992;Grimsley;TN;Tennessee;Southeast
36,13392;-85,91518;Hickman;TN;Tennessee;Southeast
36,43594;-85,46907;Hilham;TN;Tennessee;Southeast
36,55848;-85,63515;Moss;TN;Tennessee;Southeast
36,56453;-84,94651;Pall Mall;TN;Tennessee;Southeast
35,83218;-85,54919;Quebeck;TN;Tennessee;Southeast
36,27729;-85,29522;Rickman;TN;Tennessee;Southeast
35,73834;-85,62141;Rock Island;TN;Tennessee;Southeast
36,09431;-85,75382;Silver Point;TN;Tennessee;Southeast
35,8677;-85,61723;Walling;TN;Tennessee;Southeast
36,45613;-85,7189;Whitleyville;TN;Tennessee;Southeast
34,30375;-89,9581;Batesville;MS;Mississippi;Southeast
34,65357;-89,02637;Blue Mountain;MS;Mississippi;Southeast
34,85467;-89,67116;Byhalia;MS;Mississippi;Southeast
34,15914;-90,60747;Clarksdale;MS;Mississippi;Southeast
34,36261;-90,49342;Coahoma;MS;Mississippi;Southeast
34,70203;-89,93415;Coldwater;MS;Mississippi;Southeast
34,4528;-90,1731;Crenshaw;MS;Mississippi;Southeast
34,16944;-90,13448;Crowder;MS;Mississippi;Southeast
34,36131;-90,29692;Darling;MS;Mississippi;Southeast
34,61866;-88,8334;Dumas;MS;Mississippi;Southeast
34,44503;-89,24563;Etta;MS;Mississippi;Southeast
34,86914;-88,99421;Falkner;MS;Mississippi;Southeast
34,35891;-90,62765;Friars Point;MS;Mississippi;Southeast
34,64206;-89,19671;Hickory Flat;MS;Mississippi;Southeast
34,95105;-90,05004;Horn Lake;MS;Mississippi;Southeast
34,90616;-90,1857;Lake Cormorant;MS;Mississippi;Southeast
34,15082;-90,26281;Lambert;MS;Mississippi;Southeast
34,2469;-90,47663;Lyon;MS;Mississippi;Southeast
34,28141;-90,29673;Marks;MS;Mississippi;Southeast
34,95851;-89,21746;Michigan City;MS;Mississippi;Southeast
34,52776;-89,14165;Myrtle;MS;Mississippi;Southeast
34,89172;-90,00359;Nesbit;MS;Mississippi;Southeast
34,93635;-89,82409;Olive Branch;MS;Mississippi;Southeast
34,19011;-89,89906;Pope;MS;Mississippi;Southeast
34,62073;-89,32065;Potts Camp;MS;Mississippi;Southeast
34,89009;-89,55918;Red Banks;MS;Mississippi;Southeast
34,80434;-90,33217;Robinsonville;MS;Mississippi;Southeast
34,58165;-90,16693;Sarah;MS;Mississippi;Southeast
34,60109;-89,92505;Senatobia;MS;Mississippi;Southeast
34,42815;-90,28899;Sledge;MS;Mississippi;Southeast
34,96376;-89,99567;Southaven;MS;Mississippi;Southeast
34,8718;-88,89549;Tiplersville;MS;Mississippi;Southeast
34,67274;-90,3682;Tunica;MS;Mississippi;Southeast
34,96152;-90,14463;Walls;MS;Mississippi;Southeast
34,93504;-88,85997;Walnut;MS;Mississippi;Southeast
34,11907;-90,78741;Alligator;MS;Mississippi;Southeast
32,96598;-90,75876;Anguilla;MS;Mississippi;Southeast
33,26116;-90,88304;Arcola;MS;Mississippi;Southeast
33,63834;-91,05543;Benoit;MS;Mississippi;Southeast
33,75207;-90,97664;Beulah;MS;Mississippi;Southeast
33,6883;-90,79932;Boyle;MS;Mississippi;Southeast
33,64389;-90,54173;Doddsville;MS;Mississippi;Southeast
33,85683;-90,4928;Drew;MS;Mississippi;Southeast
33,93049;-90,53653;Parchman;MS;Mississippi;Southeast
33,03066;-91,05371;Glen Allan;MS;Mississippi;Southeast
32,98592;-91,00499;Grace;MS;Mississippi;Southeast
33,95677;-90,94112;Gunnison;MS;Mississippi;Southeast
33,15787;-90,87964;Hollandale;MS;Mississippi;Southeast
33,24816;-90,62066;Isola;MS;Mississippi;Southeast
33,82495;-90,73501;Merigold;MS;Mississippi;Southeast
33,4535;-90,99394;Metcalfe;MS;Mississippi;Southeast
33,42507;-90,47658;Moorhead;MS;Mississippi;Southeast
33,8885;-90,72681;Mound Bayou;MS;Mississippi;Southeast
33,79878;-90,87965;Pace;MS;Mississippi;Southeast
33,0493;-90,8896;Panther Burn;MS;Mississippi;Southeast
34,12809;-90,80552;Rena Lara;MS;Mississippi;Southeast
33,73914;-90,5243;Ruleville;MS;Mississippi;Southeast
33,56254;-91,08769;Scott;MS;Mississippi;Southeast
33,60455;-90,77388;Shaw;MS;Mississippi;Southeast
33,90876;-90,75684;Winstonville;MS;Mississippi;Southeast
34,22256;-88,7762;Tupelo;MS;Mississippi;Southeast
33,97503;-88,43918;Amory;MS;Mississippi;Southeast
34,52303;-88,64334;Baldwyn;MS;Mississippi;Southeast
34,30164;-88,84655;Belden;MS;Mississippi;Southeast
34,42365;-88,86789;Blue Springs;MS;Mississippi;Southeast
34,65229;-88,53639;Booneville;MS;Mississippi;Southeast
33,8558;-89,28404;Derma;MS;Mississippi;Southeast
34,34943;-89,02237;Ecru;MS;Mississippi;Southeast
33,839;-88,25593;Gattman;MS;Mississippi;Southeast
34,40772;-88,24074;Golden;MS;Mississippi;Southeast
33,94523;-88,27797;Greenwood Springs;MS;Mississippi;Southeast
34,45442;-88,69319;Guntown;MS;Mississippi;Southeast
34,04792;-89,06705;Houlka;MS;Mississippi;Southeast
34,84484;-88,21598;Iuka;MS;Mississippi;Southeast
34,32646;-88,48659;Mantachie;MS;Mississippi;Southeast
34,28004;-88,57808;Mooreville;MS;Mississippi;Southeast
34,10145;-88,53726;Nettleton;MS;Mississippi;Southeast
34,52865;-88,37548;New Site;MS;Mississippi;Southeast
33,97649;-88,75879;Okolona;MS;Mississippi;Southeast
34,2167;-89,02738;Pontotoc;MS;Mississippi;Southeast
34,78003;-88,58821;Rienzi;MS;Mississippi;Southeast
34,66169;-88,25141;Tishomingo;MS;Mississippi;Southeast
33,88179;-89,19231;Vardaman;MS;Mississippi;Southeast
33,76275;-89,79799;Grenada;MS;Mississippi;Southeast
34,13774;-89,37836;Banner;MS;Mississippi;Southeast
34,02807;-89,38957;Bruce;MS;Mississippi;Southeast
33,81815;-89,35158;Calhoun City;MS;Mississippi;Southeast
33,8823;-90,05018;Cascilla;MS;Mississippi;Southeast
33,37829;-89,99354;Coila;MS;Mississippi;Southeast
33,29342;-90,22392;Cruger;MS;Mississippi;Southeast
33,62917;-89,61961;Duck Hill;MS;Mississippi;Southeast
34,13394;-90,01827;Enid;MS;Mississippi;Southeast
33,74014;-89,52425;Gore Springs;MS;Mississippi;Southeast
33,75145;-90,03505;Holcomb;MS;Mississippi;Southeast
33,48655;-90,35909;Itta Bena;MS;Mississippi;Southeast
33,52033;-89,84525;McCarley;MS;Mississippi;Southeast
33,76106;-90,34242;Minter City;MS;Mississippi;Southeast
33,37701;-90,35591;Morgan City;MS;Mississippi;Southeast
33,51718;-89,92128;North Carrollton;MS;Mississippi;Southeast
33,74281;-90,19758;Philipp;MS;Mississippi;Southeast
33,63041;-90,33711;Schlater;MS;Mississippi;Southeast
33,91821;-89,92325;Scobey;MS;Mississippi;Southeast
33,41301;-90,21536;Sidon;MS;Mississippi;Southeast
33,96463;-89,8859;Tillatoba;MS;Mississippi;Southeast
33,87201;-90,18465;Tippo;MS;Mississippi;Southeast
34,00442;-90,40598;Tutwiler;MS;Mississippi;Southeast
34,13486;-89,59257;Water Valley;MS;Mississippi;Southeast
33,20179;-90,47023;Belzoni;MS;Mississippi;Southeast
32,63907;-90,41314;Bentonia;MS;Mississippi;Southeast
32,02869;-89,97161;Braxton;MS;Mississippi;Southeast
32,49268;-89,28381;Conehatta;MS;Mississippi;Southeast
31,98194;-90,35141;Crystal Springs;MS;Mississippi;Southeast
33,08597;-90,80324;Delta City;MS;Mississippi;Southeast
31,98479;-89,89815;D Lo;MS;Mississippi;Southeast
32,54887;-90,3185;Flora;MS;Mississippi;Southeast
32,93178;-89,88449;Goodman;MS;Mississippi;Southeast
31,96275;-90,75964;Hermanville;MS;Mississippi;Southeast
32,73287;-90,7545;Holly Bluff;MS;Mississippi;Southeast
33,00775;-89,54503;Kosciusko;MS;Mississippi;Southeast
32,57497;-89,67591;Lena;MS;Mississippi;Southeast
31,82508;-91,11672;Lorman;MS;Mississippi;Southeast
32,99105;-90,59478;Louise;MS;Mississippi;Southeast
33,15684;-89,33033;McCool;MS;Mississippi;Southeast
31,89536;-89,71816;Magee;MS;Mississippi;Southeast
32,82707;-91,06476;Mayersville;MS;Mississippi;Southeast
31,95331;-89,83257;Mendenhall;MS;Mississippi;Southeast
33,04679;-90,56133;Midnight;MS;Mississippi;Southeast
31,89165;-89,54925;Mize;MS;Mississippi;Southeast
31,51148;-91,35206;Natchez;MS;Mississippi;Southeast
31,75211;-90,00512;Newhebron;MS;Mississippi;Southeast
31,82971;-90,80155;Pattison;MS;Mississippi;Southeast
32,33862;-89,79819;Pelahatchie;MS;Mississippi;Southeast
32,06159;-89,99459;Piney Woods;MS;Mississippi;Southeast
31,83354;-90,00985;Pinola;MS;Mississippi;Southeast
32,82894;-90,92476;Rolling Fork;MS;Mississippi;Southeast
32,99756;-89,75336;Sallis;MS;Mississippi;Southeast
32,62627;-90,63395;Satartia;MS;Mississippi;Southeast
33,05161;-90,48208;Silver City;MS;Mississippi;Southeast
33,13515;-90,29371;Tchula;MS;Mississippi;Southeast
32,11182;-90,3377;Terry;MS;Mississippi;Southeast
32,74247;-90,47219;Tinsley;MS;Mississippi;Southeast
32,4009;-90,16018;Tougaloo;MS;Mississippi;Southeast
33,30398;-89,74859;Vaiden;MS;Mississippi;Southeast
32,61286;-90,84546;Valley Park;MS;Mississippi;Southeast
32,80873;-90,0984;Vaughan;MS;Mississippi;Southeast
32,223;-90,90225;Vicksburg;MS;Mississippi;Southeast
31,71492;-90,40764;Wesson;MS;Mississippi;Southeast
33,19153;-89,75324;West;MS;Mississippi;Southeast
32,23625;-90,07681;Whitfield;MS;Mississippi;Southeast
32,83423;-90,49856;Yazoo City;MS;Mississippi;Southeast
32,25827;-90,08908;Pearl;MS;Mississippi;Southeast
32,3361;-90,08693;Flowood;MS;Mississippi;Southeast
32,18838;-90,26335;Byram;MS;Mississippi;Southeast
31,58344;-88,53203;Buckatunna;MS;Mississippi;Southeast
32,34971;-88,92624;Chunky;MS;Mississippi;Southeast
31,58032;-88,69755;Clara;MS;Mississippi;Southeast
32,75012;-88,69564;De Kalb;MS;Mississippi;Southeast
32,53214;-88,49263;Lauderdale;MS;Mississippi;Southeast
32,11034;-89,23274;Louin;MS;Mississippi;Southeast
32,96171;-89,089;Noxapater;MS;Mississippi;Southeast
32,05507;-88,93419;Pachuta;MS;Mississippi;Southeast
32,00007;-89,03475;Paulding;MS;Mississippi;Southeast
32,66834;-88,47808;Porterville;MS;Mississippi;Southeast
32,83317;-88,45605;Scooba;MS;Mississippi;Southeast
32,56852;-89,33206;Sebastopol;MS;Mississippi;Southeast
31,86357;-88,7409;Shubuta;MS;Mississippi;Southeast
32,97952;-88,61234;Shuqualak;MS;Mississippi;Southeast
32,11918;-88,77628;Stonewall;MS;Mississippi;Southeast
32,40597;-88,49617;Toomsuba;MS;Mississippi;Southeast
31,93795;-88,90057;Vossburg;MS;Mississippi;Southeast
31,23496;-89,26912;Hattiesburg;MS;Mississippi;Southeast
31,48411;-89,71179;Bassfield;MS;Mississippi;Southeast
31,95953;-89,26745;Bay Springs;MS;Mississippi;Southeast
31,17553;-88,91103;Beaumont;MS;Mississippi;Southeast
30,65375;-89,65709;Carriere;MS;Mississippi;Southeast
31,57883;-89,21981;Ellisville;MS;Mississippi;Southeast
31,85865;-89,00227;Heidelberg;MS;Mississippi;Southeast
31,16722;-88,61757;Leakesville;MS;Mississippi;Southeast
30,88002;-88,59097;Lucedale;MS;Mississippi;Southeast
31,0282;-88,81819;McLain;MS;Mississippi;Southeast
31,49021;-89,30216;Moselle;MS;Mississippi;Southeast
31,18703;-88,73992;Neely;MS;Mississippi;Southeast
31,22105;-89,05738;New Augusta;MS;Mississippi;Southeast
31,49268;-89,06129;Ovett;MS;Mississippi;Southeast
31,34456;-89,18751;Petal;MS;Mississippi;Southeast
30,53328;-89,63424;Picayune;MS;Mississippi;Southeast
30,81602;-89,57581;Poplarville;MS;Mississippi;Southeast
31,61739;-89,85458;Prentiss;MS;Mississippi;Southeast
31,15496;-89,4129;Purvis;MS;Mississippi;Southeast
31,37855;-88,86764;Richton;MS;Mississippi;Southeast
31,53775;-89,46065;Seminary;MS;Mississippi;Southeast
31,70889;-89,31529;Soso;MS;Mississippi;Southeast
31,86738;-89,24457;Stringer;MS;Mississippi;Southeast
31,37271;-89,57966;Sumrall;MS;Mississippi;Southeast
31,23515;-89,92674;Foxworth;MS;Mississippi;Southeast
30,3857;-89,10309;Gulfport;MS;Mississippi;Southeast
30,26885;-89,47132;Bay Saint Louis;MS;Mississippi;Southeast
30,38123;-89,37065;Diamondhead;MS;Mississippi;Southeast
30,37734;-89,60211;Stennis Space Center;MS;Mississippi;Southeast
30,40344;-88,89165;Biloxi;MS;Mississippi;Southeast
30,47108;-88,90088;Diberville;MS;Mississippi;Southeast
30,41625;-88,64848;Gautier;MS;Mississippi;Southeast
30,44457;-89,42747;Kiln;MS;Mississippi;Southeast
30,54573;-88,49039;Moss Point;MS;Mississippi;Southeast
30,40518;-88,75471;Ocean Springs;MS;Mississippi;Southeast
30,5759;-88,75207;Vancleave;MS;Mississippi;Southeast
30,36192;-88,55254;Pascagoula;MS;Mississippi;Southeast
30,41662;-89,28125;Pass Christian;MS;Mississippi;Southeast
30,25089;-89,60127;Pearlington;MS;Mississippi;Southeast
30,72692;-89,08271;Perkinston;MS;Mississippi;Southeast
30,60912;-89,10489;Saucier;MS;Mississippi;Southeast
30,28699;-89,38511;Waveland;MS;Mississippi;Southeast
30,90213;-89,07971;Wiggins;MS;Mississippi;Southeast
31,43729;-90,45737;Bogue Chitto;MS;Mississippi;Southeast
31,45939;-90,84544;Bude;MS;Mississippi;Southeast
31,18432;-90,44859;Fernwood;MS;Mississippi;Southeast
31,22378;-90,99747;Gloster;MS;Mississippi;Southeast
31,35717;-90,17042;Jayess;MS;Mississippi;Southeast
31,24575;-90,01368;Kokomo;MS;Mississippi;Southeast
31,51498;-90,7143;McCall Creek;MS;Mississippi;Southeast
31,18611;-90,38804;Mccomb;MS;Mississippi;Southeast
31,45055;-89,92843;Oak Vale;MS;Mississippi;Southeast
31,02727;-90,50334;Osyka;MS;Mississippi;Southeast
31,48704;-91,07952;Roxie;MS;Mississippi;Southeast
31,38778;-90,29838;Ruth;MS;Mississippi;Southeast
31,32894;-90,68252;Smithdale;MS;Mississippi;Southeast
31,64125;-90,21404;Sontag;MS;Mississippi;Southeast
31,1298;-90,12656;Tylertown;MS;Mississippi;Southeast
31,69126;-90,79126;Union Church;MS;Mississippi;Southeast
33,34511;-89,18998;Ackerman;MS;Mississippi;Southeast
33,4169;-88,64178;Artesia;MS;Mississippi;Southeast
33,65211;-89,33573;Bellefontaine;MS;Mississippi;Southeast
33,65254;-88,85536;Cedarbluff;MS;Mississippi;Southeast
33,58344;-89,30374;Eupora;MS;Mississippi;Southeast
33,29984;-89,46277;French Camp;MS;Mississippi;Southeast
33,42283;-89,5538;Kilmichael;MS;Mississippi;Southeast
33,70444;-89,10004;Mantee;MS;Mississippi;Southeast
33,5198;-89,15427;Mathiston;MS;Mississippi;Southeast
33,48441;-88,63052;Mayhew;MS;Mississippi;Southeast
33,61275;-88,95138;Pheba;MS;Mississippi;Southeast
33,78356;-88,74266;Prairie;MS;Mississippi;Southeast
33,43491;-88,82631;Starkville;MS;Mississippi;Southeast
33,44648;-88,79576;Mississippi State;MS;Mississippi;Southeast
33,5876;-88,31598;Steens;MS;Mississippi;Southeast
33,31867;-89,01136;Sturgis;MS;Mississippi;Southeast
33,60694;-89,27873;Walthall;MS;Mississippi;Southeast
33,30509;-89,29893;Weir;MS;Mississippi;Southeast
30,74138;-84,4935;Attapulgus;GA;Georgia;Southeast
31,34004;-84,94641;Blakely;GA;Georgia;Southeast
30,92359;-84,73496;Brinson;GA;Georgia;Southeast
31,82092;-84,32423;Bronwood;GA;Georgia;Southeast
31,19304;-85,0257;Cedar Springs;GA;Georgia;Southeast
31,15321;-84,67283;Colquitt;GA;Georgia;Southeast
31,78874;-84,75986;Cuthbert;GA;Georgia;Southeast
30,95011;-84,89329;Donalsonville;GA;Georgia;Southeast
31,63432;-85,00086;Fort Gaines;GA;Georgia;Southeast
31,13635;-84,9884;Jakin;GA;Georgia;Southeast
31,45694;-84,51615;Leary;GA;Georgia;Southeast
31,72189;-84,34304;Sasser;GA;Georgia;Southeast
31,73469;-84,61554;Shellman;GA;Georgia;Southeast
30,91234;-84,33297;Whigham;GA;Georgia;Southeast
37,80279;-85,4695;Bardstown;KY;Kentucky;Southeast
37,47075;-85,099;Bradfordsville;KY;Kentucky;Southeast
38,37226;-85,45431;Buckner;KY;Kentucky;Southeast
38,53048;-85,1718;Campbellsburg;KY;Kentucky;Southeast
37,93427;-85,48684;Coxs Creek;KY;Kentucky;Southeast
38,3412;-85,43181;Crestwood;KY;Kentucky;Southeast
38,37416;-85,17437;Eminence;KY;Kentucky;Southeast
38,15242;-85,3341;Finchville;KY;Kentucky;Southeast
38,16264;-85,42367;Fisherville;KY;Kentucky;Southeast
38,30133;-85,65202;Glenview;KY;Kentucky;Southeast
37,77433;-85,05727;Mackville;KY;Kentucky;Southeast
38,25615;-85,66475;Masonic Home;KY;Kentucky;Southeast
38,02324;-85,17729;Mount Eden;KY;Kentucky;Southeast
38,04007;-85,55453;Mount Washington;KY;Kentucky;Southeast
37,66442;-85,39724;Nerinx;KY;Kentucky;Southeast
38,30654;-85,48784;Pewee Valley;KY;Kentucky;Southeast
38,38636;-85,0491;Pleasureville;KY;Kentucky;Southeast
37,53529;-85,44371;Raywick;KY;Kentucky;Southeast
37,70954;-85,26353;Saint Catharine;KY;Kentucky;Southeast
37,57052;-85,34336;Saint Mary;KY;Kentucky;Southeast
38,47969;-85,24405;Sulphur;KY;Kentucky;Southeast
38,56169;-85,11346;Turners Station;KY;Kentucky;Southeast
38,11301;-85,08671;Waddy;KY;Kentucky;Southeast
37,84272;-85,14902;Willisburg;KY;Kentucky;Southeast
38,09012;-86,34053;Battletown;KY;Kentucky;Southeast
37,96964;-86,16791;Brandenburg;KY;Kentucky;Southeast
37,77881;-86,62881;Cloverport;KY;Kentucky;Southeast
37,73784;-86,22707;Custer;KY;Kentucky;Southeast
37,89919;-86,1247;Ekron;KY;Kentucky;Southeast
37,60799;-86,54925;Falls Of Rough;KY;Kentucky;Southeast
37,92614;-85,95292;Fort Knox;KY;Kentucky;Southeast
37,88898;-86,21095;Guston;KY;Kentucky;Southeast
37,78541;-86,50507;Hardinsburg;KY;Kentucky;Southeast
37,75899;-86,37732;Harned;KY;Kentucky;Southeast
37,87458;-85,68799;Lebanon Junction;KY;Kentucky;Southeast
37,61389;-86,44185;McDaniels;KY;Kentucky;Southeast
37,94684;-85,99303;Muldraugh;KY;Kentucky;Southeast
38,02111;-86,37694;Payneville;KY;Kentucky;Southeast
37,8144;-85,93971;Radcliff;KY;Kentucky;Southeast
38,00422;-86,39887;Rhodelia;KY;Kentucky;Southeast
37,7517;-86,04394;Rineyville;KY;Kentucky;Southeast
37,99407;-85,68918;Shepherdsville;KY;Kentucky;Southeast
37,96479;-86,49607;Stephensport;KY;Kentucky;Southeast
37,96435;-86,43577;Union Star;KY;Kentucky;Southeast
37,81907;-86,08635;Vine Grove;KY;Kentucky;Southeast
37,65834;-86,40853;Westview;KY;Kentucky;Southeast
37,752;-84,76941;Burgin;KY;Kentucky;Southeast
37,84386;-83,93013;Clay City;KY;Kentucky;Southeast
37,93419;-83,52895;Denniston;KY;Kentucky;Southeast
37,93367;-83,63329;Frenchburg;KY;Kentucky;Southeast
37,56632;-85,02565;Gravel Switch;KY;Kentucky;Southeast
37,78912;-84,89016;Harrodsburg;KY;Kentucky;Southeast
37,98339;-83,74384;Means;KY;Kentucky;Southeast
38,19817;-83,4133;Morehead;KY;Kentucky;Southeast
38,06514;-83,94853;Mount Sterling;KY;Kentucky;Southeast
38,61023;-84,86535;New Liberty;KY;Kentucky;Southeast
37,87307;-84,56554;Nicholasville;KY;Kentucky;Southeast
38,14519;-84,10843;North Middletown;KY;Kentucky;Southeast
38,05769;-83,6831;Olympia;KY;Kentucky;Southeast
38,48224;-84,8209;Owenton;KY;Kentucky;Southeast
38,15665;-83,76679;Owingsville;KY;Kentucky;Southeast
38,51439;-85,00976;Perry Park;KY;Kentucky;Southeast
38,39382;-84,52971;Sadieville;KY;Kentucky;Southeast
38,07716;-83,59561;Salt Lick;KY;Kentucky;Southeast
37,90899;-84,88537;Salvisa;KY;Kentucky;Southeast
37,7839;-83,69604;Slade;KY;Kentucky;Southeast
38,30778;-84,68992;Stamping Ground;KY;Kentucky;Southeast
37,37667;-84,42971;Brodhead;KY;Kentucky;Southeast
37,39364;-83,93949;Gray Hawk;KY;Kentucky;Southeast
37,44531;-84,85486;Hustonville;KY;Kentucky;Southeast
37,45496;-84,0299;McKee;KY;Kentucky;Southeast
37,45624;-84,75799;McKinney;KY;Kentucky;Southeast
37,59014;-84,40849;Paint Lick;KY;Kentucky;Southeast
37,71841;-83,87562;Ravenna;KY;Kentucky;Southeast
37,42658;-84,09116;Sandgap;KY;Kentucky;Southeast
37,5153;-84,676;Stanford;KY;Kentucky;Southeast
36,91759;-84,16651;Corbin;KY;Kentucky;Southeast
37,2435;-84,14788;East Bernstadt;KY;Kentucky;Southeast
37,00838;-84,13902;Keavy;KY;Kentucky;Southeast
37,02111;-84,03888;Lily;KY;Kentucky;Southeast
36,82034;-84,0571;Rockholds;KY;Kentucky;Southeast
36,68848;-83,94403;Siler;KY;Kentucky;Southeast
36,85692;-83,25493;Ages Brookside;KY;Kentucky;Southeast
37,04572;-83,42185;Asher;KY;Kentucky;Southeast
36,9647;-82,95578;Benham;KY;Kentucky;Southeast
36,9995;-83,2801;Big Laurel;KY;Kentucky;Southeast
36,93176;-83,30451;Bledsoe;KY;Kentucky;Southeast
36,7876;-83,22876;Cawood;KY;Kentucky;Southeast
37,00879;-83,3667;Chappell;KY;Kentucky;Southeast
36,82003;-83,2442;Coalgood;KY;Kentucky;Southeast
36,81025;-83,46242;Coldiron;KY;Kentucky;Southeast
36,77552;-83,16515;Cranks;KY;Kentucky;Southeast
36,82489;-83,37221;Dayhoit;KY;Kentucky;Southeast
37,05637;-82,7783;Eolia;KY;Kentucky;Southeast
37,05208;-83,47187;Essie;KY;Kentucky;Southeast
36,87107;-83,14868;Evarts;KY;Kentucky;Southeast
36,798;-83,29655;Grays Knob;KY;Kentucky;Southeast
36,77644;-83,33114;Gulston;KY;Kentucky;Southeast
36,76457;-83,33454;Harlan;KY;Kentucky;Southeast
36,9457;-83,41854;Helton;KY;Kentucky;Southeast
36,88826;-82,93666;Holmes Mill;KY;Kentucky;Southeast
37,05506;-83,35406;Hoskinston;KY;Kentucky;Southeast
36,79899;-83,51755;Hulen;KY;Kentucky;Southeast
36,85281;-83,15798;Kenvir;KY;Kentucky;Southeast
36,89941;-83,13469;Lejunior;KY;Kentucky;Southeast
36,84664;-83,35634;Loyall;KY;Kentucky;Southeast
36,94931;-82,89836;Lynch;KY;Kentucky;Southeast
36,70574;-83,52939;Miracle;KY;Kentucky;Southeast
37,01592;-83,40106;Mozelle;KY;Kentucky;Southeast
37,01418;-82,87096;Partridge;KY;Kentucky;Southeast
36,74048;-83,44567;Pathfork;KY;Kentucky;Southeast
37,09367;-83,41638;Stinnett;KY;Kentucky;Southeast
36,93211;-83,14858;Totz;KY;Kentucky;Southeast
36,81541;-83,40411;Wallins Creek;KY;Kentucky;Southeast
36,98407;-83,47345;Warbranch;KY;Kentucky;Southeast
36,84824;-83,62435;Arjay;KY;Kentucky;Southeast
36,80973;-83,83163;Artemus;KY;Kentucky;Southeast
36,88828;-83,87546;Barbourville;KY;Kentucky;Southeast
36,89235;-83,82025;Bimble;KY;Kentucky;Southeast
36,78195;-83,90185;Bryants Store;KY;Kentucky;Southeast
36,92059;-83,84923;Cannon;KY;Kentucky;Southeast
36,89081;-83,03445;Closplint;KY;Kentucky;Southeast
36,91107;-83,71264;Flat Lick;KY;Kentucky;Southeast
36,81217;-83,71152;Fourmile;KY;Kentucky;Southeast
36,60991;-83,92988;Frakes;KY;Kentucky;Southeast
37,12981;-83,74585;Garrard;KY;Kentucky;Southeast
36,95494;-83,85631;Girdler;KY;Kentucky;Southeast
36,95757;-83,82467;Green Road;KY;Kentucky;Southeast
36,90253;-83,86717;Heidrick;KY;Kentucky;Southeast
36,93771;-83,80163;Hinkle;KY;Kentucky;Southeast
36,8088;-83,5878;Kettle Island;KY;Kentucky;Southeast
36,78264;-83,33763;Mary Alice;KY;Kentucky;Southeast
36,62469;-83,73461;Middlesboro;KY;Kentucky;Southeast
37,00491;-83,495;Roark;KY;Kentucky;Southeast
37,27792;-83,48531;Saul;KY;Kentucky;Southeast
36,93241;-83,69421;Scalf;KY;Kentucky;Southeast
37,34608;-83,75339;Sextons Creek;KY;Kentucky;Southeast
36,85928;-83,52838;Stoney Fork;KY;Kentucky;Southeast
36,75268;-83,82322;Trosper;KY;Kentucky;Southeast
38,97885;-84,48456;Latonia;KY;Kentucky;Southeast
39,02893;-84,56177;Ft Mitchell;KY;Kentucky;Southeast
39,01546;-84,60282;Erlanger;KY;Kentucky;Southeast
38,78582;-84,58754;Crittenden;KY;Kentucky;Southeast
38,41383;-84,28631;Cynthiana;KY;Kentucky;Southeast
38,77131;-84,46114;De Mossville;KY;Kentucky;Southeast
38,70322;-84,66141;Dry Ridge;KY;Kentucky;Southeast
38,40548;-83,72338;Flemingsburg;KY;Kentucky;Southeast
38,70953;-84,80637;Glencoe;KY;Kentucky;Southeast
38,51787;-83,86995;Mayslick;KY;Kentucky;Southeast
38,85323;-84,49983;Morning View;KY;Kentucky;Southeast
38,51462;-84,07106;Mount Olivet;KY;Kentucky;Southeast
39,10123;-84,47748;Bellevue;KY;Kentucky;Southeast
39,07838;-84,45248;Fort Thomas;KY;Kentucky;Southeast
38,67513;-84,98805;Sanders;KY;Kentucky;Southeast
39,03508;-84,39378;Silver Grove;KY;Kentucky;Southeast
38,44911;-82,83032;Argillite;KY;Kentucky;Southeast
38,31755;-82,64073;Catlettsburg;KY;Kentucky;Southeast
38,27774;-83,07308;Grahn;KY;Kentucky;Southeast
38,53461;-82,91208;Greenup;KY;Kentucky;Southeast
38,27701;-82,88969;Hitchins;KY;Kentucky;Southeast
38,06008;-83,05438;Isonville;KY;Kentucky;Southeast
38,01305;-82,96993;Martha;KY;Kentucky;Southeast
38,28914;-83,16231;Olive Hill;KY;Kentucky;Southeast
38,69841;-83,0139;South Portsmouth;KY;Kentucky;Southeast
38,64574;-82,97791;South Shore;KY;Kentucky;Southeast
38,52483;-83,38988;Vanceburg;KY;Kentucky;Southeast
38,13358;-82,85999;Webbville;KY;Kentucky;Southeast
38,54493;-83,56175;Tollesboro;KY;Kentucky;Southeast
37,85241;-82,46112;Beauty;KY;Kentucky;Southeast
37,81784;-82,6843;Boons Camp;KY;Kentucky;Southeast
37,79448;-82,59839;Debord;KY;Kentucky;Southeast
37,73016;-82,81308;East Point;KY;Kentucky;Southeast
37,92586;-82,90882;Flatgap;KY;Kentucky;Southeast
37,77036;-82,85032;Hagerhill;KY;Kentucky;Southeast
37,82089;-82,53936;Inez;KY;Kentucky;Southeast
37,97853;-82,9562;Keaton;KY;Kentucky;Southeast
37,79447;-82,38903;Lovely;KY;Kentucky;Southeast
37,93602;-82,74007;Lowmansville;KY;Kentucky;Southeast
37,79654;-82,74161;Meally;KY;Kentucky;Southeast
37,83943;-82,95072;Oil Springs;KY;Kentucky;Southeast
37,82103;-82,78927;Paintsville;KY;Kentucky;Southeast
37,73511;-82,46079;Pilgrim;KY;Kentucky;Southeast
37,8845;-82,72711;River;KY;Kentucky;Southeast
37,91014;-82,83765;Sitka;KY;Kentucky;Southeast
37,91372;-82,8044;Stambaugh;KY;Kentucky;Southeast
37,82253;-82,75126;Thelma;KY;Kentucky;Southeast
37,85112;-82,61377;Tomahawk;KY;Kentucky;Southeast
37,85717;-82,76256;Tutor Key;KY;Kentucky;Southeast
37,75424;-82,70446;Van Lear;KY;Kentucky;Southeast
37,78797;-82,78433;West Van Lear;KY;Kentucky;Southeast
37,86174;-82,81164;Wittensville;KY;Kentucky;Southeast
37,64068;-83,25147;Bays;KY;Kentucky;Southeast
37,57896;-83,72163;Beattyville;KY;Kentucky;Southeast
37,46029;-83,19851;Clayhole;KY;Kentucky;Southeast
37,32754;-83,59363;Mistletoe;KY;Kentucky;Southeast
37,78889;-83,6264;Pine Ridge;KY;Kentucky;Southeast
37,37569;-83,64172;Ricetown;KY;Kentucky;Southeast
37,62472;-83,21959;Rousseau;KY;Kentucky;Southeast
37,4045;-83,23218;Rowdy;KY;Kentucky;Southeast
37,64998;-83,33665;Vancleve;KY;Kentucky;Southeast
37,41872;-83,3792;Whick;KY;Kentucky;Southeast
37,66683;-83,67709;Zoe;KY;Kentucky;Southeast
37,79508;-83,28828;Cannel City;KY;Kentucky;Southeast
37,99027;-83,17397;Elkfork;KY;Kentucky;Southeast
37,88407;-83,42761;Ezel;KY;Kentucky;Southeast
37,65974;-82,97201;Royalton;KY;Kentucky;Southeast
37,72985;-83,08494;Salyersville;KY;Kentucky;Southeast
37,66079;-82,28446;South Williamson;KY;Kentucky;Southeast
37,25251;-82,47772;Ashcamp;KY;Kentucky;Southeast
37,35282;-82,34329;Belcher;KY;Kentucky;Southeast
37,67135;-82,33169;Belfry;KY;Kentucky;Southeast
37,18919;-82,60026;Burdine;KY;Kentucky;Southeast
37,58359;-82,32334;Canada;KY;Kentucky;Southeast
37,31644;-82,40088;Elkhorn City;KY;Kentucky;Southeast
37,43345;-82,23444;Fedscreek;KY;Kentucky;Southeast
37,43372;-82,51256;Fords Branch;KY;Kentucky;Southeast
37,55458;-82,13984;Freeburn;KY;Kentucky;Southeast
37,27748;-82,49644;Hellier;KY;Kentucky;Southeast
37,59368;-82,28422;Huddy;KY;Kentucky;Southeast
37,22221;-82,61619;Jenkins;KY;Kentucky;Southeast
37,30338;-82,58891;Jonancy;KY;Kentucky;Southeast
37,50265;-82,32231;Kimper;KY;Kentucky;Southeast
37,39013;-82,32318;Lick Creek;KY;Kentucky;Southeast
37,54837;-82,28226;McAndrews;KY;Kentucky;Southeast
37,59602;-82,17368;McCarr;KY;Kentucky;Southeast
37,53821;-82,09437;Majestic;KY;Kentucky;Southeast
37,37847;-82,25372;Mouthcard;KY;Kentucky;Southeast
37,43919;-82,32446;Phyllis;KY;Kentucky;Southeast
37,53816;-82,2589;Pinsonfork;KY;Kentucky;Southeast
37,48189;-82,41548;Raccoon;KY;Kentucky;Southeast
37,53953;-82,20819;Ransom;KY;Kentucky;Southeast
37,37997;-82,39017;Regina;KY;Kentucky;Southeast
37,39423;-82,57875;Robinson Creek;KY;Kentucky;Southeast
37,3991;-82,47052;Shelbiana;KY;Kentucky;Southeast
37,22628;-82,53694;Shelby Gap;KY;Kentucky;Southeast
37,56897;-82,28621;Stone;KY;Kentucky;Southeast
37,50369;-82,05896;Stopover;KY;Kentucky;Southeast
37,31342;-82,64368;Virgie;KY;Kentucky;Southeast
37,7387;-82,75249;Auxier;KY;Kentucky;Southeast
37,55498;-82,63009;Betsy Layne;KY;Kentucky;Southeast
37,34594;-82,7375;Bevinsville;KY;Kentucky;Southeast
37,62216;-82,8438;Blue River;KY;Kentucky;Southeast
37,35451;-82,72233;Bypro;KY;Kentucky;Southeast
37,54211;-82,68337;Dana;KY;Kentucky;Southeast
37,58522;-82,87847;David;KY;Kentucky;Southeast
37,48328;-82,74187;Drift;KY;Kentucky;Southeast
37,6269;-82,72663;Dwale;KY;Kentucky;Southeast
37,51377;-82,80925;Eastern;KY;Kentucky;Southeast
37,46801;-82,65365;Grethel;KY;Kentucky;Southeast
37,55029;-82,94982;Gunlock;KY;Kentucky;Southeast
37,48009;-82,62831;Harold;KY;Kentucky;Southeast
37,39772;-82,73087;Hi Hat;KY;Kentucky;Southeast
37,47649;-82,92643;Hueysville;KY;Kentucky;Southeast
37,59569;-82,64457;Ivel;KY;Kentucky;Southeast
37,43778;-82,84307;Lackey;KY;Kentucky;Southeast
37,46716;-82,75527;Minnie;KY;Kentucky;Southeast
37,6603;-82,76466;Prestonsburg;KY;Kentucky;Southeast
37,50496;-82,72465;Printer;KY;Kentucky;Southeast
37,58415;-82,60064;Stanville;KY;Kentucky;Southeast
37,41341;-82,63846;Teaberry;KY;Kentucky;Southeast
37,56844;-82,65966;Tram;KY;Kentucky;Southeast
37,31138;-82,69881;Weeksbury;KY;Kentucky;Southeast
37,29778;-83,18781;Hazard;KY;Kentucky;Southeast
37,3744;-83,13751;Ary;KY;Kentucky;Southeast
37,22703;-83,27799;Avawam;KY;Kentucky;Southeast
37,16519;-83,5075;Bear Branch;KY;Kentucky;Southeast
37,29727;-83,24526;Bonnyman;KY;Kentucky;Southeast
37,31371;-83,49949;Buckhorn;KY;Kentucky;Southeast
37,40441;-83,10329;Bulan;KY;Kentucky;Southeast
37,25469;-83,31409;Busy;KY;Kentucky;Southeast
37,31667;-83,03244;Carrie;KY;Kentucky;Southeast
37,35624;-83,32352;Chavies;KY;Kentucky;Southeast
37,2681;-83,2159;Combs;KY;Kentucky;Southeast
37,10312;-83,08393;Cornettsville;KY;Kentucky;Southeast
37,01793;-83,09963;Delphia;KY;Kentucky;Southeast
37,32596;-83,12802;Dwarf;KY;Kentucky;Southeast
37,35649;-83,0467;Emmalena;KY;Kentucky;Southeast
37,34449;-83,42848;Gays Creek;KY;Kentucky;Southeast
37,21574;-83,09779;Happy;KY;Kentucky;Southeast
37,19364;-83,4199;Hyden;KY;Kentucky;Southeast
37,2196;-83,12659;Jeff;KY;Kentucky;Southeast
37,30025;-83,32459;Krypton;KY;Kentucky;Southeast
37,23211;-83,02521;Sassafras;KY;Kentucky;Southeast
37,19456;-83,08588;Scuddy;KY;Kentucky;Southeast
37,20742;-83,50077;Sizerock;KY;Kentucky;Southeast
37,05439;-83,12157;Slemp;KY;Kentucky;Southeast
37,12924;-83,25545;Smilax;KY;Kentucky;Southeast
37,18526;-83,44443;Thousandsticks;KY;Kentucky;Southeast
37,4075;-83,01679;Vest;KY;Kentucky;Southeast
37,23534;-83,01721;Vicco;KY;Kentucky;Southeast
37,15512;-83,13847;Viper;KY;Kentucky;Southeast
37,09373;-83,34207;Wendover;KY;Kentucky;Southeast
37,15933;-83,28158;Wooton;KY;Kentucky;Southeast
37,06022;-83,23276;Yeaddiss;KY;Kentucky;Southeast
37,26612;-83,3223;Yerkes;KY;Kentucky;Southeast
37,14923;-82,98993;Blackey;KY;Kentucky;Southeast
37,18492;-82,67278;Cromona;KY;Kentucky;Southeast
37,2473;-82,74445;Deane;KY;Kentucky;Southeast
37,15821;-82,79799;Ermine;KY;Kentucky;Southeast
37,07563;-83,00711;Hallie;KY;Kentucky;Southeast
37,31991;-82,97848;Hindman;KY;Kentucky;Southeast
37,18771;-82,88015;Isom;KY;Kentucky;Southeast
37,23323;-82,70854;Jackhorn;KY;Kentucky;Southeast
37,17348;-82,92115;Jeremiah;KY;Kentucky;Southeast
37,38531;-82,94633;Leburn;KY;Kentucky;Southeast
37,15286;-82,9548;Letcher;KY;Kentucky;Southeast
37,02919;-82,97323;Linefork;KY;Kentucky;Southeast
37,26585;-82,94661;Littcarr;KY;Kentucky;Southeast
37,21196;-82,67114;McRoberts;KY;Kentucky;Southeast
37,25839;-82,90887;Mallie;KY;Kentucky;Southeast
37,1215;-82,75231;Mayking;KY;Kentucky;Southeast
37,42041;-82,87741;Mousie;KY;Kentucky;Southeast
37,19962;-82,71813;Neon;KY;Kentucky;Southeast
37,27495;-82,85938;Pine Top;KY;Kentucky;Southeast
37,32916;-82,8643;Pippa Passes;KY;Kentucky;Southeast
37,1396;-82,90301;Premium;KY;Kentucky;Southeast
37,20823;-82,95961;Redfox;KY;Kentucky;Southeast
37,11491;-82,94384;Roxana;KY;Kentucky;Southeast
37,1744;-82,73251;Seco;KY;Kentucky;Southeast
37,39922;-82,77606;Dema;KY;Kentucky;Southeast
37,34971;-82,78929;Topmost;KY;Kentucky;Southeast
37,03317;-88,7135;Paducah;KY;Kentucky;Southeast
36,68913;-88,29145;Almo;KY;Kentucky;Southeast
37,14593;-88,94553;Bandana;KY;Kentucky;Southeast
36,87623;-88,98742;Bardwell;KY;Kentucky;Southeast
37,0742;-89,05026;Barlow;KY;Kentucky;Southeast
37,23637;-88,33946;Burna;KY;Kentucky;Southeast
37,00963;-88,38947;Calvert City;KY;Kentucky;Southeast
37,15843;-88,18441;Dycusburg;KY;Kentucky;Southeast
37,04137;-88,02364;Eddyville;KY;Kentucky;Southeast
36,78535;-88,82809;Fancy Farm;KY;Kentucky;Southeast
37,072;-88,26453;Grand Rivers;KY;Kentucky;Southeast
36,76676;-88,23533;Hardin;KY;Kentucky;Southeast
36,51874;-88,31828;Hazel;KY;Kentucky;Southeast
37,1033;-88,87606;Kevil;KY;Kentucky;Southeast
36,71734;-88,43149;Kirksey;KY;Kentucky;Southeast
37,06959;-88,16765;Kuttawa;KY;Kentucky;Southeast
37,11088;-88,98452;La Center;KY;Kentucky;Southeast
37,05329;-88,4714;Ledbetter;KY;Kentucky;Southeast
36,96385;-88,82778;Lovelaceville;KY;Kentucky;Southeast
36,88262;-88,76959;Lowes;KY;Kentucky;Southeast
36,92328;-88,75828;Melber;KY;Kentucky;Southeast
36,62139;-88,28291;Murray;KY;Kentucky;Southeast
36,55906;-88,09473;New Concord;KY;Kentucky;Southeast
37,22821;-88,40274;Smithland;KY;Kentucky;Southeast
36,91618;-88,50092;Symsonia;KY;Kentucky;Southeast
37,16381;-88,27767;Tiline;KY;Kentucky;Southeast
37,0828;-88,76838;West Paducah;KY;Kentucky;Southeast
36,97328;-89,00323;Wickliffe;KY;Kentucky;Southeast
36,61808;-88,75409;Wingo;KY;Kentucky;Southeast
36,67196;-86,27465;Adolphus;KY;Kentucky;Southeast
36,85885;-86,35718;Alvaton;KY;Kentucky;Southeast
37,12167;-85,92746;Cave City;KY;Kentucky;Southeast
36,99;-85,58992;Edmonton;KY;Kentucky;Southeast
36,9224;-85,77816;Eighty Eight;KY;Kentucky;Southeast
36,82734;-85,90915;Etoile;KY;Kentucky;Southeast
36,72248;-85,95468;Fountain Run;KY;Kentucky;Southeast
36,65549;-85,83108;Gamaliel;KY;Kentucky;Southeast
36,64848;-85,56058;Hestand;KY;Kentucky;Southeast
37,04876;-85,72421;Knob Lick;KY;Kentucky;Southeast
36,85947;-86,04952;Lucas;KY;Kentucky;Southeast
36,78872;-85,8187;Mount Hermon;KY;Kentucky;Southeast
37,10339;-86,08035;Park City;KY;Kentucky;Southeast
36,87768;-85,71503;Summer Shade;KY;Kentucky;Southeast
36,72432;-85,66998;Tompkinsville;KY;Kentucky;Southeast
36,84678;-86,57459;Woodburn;KY;Kentucky;Southeast
37,03609;-86,16728;Smiths Grove;KY;Kentucky;Southeast
36,68732;-86,85916;Adairville;KY;Kentucky;Southeast
37,30357;-86,27858;Bee Spring;KY;Kentucky;Southeast
36,82016;-87,83709;Cadiz;KY;Kentucky;Southeast
37,13428;-85,68822;Center;KY;Kentucky;Southeast
36,99256;-87,67018;Cerulean;KY;Kentucky;Southeast
36,6381;-87,47258;Fort Campbell;KY;Kentucky;Southeast
36,86665;-87,66167;Gracey;KY;Kentucky;Southeast
36,70656;-87,17598;Guthrie;KY;Kentucky;Southeast
36,88388;-87,46024;Hopkinsville;KY;Kentucky;Southeast
37,23713;-86,50029;Jetson;KY;Kentucky;Southeast
37,23524;-86,17206;Mammoth Cave;KY;Kentucky;Southeast
36,68386;-87,44714;Oak Grove;KY;Kentucky;Southeast
36,739;-87,00141;Olmstead;KY;Kentucky;Southeast
36,94915;-86,60534;Rockfield;KY;Kentucky;Southeast
37,22701;-86,44628;Roundhill;KY;Kentucky;Southeast
36,95055;-87,09927;Sharon Grove;KY;Kentucky;Southeast
37,26418;-86,29751;Sweeden;KY;Kentucky;Southeast
37,73983;-87,24643;Owensboro;KY;Kentucky;Southeast
37,35093;-86,87291;Beaver Dam;KY;Kentucky;Southeast
37,62083;-87,38821;Beech Grove;KY;Kentucky;Southeast
37,17406;-87,03261;Beechmont;KY;Kentucky;Southeast
37,23666;-87,00835;Browder;KY;Kentucky;Southeast
37,41898;-87,0429;Centertown;KY;Kentucky;Southeast
37,25099;-87,08935;Cleaton;KY;Kentucky;Southeast
37,22309;-86,99964;Drakesboro;KY;Kentucky;Southeast
37,11326;-86,95033;Dunmor;KY;Kentucky;Southeast
37,63594;-86,69795;Fordsville;KY;Kentucky;Southeast
37,83379;-86,76578;Hawesville;KY;Kentucky;Southeast
37,42695;-86,67425;Horse Branch;KY;Kentucky;Southeast
37,44852;-87,1831;Island;KY;Kentucky;Southeast
37,9026;-86,87903;Lewisport;KY;Kentucky;Southeast
37,86206;-86,9895;Maceo;KY;Kentucky;Southeast
37,69364;-87,32289;Maple Mount;KY;Kentucky;Southeast
37,51791;-86,69183;Olaton;KY;Kentucky;Southeast
37,72404;-86,93988;Philpot;KY;Kentucky;Southeast
37,2448;-87,16133;Powderly;KY;Kentucky;Southeast
37,71258;-86,75133;Reynolds Station;KY;Kentucky;Southeast
37,4497;-86,74121;Rosine;KY;Kentucky;Southeast
37,4978;-87,29362;Rumsey;KY;Kentucky;Southeast
37,33333;-87,14045;South Carrollton;KY;Kentucky;Southeast
37,77792;-87,74496;Corydon;KY;Kentucky;Southeast
37,1797;-87,69229;Dawson Springs;KY;Kentucky;Southeast
37,5436;-87,69947;Dixon;KY;Kentucky;Southeast
37,27655;-87,51078;Earlington;KY;Kentucky;Southeast
37,41462;-87,56946;Manitou;KY;Kentucky;Southeast
37,66234;-87,92067;Morganfield;KY;Kentucky;Southeast
37,23887;-87,46782;Mortons Gap;KY;Kentucky;Southeast
37,17408;-87,48652;Nortonville;KY;Kentucky;Southeast
37,64152;-87,6455;Poole;KY;Kentucky;Southeast
37,88165;-87,38966;Reed;KY;Kentucky;Southeast
37,68531;-87,53654;Robards;KY;Kentucky;Southeast
37,5858;-87,53938;Sebree;KY;Kentucky;Southeast
37,51182;-87,49929;Slaughters;KY;Kentucky;Southeast
37,85249;-87,42367;Spottsville;KY;Kentucky;Southeast
37,47897;-87,86717;Wheatcroft;KY;Kentucky;Southeast
37,22247;-84,77881;Bethelridge;KY;Kentucky;Southeast
36,9253;-84,64265;Bronston;KY;Kentucky;Southeast
37,18335;-85,01712;Dunnville;KY;Kentucky;Southeast
37,03473;-84,8143;Nancy;KY;Kentucky;Southeast
37,1716;-84,70056;Science Hill;KY;Kentucky;Southeast
37,28389;-84,77932;Yosemite;KY;Kentucky;Southeast
37,26441;-84,60454;Eubank;KY;Kentucky;Southeast
36,77875;-85,01093;Alpha;KY;Kentucky;Southeast
36,74039;-84,48098;Marshes Siding;KY;Kentucky;Southeast
36,88043;-84,41601;Parkers Lake;KY;Kentucky;Southeast
36,67601;-84,40033;Pine Knot;KY;Kentucky;Southeast
36,67487;-84,4689;Revelo;KY;Kentucky;Southeast
37,05624;-85,0352;Russell Springs;KY;Kentucky;Southeast
36,6922;-84,61144;Stearns;KY;Kentucky;Southeast
36,6253;-84,41798;Strunk;KY;Kentucky;Southeast
36,78117;-84,4618;Whitley City;KY;Kentucky;Southeast
37,56098;-86,15791;Big Clifty;KY;Kentucky;Southeast
37,37631;-85,88282;Bonnieville;KY;Kentucky;Southeast
36,94352;-85,4134;Breeding;KY;Kentucky;Southeast
36,78169;-85,38331;Burkesville;KY;Kentucky;Southeast
37,38994;-85,37561;Campbellsville;KY;Kentucky;Southeast
37,42173;-86,49593;Caneyville;KY;Kentucky;Southeast
37,27628;-85,71703;Canmer;KY;Kentucky;Southeast
37,67293;-86,06461;Cecilia;KY;Kentucky;Southeast
37,42423;-86,15035;Clarkson;KY;Kentucky;Southeast
37,30167;-86,09719;Cub Run;KY;Kentucky;Southeast
37,61;-86,11235;Eastview;KY;Kentucky;Southeast
37,34008;-85,18028;Elk Horn;KY;Kentucky;Southeast
36,9888;-85,25183;Glens Fork;KY;Kentucky;Southeast
37,07774;-85,47888;Gradyville;KY;Kentucky;Southeast
37,57029;-85,70952;Hodgenville;KY;Kentucky;Southeast
37,18983;-85,87516;Horse Cave;KY;Kentucky;Southeast
37,22299;-85,17411;Knifley;KY;Kentucky;Southeast
37,47814;-86,31379;Leitchfield;KY;Kentucky;Southeast
36,82909;-85,51334;Marrowbone;KY;Kentucky;Southeast
37,42948;-85,62507;Mount Sherman;KY;Kentucky;Southeast
37,30699;-85,93115;Munfordville;KY;Kentucky;Southeast
37,51577;-85,91834;Sonora;KY;Kentucky;Southeast
40,05982;-83,17305;Amlin;OH;Ohio;Midwest
40,41017;-82,96866;Ashley;OH;Ohio;Midwest
40,01664;-82,80025;Blacklick;OH;Ohio;Midwest
40,4591;-82,14554;Brinkhaven;OH;Ohio;Midwest
39,93348;-82,4817;Buckeye Lake;OH;Ohio;Midwest
40,17188;-83,64234;Cable;OH;Ohio;Midwest
40,30946;-82,68456;Centerburg;OH;Ohio;Midwest
40,23101;-82,6895;Croton;OH;Ohio;Midwest
40,33765;-82,34135;Gambier;OH;Ohio;Midwest
39,96783;-82,40667;Jacksontown;OH;Ohio;Midwest
40,32836;-82,95812;Kilbourne;OH;Ohio;Midwest
39,96098;-82,59984;Kirkersville;OH;Ohio;Midwest
40,18622;-82,9969;Lewis Center;OH;Ohio;Midwest
40,3524;-83,26325;Magnetic Springs;OH;Ohio;Midwest
40,16932;-83,44975;Milford Center;OH;Ohio;Midwest
39,89917;-82,53844;Millersport;OH;Ohio;Midwest
40,20795;-83,63797;Mingo;OH;Ohio;Midwest
40,21978;-83,57295;North Lewisburg;OH;Ohio;Midwest
40,28775;-83,20256;Ostrander;OH;Ohio;Midwest
40,00556;-82,67964;Pataskala;OH;Ohio;Midwest
40,09819;-83,28863;Plain City;OH;Ohio;Midwest
40,39877;-83,16313;Radnor;OH;Ohio;Midwest
39,95667;-82,78468;Reynoldsburg;OH;Ohio;Midwest
40,22056;-83,95651;Rosewood;OH;Ohio;Midwest
40,18479;-82,35509;Saint Louisville;OH;Ohio;Midwest
40,1172;-83,95514;Saint Paris;OH;Ohio;Midwest
39,89594;-82,39497;Thornville;OH;Ohio;Midwest
40,13675;-83,34165;Unionville Center;OH;Ohio;Midwest
40,11302;-83,77538;Urbana;OH;Ohio;Midwest
40,11064;-82,89083;Westerville;OH;Ohio;Midwest
39,46466;-82,74563;Adelphi;OH;Ohio;Midwest
39,64076;-82,76118;Amanda;OH;Ohio;Midwest
39,9127;-82,83385;Brice;OH;Ohio;Midwest
39,82825;-82,80143;Canal Winchester;OH;Ohio;Midwest
39,79719;-82,70472;Carroll;OH;Ohio;Midwest
39,77284;-83,06275;Commercial Point;OH;Ohio;Midwest
39,83747;-82,88588;Groveport;OH;Ohio;Midwest
39,4711;-82,69736;Laurelville;OH;Ohio;Midwest
39,80157;-82,81543;Lithopolis;OH;Ohio;Midwest
39,80486;-82,98694;Lockbourne;OH;Ohio;Midwest
39,52797;-82,19155;Murray City;OH;Ohio;Midwest
39,8982;-82,74227;Pickerington;OH;Ohio;Midwest
39,53742;-82,57188;Rockbridge;OH;Ohio;Midwest
39,39211;-82,61433;South Bloomingville;OH;Ohio;Midwest
39,74071;-83,56781;South Solon;OH;Ohio;Midwest
39,60327;-82,82622;Stoutsville;OH;Ohio;Midwest
39,55389;-82,77621;Tarlton;OH;Ohio;Midwest
39,84303;-82,54675;Thurston;OH;Ohio;Midwest
39,44968;-82,35546;Union Furnace;OH;Ohio;Midwest
39,52871;-83,43917;Washington Court House;OH;Ohio;Midwest
40,5346;-83,78029;Belle Center;OH;Ohio;Midwest
40,4841;-82,87872;Cardington;OH;Ohio;Midwest
40,95184;-83,38596;Carey;OH;Ohio;Midwest
40,47748;-82,68202;Chesterville;OH;Ohio;Midwest
40,30948;-83,91378;De Graff;OH;Ohio;Midwest
40,30525;-83,57738;East Liberty;OH;Ohio;Midwest
40,5327;-83,20815;Green Camp;OH;Ohio;Midwest
40,73116;-83,25211;Harpster;OH;Ohio;Midwest
40,66939;-82,83102;Iberia;OH;Ohio;Midwest
40,81349;-83,41935;Kirby;OH;Ohio;Midwest
40,58369;-83,37769;La Rue;OH;Ohio;Midwest
40,39912;-82,79863;Marengo;OH;Ohio;Midwest
40,68336;-83,24107;Morral;OH;Ohio;Midwest
40,53748;-83,48;Mount Victory;OH;Ohio;Midwest
40,59577;-83,31544;New Bloomington;OH;Ohio;Midwest
40,5768;-83,84518;Roundhead;OH;Ohio;Midwest
40,47771;-83,65804;Rushsylvania;OH;Ohio;Midwest
40,46754;-83,88857;Russells Point;OH;Ohio;Midwest
40,82501;-83,30424;Upper Sandusky;OH;Ohio;Midwest
40,41898;-83,53129;West Mansfield;OH;Ohio;Midwest
40,33272;-83,63114;Zanesfield;OH;Ohio;Midwest
41,33605;-83,4372;Bradner;OH;Ohio;Midwest
41,27717;-83,24994;Burgoon;OH;Ohio;Midwest
41,57179;-83,36352;Clay Center;OH;Ohio;Midwest
41,62933;-83,31961;Curtice;OH;Ohio;Midwest
41,24205;-83,65476;Cygnet;OH;Ohio;Midwest
41,45165;-83,61724;Dunbridge;OH;Ohio;Midwest
41,38998;-83,33964;Gibsonburg;OH;Ohio;Midwest
41,56115;-83,24934;Graytown;OH;Ohio;Midwest
41,50463;-82,88033;Gypsum;OH;Ohio;Midwest
41,69319;-83,44474;Harbor View;OH;Ohio;Midwest
41,71522;-82,82098;Isle Saint George;OH;Ohio;Midwest
41,25396;-83,60176;Jerry City;OH;Ohio;Midwest
41,60343;-82,70268;Kelleys Island;OH;Ohio;Midwest
41,51758;-83,04275;Lacarne;OH;Ohio;Midwest
41,52662;-82,78145;Lakeside Marblehead;OH;Ohio;Midwest
41,42911;-83,21496;Lindsey;OH;Ohio;Midwest
41,46099;-83,46906;Luckey;OH;Ohio;Midwest
41,68483;-82,80863;Middle Bass;OH;Ohio;Midwest
41,5357;-83,14151;Oak Harbor;OH;Ohio;Midwest
41,40013;-83,49324;Pemberville;OH;Ohio;Midwest
41,64934;-82,82497;Put In Bay;OH;Ohio;Midwest
41,26788;-83,42508;Risingsun;OH;Ohio;Midwest
41,60392;-83,56328;Rossford;OH;Ohio;Midwest
41,28352;-83,71887;Rudolph;OH;Ohio;Midwest
41,51141;-83,50511;Stony Ridge;OH;Ohio;Midwest
41,40318;-82,93116;Vickery;OH;Ohio;Midwest
41,56593;-83,50489;Walbridge;OH;Ohio;Midwest
41,24328;-83,49098;West Millgrove;OH;Ohio;Midwest
41,66966;-84,46095;Alvordton;OH;Ohio;Midwest
41,53181;-84,30201;Archbold;OH;Ohio;Midwest
41,69736;-83,8369;Berkey;OH;Ohio;Midwest
41,46739;-84,55704;Bryan;OH;Ohio;Midwest
41,26384;-83,82376;Custar;OH;Ohio;Midwest
41,21579;-83,91081;Deshler;OH;Ohio;Midwest
41,44003;-84,72833;Edgerton;OH;Ohio;Midwest
41,58977;-84,75385;Edon;OH;Ohio;Midwest
41,42092;-84,40854;Evansport;OH;Ohio;Midwest
41,38008;-84,63565;Farmer;OH;Ohio;Midwest
41,42058;-83,84352;Grand Rapids;OH;Ohio;Midwest
41,33875;-83,99865;Grelton;OH;Ohio;Midwest
41,22839;-84,039;Hamler;OH;Ohio;Midwest
41,46663;-83,70098;Haskins;OH;Ohio;Midwest
41,25121;-84,1593;Holgate;OH;Ohio;Midwest
41,18998;-83,78431;Hoytville;OH;Ohio;Midwest
41,63511;-84,4957;Kunkle;OH;Ohio;Midwest
41,45486;-83,97008;Liberty Center;OH;Ohio;Midwest
41,30592;-84,02416;Malinta;OH;Ohio;Midwest
41,31345;-84,634;Mark Center;OH;Ohio;Midwest
41,57433;-83,68542;Maumee;OH;Ohio;Midwest
41,69545;-83,943;Metamora;OH;Ohio;Midwest
41,30075;-83,82953;Milton Center;OH;Ohio;Midwest
41,56642;-83,76531;Monclova;OH;Ohio;Midwest
41,39163;-84,12719;Napoleon;OH;Ohio;Midwest
41,49214;-83,87634;Neapolis;OH;Ohio;Midwest
41,18867;-84,17296;New Bavaria;OH;Ohio;Midwest
41,37519;-84,51818;Ney;OH;Ohio;Midwest
41,53096;-84,22382;Pettisville;OH;Ohio;Midwest
41,43772;-84,25596;Ridgeville Corners;OH;Ohio;Midwest
41,48354;-84,39693;Stryker;OH;Ohio;Midwest
41,42044;-83,74011;Tontogany;OH;Ohio;Midwest
41,57592;-84,15248;Wauseon;OH;Ohio;Midwest
41,58616;-84,44116;West Unity;OH;Ohio;Midwest
41,51574;-83,81796;Whitehouse;OH;Ohio;Midwest
41,65217;-83,53977;Toledo;OH;Ohio;Midwest
41,65727;-83,40931;Oregon;OH;Ohio;Midwest
39,95986;-81,99498;Zanesville;OH;Ohio;Midwest
39,78943;-81,5548;Belle Valley;OH;Ohio;Midwest
39,79272;-81,86886;Blue Rock;OH;Ohio;Midwest
39,96022;-81,5412;Byesville;OH;Ohio;Midwest
39,8714;-81,79884;Chandlersville;OH;Ohio;Midwest
39,49188;-81,89676;Chesterhill;OH;Ohio;Midwest
39,72768;-82,0675;Crooksville;OH;Ohio;Midwest
39,92736;-81,53807;Derwent;OH;Ohio;Midwest
39,88144;-81,90489;Duncan Falls;OH;Ohio;Midwest
39,85437;-82,11917;East Fultonham;OH;Ohio;Midwest
39,9515;-82,21706;Gratiot;OH;Ohio;Midwest
39,85784;-81,12128;Jerusalem;OH;Ohio;Midwest
40,15932;-81,56411;Kimbolton;OH;Ohio;Midwest
39,99353;-81,50975;Kipling;OH;Ohio;Midwest
40,0537;-81,43318;Lore City;OH;Ohio;Midwest
39,68993;-81,79574;Mcconnelsville;OH;Ohio;Midwest
39,62482;-81,9432;Malta;OH;Ohio;Midwest
39,8858;-82,19577;Mount Perry;OH;Ohio;Midwest
39,66829;-82,14798;Moxahala;OH;Ohio;Midwest
39,71485;-82,19239;New Lexington;OH;Ohio;Midwest
39,59492;-82,2501;New Straitsville;OH;Ohio;Midwest
40,03776;-81,44477;Old Washington;OH;Ohio;Midwest
39,83586;-81,94135;Philo;OH;Ohio;Midwest
39,88063;-81,52448;Pleasant City;OH;Ohio;Midwest
39,98758;-81,29636;Quaker City;OH;Ohio;Midwest
39,81896;-82,08543;Roseville;OH;Ohio;Midwest
40,01111;-81,37001;Salesville;OH;Ohio;Midwest
39,81718;-81,42528;Sarahsville;OH;Ohio;Midwest
39,92229;-81,44024;Senecaville;OH;Ohio;Midwest
39,62129;-82,2185;Shawnee;OH;Ohio;Midwest
39,53292;-81,80554;Stockport;OH;Ohio;Midwest
39,87757;-82,08877;White Cottage;OH;Ohio;Midwest
39,74362;-81,10219;Woodsfield;OH;Ohio;Midwest
40,39177;-81,97223;Blissfield;OH;Ohio;Midwest
40,18285;-81,93232;Conesville;OH;Ohio;Midwest
40,27268;-81,88347;Coshocton;OH;Ohio;Midwest
40,17409;-82,16958;Frazeysburg;OH;Ohio;Midwest
40,36407;-81,76116;Fresno;OH;Ohio;Midwest
40,06116;-82,14812;Nashport;OH;Ohio;Midwest
40,27333;-81,57931;Newcomerstown;OH;Ohio;Midwest
40,40511;-81,60025;Stone Creek;OH;Ohio;Midwest
40,13749;-82,01182;Trinway;OH;Ohio;Midwest
40,33485;-82,17711;Walhonding;OH;Ohio;Midwest
40,25692;-81,73144;West Lafayette;OH;Ohio;Midwest
40,21691;-80,86637;Adena;OH;Ohio;Midwest
39,88731;-80,95596;Alledonia;OH;Ohio;Midwest
40,0132;-80,80118;Bellaire;OH;Ohio;Midwest
40,50867;-80,87349;Bergholz;OH;Ohio;Midwest
40,22396;-80,80546;Dillonvale;OH;Ohio;Midwest
40,67608;-80,57965;East Liverpool;OH;Ohio;Midwest
40,56978;-80,77372;Hammondsville;OH;Ohio;Midwest
40,53145;-80,74699;Irondale;OH;Ohio;Midwest
39,93917;-80,89588;Jacobsburg;OH;Ohio;Midwest
40,1247;-80,75225;Martins Ferry;OH;Ohio;Midwest
40,30138;-80,67199;Mingo Junction;OH;Ohio;Midwest
39,86367;-80,84875;Powhatan Point;OH;Ohio;Midwest
40,2242;-80,73269;Rayland;OH;Ohio;Midwest
40,63156;-80,84797;Salineville;OH;Ohio;Midwest
39,95448;-80,78755;Shadyside;OH;Ohio;Midwest
40,09164;-80,92193;Saint Clairsville;OH;Ohio;Midwest
40,11475;-81,01405;Lafferty;OH;Ohio;Midwest
40,39763;-80,66278;Steubenville;OH;Ohio;Midwest
40,17155;-80,69698;Tiltonsville;OH;Ohio;Midwest
40,48695;-80,66928;Toronto;OH;Ohio;Midwest
40,02309;-80,94371;Warnock;OH;Ohio;Midwest
40,10164;-80,9749;Bannock;OH;Ohio;Midwest
40,18401;-80,99466;New Athens;OH;Ohio;Midwest
40,16168;-81,13155;Holloway;OH;Ohio;Midwest
41,85255;-80,78738;Ashtabula;OH;Ohio;Midwest
41,76087;-80,85152;Austinburg;OH;Ohio;Midwest
41,49443;-82,01594;Avon Lake;OH;Ohio;Midwest
41,44747;-81,4045;Chagrin Falls;OH;Ohio;Midwest
41,57668;-81,19112;Chardon;OH;Ohio;Midwest
41,53182;-81,3305;Chesterland;OH;Ohio;Midwest
41,30986;-81,93959;Columbia Station;OH;Ohio;Midwest
41,8973;-80,58061;Conneaut;OH;Ohio;Midwest
41,36539;-82,13025;Elyria;OH;Ohio;Midwest
41,38404;-82,02014;North Ridgeville;OH;Ohio;Midwest
41,53128;-81,4112;Gates Mills;OH;Ohio;Midwest
41,7461;-81,28512;Grand River;OH;Ohio;Midwest
41,54157;-81,07227;Huntsburg;OH;Ohio;Midwest
41,26626;-82,30553;Kipton;OH;Ohio;Midwest
41,45519;-82,16133;Lorain;OH;Ohio;Midwest
41,46419;-82,0931;Sheffield Lake;OH;Ohio;Midwest
41,31465;-81,49868;Macedonia;OH;Ohio;Midwest
41,67742;-81,32806;Mentor;OH;Ohio;Midwest
41,90619;-80,67886;North Kingsville;OH;Ohio;Midwest
41,41493;-81,91905;North Olmsted;OH;Ohio;Midwest
41,47196;-81,32917;Novelty;OH;Ohio;Midwest
41,28858;-82,23643;Oberlin;OH;Ohio;Midwest
41,69933;-81,21142;Painesville;OH;Ohio;Midwest
41,36886;-81,05966;Parkman;OH;Ohio;Midwest
41,76012;-80,56558;Pierpont;OH;Ohio;Midwest
41,31706;-81,44106;Twinsburg;OH;Ohio;Midwest
41,38894;-82,36552;Vermilion;OH;Ohio;Midwest
41,53478;-80,61637;Williamsfield;OH;Ohio;Midwest
41,60985;-81,3791;Willoughby;OH;Ohio;Midwest
41,65223;-81,44209;Eastlake;OH;Ohio;Midwest
41,47011;-81,85194;Rocky River;OH;Ohio;Midwest
41,57145;-81,52695;Euclid;OH;Ohio;Midwest
41,31388;-81,74497;North Royalton;OH;Ohio;Midwest
41,31265;-81,81064;Strongsville;OH;Ohio;Midwest
41,40903;-81,56274;Maple Heights;OH;Ohio;Midwest
41,37363;-81,92302;Olmsted Falls;OH;Ohio;Midwest
41,48508;-81,93171;Bay Village;OH;Ohio;Midwest
41,30139;-81,61439;Brecksville;OH;Ohio;Midwest
41,40205;-81,82406;Brookpark;OH;Ohio;Midwest
41,45245;-81,92944;Westlake;OH;Ohio;Midwest
41,31956;-81,67797;Broadview Heights;OH;Ohio;Midwest
41,02741;-81,18354;Atwater;OH;Ohio;Midwest
41,02013;-81,62896;Barberton;OH;Ohio;Midwest
40,95081;-81,99935;Burbank;OH;Ohio;Midwest
41,07195;-81,8994;Chippewa Lake;OH;Ohio;Midwest
41,13898;-81,47624;Cuyahoga Falls;OH;Ohio;Midwest
41,30692;-81,07197;Garrettsville;OH;Ohio;Midwest
40,93254;-81,46354;Green;OH;Ohio;Midwest
41,23945;-81,34728;Streetsboro;OH;Ohio;Midwest
41,02159;-81,43331;Lakemore;OH;Ohio;Midwest
41,02814;-81,92764;Westfield Center;OH;Ohio;Midwest
41,03684;-81,34079;Mogadore;OH;Ohio;Midwest
41,13901;-81,43492;Munroe Falls;OH;Ohio;Midwest
41,22966;-81,54311;Peninsula;OH;Ohio;Midwest
40,96317;-81,77696;Rittman;OH;Ohio;Midwest
41,08691;-81,18244;Rootstown;OH;Ohio;Midwest
41,09944;-81,7285;Sharon Center;OH;Ohio;Midwest
41,10052;-81,42137;Tallmadge;OH;Ohio;Midwest
41,23812;-81,92339;Valley City;OH;Ohio;Midwest
41,05851;-81,73854;Wadsworth;OH;Ohio;Midwest
40,94;-82,1005;West Salem;OH;Ohio;Midwest
41,02457;-80,94658;Berlin Center;OH;Ohio;Midwest
41,38893;-80,85513;Bristolville;OH;Ohio;Midwest
41,3277;-80,54861;Burghill;OH;Ohio;Midwest
41,01132;-80,77194;Canfield;OH;Ohio;Midwest
41,09671;-81,0229;Diamond;OH;Ohio;Midwest
40,84803;-80,5549;East Palestine;OH;Ohio;Midwest
41,43336;-80,66329;Farmdale;OH;Ohio;Midwest
41,30692;-80,60465;Fowler;OH;Ohio;Midwest
40,7524;-80,89963;Hanoverton;OH;Ohio;Midwest
41,17022;-80,57395;Hubbard;OH;Ohio;Midwest
41,43458;-80,5779;Kinsman;OH;Ohio;Midwest
41,09648;-80,98156;Lake Milton;OH;Ohio;Midwest
41,24011;-80,90804;Leavittsburg;OH;Ohio;Midwest
40,84748;-80,75365;Leetonia;OH;Ohio;Midwest
41,05775;-80,54241;Lowellville;OH;Ohio;Midwest
41,24252;-80,5345;Masury;OH;Ohio;Midwest
41,45436;-80,95552;Mesopotamia;OH;Ohio;Midwest
41,1482;-80,78439;Mineral Ridge;OH;Ohio;Midwest
40,75802;-80,55264;Negley;OH;Ohio;Midwest
40,96591;-80,54963;New Middletown;OH;Ohio;Midwest
40,92351;-80,59473;New Springfield;OH;Ohio;Midwest
40,84834;-80,61732;New Waterford;OH;Ohio;Midwest
41,18958;-80,74692;Niles;OH;Ohio;Midwest
40,97957;-81,02446;North Benton;OH;Ohio;Midwest
41,45397;-80,82576;North Bloomfield;OH;Ohio;Midwest
41,08104;-80,86887;North Jackson;OH;Ohio;Midwest
40,94711;-80,66232;North Lima;OH;Ohio;Midwest
41,04793;-80,58973;Struthers;OH;Ohio;Midwest
40,73313;-81,79625;Apple Creek;OH;Ohio;Midwest
40,65241;-81,59714;Beach City;OH;Ohio;Midwest
40,9121;-80,9879;Beloit;OH;Ohio;Midwest
40,60785;-82,08141;Big Prairie;OH;Ohio;Midwest
40,88689;-81,58747;Canal Fulton;OH;Ohio;Midwest
40,5811;-81,21592;Dellroy;OH;Ohio;Midwest
40,42878;-81,28955;Dennison;OH;Ohio;Midwest
40,68994;-81,38404;East Sparta;OH;Ohio;Midwest
40,35107;-81,44553;Gnadenhutten;OH;Ohio;Midwest
40,96401;-81,3048;Hartville;OH;Ohio;Midwest
40,63182;-81,93601;Holmesville;OH;Ohio;Midwest
40,83385;-81,04685;Homeworth;OH;Ohio;Midwest
40,47996;-82,03347;Killbuck;OH;Ohio;Midwest
40,98455;-81,14858;Limaville;OH;Ohio;Midwest
40,81055;-81,49835;Massillon;OH;Ohio;Midwest
40,6231;-80,9556;Mechanicstown;OH;Ohio;Midwest
40,90088;-81,33015;Middlebranch;OH;Ohio;Midwest
40,43711;-81,37105;Midvale;OH;Ohio;Midwest
40,57027;-81,33104;Mineral City;OH;Ohio;Midwest
40,6948;-81,70191;Mount Eaton;OH;Ohio;Midwest
40,83555;-80,98706;North Georgetown;OH;Ohio;Midwest
40,76305;-81,18788;Robertsville;OH;Ohio;Midwest
40,50245;-81,24975;Sherrodsville;OH;Ohio;Midwest
40,6891;-82,03266;Shreve;OH;Ohio;Midwest
40,50018;-81,6625;Sugarcreek;OH;Ohio;Midwest
40,39765;-81,40323;Tuscarawas;OH;Ohio;Midwest
40,35505;-81,3218;Uhrichsville;OH;Ohio;Midwest
40,53941;-81,71189;Walnut Creek;OH;Ohio;Midwest
40,61353;-81,69391;Winesburg;OH;Ohio;Midwest
40,80714;-81,97971;Wooster;OH;Ohio;Midwest
40,2978;-81,18821;Deersville;OH;Ohio;Midwest
40,43868;-81,1754;Bowerston;OH;Ohio;Midwest
40,60807;-81,41175;Zoar;OH;Ohio;Midwest
40,27789;-81,28752;Tippecanoe;OH;Ohio;Midwest
40,76706;-81,25814;East Canton;OH;Ohio;Midwest
41,04534;-83,41912;Alvada;OH;Ohio;Midwest
41,32162;-82,4714;Berlin Heights;OH;Ohio;Midwest
41,24697;-83,23947;Bettsville;OH;Ohio;Midwest
41,1987;-83,54676;Bloomdale;OH;Ohio;Midwest
40,81829;-82,97186;Bucyrus;OH;Ohio;Midwest
40,95443;-82,94194;Chatfield;OH;Ohio;Midwest
40,81921;-82,75923;Crestline;OH;Ohio;Midwest
41,16603;-83,40081;Fostoria;OH;Ohio;Midwest
40,71059;-82,79484;Galion;OH;Ohio;Midwest
41,23772;-83,05455;Green Springs;OH;Ohio;Midwest
40,79231;-82,17973;Jeromesville;OH;Ohio;Midwest
40,64903;-82,22498;Loudonville;OH;Ohio;Midwest
40,9926;-83,25839;McCutchenville;OH;Ohio;Midwest
40,80863;-83,13186;Nevada;OH;Ohio;Midwest
41,05501;-83,30399;New Riegel;OH;Ohio;Midwest
40,94723;-82,85748;New Washington;OH;Ohio;Midwest
41,10414;-82,58664;North Fairfield;OH;Ohio;Midwest
40,79398;-82,85627;North Robinson;OH;Ohio;Midwest
41,02103;-82,32636;Nova;OH;Ohio;Midwest
40,66748;-82,31871;Perrysville;OH;Ohio;Midwest
41,40623;-82,7171;Sandusky;OH;Ohio;Midwest
40,8703;-82,87687;Sulphur Springs;OH;Ohio;Midwest
41,12395;-83,17459;Tiffin;OH;Ohio;Midwest
40,9205;-82,788;Tiro;OH;Ohio;Midwest
41,24661;-82,38195;Wakeman;OH;Ohio;Midwest
39,13713;-84,71045;Addyston;OH;Ohio;Midwest
39,19871;-84,73422;Cleves;OH;Ohio;Midwest
39,58427;-84,77942;College Corner;OH;Ohio;Midwest
39,50268;-84,00811;Harveysburg;OH;Ohio;Midwest
39,17962;-84,76469;Hooven;OH;Ohio;Midwest
39,35749;-84,24687;Kings Mills;OH;Ohio;Midwest
39,32655;-84,23586;Maineville;OH;Ohio;Midwest
39,21114;-84,70292;Miamitown;OH;Ohio;Midwest
39,09983;-84,65504;Mount Saint Joseph;OH;Ohio;Midwest
39,35273;-84,78053;Okeana;OH;Ohio;Midwest
39,43844;-84,07418;Oregonia;OH;Ohio;Midwest
39,45701;-84,51094;Overpeck;OH;Ohio;Midwest
39,48501;-84,55371;Seven Mile;OH;Ohio;Midwest
39,37016;-84,21426;South Lebanon;OH;Ohio;Midwest
39,58968;-84,55804;West Elkton;OH;Ohio;Midwest
39,01718;-84,20602;Amelia;OH;Ohio;Midwest
39,28888;-83,96967;Blanchester;OH;Ohio;Midwest
39,20033;-84,28746;Camp Dennison;OH;Ohio;Midwest
38,79377;-84,14144;Chilo;OH;Ohio;Midwest
38,8781;-83,99927;Feesburg;OH;Ohio;Midwest
38,82597;-84,09301;Felicity;OH;Ohio;Midwest
38,90886;-83,99897;Hamersville;OH;Ohio;Midwest
38,78997;-83,96729;Higginsport;OH;Ohio;Midwest
39,25603;-84,24433;Loveland;OH;Ohio;Midwest
39,21114;-84,30192;Miamiville;OH;Ohio;Midwest
39,06137;-83,91997;Mount Orab;OH;Ohio;Midwest
39,04057;-83,75181;Mowrystown;OH;Ohio;Midwest
38,80947;-84,21348;Neville;OH;Ohio;Midwest
39,18229;-84,07769;Newtonsville;OH;Ohio;Midwest
39,33389;-83,68972;New Vienna;OH;Ohio;Midwest
39,12358;-84,13725;Owensville;OH;Ohio;Midwest
39,26913;-84,07851;Pleasant Plain;OH;Ohio;Midwest
39,55365;-83,78532;Port William;OH;Ohio;Midwest
39,4766;-83,68774;Reesville;OH;Ohio;Midwest
39,505;-83,65035;Sabina;OH;Ohio;Midwest
39,07447;-83,38688;Sinking Spring;OH;Ohio;Midwest
39,1588;-84,31073;Terrace Park;OH;Ohio;Midwest
39,10885;-84,50243;Cincinnati;OH;Ohio;Midwest
40,40068;-84,20756;Anna;OH;Ohio;Midwest
39,98756;-84,53145;Arcanum;OH;Ohio;Midwest
39,63628;-84,07769;Bellbrook;OH;Ohio;Midwest
40,45856;-84,18575;Botkins;OH;Ohio;Midwest
40,35299;-84,64264;Burkettsville;OH;Ohio;Midwest
40,06028;-84,07976;Casstown;OH;Ohio;Midwest
39,91608;-83,94324;Donnelsville;OH;Ohio;Midwest
39,87134;-84,67775;Eldorado;OH;Ohio;Midwest
39,85131;-83,92794;Enon;OH;Ohio;Midwest
39,81986;-84,00026;Fairborn;OH;Ohio;Midwest
39,69297;-84,4269;Farmersville;OH;Ohio;Midwest
39,64821;-84,5282;Gratis;OH;Ohio;Midwest
39,99967;-84,78776;Hollansburg;OH;Ohio;Midwest
40,44256;-84,25988;Kettlersville;OH;Ohio;Midwest
39,98019;-84,42095;Laura;OH;Ohio;Midwest
40,00826;-84,34315;Ludlow Falls;OH;Ohio;Midwest
39,62943;-84,27545;Miamisburg;OH;Ohio;Midwest
39,95567;-84,00734;New Carlisle;OH;Ohio;Midwest
39,97934;-84,70911;New Madison;OH;Ohio;Midwest
40,32663;-84,65404;New Weston;OH;Ohio;Midwest
40,32472;-84,57359;North Star;OH;Ohio;Midwest
40,33954;-84,49574;Osgood;OH;Ohio;Midwest
40,16252;-84,23097;Piqua;OH;Ohio;Midwest
39,98724;-84,48796;Pitsburg;OH;Ohio;Midwest
40,28684;-84,63368;Rossburg;OH;Ohio;Midwest
40,23925;-84,39841;Russia;OH;Ohio;Midwest
39,95304;-83,60304;South Vienna;OH;Ohio;Midwest
39,93885;-84,16357;Tipp City;OH;Ohio;Midwest
40,01471;-83,83862;Tremont City;OH;Ohio;Midwest
39,89636;-84,22774;Vandalia;OH;Ohio;Midwest
39,73223;-84,52433;West Alexandria;OH;Ohio;Midwest
39,89621;-84,61626;West Manchester;OH;Ohio;Midwest
39,71444;-83,88638;Wilberforce;OH;Ohio;Midwest
39,66813;-83,91457;Xenia;OH;Ohio;Midwest
39,79754;-83,88622;Yellow Springs;OH;Ohio;Midwest
39,30996;-82,9555;Chillicothe;OH;Ohio;Midwest
38,92858;-82,27819;Bidwell;OH;Ohio;Midwest
38,76018;-83,30864;Blue Creek;OH;Ohio;Midwest
39,27967;-83,15559;Bourneville;OH;Ohio;Midwest
38,88502;-83,61623;Cherry Fork;OH;Ohio;Midwest
38,64125;-82,26748;Crown City;OH;Ohio;Midwest
38,65221;-82,81051;Franklin Furnace;OH;Ohio;Midwest
38,81672;-82,25486;Gallipolis;OH;Ohio;Midwest
38,56217;-82,67607;Ironton;OH;Ohio;Midwest
38,57082;-82,53159;Kitts Hill;OH;Ohio;Midwest
38,92161;-83,01393;Lucasville;OH;Ohio;Midwest
38,74415;-83,42099;Lynx;OH;Ohio;Midwest
39,27665;-82,47706;McArthur;OH;Ohio;Midwest
38,82911;-83,08018;McDermott;OH;Ohio;Midwest
38,88976;-82,82306;Minford;OH;Ohio;Midwest
39,36671;-82,37774;New Plymouth;OH;Ohio;Midwest
38,85166;-83,21011;Otway;OH;Ohio;Midwest
38,76324;-82,41411;Patriot;OH;Ohio;Midwest
38,67117;-82,62331;Pedro;OH;Ohio;Midwest
38,98626;-83,358;Peebles;OH;Ohio;Midwest
39,04096;-83,10479;Piketon;OH;Ohio;Midwest
38,74507;-83,11198;West Portsmouth;OH;Ohio;Midwest
38,97339;-83,23775;Rarden;OH;Ohio;Midwest
39,20549;-82,67579;Ray;OH;Ohio;Midwest
39,20399;-82,81148;Richmond Dale;OH;Ohio;Midwest
38,79555;-82,75511;Scioto Furnace;OH;Ohio;Midwest
38,60595;-82,37883;Scottown;OH;Ohio;Midwest
38,97634;-83,56788;Seaman;OH;Ohio;Midwest
38,45526;-82,54489;South Point;OH;Ohio;Midwest
38,80839;-82,69658;South Webster;OH;Ohio;Midwest
38,67546;-83,27789;Stout;OH;Ohio;Midwest
38,9333;-82,4527;Thurman;OH;Ohio;Midwest
39,11582;-82,5426;Wellston;OH;Ohio;Midwest
38,74807;-82,78345;Wheelersburg;OH;Ohio;Midwest
39,1529;-82,36334;Wilkesville;OH;Ohio;Midwest
38,60356;-82,45201;Willow Wood;OH;Ohio;Midwest
39,28811;-82,39604;Zaleski;OH;Ohio;Midwest
39,42503;-81,93038;Amesville;OH;Ohio;Midwest
39,3183;-81,62001;Belpre;OH;Ohio;Midwest
39,46295;-82,18401;Buchtel;OH;Ohio;Midwest
39,56563;-81,58347;Coal Run;OH;Ohio;Midwest
39,22173;-81,8268;Coolville;OH;Ohio;Midwest
39,64495;-81,48171;Dexter City;OH;Ohio;Midwest
39,51802;-82,06705;Glouster;OH;Ohio;Midwest
39,25183;-81,9229;Guysville;OH;Ohio;Midwest
39,19055;-81,7462;Hockingport;OH;Ohio;Midwest
39,06648;-82,2527;Langsville;OH;Ohio;Midwest
39,28563;-81,73008;Little Hocking;OH;Ohio;Midwest
39,076;-81,85017;Long Bottom;OH;Ohio;Midwest
39,61678;-81,32689;Lower Salem;OH;Ohio;Midwest
39,604;-81,44809;Macksburg;OH;Ohio;Midwest
39,42642;-82,0964;Millfield;OH;Ohio;Midwest
39,45116;-82,24336;Nelsonville;OH;Ohio;Midwest
39,31931;-82,26247;New Marshfield;OH;Ohio;Midwest
39,54367;-81,1312;New Matamoras;OH;Ohio;Midwest
39,18732;-82,0228;Shade;OH;Ohio;Midwest
39,17505;-81,83929;Tuppers Plains;OH;Ohio;Midwest
39,51349;-81,37016;Whipple;OH;Ohio;Midwest
39,5514;-81,25592;Wingett Run;OH;Ohio;Midwest
40,8431;-84,18522;Gomer;OH;Ohio;Midwest
40,77721;-83,81097;Ada;OH;Ohio;Midwest
40,68341;-83,8135;Alger;OH;Ohio;Midwest
41,157;-83,94267;Belmore;OH;Ohio;Midwest
41,00452;-83,79392;Benton Ridge;OH;Ohio;Midwest
40,43658;-84,49368;Chickasaw;OH;Ohio;Midwest
40,90616;-84,09213;Columbus Grove;OH;Ohio;Midwest
41,11141;-84,24993;Continental;OH;Ohio;Midwest
40,92779;-84,7336;Convoy;OH;Ohio;Midwest
40,83415;-84,35264;Delphos;OH;Ohio;Midwest
40,75898;-83,70076;Dola;OH;Ohio;Midwest
41,02626;-83,64943;Findlay;OH;Ohio;Midwest
40,87955;-83,735;Jenera;OH;Ohio;Midwest
40,91733;-84,2856;Fort Jennings;OH;Ohio;Midwest
40,32995;-84,37806;Fort Loramie;OH;Ohio;Midwest
40,40986;-84,74644;Fort Recovery;OH;Ohio;Midwest
41,02421;-84,07695;Glandorf;OH;Ohio;Midwest
41,01241;-84,45452;Grover Hill;OH;Ohio;Midwest
40,70382;-83,91817;Harrod;OH;Ohio;Midwest
41,03267;-84,60289;Haviland;OH;Ohio;Midwest
40,98625;-84,19469;Kalida;OH;Ohio;Midwest
41,08819;-84,5835;Latty;OH;Ohio;Midwest
41,11452;-83,99917;Leipsic;OH;Ohio;Midwest
40,69305;-83,78574;McGuffey;OH;Ohio;Midwest
40,39365;-84,51566;Maria Stein;OH;Ohio;Midwest
40,9041;-84,45477;Middle Point;OH;Ohio;Midwest
41,09936;-84,14077;Miller City;OH;Ohio;Midwest
40,39379;-84,37219;Minster;OH;Ohio;Midwest
40,89795;-83,53825;Mount Blanchard;OH;Ohio;Midwest
40,96986;-83,84839;Mount Cory;OH;Ohio;Midwest
40,4573;-84,39432;New Bremen;OH;Ohio;Midwest
40,55621;-83,95142;New Hampshire;OH;Ohio;Midwest
40,4932;-84,30089;New Knoxville;OH;Ohio;Midwest
41,18863;-83,68366;North Baltimore;OH;Ohio;Midwest
40,78765;-84,67777;Ohio City;OH;Ohio;Midwest
40,93414;-84,33835;Ottoville;OH;Ohio;Midwest
40,95393;-83,93779;Pandora;OH;Ohio;Midwest
41,0662;-84,73782;Payne;OH;Ohio;Midwest
40,94976;-83,77426;Rawson;OH;Ohio;Midwest
40,40574;-84,62791;Saint Henry;OH;Ohio;Midwest
40,60244;-84,08583;Uniopolis;OH;Ohio;Midwest
40,97752;-83,49105;Vanlue;OH;Ohio;Midwest
40,8748;-84,57785;Van Wert;OH;Ohio;Midwest
40,88146;-84,14536;Vaughnsville;OH;Ohio;Midwest
40,76252;-84,4684;Venedocia;OH;Ohio;Midwest
40,56991;-84,15197;Wapakoneta;OH;Ohio;Midwest
40,60667;-83,93775;Waynesfield;OH;Ohio;Midwest
40,73617;-84,76429;Willshire;OH;Ohio;Midwest
40,80088;-84,77491;Wren;OH;Ohio;Midwest
39,92773;-85,83424;Fortville;IN;Indiana;Midwest
40,2085;-85,79026;Frankton;IN;Indiana;Midwest
40,2898;-86,14832;Goldsmith;IN;Indiana;Midwest
40,28418;-85,94739;Hobbs;IN;Indiana;Midwest
39,9543;-85,80755;Ingalls;IN;Indiana;Midwest
40,20515;-86,34629;Kirklin;IN;Indiana;Midwest
40,05855;-85,83794;Lapel;IN;Indiana;Midwest
39,88627;-85,90404;Mccordsville;IN;Indiana;Midwest
39,97351;-85,6105;Markleville;IN;Indiana;Midwest
40,33796;-86,37801;Michigantown;IN;Indiana;Midwest
40,06616;-85,93137;Noblesville;IN;Indiana;Midwest
40,27184;-85,72389;Orestes;IN;Indiana;Midwest
40,11941;-86,60549;Thorntown;IN;Indiana;Midwest
40,02637;-86,3346;Whitestown;IN;Indiana;Midwest
40,36318;-85,9374;Windfall;IN;Indiana;Midwest
39,6896;-86,61384;Amo;IN;Indiana;Midwest
39,51555;-86,20524;Bargersville;IN;Indiana;Midwest
39,56021;-85,91333;Boggstown;IN;Indiana;Midwest
39,635;-86,30548;Camby;IN;Indiana;Midwest
39,36914;-85,94551;Edinburgh;IN;Indiana;Midwest
39,62053;-85,88694;Fairland;IN;Indiana;Midwest
39,67464;-85,83571;Fountaintown;IN;Indiana;Midwest
39,66586;-85,64706;Gwynneville;IN;Indiana;Midwest
39,80906;-85,51296;Knightstown;IN;Indiana;Midwest
39,88545;-86,55758;Lizton;IN;Indiana;Midwest
39,54695;-85,60232;Manilla;IN;Indiana;Midwest
39,85639;-85,77038;Maxwell;IN;Indiana;Midwest
39,74355;-85,42966;Mays;IN;Indiana;Midwest
39,7287;-85,90435;New Palestine;IN;Indiana;Midwest
39,42686;-86,58755;Paragon;IN;Indiana;Midwest
39,57164;-86,86277;Putnamville;IN;Indiana;Midwest
39,53527;-86,96815;Reelsville;IN;Indiana;Midwest
39,82725;-86,8144;Roachdale;IN;Indiana;Midwest
39,59652;-86,61801;Stilesville;IN;Indiana;Midwest
39,38044;-86,16119;Trafalgar;IN;Indiana;Midwest
39,46157;-85,67005;Waldron;IN;Indiana;Midwest
39,55967;-86,07361;Whiteland;IN;Indiana;Midwest
39,77369;-86,10949;Indianapolis;IN;Indiana;Midwest
41,68687;-86,97438;Beverly Shores;IN;Indiana;Midwest
41,3604;-87,12645;Boone Grove;IN;Indiana;Midwest
41,37198;-87,4765;Cedar Lake;IN;Indiana;Midwest
41,61311;-87,04905;Chesterton;IN;Indiana;Midwest
41,18205;-87,23088;Demotte;IN;Indiana;Midwest
41,64705;-87,45446;East Chicago;IN;Indiana;Midwest
41,52217;-87,42091;Griffith;IN;Indiana;Midwest
41,54704;-87,50402;Munster;IN;Indiana;Midwest
41,38339;-86,76846;Hanna;IN;Indiana;Midwest
41,53032;-86,69995;Kingsbury;IN;Indiana;Midwest
41,47816;-86,69332;Kingsford Heights;IN;Indiana;Midwest
41,30502;-87,00859;Kouts;IN;Indiana;Midwest
41,10899;-87,42359;Lake Village;IN;Indiana;Midwest
41,60697;-86,72157;La Porte;IN;Indiana;Midwest
41,21443;-86,76922;North Judson;IN;Indiana;Midwest
41,67683;-86,6005;Rolling Prairie;IN;Indiana;Midwest
41,44578;-87,46954;Saint John;IN;Indiana;Midwest
41,20616;-86,895;San Pierre;IN;Indiana;Midwest
41,49162;-87,45193;Schererville;IN;Indiana;Midwest
41,1838;-87,47603;Schneider;IN;Indiana;Midwest
41,15682;-87,4302;Sumava Resorts;IN;Indiana;Midwest
41,17635;-87,33436;Thayer;IN;Indiana;Midwest
41,41677;-86,8742;Wanatah;IN;Indiana;Midwest
41,18509;-87,04948;Wheatfield;IN;Indiana;Midwest
41,5139;-87,16801;Wheeler;IN;Indiana;Midwest
41,57409;-87,26285;Lake Station;IN;Indiana;Midwest
41,48083;-87,33293;Merrillville;IN;Indiana;Midwest
41,22327;-86,24868;Argos;IN;Indiana;Midwest
41,30057;-86,11204;Bourbon;IN;Indiana;Midwest
41,15499;-85,96904;Burket;IN;Indiana;Midwest
41,12068;-85,874;Claypool;IN;Indiana;Midwest
41,22182;-86,42889;Culver;IN;Indiana;Midwest
41,3629;-86,44816;Donaldson;IN;Indiana;Midwest
41,72328;-85,97547;Elkhart;IN;Indiana;Midwest
41,2979;-86,02143;Etna Green;IN;Indiana;Midwest
41,74031;-86,12749;Granger;IN;Indiana;Midwest
41,35686;-86,51558;Grovertown;IN;Indiana;Midwest
41,45724;-86,30669;Lapaz;IN;Indiana;Midwest
41,61778;-86,13715;Mishawaka;IN;Indiana;Midwest
41,44701;-86,00028;Nappanee;IN;Indiana;Midwest
41,56252;-86,41947;North Liberty;IN;Indiana;Midwest
41,32858;-85,68833;North Webster;IN;Indiana;Midwest
41,70198;-86,24513;Notre Dame;IN;Indiana;Midwest
41,20947;-85,69757;Pierceton;IN;Indiana;Midwest
41,69285;-85,5831;Shipshewana;IN;Indiana;Midwest
41,56795;-85,54667;Topeka;IN;Indiana;Midwest
41,53941;-86,06054;Wakarusa;IN;Indiana;Midwest
41,21612;-85,80862;Winona Lake;IN;Indiana;Midwest
41,67065;-86,252;South Bend;IN;Indiana;Midwest
41,35167;-85,25168;Avilla;IN;Indiana;Midwest
41,1518;-85,47655;Columbia City;IN;Indiana;Midwest
41,454;-85,15504;Corunna;IN;Indiana;Midwest
40,79751;-85,10267;Craigville;IN;Indiana;Midwest
41,21161;-84,95176;Grabill;IN;Indiana;Midwest
40,95194;-85,00887;Hoagland;IN;Indiana;Midwest
41,72257;-85,34914;Howe;IN;Indiana;Midwest
41,24829;-85,16727;Huntertown;IN;Indiana;Midwest
41,45119;-85,27209;Kendallville;IN;Indiana;Midwest
40,59855;-85,18299;Keystone;IN;Indiana;Midwest
41,34441;-85,55654;Kimmell;IN;Indiana;Midwest
41,29418;-85,2415;Laotto;IN;Indiana;Midwest
41,2176;-85,62376;Larwill;IN;Indiana;Midwest
41,23361;-85,04047;Leo;IN;Indiana;Midwest
40,8298;-85,31873;Markle;IN;Indiana;Midwest
41,69272;-85,29639;Mongo;IN;Indiana;Midwest
40,87248;-85,15236;Ossian;IN;Indiana;Midwest
41,5725;-85,03094;Pleasant Lake;IN;Indiana;Midwest
40,63659;-85,27339;Poneto;IN;Indiana;Midwest
41,49797;-85,38797;Rome City;IN;Indiana;Midwest
41,31974;-84,88506;Saint Joe;IN;Indiana;Midwest
41,53156;-85,27269;South Milford;IN;Indiana;Midwest
41,06598;-85,62085;South Whitley;IN;Indiana;Midwest
41,58274;-85,19742;Stroh;IN;Indiana;Midwest
41,46654;-85,45946;Wawaka;IN;Indiana;Midwest
41,55116;-85,33941;Wolcottville;IN;Indiana;Midwest
41,3367;-85,49583;Wolflake;IN;Indiana;Midwest
40,94256;-85,22113;Yoder;IN;Indiana;Midwest
41,06787;-85,16299;Fort Wayne;IN;Indiana;Midwest
40,62859;-85,94673;Amboy;IN;Indiana;Midwest
40,50364;-86,49739;Bringhurst;IN;Indiana;Midwest
41,13993;-86,42197;Delong;IN;Indiana;Midwest
40,606;-86,64568;Delphi;IN;Indiana;Midwest
40,40946;-85,57261;Fowlerton;IN;Indiana;Midwest
40,59675;-86,26243;Galveston;IN;Indiana;Midwest
40,47887;-85,58091;Gas City;IN;Indiana;Midwest
40,99337;-86,40359;Kewanna;IN;Indiana;Midwest
40,6882;-85,69857;La Fontaine;IN;Indiana;Midwest
40,82833;-85,69723;Lagro;IN;Indiana;Midwest
40,9735;-85,84038;Laketon;IN;Indiana;Midwest
41,1211;-86,38516;Leiters Ford;IN;Indiana;Midwest
41,03932;-85,73019;Liberty Mills;IN;Indiana;Midwest
40,76044;-86,37303;Logansport;IN;Indiana;Midwest
40,88391;-86,37162;Lucerne;IN;Indiana;Midwest
40,94616;-86,10528;Macy;IN;Indiana;Midwest
40,76573;-86,18786;New Waverly;IN;Indiana;Midwest
40,98774;-85,76675;North Manchester;IN;Indiana;Midwest
40,41601;-86,10183;Oakford;IN;Indiana;Midwest
40,69504;-86,19483;Onward;IN;Indiana;Midwest
41,17049;-86,55179;Ora;IN;Indiana;Midwest
40,6606;-86,16168;Grissom Arb;IN;Indiana;Midwest
40,94839;-85,93041;Roann;IN;Indiana;Midwest
40,8587;-86,51113;Royal Center;IN;Indiana;Midwest
40,42759;-86,27737;Russiaville;IN;Indiana;Midwest
40,95598;-85,74155;Servia;IN;Indiana;Midwest
40,95485;-86,58225;Star City;IN;Indiana;Midwest
40,49481;-85,81929;Swayzee;IN;Indiana;Midwest
40,56847;-85,76722;Sweetser;IN;Indiana;Midwest
40,8802;-86,23451;Twelve Mile;IN;Indiana;Midwest
40,45056;-85,48115;Upland;IN;Indiana;Midwest
40,78509;-85,82961;Wabash;IN;Indiana;Midwest
41,0626;-86,65906;Winamac;IN;Indiana;Midwest
40,57536;-86,35081;Young America;IN;Indiana;Midwest
39,55628;-84,84491;West College Corner;IN;Indiana;Midwest
39,07255;-85,37467;Holton;IN;Indiana;Midwest
39,08109;-85,05503;Moores Hill;IN;Indiana;Midwest
39,31016;-84,90394;New Trenton;IN;Indiana;Midwest
39,38563;-85,23972;Oldenburg;IN;Indiana;Midwest
39,23432;-85,0797;Sunman;IN;Indiana;Midwest
38,7949;-85,10009;Vevay;IN;Indiana;Midwest
38,46071;-85,90326;Borden;IN;Indiana;Midwest
38,34465;-86,21655;Depauw;IN;Indiana;Midwest
38,32521;-86,61668;Eckerty;IN;Indiana;Midwest
38,29788;-86,48449;English;IN;Indiana;Midwest
38,36699;-85,88217;Floyds Knobs;IN;Indiana;Midwest
38,2856;-86,47181;Grantsburg;IN;Indiana;Midwest
38,18899;-86,37626;Leavenworth;IN;Indiana;Midwest
38,0684;-86,21042;Mauckport;IN;Indiana;Midwest
38,5942;-85,53866;Nabb;IN;Indiana;Midwest
38,32281;-86,10366;New Salisbury;IN;Indiana;Midwest
38,54101;-85,67928;Otisco;IN;Indiana;Midwest
38,50152;-86,00508;Pekin;IN;Indiana;Midwest
38,39745;-85,76886;Sellersburg;IN;Indiana;Midwest
38,35902;-86,55236;Taswell;IN;Indiana;Midwest
38,59947;-85,78197;Underwood;IN;Indiana;Midwest
39,0555;-85,48218;Butlerville;IN;Indiana;Midwest
38,87506;-85,65678;Commiskey;IN;Indiana;Midwest
38,80289;-85,86688;Crothersville;IN;Indiana;Midwest
38,7946;-85,63139;Deputy;IN;Indiana;Midwest
38,89792;-85,4996;Dupont;IN;Indiana;Midwest
39,01385;-86,14046;Freetown;IN;Indiana;Midwest
39,15181;-85,72536;Grammer;IN;Indiana;Midwest
38,83596;-86,19909;Medora;IN;Indiana;Midwest
39,30864;-85,32832;New Point;IN;Indiana;Midwest
39,00818;-85,62685;North Vernon;IN;Indiana;Midwest
38,8397;-85,71913;Paris Crossing;IN;Indiana;Midwest
39,07472;-85,7359;Scipio;IN;Indiana;Midwest
38,78563;-86,10324;Vallonia;IN;Indiana;Midwest
40,12992;-85,37553;Muncie;IN;Indiana;Midwest
39,8318;-85,17314;Cambridge City;IN;Indiana;Midwest
39,63086;-85,16313;Connersville;IN;Indiana;Midwest
39,80286;-85,43736;Dunreith;IN;Indiana;Midwest
39,96337;-85,09471;Economy;IN;Indiana;Midwest
40,181;-85,1318;Farmland;IN;Indiana;Midwest
39,9741;-84,89361;Fountain City;IN;Indiana;Midwest
39,892;-85,04765;Greens Fork;IN;Indiana;Midwest
40,45725;-85,34855;Hartford City;IN;Indiana;Midwest
39,90442;-85,52001;Kennard;IN;Indiana;Midwest
40,04628;-85,19933;Losantville;IN;Indiana;Midwest
40,01677;-85,2614;Mooreland;IN;Indiana;Midwest
40,00415;-85,38492;Mount Summit;IN;Indiana;Midwest
40,18082;-85,20025;Parker City;IN;Indiana;Midwest
40,50714;-85,14715;Pennville;IN;Indiana;Midwest
39,81281;-85,13779;Pershing;IN;Indiana;Midwest
40,33863;-85,15356;Redkey;IN;Indiana;Midwest
40,38665;-84,86465;Salamonia;IN;Indiana;Midwest
39,83194;-85,44825;Spiceland;IN;Indiana;Midwest
40,05277;-85,38305;Springport;IN;Indiana;Midwest
39,83677;-85,2945;Straughn;IN;Indiana;Midwest
39,27581;-86,61444;Ellettsville;IN;Indiana;Midwest
38,49268;-86,63942;French Lick;IN;Indiana;Midwest
39,35569;-86,655;Gosport;IN;Indiana;Midwest
39,26576;-86,29516;Helmsburg;IN;Indiana;Midwest
38,9598;-86,38358;Heltonville;IN;Indiana;Midwest
39,1582;-87,18237;Jasonville;IN;Indiana;Midwest
39,03976;-87,1743;Linton;IN;Indiana;Midwest
38,89176;-86,52536;Oolitic;IN;Indiana;Midwest
38,93472;-86,76773;Owensburg;IN;Indiana;Midwest
39,31271;-86,95672;Patricksburg;IN;Indiana;Midwest
39,11167;-86,75125;Solsberry;IN;Indiana;Midwest
39,29995;-86,64979;Stinesville;IN;Indiana;Midwest
39,05474;-87,04338;Switz City;IN;Indiana;Midwest
38,61892;-86,61172;West Baden Springs;IN;Indiana;Midwest
38,779;-87,31809;Bicknell;IN;Indiana;Midwest
38,30405;-86,6995;Birdseye;IN;Indiana;Midwest
38,7645;-87,41857;Bruceville;IN;Indiana;Midwest
38,5976;-86,98793;Cannelburg;IN;Indiana;Midwest
38,39238;-86,72941;Celestine;IN;Indiana;Midwest
38,88545;-86,80543;Crane;IN;Indiana;Midwest
38,48312;-87,61733;Decker;IN;Indiana;Midwest
38,47232;-86,77772;Dubois;IN;Indiana;Midwest
38,84447;-87,26806;Edwardsport;IN;Indiana;Midwest
38,86386;-87,07804;Elnora;IN;Indiana;Midwest
38,04161;-86,84867;Evanston;IN;Indiana;Midwest
38,2198;-86,86036;Ferdinand;IN;Indiana;Midwest
38,86265;-87,31285;Freelandville;IN;Indiana;Midwest
38,10971;-87,06888;Gentryville;IN;Indiana;Midwest
38,29928;-86,96712;Huntingburg;IN;Indiana;Midwest
38,12153;-86,56353;Leopold;IN;Indiana;Midwest
38,10862;-86,99527;Lincoln City;IN;Indiana;Midwest
38,65398;-86,91108;Loogootee;IN;Indiana;Midwest
38,57005;-87,34132;Monroe City;IN;Indiana;Midwest
38,85705;-87,43611;Oaktown;IN;Indiana;Midwest
38,83493;-86,98268;Odon;IN;Indiana;Midwest
38,48166;-87,09566;Otwell;IN;Indiana;Midwest
38,74418;-87,322;Ragsdale;IN;Indiana;Midwest
38,32314;-86,81128;Saint Anthony;IN;Indiana;Midwest
38,19089;-86,58936;Saint Croix;IN;Indiana;Midwest
38,15004;-86,80766;Saint Meinrad;IN;Indiana;Midwest
38,89288;-87,19055;Sandborn;IN;Indiana;Midwest
38,11149;-86,91322;Santa Claus;IN;Indiana;Midwest
38,35355;-86,77008;Schnellville;IN;Indiana;Midwest
38,65972;-86,76908;Shoals;IN;Indiana;Midwest
38,25111;-87,25797;Spurgeon;IN;Indiana;Midwest
38,26787;-87,16617;Stendal;IN;Indiana;Midwest
38,03684;-86,69297;Tell City;IN;Indiana;Midwest
38,35314;-87,10113;Velpen;IN;Indiana;Midwest
38,62136;-87,50594;Vincennes;IN;Indiana;Midwest
38,86318;-87,23382;Westphalia;IN;Indiana;Midwest
38,06041;-87,39988;Chandler;IN;Indiana;Midwest
38,02474;-87,05812;Chrisney;IN;Indiana;Midwest
38,15413;-87,42062;Elberfeld;IN;Indiana;Midwest
38,10082;-87,90967;New Harmony;IN;Indiana;Midwest
38,16835;-87,78736;Poseyville;IN;Indiana;Midwest
38,13679;-87,15865;Tennyson;IN;Indiana;Midwest
38,06959;-87,77489;Wadesville;IN;Indiana;Midwest
38,18228;-87,57132;Haubstadt;IN;Indiana;Midwest
38,24611;-87,54851;Fort Branch;IN;Indiana;Midwest
38,35154;-87,44786;Francisco;IN;Indiana;Midwest
38,2534;-87,391;Mackey;IN;Indiana;Midwest
38,29712;-87,33191;Oakland City;IN;Indiana;Midwest
38,41922;-87,60042;Patoka;IN;Indiana;Midwest
37,97387;-87,57357;Evansville;IN;Indiana;Midwest
39,35153;-87,4106;Terre Haute;IN;Indiana;Midwest
39,66549;-87,52177;Blanford;IN;Indiana;Midwest
39,52423;-87,12276;Brazil;IN;Indiana;Midwest
39,62929;-87,11281;Carbon;IN;Indiana;Midwest
39,40863;-87,05937;Centerpoint;IN;Indiana;Midwest
39,36601;-87,20041;Cory;IN;Indiana;Midwest
39,04159;-87,26108;Dugger;IN;Indiana;Midwest
39,19196;-87,56131;Fairbanks;IN;Indiana;Midwest
39,24441;-87,43763;Farmersburg;IN;Indiana;Midwest
39,5736;-87,24594;Fontanet;IN;Indiana;Midwest
39,18844;-87,30216;Hymera;IN;Indiana;Midwest
39,52403;-87,09111;Knightsville;IN;Indiana;Midwest
39,72215;-87,33013;Mecca;IN;Indiana;Midwest
39,06528;-87,56658;Merom;IN;Indiana;Midwest
39,57848;-87,45921;New Goshen;IN;Indiana;Midwest
39,28302;-87,3247;Pimento;IN;Indiana;Midwest
39,2751;-87,49658;Prairie Creek;IN;Indiana;Midwest
39,37016;-87,47353;Prairieton;IN;Indiana;Midwest
39,38978;-87,30026;Riley;IN;Indiana;Midwest
39,71447;-87,52222;Saint Bernice;IN;Indiana;Midwest
39,50996;-87,46113;Saint Mary Of The Woods;IN;Indiana;Midwest
39,18863;-87,37619;Shelburn;IN;Indiana;Midwest
39,59976;-87,41885;Shepardsville;IN;Indiana;Midwest
39,62308;-87,45362;Universal;IN;Indiana;Midwest
39,50872;-87,47679;West Terre Haute;IN;Indiana;Midwest
40,46881;-87,47633;Ambia;IN;Indiana;Midwest
40,54712;-86,8195;Battle Ground;IN;Indiana;Midwest
40,8762;-87,35369;Brook;IN;Indiana;Midwest
40,61015;-86,92667;Brookston;IN;Indiana;Midwest
40,48991;-86,75759;Buck Creek;IN;Indiana;Midwest
40,77789;-86,59707;Burnettsville;IN;Indiana;Midwest
40,67587;-86,9185;Chalmers;IN;Indiana;Midwest
40,03728;-86,90234;Crawfordsville;IN;Indiana;Midwest
40,68791;-87,4472;Earl Park;IN;Indiana;Midwest
41,0594;-87,28006;Fair Oaks;IN;Indiana;Midwest
40,98427;-86,87014;Francesville;IN;Indiana;Midwest
40,80175;-86,65355;Idaville;IN;Indiana;Midwest
40,79049;-87,4435;Kentland;IN;Indiana;Midwest
39,90048;-86,8178;Ladoga;IN;Indiana;Midwest
41,08937;-86,8772;Medaryville;IN;Indiana;Midwest
40,16452;-87,14862;Mellott;IN;Indiana;Midwest
40,86603;-86,89786;Monon;IN;Indiana;Midwest
40,96811;-87,44371;Morocco;IN;Indiana;Midwest
40,9523;-87,2996;Mount Ayr;IN;Indiana;Midwest
39,96209;-86,74542;New Ross;IN;Indiana;Midwest
40,47423;-87,13031;Otterbein;IN;Indiana;Midwest
40,44436;-87,25348;Pine Village;IN;Indiana;Midwest
40,28633;-86,77345;Stockwell;IN;Indiana;Midwest
40,11916;-87,23428;Veedersburg;IN;Indiana;Midwest
40,06118;-87,05952;Waynetown;IN;Indiana;Midwest
40,66769;-86,72379;Yeoman;IN;Indiana;Midwest
42,63732;-82,57949;Algonac;MI;Michigan;Midwest
42,93916;-82,92601;Allenton;MI;Michigan;Midwest
42,93228;-83,04088;Almont;MI;Michigan;Midwest
42,85022;-82,92317;Armada;MI;Michigan;Midwest
43,02466;-82,93115;Capac;MI;Michigan;Midwest
42,48055;-83,02743;Center Line;MI;Michigan;Midwest
42,53669;-83,15039;Clawson;MI;Michigan;Midwest
42,46567;-82,94598;Eastpointe;MI;Michigan;Midwest
43,02824;-82,81111;Emmett;MI;Michigan;Midwest
42,53879;-82,94964;Fraser;MI;Michigan;Midwest
42,94466;-82,68217;Goodells;MI;Michigan;Midwest
42,58947;-82,61948;Harsens Island;MI;Michigan;Midwest
42,46193;-83,09769;Hazel Park;MI;Michigan;Midwest
43,13278;-82,59457;Jeddo;MI;Michigan;Midwest
42,55615;-82,90948;Clinton Township;MI;Michigan;Midwest
42,69664;-82,55052;Marine City;MI;Michigan;Midwest
42,68673;-82,90857;Macomb;MI;Michigan;Midwest
42,59763;-82,88208;Mount Clemens;MI;Michigan;Midwest
42,59121;-82,83017;Harrison Township;MI;Michigan;Midwest
43,0361;-82,57504;North Street;MI;Michigan;Midwest
42,77054;-82,54515;East China;MI;Michigan;Midwest
43,08253;-82,49913;Fort Gratiot;MI;Michigan;Midwest
42,97835;-82,46297;Port Huron;MI;Michigan;Midwest
42,84554;-83,04072;Romeo;MI;Michigan;Midwest
42,47151;-83,14447;Pleasant Ridge;MI;Michigan;Midwest
42,48161;-83,16852;Huntington Woods;MI;Michigan;Midwest
42,9484;-82,56196;Smiths Creek;MI;Michigan;Midwest
42,46418;-82,90031;Saint Clair Shores;MI;Michigan;Midwest
42,25976;-83,21067;Allen Park;MI;Michigan;Midwest
42,2581;-83,84333;Ann Arbor;MI;Michigan;Midwest
42,04984;-83,40997;Carleton;MI;Michigan;Midwest
42,30524;-83,1718;Dearborn;MI;Michigan;Midwest
42,28018;-83,17819;Melvindale;MI;Michigan;Midwest
42,27793;-83,26536;Dearborn Heights;MI;Michigan;Midwest
42,46191;-84,07367;Gregory;MI;Michigan;Midwest
42,13156;-83,1586;Grosse Ile;MI;Michigan;Midwest
41,88141;-83,58274;Ida;MI;Michigan;Midwest
42,29349;-83,31483;Inkster;MI;Michigan;Midwest
41,85122;-83,46331;La Salle;MI;Michigan;Midwest
41,81495;-83,43776;Luna Pier;MI;Michigan;Midwest
42,02562;-83,55598;Maybee;MI;Michigan;Midwest
42,49968;-83,61623;New Hudson;MI;Michigan;Midwest
42,46348;-83,94955;Pinckney;MI;Michigan;Midwest
42,15067;-83,81477;Saline;MI;Michigan;Midwest
41,8048;-83,58157;Samaria;MI;Michigan;Midwest
42,44463;-83,66399;South Lyon;MI;Michigan;Midwest
42,03882;-83,26061;South Rockwood;MI;Michigan;Midwest
41,7919;-83,57831;Temperance;MI;Michigan;Midwest
42,41137;-83,78306;Whitmore Lake;MI;Michigan;Midwest
42,13162;-83,60327;Whittaker;MI;Michigan;Midwest
42,21156;-83,15654;Wyandotte;MI;Michigan;Midwest
42,20472;-83,20568;Southgate;MI;Michigan;Midwest
42,1973;-83,62903;Ypsilanti;MI;Michigan;Midwest
42,41003;-83,05601;Hamtramck;MI;Michigan;Midwest
42,27049;-83,13076;River Rouge;MI;Michigan;Midwest
42,43893;-82,92965;Harper Woods;MI;Michigan;Midwest
42,24889;-83,1399;Ecorse;MI;Michigan;Midwest
42,38353;-82,92304;Grosse Pointe;MI;Michigan;Midwest
42,46494;-83,18241;Oak Park;MI;Michigan;Midwest
42,54441;-83,28284;Bloomfield Hills;MI;Michigan;Midwest
42,56511;-83,06694;Sterling Heights;MI;Michigan;Midwest
42,61274;-83,33824;Keego Harbor;MI;Michigan;Midwest
42,67536;-83,2531;Auburn Hills;MI;Michigan;Midwest
42,67065;-83,29019;Pontiac;MI;Michigan;Midwest
42,74082;-83,53374;Davisburg;MI;Michigan;Midwest
42,7218;-83,27801;Lake Orion;MI;Michigan;Midwest
42,84282;-83,14143;Leonard;MI;Michigan;Midwest
42,47083;-83,52384;Novi;MI;Michigan;Midwest
42,59006;-83,507;Commerce Township;MI;Michigan;Midwest
42,55197;-83,4752;Walled Lake;MI;Michigan;Midwest
42,52123;-83,54532;Wixom;MI;Michigan;Midwest
43,3526;-82,66061;Applegate;MI;Michigan;Midwest
42,93577;-83,53202;Atlas;MI;Michigan;Midwest
43,80231;-82,99663;Bad Axe;MI;Michigan;Midwest
43,27165;-83,80111;Birch Run;MI;Michigan;Midwest
43,21791;-82,98476;Brown City;MI;Michigan;Midwest
43,42884;-82,65762;Carsonville;MI;Michigan;Midwest
43,15321;-83,39262;Columbiaville;MI;Michigan;Midwest
43,26265;-82,65069;Croswell;MI;Michigan;Midwest
43,03982;-83,51404;Davison;MI;Michigan;Midwest
43,53789;-82,72378;Deckerville;MI;Michigan;Midwest
42,90774;-84,00544;Durand;MI;Michigan;Midwest
42,75752;-83,74208;Fenton;MI;Michigan;Midwest
43,90013;-82,97923;Filion;MI;Michigan;Midwest
42,91142;-83,47819;Goodrich;MI;Michigan;Midwest
42,91733;-83,63018;Grand Blanc;MI;Michigan;Midwest
43,80515;-82,71727;Harbor Beach;MI;Michigan;Midwest
42,79316;-83,60224;Holly;MI;Michigan;Midwest
43,06455;-83,05471;Imlay City;MI;Michigan;Midwest
43,95243;-82,98769;Kinde;MI;Michigan;Midwest
43,05259;-83,33745;Lapeer;MI;Michigan;Midwest
42,99518;-83,94552;Lennon;MI;Michigan;Midwest
43,34374;-83,03493;Marlette;MI;Michigan;Midwest
43,67102;-82,75818;Minden City;MI;Michigan;Midwest
43,12734;-83,98586;New Lothrop;MI;Michigan;Midwest
42,84733;-83,42576;Ortonville;MI;Michigan;Midwest
43,21562;-83,41884;Otter Lake;MI;Michigan;Midwest
43,61485;-82,71099;Palms;MI;Michigan;Midwest
43,27693;-82,81731;Peck;MI;Michigan;Midwest
44,00768;-82,98763;Port Austin;MI;Michigan;Midwest
43,94113;-82,79021;Port Hope;MI;Michigan;Midwest
43,43927;-82,55849;Port Sanilac;MI;Michigan;Midwest
43,51211;-82,95732;Snover;MI;Michigan;Midwest
42,94012;-83,8274;Swartz Creek;MI;Michigan;Midwest
43,67141;-82,93732;Ubly;MI;Michigan;Midwest
43,01429;-83,68866;Flint;MI;Michigan;Midwest
43,40096;-83,8952;Saginaw;MI;Michigan;Midwest
43,94355;-84,15791;Bentley;MI;Michigan;Midwest
43,42671;-84,47326;Breckenridge;MI;Michigan;Midwest
43,19336;-84,11311;Chesaning;MI;Michigan;Midwest
43,84695;-84,71717;Clare;MI;Michigan;Midwest
44,82224;-84,01996;Comins;MI;Michigan;Midwest
43,80865;-84,37805;Edenville;MI;Michigan;Midwest
43,83304;-84,884;Farwell;MI;Michigan;Midwest
44,05919;-84,45859;Gladwin;MI;Michigan;Midwest
44,46177;-84,74869;Higgins Lake;MI;Michigan;Midwest
44,3107;-84,77977;Houghton Lake;MI;Michigan;Midwest
44,32532;-84,773;Houghton Lake Heights;MI;Michigan;Midwest
43,6849;-84,00155;Kawkawlin;MI;Michigan;Midwest
44,39575;-83,99699;Lupton;MI;Michigan;Midwest
43,41499;-84,33646;Merrill;MI;Michigan;Midwest
44,65309;-84,08148;Mio;MI;Michigan;Midwest
43,15695;-84,21709;Oakley;MI;Michigan;Midwest
43,85181;-84,01746;Pinconning;MI;Michigan;Midwest
44,25057;-84,61687;Prudenville;MI;Michigan;Midwest
43,84834;-84,20716;Rhodes;MI;Michigan;Midwest
44,48936;-84,60624;Roscommon;MI;Michigan;Midwest
44,45468;-84,12627;Rose City;MI;Michigan;Midwest
44,34953;-84,45801;Saint Helen;MI;Michigan;Midwest
44,33005;-84,24087;West Branch;MI;Michigan;Midwest
44,06766;-83,66904;Au Gres;MI;Michigan;Midwest
44,68715;-83,65279;Barton City;MI;Michigan;Midwest
43,59937;-83,95623;Bay City;MI;Michigan;Midwest
43,55649;-83,98781;University Center;MI;Michigan;Midwest
43,8294;-83,34808;Bay Port;MI;Michigan;Midwest
43,4861;-83,38499;Caro;MI;Michigan;Midwest
43,93763;-83,20596;Caseville;MI;Michigan;Midwest
43,60776;-83,16833;Cass City;MI;Michigan;Midwest
44,74659;-83,82344;Curran;MI;Michigan;Midwest
43,49621;-83,17828;Deford;MI;Michigan;Midwest
44,35443;-83,48804;East Tawas;MI;Michigan;Midwest
43,60666;-83,78274;Essexville;MI;Michigan;Midwest
43,53306;-83,59029;Fairgrove;MI;Michigan;Midwest
43,35519;-83,74321;Frankenmuth;MI;Michigan;Midwest
43,66861;-83,27294;Gagetown;MI;Michigan;Midwest
44,54588;-83,70871;Glennie;MI;Michigan;Midwest
44,37597;-83,83238;Hale;MI;Michigan;Midwest
44,57059;-83,47425;Mikado;MI;Michigan;Midwest
43,52119;-83,76085;Munger;MI;Michigan;Midwest
44,30398;-83,67392;National City;MI;Michigan;Midwest
44,05512;-83,89183;Omer;MI;Michigan;Midwest
44,44338;-83,45652;Oscoda;MI;Michigan;Midwest
43,734;-83,23774;Owendale;MI;Michigan;Midwest
43,83571;-83,26832;Pigeon;MI;Michigan;Midwest
44,23142;-83,97409;Prescott;MI;Michigan;Midwest
43,46748;-83,679;Reese;MI;Michigan;Midwest
43,7265;-83,39323;Sebewaing;MI;Michigan;Midwest
43,32095;-83,25595;Silverwood;MI;Michigan;Midwest
44,51129;-83,89658;South Branch;MI;Michigan;Midwest
44,80757;-83,48695;Spruce;MI;Michigan;Midwest
44,25017;-83,61441;Tawas City;MI;Michigan;Midwest
44,11128;-83,84794;Twining;MI;Michigan;Midwest
43,37077;-83,57661;Vassar;MI;Michigan;Midwest
44,24978;-83,82037;Whittemore;MI;Michigan;Midwest
43,15277;-84,40671;Bannister;MI;Michigan;Midwest
43,0646;-85,25712;Belding;MI;Michigan;Midwest
43,18226;-84,85518;Carson City;MI;Michigan;Midwest
42,76151;-83,95172;Cohoctah;MI;Michigan;Midwest
43,2759;-84,89661;Crystal;MI;Michigan;Midwest
42,63873;-84,64958;Dimondale;MI;Michigan;Midwest
42,83407;-84,76065;Eagle;MI;Michigan;Midwest
42,76225;-84,45407;East Lansing;MI;Michigan;Midwest
42,509;-84,65971;Eaton Rapids;MI;Michigan;Midwest
43,40027;-85,02037;Edmore;MI;Michigan;Midwest
43,10253;-84,3744;Elsie;MI;Michigan;Midwest
43,41212;-84,77767;Elwell;MI;Michigan;Midwest
42,66899;-84,07421;Fowlerville;MI;Michigan;Midwest
42,7453;-84,76701;Grand Ledge;MI;Michigan;Midwest
42,76685;-84,37071;Haslett;MI;Michigan;Midwest
42,88584;-84,35673;Laingsburg;MI;Michigan;Midwest
42,7984;-85,13298;Lake Odessa;MI;Michigan;Midwest
43,35256;-85,04652;Mcbrides;MI;Michigan;Midwest
43,10371;-84,68999;Maple Rapids;MI;Michigan;Midwest
42,84243;-84,15503;Morrice;MI;Michigan;Midwest
42,73002;-84,91741;Mulliken;MI;Michigan;Midwest
42,70215;-84,40902;Okemos;MI;Michigan;Midwest
43,00537;-84,18766;Owosso;MI;Michigan;Midwest
43,11027;-84,98483;Palo;MI;Michigan;Midwest
43,15476;-84,67874;Perrinton;MI;Michigan;Midwest
43,00978;-84,83608;Pewamo;MI;Michigan;Midwest
43,18644;-84,59498;Pompeii;MI;Michigan;Midwest
42,64757;-84,73631;Potterville;MI;Michigan;Midwest
43,71225;-84,77686;Rosebush;MI;Michigan;Midwest
43,458;-84,57135;Saint Louis;MI;Michigan;Midwest
43,54336;-84,66771;Shepherd;MI;Michigan;Midwest
43,41994;-85,16092;Six Lakes;MI;Michigan;Midwest
42,76878;-84,97167;Sunfield;MI;Michigan;Midwest
42,63662;-84,17477;Webberville;MI;Michigan;Midwest
43,68329;-84,97805;Weidman;MI;Michigan;Midwest
42,2647;-85,56265;Kalamazoo;MI;Michigan;Midwest
42,53418;-85,87298;Allegan;MI;Michigan;Midwest
42,30996;-85,10711;Battle Creek;MI;Michigan;Midwest
42,11434;-86,3675;Benton Harbor;MI;Michigan;Midwest
42,3482;-86,06939;Breedsville;MI;Michigan;Midwest
41,85529;-85,33129;Burr Oak;MI;Michigan;Midwest
41,89883;-85,98849;Cassopolis;MI;Michigan;Midwest
42,22654;-85,09193;Ceresco;MI;Michigan;Midwest
42,20554;-86,32489;Coloma;MI;Michigan;Midwest
41,96847;-85,32398;Colon;MI;Michigan;Midwest
41,85665;-85,67142;Constantine;MI;Michigan;Midwest
42,28658;-86,2656;Covert;MI;Michigan;Midwest
42,51229;-85,40249;Delton;MI;Michigan;Midwest
42,00437;-86,12138;Dowagiac;MI;Michigan;Midwest
42,50598;-85,23651;Dowling;MI;Michigan;Midwest
42,18207;-85,23803;East Leroy;MI;Michigan;Midwest
42,28877;-85,41722;Galesburg;MI;Michigan;Midwest
42,37022;-85,85327;Gobles;MI;Michigan;Midwest
42,42738;-85,39589;Hickory Corners;MI;Michigan;Midwest
42,4098;-86,1396;Lacota;MI;Michigan;Midwest
42,03319;-85,35007;Leonidas;MI;Michigan;Midwest
42,2275;-85,78002;Mattawan;MI;Michigan;Midwest
41,91783;-85,44899;Nottawa;MI;Michigan;Midwest
42,4309;-84,88657;Olivet;MI;Michigan;Midwest
42,46585;-85,72846;Otsego;MI;Michigan;Midwest
42,46086;-85,57711;Plainwell;MI;Michigan;Midwest
42,12209;-85,68557;Schoolcraft;MI;Michigan;Midwest
42,18602;-85,42503;Scotts;MI;Michigan;Midwest
42,40853;-86,2168;South Haven;MI;Michigan;Midwest
42,09822;-84,97335;Tekonsha;MI;Michigan;Midwest
41,79139;-85,67437;White Pigeon;MI;Michigan;Midwest
41,94462;-86,48429;Baroda;MI;Michigan;Midwest
41,95194;-86,26037;Berrien Center;MI;Michigan;Midwest
41,94559;-86,37519;Berrien Springs;MI;Michigan;Midwest
41,93452;-86,55105;Bridgman;MI;Michigan;Midwest
41,79833;-86,03425;Edwardsburg;MI;Michigan;Midwest
41,80259;-86,50044;Galien;MI;Michigan;Midwest
41,87537;-86,63389;Harbert;MI;Michigan;Midwest
41,87564;-86,54862;New Troy;MI;Michigan;Midwest
41,88698;-86,57946;Sawyer;MI;Michigan;Midwest
41,81706;-86,60457;Three Oaks;MI;Michigan;Midwest
41,81699;-86,68839;Union Pier;MI;Michigan;Midwest
41,99005;-83,82655;Britton;MI;Michigan;Midwest
42,0644;-84,36512;Cement City;MI;Michigan;Midwest
42,12114;-84,3673;Clarklake;MI;Michigan;Midwest
42,27821;-84,18027;Grass Lake;MI;Michigan;Midwest
41,96443;-84,2697;Manitou Beach;MI;Michigan;Midwest
42,2268;-84,32165;Michigan Center;MI;Michigan;Midwest
41,74989;-84,22122;Morenci;MI;Michigan;Midwest
42,06;-84,65833;Mosherville;MI;Michigan;Midwest
42,38099;-84,25763;Munith;MI;Michigan;Midwest
42,15817;-84,18225;Norvell;MI;Michigan;Midwest
42,44118;-84,55122;Onondaga;MI;Michigan;Midwest
42,01022;-84,17432;Onsted;MI;Michigan;Midwest
41,84247;-84,54641;Osseo;MI;Michigan;Midwest
41,75979;-83,72341;Ottawa Lake;MI;Michigan;Midwest
42,29307;-84,586;Parma;MI;Michigan;Midwest
41,79733;-83,7843;Riga;MI;Michigan;Midwest
42,38871;-84,46679;Rives Junction;MI;Michigan;Midwest
41,77965;-84,10409;Sand Creek;MI;Michigan;Midwest
42,03496;-84,40518;Somerset Center;MI;Michigan;Midwest
42,20486;-84,55478;Spring Arbor;MI;Michigan;Midwest
42,01443;-83,93447;Tecumseh;MI;Michigan;Midwest
43,74926;-85,15023;Barryton;MI;Michigan;Midwest
43,69797;-85,48272;Big Rapids;MI;Michigan;Midwest
43,76021;-85,87842;Bitely;MI;Michigan;Midwest
43,69009;-85,79992;Brohman;MI;Michigan;Midwest
42,80101;-85,73589;Byron Center;MI;Michigan;Midwest
43,22319;-85,82981;Casnovia;MI;Michigan;Midwest
43,0737;-85,68198;Comstock Park;MI;Michigan;Midwest
42,72541;-85,7871;Dorr;MI;Michigan;Midwest
43,25069;-85,32083;Gowen;MI;Michigan;Midwest
43,40567;-85,48771;Howard City;MI;Michigan;Midwest
43,24463;-85,73721;Kent City;MI;Michigan;Midwest
43,62323;-85,24468;Mecosta;MI;Michigan;Midwest
42,74626;-85,66907;Moline;MI;Michigan;Midwest
43,50752;-85,42862;Morley;MI;Michigan;Midwest
43,43472;-85,71437;Newaygo;MI;Michigan;Midwest
43,62213;-85,11222;Remus;MI;Michigan;Midwest
43,69634;-85,32156;Rodney;MI;Michigan;Midwest
43,58616;-85,42213;Stanwood;MI;Michigan;Midwest
43,31488;-85,34352;Trufant;MI;Michigan;Midwest
43,58291;-85,74167;White Cloud;MI;Michigan;Midwest
43,94228;-86,03284;Branch;MI;Michigan;Midwest
43,06602;-85,95129;Coopersville;MI;Michigan;Midwest
42,57077;-86,11479;Fennville;MI;Michigan;Midwest
43,08077;-86,21826;Ferrysburg;MI;Michigan;Midwest
44,11006;-86,25385;Free Soil;MI;Michigan;Midwest
43,15238;-86,1166;Fruitport;MI;Michigan;Midwest
43,01519;-86,14387;Grand Haven;MI;Michigan;Midwest
42,8774;-85,77226;Grandville;MI;Michigan;Midwest
43,71958;-86,2811;Hart;MI;Michigan;Midwest
43,59945;-86,06658;Hesperia;MI;Michigan;Midwest
42,86636;-85,89038;Hudsonville;MI;Michigan;Midwest
42,92042;-85,83712;Jenison;MI;Michigan;Midwest
43,97251;-86,39792;Ludington;MI;Michigan;Midwest
42,76975;-86,20774;Macatawa;MI;Michigan;Midwest
43,02683;-85,84049;Marne;MI;Michigan;Midwest
43,23852;-86,25387;Muskegon;MI;Michigan;Midwest
43,55306;-86,39096;New Era;MI;Michigan;Midwest
43,09074;-86,07432;Nunica;MI;Michigan;Midwest
43,79927;-86,37496;Pentwater;MI;Michigan;Midwest
43,51316;-86,25548;Rothbury;MI;Michigan;Midwest
42,66511;-86,17388;Saugatuck;MI;Michigan;Midwest
43,35105;-86,14455;Twin Lake;MI;Michigan;Midwest
43,73678;-86,10805;Walkerville;MI;Michigan;Midwest
42,93473;-86,1429;West Olive;MI;Michigan;Midwest
42,84183;-85,98338;Zeeland;MI;Michigan;Midwest
44,2385;-85,5211;Cadillac;MI;Michigan;Midwest
44,57491;-86,08448;Benzonia;MI;Michigan;Midwest
44,30096;-85,59853;Boon;MI;Michigan;Midwest
44,30331;-85,98784;Brethren;MI;Michigan;Midwest
44,5188;-85,68976;Buckley;MI;Michigan;Midwest
44,86229;-85,77555;Cedar;MI;Michigan;Midwest
45,0785;-85,26583;Central Lake;MI;Michigan;Midwest
43,90367;-85,68285;Chase;MI;Michigan;Midwest
44,42785;-85,87348;Copemish;MI;Michigan;Midwest
44,90835;-85,39424;Elk Rapids;MI;Michigan;Midwest
43,91707;-85,25788;Evart;MI;Michigan;Midwest
44,55709;-85,19318;Fife Lake;MI;Michigan;Midwest
44,2149;-86,28896;Filer City;MI;Michigan;Midwest
44,87261;-85,99292;Glen Arbor;MI;Michigan;Midwest
44,62897;-85,71083;Grawn;MI;Michigan;Midwest
44,28463;-85,75073;Harrietta;MI;Michigan;Midwest
43,8467;-85,39768;Hersey;MI;Michigan;Midwest
44,72088;-86,03664;Honor;MI;Michigan;Midwest
43,87927;-85,77059;Idlewild;MI;Michigan;Midwest
44,63959;-85,83357;Interlochen;MI;Michigan;Midwest
44,10787;-85,91989;Irons;MI;Michigan;Midwest
44,37157;-86,02411;Kaleva;MI;Michigan;Midwest
44,72727;-85,04926;Kalkaska;MI;Michigan;Midwest
44,98359;-85,3435;Kewadin;MI;Michigan;Midwest
44,73359;-85,88033;Lake Ann;MI;Michigan;Midwest
44,97184;-85,7302;Lake Leelanau;MI;Michigan;Midwest
44,05248;-85,69789;Luther;MI;Michigan;Midwest
44,21523;-85,17653;McBain;MI;Michigan;Midwest
44,90265;-85,02679;Mancelona;MI;Michigan;Midwest
44,23236;-86,21125;Manistee;MI;Michigan;Midwest
44,42494;-85,39147;Manton;MI;Michigan;Midwest
44,87457;-85,89058;Maple City;MI;Michigan;Midwest
44,4028;-85,70965;Mesick;MI;Michigan;Midwest
45,0544;-85,58882;Omena;MI;Michigan;Midwest
44,37506;-86,21978;Onekama;MI;Michigan;Midwest
44,84147;-85,29028;Rapid City;MI;Michigan;Midwest
43,89533;-85,54254;Reed City;MI;Michigan;Midwest
43,8747;-85,14895;Sears;MI;Michigan;Midwest
44,64174;-85,25089;South Boardman;MI;Michigan;Midwest
44,97954;-85,6512;Suttons Bay;MI;Michigan;Midwest
44,80191;-85,70549;Traverse City;MI;Michigan;Midwest
44,12115;-85,44349;Tustin;MI;Michigan;Midwest
45,75195;-84,7426;Mackinaw City;MI;Michigan;Midwest
45,44129;-84,77915;Alanson;MI;Michigan;Midwest
45,09375;-83,50186;Alpena;MI;Michigan;Midwest
46,27717;-84,18478;Barbeau;MI;Michigan;Midwest
45,2113;-85,01089;Boyne City;MI;Michigan;Midwest
45,21602;-84,85185;Boyne Falls;MI;Michigan;Midwest
46,3923;-84,69493;Brimley;MI;Michigan;Midwest
45,50975;-84,75104;Brutus;MI;Michigan;Midwest
45,43671;-84,69796;Burt Lake;MI;Michigan;Midwest
45,71438;-84,81275;Carp Lake;MI;Michigan;Midwest
45,27555;-85,23984;Charlevoix;MI;Michigan;Midwest
45,57181;-84,45711;Cheboygan;MI;Michigan;Midwest
46,32744;-84,3884;Dafter;MI;Michigan;Midwest
46,00337;-84,01308;De Tour Village;MI;Michigan;Midwest
46,00169;-83,66277;Drummond Island;MI;Michigan;Midwest
45,13452;-85,10679;East Jordan;MI;Michigan;Midwest
46,3702;-84,99387;Eckerman;MI;Michigan;Midwest
44,80368;-84,7291;Frederic;MI;Michigan;Midwest
44,99576;-84,67117;Gaylord;MI;Michigan;Midwest
46,07877;-84,14573;Goetzville;MI;Michigan;Midwest
44,69296;-84,60578;Grayling;MI;Michigan;Midwest
45,52303;-84,99887;Harbor Springs;MI;Michigan;Midwest
45,27124;-83,89394;Hawks;MI;Michigan;Midwest
45,00354;-83,66405;Herron;MI;Michigan;Midwest
46,05065;-84,519;Hessel;MI;Michigan;Midwest
45,06437;-83,95239;Hillman;MI;Michigan;Midwest
44,85132;-83,64516;Hubbard Lake;MI;Michigan;Midwest
46,37491;-85,18039;Hulbert;MI;Michigan;Midwest
45,41634;-84,57891;Indian River;MI;Michigan;Midwest
44,99496;-84,41309;Johannesburg;MI;Michigan;Midwest
46,27629;-84,46091;Kinross;MI;Michigan;Midwest
45,01566;-83,77644;Lachine;MI;Michigan;Midwest
45,63886;-84,80524;Levering;MI;Michigan;Midwest
45,85933;-84,62533;Mackinac Island;MI;Michigan;Midwest
46,05715;-84,88881;Moran;MI;Michigan;Midwest
46,13126;-85,24115;Naubinway;MI;Michigan;Midwest
45,42356;-84,82824;Oden;MI;Michigan;Midwest
45,33379;-84,25229;Onaway;MI;Michigan;Midwest
44,90643;-83,4512;Ossineke;MI;Michigan;Midwest
45,56797;-84,85681;Pellston;MI;Michigan;Midwest
45,34396;-84,88903;Petoskey;MI;Michigan;Midwest
46,16081;-84,33798;Pickford;MI;Michigan;Midwest
45,76941;-84,46333;Pointe Aux Pins;MI;Michigan;Midwest
45,24634;-83,6873;Posen;MI;Michigan;Midwest
45,39651;-83,87153;Rogers City;MI;Michigan;Midwest
46,20913;-84,6854;Rudyard;MI;Michigan;Midwest
45,95272;-84,77652;Saint Ignace;MI;Michigan;Midwest
45,65547;-85,55199;Beaver Island;MI;Michigan;Midwest
46,41495;-84,28006;Sault Sainte Marie;MI;Michigan;Midwest
46,2577;-84,45483;Kincheloe;MI;Michigan;Midwest
45,48093;-84,59945;Topinabee;MI;Michigan;Midwest
46,21221;-85,04417;Trout Lake;MI;Michigan;Midwest
45,27407;-84,94712;Walloon Lake;MI;Michigan;Midwest
45,26597;-84,58177;Wolverine;MI;Michigan;Midwest
45,9191;-88,01795;Iron Mountain;MI;Michigan;Midwest
45,80053;-88,07718;Kingsford;MI;Michigan;Midwest
47,3481;-88,38535;Allouez;MI;Michigan;Midwest
46,43802;-86,90056;Au Train;MI;Michigan;Midwest
45,71211;-87,28885;Bark River;MI;Michigan;Midwest
46,8109;-87,8764;Big Bay;MI;Michigan;Midwest
45,59094;-87,50269;Carney;MI;Michigan;Midwest
46,18465;-87,95967;Channing;MI;Michigan;Midwest
45,94711;-86,49946;Cooks;MI;Michigan;Midwest
45,98223;-87,34745;Cornell;MI;Michigan;Midwest
46,18965;-85,67951;Curtis;MI;Michigan;Midwest
45,52167;-87,63052;Daggett;MI;Michigan;Midwest
46,45095;-87,02812;Deerton;MI;Michigan;Midwest
46,36039;-86,98462;Eben Junction;MI;Michigan;Midwest
46,32316;-87,04567;Rumely;MI;Michigan;Midwest
46,1751;-85,53607;Engadine;MI;Michigan;Midwest
45,76773;-87,16522;Escanaba;MI;Michigan;Midwest
46,05777;-87,7356;Felch;MI;Michigan;Midwest
46,27504;-87,29142;Little Lake;MI;Michigan;Midwest
45,96829;-87,70292;Foster City;MI;Michigan;Midwest
45,74396;-86,57555;Garden;MI;Michigan;Midwest
46,1971;-85,88725;Germfask;MI;Michigan;Midwest
46,06473;-85,75035;Gould City;MI;Michigan;Midwest
46,59994;-86,11555;Grand Marais;MI;Michigan;Midwest
46,13742;-86,06009;Gulliver;MI;Michigan;Midwest
46,27145;-87,49873;Gwinn;MI;Michigan;Midwest
45,70585;-87,63267;Hermansville;MI;Michigan;Midwest
46,423;-87,76797;Ishpeming;MI;Michigan;Midwest
46,36112;-85,74494;McMillan;MI;Michigan;Midwest
46,09581;-86,36453;Manistique;MI;Michigan;Midwest
46,56603;-87,45932;Marquette;MI;Michigan;Midwest
45,21989;-87,58325;Menominee;MI;Michigan;Midwest
46,57639;-88,16043;Michigamme;MI;Michigan;Midwest
46,38021;-86,7153;Munising;MI;Michigan;Midwest
45,61295;-87,55163;Nadeau;MI;Michigan;Midwest
45,84444;-86,65104;Nahma;MI;Michigan;Midwest
46,54989;-87,66246;Negaunee;MI;Michigan;Midwest
45,876;-87,51824;Perronville;MI;Michigan;Midwest
45,70394;-87,50568;Powers;MI;Michigan;Midwest
45,80211;-87,97729;Quinnesec;MI;Michigan;Midwest
45,95852;-86,86516;Rapid River;MI;Michigan;Midwest
46,07852;-88,03259;Sagola;MI;Michigan;Midwest
46,42885;-86,0318;Seney;MI;Michigan;Midwest
46,41734;-86,35554;Shingleton;MI;Michigan;Midwest
46,34658;-87,19238;Skandia;MI;Michigan;Midwest
45,69748;-87,49409;Spalding;MI;Michigan;Midwest
46,23206;-87,02828;Trenary;MI;Michigan;Midwest
45,77547;-87,77243;Vulcan;MI;Michigan;Midwest
46,16807;-86,66593;Wetmore;MI;Michigan;Midwest
47,29384;-88,39094;Ahmeek;MI;Michigan;Midwest
46,33455;-88,48496;Amasa;MI;Michigan;Midwest
47,10694;-88,71395;Atlantic Mine;MI;Michigan;Midwest
46,75276;-88,57034;Baraga;MI;Michigan;Midwest
46,61815;-89,54308;Bergland;MI;Michigan;Midwest
46,49393;-89,20017;Bruce Crossing;MI;Michigan;Midwest
47,23746;-88,44994;Calumet;MI;Michigan;Midwest
46,06464;-88,62708;Caspian;MI;Michigan;Midwest
46,97891;-88,59519;Chassell;MI;Michigan;Midwest
47,28138;-88,35908;Copper City;MI;Michigan;Midwest
47,43585;-87,81238;Copper Harbor;MI;Michigan;Midwest
46,14087;-88,30079;Crystal Falls;MI;Michigan;Midwest
47,09084;-88,5818;Dodgeville;MI;Michigan;Midwest
47,12369;-88,49522;Dollar Bay;MI;Michigan;Midwest
46,55088;-89,37681;Ewen;MI;Michigan;Midwest
46,04475;-88,57108;Gaastra;MI;Michigan;Midwest
47,16539;-88,43967;Hubbell;MI;Michigan;Midwest
46,19493;-88,7463;Iron River;MI;Michigan;Midwest
46,51493;-90,13264;Ironwood;MI;Michigan;Midwest
47,16956;-88,30752;Lake Linden;MI;Michigan;Midwest
46,42589;-89,60536;Marenisco;MI;Michigan;Midwest
46,74567;-88,99919;Mass City;MI;Michigan;Midwest
46,68309;-88,78408;Nisula;MI;Michigan;Midwest
46,79328;-89,42477;Ontonagon;MI;Michigan;Midwest
47,00788;-88,69373;Painesdale;MI;Michigan;Midwest
46,8165;-88,67595;Pelkie;MI;Michigan;Midwest
46,46987;-89,99803;Ramsay;MI;Michigan;Midwest
46,50667;-88,74358;Sidnaw;MI;Michigan;Midwest
46,82142;-88,1409;Skanee;MI;Michigan;Midwest
47,04897;-88,64002;South Range;MI;Michigan;Midwest
46,94752;-88,85878;Toivola;MI;Michigan;Midwest
46,24608;-89,21431;Watersmeet;MI;Michigan;Midwest
46,53555;-88,59783;Watton;MI;Michigan;Midwest
41,3611;-93,43321;Ackworth;IA;Iowa;Midwest
41,51236;-94,64801;Adair;IA;Iowa;Midwest
41,80365;-93,60043;Alleman;IA;Iowa;Midwest
40,67847;-93,38549;Allerton;IA;Iowa;Midwest
42,03316;-93,58761;Ames;IA;Iowa;Midwest
41,7207;-93,56838;Ankeny;IA;Iowa;Midwest
41,85823;-94,44958;Bagley;IA;Iowa;Midwest
41,4739;-92,47194;Barnes City;IA;Iowa;Midwest
41,36048;-93,79416;Bevington;IA;Iowa;Midwest
42,52921;-93,65438;Blairsburg;IA;Iowa;Midwest
41,7248;-93,45957;Bondurant;IA;Iowa;Midwest
41,82615;-94,00653;Bouton;IA;Iowa;Midwest
42,17363;-94,10121;Boxholm;IA;Iowa;Midwest
41,53326;-94,90004;Brayton;IA;Iowa;Midwest
41,20247;-92,88907;Bussey;IA;Iowa;Midwest
41,51167;-94,51936;Casey;IA;Iowa;Midwest
41,03741;-93,29566;Chariton;IA;Iowa;Midwest
42,16459;-94,51054;Churdan;IA;Iowa;Midwest
42,01925;-93,29701;Colo;IA;Iowa;Midwest
41,85773;-94,69044;Coon Rapids;IA;Iowa;Midwest
41,23499;-93,24425;Melcher Dallas;IA;Iowa;Midwest
41,69669;-93,93677;Dallas Center;IA;Iowa;Midwest
40,60859;-93,78089;Davis City;IA;Iowa;Midwest
42,64931;-93,50597;Dows;IA;Iowa;Midwest
41,46984;-94,12115;Earlham;IA;Iowa;Midwest
40,85685;-94,07524;Ellston;IA;Iowa;Midwest
41,595;-94,8576;Exira;IA;Iowa;Midwest
42,66713;-93,63423;Galt;IA;Iowa;Midwest
40,79292;-93,61079;Garden Grove;IA;Iowa;Midwest
41,69353;-93,80358;Grimes;IA;Iowa;Midwest
41,7319;-92,71591;Grinnell;IA;Iowa;Midwest
41,68765;-94,55501;Guthrie Center;IA;Iowa;Midwest
41,31089;-92,94587;Harvey;IA;Iowa;Midwest
40,83938;-93,50634;Humeston;IA;Iowa;Midwest
41,88516;-93,60446;Huxley;IA;Iowa;Midwest
42,50875;-93,24815;Iowa Falls;IA;Iowa;Midwest
41,78122;-93,21129;Ira;IA;Iowa;Midwest
42,39392;-93,68256;Kamrar;IA;Iowa;Midwest
40,71592;-94,07576;Kellerton;IA;Iowa;Midwest
41,93992;-93,67429;Kelley;IA;Iowa;Midwest
41,7475;-92,89096;Kellogg;IA;Iowa;Midwest
41,60872;-92,92126;Killduff;IA;Iowa;Midwest
40,63753;-93,99198;Lamoni;IA;Iowa;Midwest
42,0055;-92,77582;Le Grand;IA;Iowa;Midwest
42,18142;-92,99567;Liscomb;IA;Iowa;Midwest
41,1512;-94,08194;Lorimor;IA;Iowa;Midwest
41,12771;-92,97404;Lovilia;IA;Iowa;Midwest
42,17625;-93,39068;McCallsburg;IA;Iowa;Midwest
41,74545;-92,56183;Malcom;IA;Iowa;Midwest
42,05016;-92,90143;Marshalltown;IA;Iowa;Midwest
41,37385;-93,7387;Martensdale;IA;Iowa;Midwest
41,74613;-94,04871;Minburn;IA;Iowa;Midwest
41,65617;-93,35062;Mitchellville;IA;Iowa;Midwest
41,97461;-92,71044;Montour;IA;Iowa;Midwest
41,18998;-93,6978;New Virginia;IA;Iowa;Midwest
42,03515;-94,05996;Ogden;IA;Iowa;Midwest
41,46246;-93,05528;Otley;IA;Iowa;Midwest
41,69798;-94,35023;Panora;IA;Iowa;Midwest
42,17206;-94,24984;Paton;IA;Iowa;Midwest
41,42243;-92,90132;Pella;IA;Iowa;Midwest
42,17117;-94,02831;Pilot Mound;IA;Iowa;Midwest
42,59388;-93,42818;Popejoy;IA;Iowa;Midwest
41,57008;-93,24154;Prairie City;IA;Iowa;Midwest
41,37416;-93,77906;Prole;IA;Iowa;Midwest
42,30655;-93,44718;Radcliffe;IA;Iowa;Midwest
42,23765;-93,60257;Randall;IA;Iowa;Midwest
41,55761;-92,96868;Reasnor;IA;Iowa;Midwest
41,92974;-94,20873;Rippey;IA;Iowa;Midwest
42,1675;-93,4834;Roland;IA;Iowa;Midwest
41,54238;-93,36859;Runnells;IA;Iowa;Midwest
41,56332;-92,69428;Searsboro;IA;Iowa;Midwest
41,86457;-93,6967;Sheldahl;IA;Iowa;Midwest
42,01832;-93,1665;State Center;IA;Iowa;Midwest
42,19256;-93,61297;Story City;IA;Iowa;Midwest
41,56883;-92,87007;Sully;IA;Iowa;Midwest
41,45881;-93,31518;Swan;IA;Iowa;Midwest
41,45593;-92,33207;Thornburg;IA;Iowa;Midwest
41,2664;-92,91114;Tracy;IA;Iowa;Midwest
41,47014;-93,92286;Van Meter;IA;Iowa;Midwest
41,60391;-93,87989;Waukee;IA;Iowa;Midwest
41,55129;-93,73821;West Des Moines;IA;Iowa;Midwest
41,40695;-92,36227;What Cheer;IA;Iowa;Midwest
42,26236;-93,01064;Whitten;IA;Iowa;Midwest
41,32838;-94,05606;Winterset;IA;Iowa;Midwest
41,38261;-94,85756;Wiota;IA;Iowa;Midwest
42,1528;-93,29926;Zearing;IA;Iowa;Midwest
41,58448;-93,62152;Des Moines;IA;Iowa;Midwest
41,63383;-93,73589;Urbandale;IA;Iowa;Midwest
41,61475;-93,79864;Clive;IA;Iowa;Midwest
43,15389;-93,20006;Mason City;IA;Iowa;Midwest
42,84246;-93,62148;Belmond;IA;Iowa;Midwest
43,11054;-93,81244;Britt;IA;Iowa;Midwest
43,40366;-93,94939;Buffalo Center;IA;Iowa;Midwest
43,41507;-93,01718;Carpenter;IA;Iowa;Midwest
43,13573;-93,38815;Clear Lake;IA;Iowa;Midwest
42,97734;-93,95653;Corwith;IA;Iowa;Midwest
42,73648;-93,36989;Coulter;IA;Iowa;Midwest
43,22394;-93,79794;Crystal Lake;IA;Iowa;Midwest
42,92852;-93,04774;Dougherty;IA;Iowa;Midwest
43,25857;-93,45758;Fertile;IA;Iowa;Midwest
42,94578;-93,6345;Goodell;IA;Iowa;Midwest
43,29258;-93,38601;Hanlontown;IA;Iowa;Midwest
43,33821;-93,45394;Joice;IA;Iowa;Midwest
42,92719;-93,80118;Kanawha;IA;Iowa;Midwest
43,35053;-93,24753;Kensett;IA;Iowa;Midwest
43,00129;-93,55629;Klemme;IA;Iowa;Midwest
43,42045;-93,51998;Lake Mills;IA;Iowa;Midwest
43,37746;-94,09134;Lakota;IA;Iowa;Midwest
42,77969;-93,37542;Latimer;IA;Iowa;Midwest
43,38505;-92,73935;Little Cedar;IA;Iowa;Midwest
43,45695;-92,64981;McIntire;IA;Iowa;Midwest
43,28812;-93,21579;Manly;IA;Iowa;Midwest
42,91418;-93,4928;Meservey;IA;Iowa;Midwest
43,15969;-93,00609;Nora Springs;IA;Iowa;Midwest
43,2259;-92,6902;Orchard;IA;Iowa;Midwest
43,48703;-93,91056;Rake;IA;Iowa;Midwest
43,20916;-93,06608;Rock Falls;IA;Iowa;Midwest
42,74652;-93,55374;Rowan;IA;Iowa;Midwest
43,16486;-92,87834;Rudd;IA;Iowa;Midwest
43,42265;-92,94644;Saint Ansgar;IA;Iowa;Midwest
43,46402;-93,67429;Scarville;IA;Iowa;Midwest
42,98743;-93,32731;Swaledale;IA;Iowa;Midwest
43,25097;-94,05272;Titonka;IA;Iowa;Midwest
43,12356;-93,48167;Ventura;IA;Iowa;Midwest
43,23609;-93,91084;Woden;IA;Iowa;Midwest
42,49244;-94,18967;Fort Dodge;IA;Iowa;Midwest
42,76084;-94,98216;Albert City;IA;Iowa;Midwest
43,07483;-94,21894;Algona;IA;Iowa;Midwest
43,41374;-94,47361;Armstrong;IA;Iowa;Midwest
43,01993;-94,87812;Ayrshire;IA;Iowa;Midwest
42,62566;-94,13545;Badger;IA;Iowa;Midwest
42,51212;-94,38241;Barnum;IA;Iowa;Midwest
42,90314;-94,26542;Bode;IA;Iowa;Midwest
42,80524;-94,39772;Bradgate;IA;Iowa;Midwest
42,36783;-94,29357;Callender;IA;Iowa;Midwest
42,96899;-94,79288;Curlew;IA;Iowa;Midwest
43,13717;-94,54023;Cylinder;IA;Iowa;Midwest
42,72216;-94,20101;Dakota City;IA;Iowa;Midwest
43,45841;-94,61417;Dolliver;IA;Iowa;Midwest
42,46212;-94,00175;Duncombe;IA;Iowa;Midwest
42,65251;-93,91109;Eagle Grove;IA;Iowa;Midwest
42,45138;-95,16167;Early;IA;Iowa;Midwest
43,11605;-94,69716;Emmetsburg;IA;Iowa;Midwest
42,28422;-94,43024;Farnhamville;IA;Iowa;Midwest
42,71569;-94,44715;Gilmore City;IA;Iowa;Midwest
42,7794;-93,94594;Goldfield;IA;Iowa;Midwest
42,27434;-94,30666;Gowrie;IA;Iowa;Midwest
42,2537;-94,17042;Harcourt;IA;Iowa;Midwest
42,48242;-94,75484;Jolley;IA;Iowa;Midwest
42,45638;-94,46068;Knierim;IA;Iowa;Midwest
42,35544;-94,04409;Lehigh;IA;Iowa;Midwest
43,20912;-94,32477;Lone Rock;IA;Iowa;Midwest
42,95581;-94,1043;Lu Verne;IA;Iowa;Midwest
42,42122;-94,84794;Lytton;IA;Iowa;Midwest
42,96158;-94,64173;Mallard;IA;Iowa;Midwest
42,43925;-94,32889;Moorland;IA;Iowa;Midwest
42,52146;-95,08935;Nemaha;IA;Iowa;Midwest
42,4032;-94,13841;Otho;IA;Iowa;Midwest
42,89359;-94,36585;Ottosen;IA;Iowa;Midwest
42,8768;-94,62255;Plover;IA;Iowa;Midwest
42,80267;-95,17727;Rembrandt;IA;Iowa;Midwest
42,85774;-93,97902;Renwick;IA;Iowa;Midwest
43,30081;-94,54775;Ringsted;IA;Iowa;Midwest
42,39356;-94,6345;Rockwell City;IA;Iowa;Midwest
42,84735;-94,54506;Rolfe;IA;Iowa;Midwest
42,43049;-94,98595;Sac City;IA;Iowa;Midwest
42,91154;-95,1407;Sioux Rapids;IA;Iowa;Midwest
42,65777;-95,16391;Storm Lake;IA;Iowa;Midwest
43,40647;-94,30303;Swea City;IA;Iowa;Midwest
42,67683;-94,05478;Thor;IA;Iowa;Midwest
42,72927;-95,18345;Truesdale;IA;Iowa;Midwest
42,65796;-94,89832;Varina;IA;Iowa;Midwest
42,46097;-93,82154;Webster City;IA;Iowa;Midwest
42,97379;-94,45048;West Bend;IA;Iowa;Midwest
42,58089;-93,81471;Woolstock;IA;Iowa;Midwest
42,56612;-93,05665;Ackley;IA;Iowa;Midwest
43,18893;-92,45834;Alta Vista;IA;Iowa;Midwest
42,60484;-92,90299;Aplington;IA;Iowa;Midwest
42,83559;-93,03276;Aredale;IA;Iowa;Midwest
42,23066;-92,81046;Beaman;IA;Iowa;Midwest
42,53358;-92,49069;Cedar Falls;IA;Iowa;Midwest
43,15712;-92,5912;Colwell;IA;Iowa;Midwest
42,24738;-92,91904;Conrad;IA;Iowa;Midwest
42,52693;-92,20962;Dewar;IA;Iowa;Midwest
42,46874;-92,65879;Dike;IA;Iowa;Midwest
42,58028;-92,17049;Dunkerton;IA;Iowa;Midwest
42,34982;-93,095;Eldora;IA;Iowa;Midwest
42,88254;-92,30929;Frederika;IA;Iowa;Midwest
42,07667;-92,70299;Garwin;IA;Iowa;Midwest
42,19886;-92,69896;Gladbrook;IA;Iowa;Midwest
42,35654;-92,79495;Grundy Center;IA;Iowa;Midwest
42,64787;-92,48026;Janesville;IA;Iowa;Midwest
42,66249;-92,90973;Kesley;IA;Iowa;Midwest
42,32271;-92,19993;La Porte City;IA;Iowa;Midwest
42,96737;-92,88927;Marble Rock;IA;Iowa;Midwest
42,68748;-91,93396;Oelwein;IA;Iowa;Midwest
42,70698;-92,07222;Oran;IA;Iowa;Midwest
42,69087;-92,2265;Readlyn;IA;Iowa;Midwest
42,33309;-92,6124;Reinbeck;IA;Iowa;Midwest
42,68425;-92,61586;Shell Rock;IA;Iowa;Midwest
42,4247;-93,06545;Steamboat Rock;IA;Iowa;Midwest
42,19884;-92,4928;Traer;IA;Iowa;Midwest
42,7943;-92,27895;Tripoli;IA;Iowa;Midwest
42,77754;-92,00931;Westgate;IA;Iowa;Midwest
42,4771;-92,27918;Evansdale;IA;Iowa;Midwest
40,94938;-94,22341;Arispe;IA;Iowa;Midwest
40,63116;-94,49689;Blockton;IA;Iowa;Midwest
40,81683;-94,3523;Diagonal;IA;Iowa;Midwest
41,31081;-94,56839;Fontanelle;IA;Iowa;Midwest
40,78685;-94,76758;Gravity;IA;Iowa;Midwest
40,94045;-94,88011;Nodaway;IA;Iowa;Midwest
40,91163;-94,25685;Shannon City;IA;Iowa;Midwest
40,84701;-94,17318;Tingley;IA;Iowa;Midwest
40,97648;-94,98009;Villisca;IA;Iowa;Midwest
42,69859;-95,31863;Alta;IA;Iowa;Midwest
42,3762;-95,916;Anthon;IA;Iowa;Midwest
42,72044;-95,42405;Aurelia;IA;Iowa;Midwest
42,81127;-96,26724;Brunsville;IA;Iowa;Midwest
42,09309;-95,92044;Castana;IA;Iowa;Midwest
42,78428;-95,71155;Cleghorn;IA;Iowa;Midwest
42,33936;-96,08107;Climbing Hill;IA;Iowa;Midwest
42,46907;-95,80113;Correctionville;IA;Iowa;Midwest
42,51215;-95,41249;Galva;IA;Iowa;Midwest
43,00893;-96,46845;Hawarden;IA;Iowa;Midwest
42,4973;-95,55853;Holstein;IA;Iowa;Midwest
42,24857;-96,07592;Hornick;IA;Iowa;Midwest
42,96575;-96,32791;Ireton;IA;Iowa;Midwest
42,88549;-95,5414;Larrabee;IA;Iowa;Midwest
42,80282;-96,18092;Le Mars;IA;Iowa;Midwest
42,91653;-95,25324;Linn Grove;IA;Iowa;Midwest
42,78086;-95,80054;Marcus;IA;Iowa;Midwest
42,97074;-96,18938;Maurice;IA;Iowa;Midwest
42,45655;-96,05381;Moville;IA;Iowa;Midwest
42,03073;-96,0706;Onawa;IA;Iowa;Midwest
42,30113;-95,91716;Oto;IA;Iowa;Midwest
42,82019;-96,05772;Oyens;IA;Iowa;Midwest
42,96621;-95,67949;Paullina;IA;Iowa;Midwest
42,93523;-95,35752;Peterson;IA;Iowa;Midwest
42,63005;-95,64463;Quimby;IA;Iowa;Midwest
42,4938;-95,28842;Schaller;IA;Iowa;Midwest
42,37832;-96,33159;Sergeant Bluff;IA;Iowa;Midwest
42,21162;-96,26069;Sloan;IA;Iowa;Midwest
42,04189;-95,69844;Ute;IA;Iowa;Midwest
42,57983;-95,72036;Washta;IA;Iowa;Midwest
42,49413;-96,39361;Sioux City;IA;Iowa;Midwest
43,3562;-96,32217;Alvord;IA;Iowa;Midwest
43,19412;-96,01992;Boyden;IA;Iowa;Midwest
43,29488;-96,21531;Doon;IA;Iowa;Midwest
43,33885;-96,0005;George;IA;Iowa;Midwest
43,0758;-95,89071;Hospers;IA;Iowa;Midwest
43,44992;-96,46001;Larchwood;IA;Iowa;Midwest
43,2443;-95,93436;Matlock;IA;Iowa;Midwest
43,07788;-95,60149;Primghar;IA;Iowa;Midwest
43,42764;-96,16564;Rock Rapids;IA;Iowa;Midwest
43,19259;-96,33723;Rock Valley;IA;Iowa;Midwest
43,41068;-95,73203;Sibley;IA;Iowa;Midwest
43,08437;-96,21232;Sioux Center;IA;Iowa;Midwest
43,36431;-95,13028;Arnolds Park;IA;Iowa;Midwest
43,1324;-95,00437;Dickens;IA;Iowa;Midwest
43,40379;-94,80698;Estherville;IA;Iowa;Midwest
43,2065;-95,32378;Everly;IA;Iowa;Midwest
43,01665;-95,04132;Gillett Grove;IA;Iowa;Midwest
43,24359;-94,73832;Graettinger;IA;Iowa;Midwest
43,18638;-95,45927;Hartley;IA;Iowa;Midwest
43,41267;-95,54352;Ocheyedan;IA;Iowa;Midwest
43,38996;-95,14082;Okoboji;IA;Iowa;Midwest
43,06215;-95,28762;Royal;IA;Iowa;Midwest
43,13033;-94,89579;Ruthven;IA;Iowa;Midwest
43,43626;-95,08556;Spirit Lake;IA;Iowa;Midwest
43,43363;-94,94678;Superior;IA;Iowa;Midwest
43,2993;-94,96293;Terril;IA;Iowa;Midwest
42,34446;-95,35146;Arthur;IA;Iowa;Midwest
41,91009;-95,13795;Aspinwall;IA;Iowa;Midwest
42,18254;-95,01247;Breda;IA;Iowa;Midwest
42,08298;-95,58347;Charter Oak;IA;Iowa;Midwest
42,11784;-95,3157;Deloit;IA;Iowa;Midwest
42,02696;-95,35915;Denison;IA;Iowa;Midwest
42,07748;-94,70517;Glidden;IA;Iowa;Midwest
42,01228;-94,97352;Halbur;IA;Iowa;Midwest
42,32719;-95,46724;Ida Grove;IA;Iowa;Midwest
41,72101;-95,19196;Kirkman;IA;Iowa;Midwest
42,20238;-95,30839;Kiron;IA;Iowa;Midwest
42,1846;-94,69471;Lanesboro;IA;Iowa;Midwest
42,12242;-94,78366;Lidderdale;IA;Iowa;Midwest
42,26366;-94,55155;Lohrville;IA;Iowa;Midwest
42,32141;-95,23524;Odebolt;IA;Iowa;Midwest
42,1324;-95,571;Ricketts;IA;Iowa;Midwest
42,172;-95,47579;Schleswig;IA;Iowa;Midwest
42,08964;-95,19872;Vail;IA;Iowa;Midwest
42,25302;-95,09837;Wall Lake;IA;Iowa;Midwest
42,07377;-95,10919;Westside;IA;Iowa;Midwest
41,22828;-95,87889;Council Bluffs;IA;Iowa;Midwest
41,28844;-95,91715;Carter Lake;IA;Iowa;Midwest
41,9692;-95,4593;Arion;IA;Iowa;Midwest
41,9122;-96,07172;Blencoe;IA;Iowa;Midwest
41,92724;-95,50185;Dow City;IA;Iowa;Midwest
41,78247;-95,42613;Earling;IA;Iowa;Midwest
41,2264;-95,13241;Griswold;IA;Iowa;Midwest
41,43354;-95,84072;Honey Creek;IA;Iowa;Midwest
41,65792;-95,07317;Kimballton;IA;Iowa;Midwest
41,83897;-96,02072;Little Sioux;IA;Iowa;Midwest
41,31713;-95,63553;McClelland;IA;Iowa;Midwest
41,55937;-95,91398;Missouri Valley;IA;Iowa;Midwest
41,63548;-96,04198;Modale;IA;Iowa;Midwest
41,72903;-96,00233;Mondamin;IA;Iowa;Midwest
41,46034;-95,66049;Neola;IA;Iowa;Midwest
41,00571;-95,80992;Pacific Junction;IA;Iowa;Midwest
41,5769;-95,59405;Persia;IA;Iowa;Midwest
41,9896;-95,79053;Soldier;IA;Iowa;Midwest
41,24111;-95,60218;Treynor;IA;Iowa;Midwest
40,60267;-95,00918;Braddyville;IA;Iowa;Midwest
40,7478;-95,04939;Clarinda;IA;Iowa;Midwest
40,66713;-95,23519;Coin;IA;Iowa;Midwest
40,62046;-95,11832;College Springs;IA;Iowa;Midwest
40,88206;-95,4229;Imogene;IA;Iowa;Midwest
40,60539;-95,34509;Northboro;IA;Iowa;Midwest
40,74215;-95,80325;Percival;IA;Iowa;Midwest
40,65652;-95,03473;Shambaugh;IA;Iowa;Midwest
40,88444;-95,67179;Tabor;IA;Iowa;Midwest
42,54819;-90,69348;Dubuque;IA;Iowa;Midwest
42,15322;-90,59219;Andrew;IA;Iowa;Midwest
42,65996;-91,18784;Colesburg;IA;Iowa;Midwest
42,53807;-90,85745;Durango;IA;Iowa;Midwest
42,51114;-91,13884;Dyersville;IA;Iowa;Midwest
42,84403;-91,42201;Elkader;IA;Iowa;Midwest
42,76808;-91,32328;Elkport;IA;Iowa;Midwest
42,44024;-91,0119;Farley;IA;Iowa;Midwest
42,73735;-91,25584;Garber;IA;Iowa;Midwest
42,8823;-91,20521;Garnavillo;IA;Iowa;Midwest
42,7411;-91,12083;Guttenberg;IA;Iowa;Midwest
42,60656;-90,96399;Holy Cross;IA;Iowa;Midwest
42,30569;-90,62811;La Motte;IA;Iowa;Midwest
42,60401;-91,07257;Luxemburg;IA;Iowa;Midwest
42,10217;-90,67961;Maquoketa;IA;Iowa;Midwest
42,08977;-90,31076;Miles;IA;Iowa;Midwest
42,693;-90,96925;North Buena Vista;IA;Iowa;Midwest
42,42382;-90,81128;Peosta;IA;Iowa;Midwest
42,08146;-90,21771;Sabula;IA;Iowa;Midwest
42,36245;-90,54234;Saint Donatus;IA;Iowa;Midwest
42,92022;-91,38025;Saint Olaf;IA;Iowa;Midwest
42,10966;-90,4724;Spragueville;IA;Iowa;Midwest
42,16577;-90,47916;Springbrook;IA;Iowa;Midwest
42,69805;-91,50984;Strawberry Point;IA;Iowa;Midwest
42,28781;-90,71908;Zwingle;IA;Iowa;Midwest
43,35741;-91,76494;Decorah;IA;Iowa;Midwest
43,2067;-91,91881;Calmar;IA;Iowa;Midwest
43,13961;-91,96075;Fort Atkinson;IA;Iowa;Midwest
42,94957;-91,96106;Hawkeye;IA;Iowa;Midwest
43,12201;-92,16519;Lawler;IA;Iowa;Midwest
43,41412;-92,29683;Lime Springs;IA;Iowa;Midwest
43,05316;-91,46534;Luana;IA;Iowa;Midwest
43,01661;-91,23216;McGregor;IA;Iowa;Midwest
43,07979;-91,36134;Monona;IA;Iowa;Midwest
43,46733;-91,3521;New Albin;IA;Iowa;Midwest
43,11062;-91,55266;Postville;IA;Iowa;Midwest
43,21976;-92,10315;Protivin;IA;Iowa;Midwest
42,85212;-91,89941;Randalia;IA;Iowa;Midwest
43,06791;-91,93547;Saint Lucas;IA;Iowa;Midwest
43,20339;-91,95338;Spillville;IA;Iowa;Midwest
42,84739;-91,65971;Wadena;IA;Iowa;Midwest
43,07451;-92,04808;Waucoma;IA;Iowa;Midwest
43,27117;-91,48382;Waukon;IA;Iowa;Midwest
41,33218;-91,54704;Ainsworth;IA;Iowa;Midwest
42,15836;-91,63792;Alburnett;IA;Iowa;Midwest
41,81035;-91,8906;Amana;IA;Iowa;Midwest
42,11754;-91,28806;Anamosa;IA;Iowa;Midwest
41,88568;-92,26475;Belle Plaine;IA;Iowa;Midwest
42,10954;-91,08929;Center Junction;IA;Iowa;Midwest
42,07948;-92,41067;Clutier;IA;Iowa;Midwest
42,2946;-91,53826;Coggon;IA;Iowa;Midwest
42,23758;-91,42576;Prairieburg;IA;Iowa;Midwest
41,72661;-91,99853;Conroy;IA;Iowa;Midwest
41,64151;-92,33215;Guernsey;IA;Iowa;Midwest
41,89647;-91,5626;Ely;IA;Iowa;Midwest
41,57024;-91,53281;Hills;IA;Iowa;Midwest
41,63143;-91,49924;Iowa City;IA;Iowa;Midwest
41,69708;-91,59746;Coralville;IA;Iowa;Midwest
41,51503;-91,71774;Kalona;IA;Iowa;Midwest
41,34386;-91,93891;Keota;IA;Iowa;Midwest
41,71218;-92,20314;Ladora;IA;Iowa;Midwest
42,19712;-91,22727;Langworthy;IA;Iowa;Midwest
41,95232;-90,80538;Lost Nation;IA;Iowa;Midwest
41,86294;-90,96129;Lowden;IA;Iowa;Midwest
42,01801;-91,34207;Martelle;IA;Iowa;Midwest
41,79158;-91,90244;Middle Amana;IA;Iowa;Midwest
42,25955;-92,09726;Mount Auburn;IA;Iowa;Midwest
41,53727;-92,09367;North English;IA;Iowa;Midwest
42,14168;-90,98307;Onslow;IA;Iowa;Midwest
41,98445;-90,95344;Oxford Junction;IA;Iowa;Midwest
41,58028;-91,92305;Parnell;IA;Iowa;Midwest
42,39513;-91,75641;Quasqueton;IA;Iowa;Midwest
42,07195;-91,66641;Robins;IA;Iowa;Midwest
42,35261;-91,50076;Ryan;IA;Iowa;Midwest
42,09861;-91,88772;Shellsburg;IA;Iowa;Midwest
41,73084;-91,94355;South Amana;IA;Iowa;Midwest
41,45935;-92,05895;South English;IA;Iowa;Midwest
41,82904;-91,70858;Swisher;IA;Iowa;Midwest
41,92313;-92,58307;Tama;IA;Iowa;Midwest
42,29202;-91,68325;Troy Mills;IA;Iowa;Midwest
42,01298;-92,08119;Van Horne;IA;Iowa;Midwest
41,99331;-92,38597;Vining;IA;Iowa;Midwest
41,87496;-91,83529;Walford;IA;Iowa;Midwest
41,91883;-91,98856;Watkins;IA;Iowa;Midwest
41,4749;-91,84769;Wellman;IA;Iowa;Midwest
41,97534;-91,65871;Cedar Rapids;IA;Iowa;Midwest
41,03828;-92,43252;Ottumwa;IA;Iowa;Midwest
40,98953;-92,29492;Agency;IA;Iowa;Midwest
41,02684;-92,81562;Albia;IA;Iowa;Midwest
40,95291;-92,61802;Blakesburg;IA;Iowa;Midwest
40,62712;-92,05164;Cantril;IA;Iowa;Midwest
40,81877;-92,1058;Douds;IA;Iowa;Midwest
40,83552;-92,53633;Drakesville;IA;Iowa;Midwest
40,92562;-92,23387;Eldon;IA;Iowa;Midwest
40,63905;-92,81046;Exline;IA;Iowa;Midwest
40,85491;-92,25312;Floris;IA;Iowa;Midwest
41,17295;-92,27765;Hedrick;IA;Iowa;Midwest
40,74005;-91,94332;Keosauqua;IA;Iowa;Midwest
40,93174;-92,07224;Libertyville;IA;Iowa;Midwest
41,21337;-92,1125;Ollie;IA;Iowa;Midwest
41,27174;-92,6602;Oskaloosa;IA;Iowa;Midwest
41,12039;-92,09069;Packwood;IA;Iowa;Midwest
40,80504;-93,06265;Plano;IA;Iowa;Midwest
40,80284;-93,1555;Promise City;IA;Iowa;Midwest
41,31988;-92,19465;Sigourney;IA;Iowa;Midwest
40,77363;-92,73955;Udell;IA;Iowa;Midwest
40,7032;-91,79563;Bonaparte;IA;Iowa;Midwest
40,66604;-91,57094;Donnellson;IA;Iowa;Midwest
40,65973;-91,35145;Fort Madison;IA;Iowa;Midwest
40,44072;-91,43973;Keokuk;IA;Iowa;Midwest
40,99117;-91,75843;Lockridge;IA;Iowa;Midwest
41,01949;-91,13774;Mediapolis;IA;Iowa;Midwest
41,09649;-91,28205;Morning Sun;IA;Iowa;Midwest
41,1342;-91,54506;Olds;IA;Iowa;Midwest
40,94782;-91,15687;Sperry;IA;Iowa;Midwest
41,09796;-91,5542;Swedesburg;IA;Iowa;Midwest
41,16642;-91,15597;Wapello;IA;Iowa;Midwest
40,69998;-91,22657;Wever;IA;Iowa;Midwest
41,59064;-91,16578;Atalissa;IA;Iowa;Midwest
41,56633;-90,4673;Bettendorf;IA;Iowa;Midwest
41,80063;-90,74312;Calamus;IA;Iowa;Midwest
41,77366;-90,34364;Camanche;IA;Iowa;Midwest
41,25918;-91,37478;Columbus City;IA;Iowa;Midwest
41,2736;-91,38072;Columbus Junction;IA;Iowa;Midwest
41,83616;-90,51076;De Witt;IA;Iowa;Midwest
41,71945;-90,67172;Donahue;IA;Iowa;Midwest
41,933;-90,39302;Goose Lake;IA;Iowa;Midwest
41,8519;-90,68398;Grand Mound;IA;Iowa;Midwest
41,62544;-90,38989;Le Claire;IA;Iowa;Midwest
41,34254;-91,24144;Letts;IA;Iowa;Midwest
41,48015;-91,43349;Lone Tree;IA;Iowa;Midwest
41,72966;-90,54084;Long Grove;IA;Iowa;Midwest
41,74405;-90,44104;McCausland;IA;Iowa;Midwest
41,43798;-91,05802;Muscatine;IA;Iowa;Midwest
42,01958;-90,25707;Teeds Grove;IA;Iowa;Midwest
41,62187;-90,75529;Walcott;IA;Iowa;Midwest
41,90743;-90,59596;Welton;IA;Iowa;Midwest
43,60562;-88,05217;Adell;WI;Wisconsin;Midwest
43,21226;-88,51957;Ashippun;WI;Wisconsin;Midwest
43,4995;-87,8805;Belgium;WI;Wisconsin;Midwest
43,61121;-88,27901;Campbellsport;WI;Wisconsin;Midwest
43,31369;-88,03704;Cedarburg;WI;Wisconsin;Midwest
44,02298;-88,17549;Chilton;WI;Wisconsin;Midwest
43,31104;-88,71794;Clyman;WI;Wisconsin;Midwest
43,2044;-88,2526;Colgate;WI;Wisconsin;Midwest
43,04809;-88,39278;Delafield;WI;Wisconsin;Midwest
43,86231;-88,01364;Elkhart Lake;WI;Wisconsin;Midwest
43,78198;-88,10745;Glenbeulah;WI;Wisconsin;Midwest
43,44708;-88,6234;Horicon;WI;Wisconsin;Midwest
43,23716;-88,25634;Hubertus;WI;Wisconsin;Midwest
43,34014;-88,60746;Hustisford;WI;Wisconsin;Midwest
43,39135;-88,54355;Iron Ridge;WI;Wisconsin;Midwest
43,17141;-88,57693;Ixonia;WI;Wisconsin;Midwest
43,08592;-88,79031;Johnson Creek;WI;Wisconsin;Midwest
43,36931;-88,71148;Juneau;WI;Wisconsin;Midwest
43,52126;-88,19198;Kewaskum;WI;Wisconsin;Midwest
43,95144;-87,98216;Kiel;WI;Wisconsin;Midwest
43,73793;-87,78327;Kohler;WI;Wisconsin;Midwest
43,15215;-88,16045;Lannon;WI;Wisconsin;Midwest
43,57935;-88,45554;Lomira;WI;Wisconsin;Midwest
43,14905;-88,12348;Menomonee Falls;WI;Wisconsin;Midwest
43,79099;-88,24671;Mount Calvary;WI;Wisconsin;Midwest
43,11003;-88,40624;Nashotah;WI;Wisconsin;Midwest
43,28954;-88,53012;Neosho;WI;Wisconsin;Midwest
43,94588;-88,11803;New Holstein;WI;Wisconsin;Midwest
43,11451;-88,49068;Oconomowoc;WI;Wisconsin;Midwest
43,1131;-88,43094;Okauchee;WI;Wisconsin;Midwest
43,62429;-87,80872;Oostburg;WI;Wisconsin;Midwest
43,07989;-88,26638;Pewaukee;WI;Wisconsin;Midwest
43,56318;-87,99559;Random Lake;WI;Wisconsin;Midwest
43,31386;-88,45924;Rubicon;WI;Wisconsin;Midwest
43,40733;-87,98789;Saukville;WI;Wisconsin;Midwest
43,71343;-87,73725;Sheboygan;WI;Wisconsin;Midwest
43,73562;-87,85137;Sheboygan Falls;WI;Wisconsin;Midwest
43,32508;-88,27124;Slinger;WI;Wisconsin;Midwest
43,22139;-87,95351;Mequon;WI;Wisconsin;Midwest
42,94671;-87,86403;Cudahy;WI;Wisconsin;Midwest
42,65443;-88,6713;Delavan;WI;Wisconsin;Midwest
42,9725;-88,48859;Dousman;WI;Wisconsin;Midwest
42,80066;-88,41783;East Troy;WI;Wisconsin;Midwest
43,04811;-88,08674;Elm Grove;WI;Wisconsin;Midwest
42,54532;-88,56216;Fontana;WI;Wisconsin;Midwest
42,78848;-87,9966;Franksville;WI;Wisconsin;Midwest
42,95991;-88,3777;Genesee Depot;WI;Wisconsin;Midwest
42,52979;-88,33857;Genoa City;WI;Wisconsin;Midwest
42,93795;-88,00003;Greendale;WI;Wisconsin;Midwest
42,94092;-88,04909;Hales Corners;WI;Wisconsin;Midwest
43,00472;-88,66975;Helenville;WI;Wisconsin;Midwest
42,68795;-88,12;Kansasville;WI;Wisconsin;Midwest
42,61963;-87,82987;Kenosha;WI;Wisconsin;Midwest
42,57075;-88,45024;Lake Geneva;WI;Wisconsin;Midwest
42,87436;-88,34077;Mukwonago;WI;Wisconsin;Midwest
42,8845;-88,12824;Muskego;WI;Wisconsin;Midwest
42,94056;-88,40237;North Prairie;WI;Wisconsin;Midwest
42,8803;-87,90092;Oak Creek;WI;Wisconsin;Midwest
42,5377;-88,36855;Pell Lake;WI;Wisconsin;Midwest
42,52418;-87,88869;Pleasant Prairie;WI;Wisconsin;Midwest
42,91197;-87,86266;South Milwaukee;WI;Wisconsin;Midwest
42,70047;-87,93474;Sturtevant;WI;Wisconsin;Midwest
42,5133;-88,13159;Trevor;WI;Wisconsin;Midwest
42,51711;-88,24305;Twin Lakes;WI;Wisconsin;Midwest
43,02305;-88,20319;Waukesha;WI;Wisconsin;Midwest
42,80775;-88,73129;Whitewater;WI;Wisconsin;Midwest
42,5776;-88,54574;Williams Bay;WI;Wisconsin;Midwest
42,51397;-88,49016;Zenda;WI;Wisconsin;Midwest
43,04561;-87,89893;Milwaukee;WI;Wisconsin;Midwest
43,13935;-89,95623;Arena;WI;Wisconsin;Midwest
43,11708;-89,74915;Black Earth;WI;Wisconsin;Midwest
42,80073;-89,8676;Blanchardville;WI;Wisconsin;Midwest
43,03686;-89,82967;Blue Mounds;WI;Wisconsin;Midwest
42,55674;-89,78983;Browntown;WI;Wisconsin;Midwest
43,24075;-89,52496;Dane;WI;Wisconsin;Midwest
43,24881;-89,32547;Deforest;WI;Wisconsin;Midwest
42,67267;-89,21056;Footville;WI;Wisconsin;Midwest
43,22173;-90,29356;Gotham;WI;Wisconsin;Midwest
42,5581;-89,49348;Juda;WI;Wisconsin;Midwest
43,00286;-89,28409;Mcfarland;WI;Wisconsin;Midwest
43,19418;-89,75413;Mazomanie;WI;Wisconsin;Midwest
42,98105;-90,42966;Montfort;WI;Wisconsin;Midwest
42,96016;-89,73754;Mount Horeb;WI;Wisconsin;Midwest
43,18196;-90,46326;Muscoda;WI;Wisconsin;Midwest
42,81851;-89,65181;New Glarus;WI;Wisconsin;Midwest
42,62543;-89,23949;Orfordville;WI;Wisconsin;Midwest
43,31428;-90,07117;Plain;WI;Wisconsin;Midwest
43,31356;-89,77408;Prairie Du Sac;WI;Wisconsin;Midwest
43,2894;-88,87545;Reeseville;WI;Wisconsin;Midwest
42,85943;-90,38131;Rewey;WI;Wisconsin;Midwest
43,37504;-90,41637;Richland Center;WI;Wisconsin;Midwest
43,25671;-89,81178;Sauk City;WI;Wisconsin;Midwest
43,27937;-90,29477;Sextonville;WI;Wisconsin;Midwest
42,57271;-90,22702;Shullsburg;WI;Wisconsin;Midwest
42,57736;-89,90511;South Wayne;WI;Wisconsin;Midwest
43,18949;-90,08201;Spring Green;WI;Wisconsin;Midwest
43,19936;-89,20804;Sun Prairie;WI;Wisconsin;Midwest
43,18258;-89,45726;Waunakee;WI;Wisconsin;Midwest
42,80538;-90,89358;Beetown;WI;Wisconsin;Midwest
43,14236;-90,68445;Boscobel;WI;Wisconsin;Midwest
42,61123;-90,46668;Cuba City;WI;Wisconsin;Midwest
42,63745;-90,59204;Dickeyville;WI;Wisconsin;Midwest
42,99362;-90,63323;Fennimore;WI;Wisconsin;Midwest
42,82144;-90,9984;Glen Haven;WI;Wisconsin;Midwest
42,5808;-90,60239;Kieler;WI;Wisconsin;Midwest
42,94028;-90,97234;Patch Grove;WI;Wisconsin;Midwest
42,74725;-90,49177;Platteville;WI;Wisconsin;Midwest
42,69649;-90,70984;Potosi;WI;Wisconsin;Midwest
43,04769;-91,06569;Prairie Du Chien;WI;Wisconsin;Midwest
42,91833;-90,58851;Stitzer;WI;Wisconsin;Midwest
43,12225;-90,91039;Wauzeka;WI;Wisconsin;Midwest
43,05049;-90,83702;Woodman;WI;Wisconsin;Midwest
43,49213;-89,72858;Baraboo;WI;Wisconsin;Midwest
43,66579;-89,60364;Briggsville;WI;Wisconsin;Midwest
43,51558;-88,70916;Burnett;WI;Wisconsin;Midwest
43,57326;-89,13753;Cambria;WI;Wisconsin;Midwest
43,75415;-90,28376;Elroy;WI;Wisconsin;Midwest
43,74236;-88,86798;Fairwater;WI;Wisconsin;Midwest
43,57235;-88,88338;Fox Lake;WI;Wisconsin;Midwest
43,58864;-89,06697;Friesland;WI;Wisconsin;Midwest
43,87477;-89,71071;Grand Marsh;WI;Wisconsin;Midwest
43,38841;-90,15753;Hillpoint;WI;Wisconsin;Midwest
43,59126;-89,7944;Lake Delton;WI;Wisconsin;Midwest
43,57947;-90,13694;La Valle;WI;Wisconsin;Midwest
43,46393;-90,16536;Lime Ridge;WI;Wisconsin;Midwest
43,68759;-89,92791;Lyndon Station;WI;Wisconsin;Midwest
43,71822;-89,02189;Markesan;WI;Wisconsin;Midwest
43,77846;-90,05161;Mauston;WI;Wisconsin;Midwest
43,78323;-89,33978;Montello;WI;Wisconsin;Midwest
43,39087;-89,86633;North Freedom;WI;Wisconsin;Midwest
43,76606;-89,458;Packwaukee;WI;Wisconsin;Midwest
43,55518;-89,31325;Pardeeville;WI;Wisconsin;Midwest
43,40025;-89,40051;Poynette;WI;Wisconsin;Midwest
43,53407;-89,99702;Reedsburg;WI;Wisconsin;Midwest
43,46055;-89,93858;Rock Springs;WI;Wisconsin;Midwest
43,68352;-90,2652;Union Center;WI;Wisconsin;Midwest
43,63492;-88,73828;Waupun;WI;Wisconsin;Midwest
43,67651;-89,75681;Wisconsin Dells;WI;Wisconsin;Midwest
43,64072;-90,2326;Wonewoc;WI;Wisconsin;Midwest
43,49567;-89,30176;Wyocena;WI;Wisconsin;Midwest
45,33417;-92,38703;Amery;WI;Wisconsin;Midwest
44,79019;-92,44218;Beldenville;WI;Wisconsin;Midwest
45,35358;-92,57693;Dresser;WI;Wisconsin;Midwest
45,08134;-92,22929;Glenwood City;WI;Wisconsin;Midwest
44,64578;-92,57048;Hager City;WI;Wisconsin;Midwest
44,97708;-92,55218;Roberts;WI;Wisconsin;Midwest
45,49873;-92,64781;Saint Croix Falls;WI;Wisconsin;Midwest
45,22688;-92,53459;Star Prairie;WI;Wisconsin;Midwest
44,78786;-88,05927;Abrams;WI;Wisconsin;Midwest
45,50278;-88,00524;Amberg;WI;Wisconsin;Midwest
45,64972;-88,49885;Armstrong Creek;WI;Wisconsin;Midwest
45,44018;-88,26518;Athelstane;WI;Wisconsin;Midwest
44,70068;-88,44436;Bonduel;WI;Wisconsin;Midwest
44,18533;-88,08105;Brillion;WI;Wisconsin;Midwest
44,26404;-88,30705;Combined Locks;WI;Wisconsin;Midwest
45,25254;-88,12197;Crivitz;WI;Wisconsin;Midwest
44,40552;-88,09195;De Pere;WI;Wisconsin;Midwest
45,75892;-88,49089;Fence;WI;Wisconsin;Midwest
44,20642;-88,15201;Forest Junction;WI;Wisconsin;Midwest
44,28925;-88,03218;Greenleaf;WI;Wisconsin;Midwest
44,79693;-88,26815;Green Valley;WI;Wisconsin;Midwest
44,12902;-88,20146;Hilbert;WI;Wisconsin;Midwest
44,31194;-88,24301;Kaukauna;WI;Wisconsin;Midwest
44,91468;-88,61209;Keshena;WI;Wisconsin;Midwest
44,75843;-88,25605;Krakow;WI;Wisconsin;Midwest
44,28689;-88,31045;Little Chute;WI;Wisconsin;Midwest
44,72753;-88,00567;Little Suamico;WI;Wisconsin;Midwest
45,08708;-87,70045;Marinette;WI;Wisconsin;Midwest
45,204;-88,47445;Mountain;WI;Wisconsin;Midwest
44,97237;-88,7906;Neopit;WI;Wisconsin;Midwest
45,72352;-87,99752;Niagara;WI;Wisconsin;Midwest
44,89939;-87,92516;Oconto;WI;Wisconsin;Midwest
44,86702;-88,19058;Oconto Falls;WI;Wisconsin;Midwest
45,60099;-87,93963;Pembine;WI;Wisconsin;Midwest
45,05001;-87,81217;Peshtigo;WI;Wisconsin;Midwest
45,20027;-87,82682;Porterfield;WI;Wisconsin;Midwest
44,12029;-88,09895;Potter;WI;Wisconsin;Midwest
44,77894;-88,63567;Shawano;WI;Wisconsin;Midwest
44,51783;-88,57241;Shiocton;WI;Wisconsin;Midwest
44,71957;-88,12017;Sobieski;WI;Wisconsin;Midwest
44,64228;-88,03212;Suamico;WI;Wisconsin;Midwest
45,03553;-88,43492;Suring;WI;Wisconsin;Midwest
45,36428;-87,89183;Wausaukee;WI;Wisconsin;Midwest
44,61987;-87,49399;Algoma;WI;Wisconsin;Midwest
45,0779;-87,13837;Baileys Harbor;WI;Wisconsin;Midwest
44,76189;-87,61552;Brussels;WI;Wisconsin;Midwest
45,01126;-87,27278;Egg Harbor;WI;Wisconsin;Midwest
45,2535;-87,0352;Ellison Bay;WI;Wisconsin;Midwest
45,15942;-87,16783;Ephraim;WI;Wisconsin;Midwest
45,12169;-87,23024;Fish Creek;WI;Wisconsin;Midwest
44,19893;-87,71441;Francis Creek;WI;Wisconsin;Midwest
44,22608;-87,80357;Kellnersville;WI;Wisconsin;Midwest
44,43651;-87,58069;Kewaunee;WI;Wisconsin;Midwest
44,09644;-87,73131;Manitowoc;WI;Wisconsin;Midwest
44,28096;-87,80656;Maribel;WI;Wisconsin;Midwest
44,27677;-87,64875;Mishicot;WI;Wisconsin;Midwest
44,56411;-87,82081;New Franken;WI;Wisconsin;Midwest
44,00668;-87,92462;Saint Nazianz;WI;Wisconsin;Midwest
45,18377;-87,09239;Sister Bay;WI;Wisconsin;Midwest
44,84218;-87,37677;Sturgeon Bay;WI;Wisconsin;Midwest
44,21758;-87,59723;Two Rivers;WI;Wisconsin;Midwest
44,02728;-87,8977;Valders;WI;Wisconsin;Midwest
45,37538;-86,89721;Washington Island;WI;Wisconsin;Midwest
44,19686;-87,78564;Whitelaw;WI;Wisconsin;Midwest
44,96289;-90,2797;Abbotsford;WI;Wisconsin;Midwest
44,52712;-89,29418;Amherst Junction;WI;Wisconsin;Midwest
45,02861;-89,30922;Aniwa;WI;Wisconsin;Midwest
45,11928;-89,16909;Antigo;WI;Wisconsin;Midwest
44,54158;-90,02877;Arpin;WI;Wisconsin;Midwest
44,28363;-90,15185;Babcock;WI;Wisconsin;Midwest
44,95589;-89,18202;Birnamwood;WI;Wisconsin;Midwest
44,8822;-88,94153;Bowler;WI;Wisconsin;Midwest
45,02749;-89,65418;Brokaw;WI;Wisconsin;Midwest
44,61043;-90,35036;Chili;WI;Wisconsin;Midwest
44,89866;-90,29532;Colby;WI;Wisconsin;Midwest
44,98279;-90,45264;Curtiss;WI;Wisconsin;Midwest
45,28471;-89,18701;Deerbrook;WI;Wisconsin;Midwest
44,90804;-89,98832;Edgar;WI;Wisconsin;Midwest
44,82401;-89,25789;Eland;WI;Wisconsin;Midwest
45,43511;-89,17282;Elcho;WI;Wisconsin;Midwest
44,54149;-90,43101;Granton;WI;Wisconsin;Midwest
44,80621;-89,38838;Hatley;WI;Wisconsin;Midwest
45,36532;-89,65439;Irma;WI;Wisconsin;Midwest
44,7533;-90,47149;Loyal;WI;Wisconsin;Midwest
45,09061;-90,72911;Lublin;WI;Wisconsin;Midwest
45,00367;-89,04172;Mattoon;WI;Wisconsin;Midwest
44,60259;-89,8846;Milladore;WI;Wisconsin;Midwest
44,7625;-89,68559;Mosinee;WI;Wisconsin;Midwest
44,54511;-90,63824;Neillsville;WI;Wisconsin;Midwest
44,22965;-89,89502;Nekoosa;WI;Wisconsin;Midwest
45,42515;-90,26924;Ogema;WI;Wisconsin;Midwest
44,94703;-90,53728;Owen;WI;Wisconsin;Midwest
45,50876;-89,22536;Pelican Lake;WI;Wisconsin;Midwest
45,05486;-89,01748;Phlox;WI;Wisconsin;Midwest
45,39327;-88,88334;Pickerel;WI;Wisconsin;Midwest
44,34642;-89,87028;Port Edwards;WI;Wisconsin;Midwest
45,29419;-90,13852;Rib Lake;WI;Wisconsin;Midwest
44,93361;-89,41914;Ringle;WI;Wisconsin;Midwest
44,64984;-89,35634;Rosholt;WI;Wisconsin;Midwest
44,87395;-89,62223;Rothschild;WI;Wisconsin;Midwest
44,88816;-89,52389;Schofield;WI;Wisconsin;Midwest
45,05908;-90,27597;Stetsonville;WI;Wisconsin;Midwest
44,51935;-89,63678;Stevens Point;WI;Wisconsin;Midwest
45,39373;-89,21894;Summit Lake;WI;Wisconsin;Midwest
44,72595;-89,05124;Tigerton;WI;Wisconsin;Midwest
44,45445;-90,0075;Vesper;WI;Wisconsin;Midwest
45,33622;-90,41102;Westboro;WI;Wisconsin;Midwest
44,34414;-89,74054;Wisconsin Rapids;WI;Wisconsin;Midwest
45,03278;-90,62105;Withee;WI;Wisconsin;Midwest
44,78963;-89,1801;Wittenberg;WI;Wisconsin;Midwest
45,65973;-89,34303;Rhinelander;WI;Wisconsin;Midwest
45,72365;-88,83177;Argonne;WI;Wisconsin;Midwest
46,0957;-89,66748;Boulder Junction;WI;Wisconsin;Midwest
45,58246;-90,11986;Brantwood;WI;Wisconsin;Midwest
46,03761;-90,49378;Butternut;WI;Wisconsin;Midwest
46,11899;-90,93035;Clam Lake;WI;Wisconsin;Midwest
45,53773;-88,92303;Crandon;WI;Wisconsin;Midwest
45,9162;-89,25451;Eagle River;WI;Wisconsin;Midwest
45,84416;-90,38922;Fifield;WI;Wisconsin;Midwest
46,4335;-90,22603;Gile;WI;Wisconsin;Midwest
45,50969;-90,85872;Glen Flora;WI;Wisconsin;Midwest
45,67821;-89,66006;Harshaw;WI;Wisconsin;Midwest
45,53202;-90,71537;Hawkins;WI;Wisconsin;Midwest
45,74968;-89,78822;Hazelhurst;WI;Wisconsin;Midwest
46,33603;-90,34488;Iron Belt;WI;Wisconsin;Midwest
45,53136;-90,60213;Kennan;WI;Wisconsin;Midwest
45,97244;-89,91484;Lac Du Flambeau;WI;Wisconsin;Midwest
45,80705;-89,5762;Lake Tomahawk;WI;Wisconsin;Midwest
45,55218;-88,65937;Laona;WI;Wisconsin;Midwest
46,1326;-89,85208;Manitowish Waters;WI;Wisconsin;Midwest
46,28685;-90,70977;Mellen;WI;Wisconsin;Midwest
45,86218;-89,82663;Minocqua;WI;Wisconsin;Midwest
46,35775;-90,26409;Montreal;WI;Wisconsin;Midwest
45,93615;-90,29081;Park Falls;WI;Wisconsin;Midwest
45,53586;-90,31386;Prentice;WI;Wisconsin;Midwest
45,92417;-89,49746;Saint Germain;WI;Wisconsin;Midwest
46,00997;-89,54365;Sayner;WI;Wisconsin;Midwest
45,81081;-89,0813;Three Lakes;WI;Wisconsin;Midwest
45,46448;-90,97428;Tony;WI;Wisconsin;Midwest
46,30474;-90,45182;Upson;WI;Wisconsin;Midwest
45,42481;-88,63263;Wabeno;WI;Wisconsin;Midwest
44,44624;-90,95164;Alma Center;WI;Wisconsin;Midwest
44,07549;-89,92131;Arkdale;WI;Wisconsin;Midwest
44,26158;-90,78049;Black River Falls;WI;Wisconsin;Midwest
43,95921;-90,28967;Camp Douglas;WI;Wisconsin;Midwest
43,75562;-90,77968;Cashton;WI;Wisconsin;Midwest
43,65632;-91,08199;Chaseburg;WI;Wisconsin;Midwest
44,26953;-91,76629;Cochrane;WI;Wisconsin;Midwest
43,72894;-91,03065;Coon Valley;WI;Wisconsin;Midwest
44,13287;-91,52507;Dodge;WI;Wisconsin;Midwest
44,16873;-91,23634;Ettrick;WI;Wisconsin;Midwest
43,37572;-91,02618;Ferryville;WI;Wisconsin;Midwest
43,28795;-90,8327;Gays Mills;WI;Wisconsin;Midwest
44,40871;-91,04455;Hixton;WI;Wisconsin;Midwest
44,00732;-91,22682;Holmen;WI;Wisconsin;Midwest
43,87874;-90,27076;Hustler;WI;Wisconsin;Midwest
43,60566;-90,62021;La Farge;WI;Wisconsin;Midwest
44,18758;-90,63432;Millston;WI;Wisconsin;Midwest
44,03089;-91,04326;Mindoro;WI;Wisconsin;Midwest
44,08807;-90,0912;Necedah;WI;Wisconsin;Midwest
43,9099;-91,22424;Onalaska;WI;Wisconsin;Midwest
43,46133;-90,76825;Readstown;WI;Wisconsin;Midwest
43,37877;-90,76423;Soldiers Grove;WI;Wisconsin;Midwest
43,98525;-90,50496;Tomah;WI;Wisconsin;Midwest
44,05943;-91,47133;Trempealeau;WI;Wisconsin;Midwest
43,5319;-90,92134;Viroqua;WI;Wisconsin;Midwest
44,16201;-90,4399;Warrens;WI;Wisconsin;Midwest
43,66703;-90,86166;Westby;WI;Wisconsin;Midwest
44,6304;-92,07098;Arkansaw;WI;Wisconsin;Midwest
45,10793;-91,48458;Bloomer;WI;Wisconsin;Midwest
45,07103;-92,01062;Boyceville;WI;Wisconsin;Midwest
44,94151;-91,01975;Boyd;WI;Wisconsin;Midwest
44,95827;-91,15873;Cadott;WI;Wisconsin;Midwest
45,30778;-91,6417;Chetek;WI;Wisconsin;Midwest
44,94533;-91,39342;Chippewa Falls;WI;Wisconsin;Midwest
45,34656;-91,08304;Conrath;WI;Wisconsin;Midwest
45,09045;-92,11358;Downing;WI;Wisconsin;Midwest
44,71593;-91,98298;Eau Galle;WI;Wisconsin;Midwest
44,59478;-91,47892;Eleva;WI;Wisconsin;Midwest
44,86177;-91,70097;Elk Mound;WI;Wisconsin;Midwest
44,61237;-90,98121;Fairchild;WI;Wisconsin;Midwest
44,76319;-91,2722;Fall Creek;WI;Wisconsin;Midwest
45,24875;-91,13494;Holcombe;WI;Wisconsin;Midwest
44,54543;-90,87217;Humbird;WI;Wisconsin;Midwest
45,07919;-91,26586;Jim Falls;WI;Wisconsin;Midwest
44,94862;-92,09785;Knapp;WI;Wisconsin;Midwest
44,62052;-92,29513;Maiden Rock;WI;Wisconsin;Midwest
44,84971;-91,92994;Menomonie;WI;Wisconsin;Midwest
44,42913;-90,77527;Merrillan;WI;Wisconsin;Midwest
44,57513;-91,67971;Mondovi;WI;Wisconsin;Midwest
45,23085;-91,52498;New Auburn;WI;Wisconsin;Midwest
44,48936;-92,1232;Pepin;WI;Wisconsin;Midwest
44,42412;-91,20626;Pigeon Falls;WI;Wisconsin;Midwest
44,62667;-92,17908;Plum City;WI;Wisconsin;Midwest
45,25107;-91,98967;Prairie Farm;WI;Wisconsin;Midwest
44,55121;-91,37259;Strum;WI;Wisconsin;Midwest
44,92356;-90,80579;Thorp;WI;Wisconsin;Midwest
45,86711;-91,92266;Spooner;WI;Wisconsin;Midwest
45,41465;-92,02311;Almena;WI;Wisconsin;Midwest
45,46126;-92,38403;Balsam Lake;WI;Wisconsin;Midwest
45,39911;-91,88103;Barron;WI;Wisconsin;Midwest
45,65477;-92,03071;Barronett;WI;Wisconsin;Midwest
46,85672;-90,91876;Bayfield;WI;Wisconsin;Midwest
46,56024;-91,55475;Brule;WI;Wisconsin;Midwest
45,4753;-92,54017;Centuria;WI;Wisconsin;Midwest
46,80215;-91,10069;Cornucopia;WI;Wisconsin;Midwest
45,84201;-91,2934;Couderay;WI;Wisconsin;Midwest
46,32661;-91,33073;Drummond;WI;Wisconsin;Midwest
45,67974;-91,2522;Exeland;WI;Wisconsin;Midwest
46,35683;-91,14689;Grand View;WI;Wisconsin;Midwest
45,60776;-91,77887;Haugen;WI;Wisconsin;Midwest
46,0251;-91,29494;Hayward;WI;Wisconsin;Midwest
46,78649;-91,21441;Herbster;WI;Wisconsin;Midwest
45,80724;-92,13786;Hertel;WI;Wisconsin;Midwest
45,51546;-91,10284;Ladysmith;WI;Wisconsin;Midwest
46,47881;-91,71642;Lake Nebagamon;WI;Wisconsin;Midwest
46,92255;-90,62389;La Pointe;WI;Wisconsin;Midwest
45,57106;-92,45211;Luck;WI;Wisconsin;Midwest
45,59347;-91,59927;Mikana;WI;Wisconsin;Midwest
46,12121;-91,82337;Minong;WI;Wisconsin;Midwest
46,59896;-90,64345;Odanah;WI;Wisconsin;Midwest
45,80385;-91,12132;Ojibwa;WI;Wisconsin;Midwest
46,60431;-91,79443;Poplar;WI;Wisconsin;Midwest
46,74787;-91,37517;Port Wing;WI;Wisconsin;Midwest
45,78195;-91,21521;Radisson;WI;Wisconsin;Midwest
45,52723;-91,70977;Rice Lake;WI;Wisconsin;Midwest
45,71205;-91,76967;Sarona;WI;Wisconsin;Midwest
45,7412;-92,01503;Shell Lake;WI;Wisconsin;Midwest
45,76965;-92,39622;Siren;WI;Wisconsin;Midwest
46,3448;-91,69292;Solon Springs;WI;Wisconsin;Midwest
45,82811;-91,51439;Stone Lake;WI;Wisconsin;Midwest
45,98046;-91,88803;Trego;WI;Wisconsin;Midwest
45,41374;-92,17112;Turtle Lake;WI;Wisconsin;Midwest
45,44233;-91,44605;Weyerhaeuser;WI;Wisconsin;Midwest
45,81178;-90,87888;Winter;WI;Wisconsin;Midwest
44,06265;-88,53335;Oshkosh;WI;Wisconsin;Midwest
44,61553;-89,01823;Big Falls;WI;Wisconsin;Midwest
44,10192;-88,6548;Butte Des Morts;WI;Wisconsin;Midwest
44,73894;-88,88546;Caroline;WI;Wisconsin;Midwest
44,66535;-88,70966;Embarrass;WI;Wisconsin;Midwest
43,77542;-88,43396;Fond Du Lac;WI;Wisconsin;Midwest
43,85067;-88,99103;Green Lake;WI;Wisconsin;Midwest
44,57604;-89,13739;Iola;WI;Wisconsin;Midwest
44,20003;-88,68995;Larsen;WI;Wisconsin;Midwest
44,7774;-88,88823;Leopolis;WI;Wisconsin;Midwest
44,48561;-88,91416;Manawa;WI;Wisconsin;Midwest
44,20086;-88,33719;Menasha;WI;Wisconsin;Midwest
44,18444;-88,52778;Neenah;WI;Wisconsin;Midwest
43,94569;-89,22386;Neshkoro;WI;Wisconsin;Midwest
44,04524;-88,76661;Omro;WI;Wisconsin;Midwest
43,9178;-88,71836;Pickett;WI;Wisconsin;Midwest
44,16429;-89,0324;Pine River;WI;Wisconsin;Midwest
44,12954;-88,98487;Poy Sippi;WI;Wisconsin;Midwest
44,07091;-89,09352;Redgranite;WI;Wisconsin;Midwest
43,85546;-88,83109;Ripon;WI;Wisconsin;Midwest
44,45696;-89,16471;Scandinavia;WI;Wisconsin;Midwest
44,79423;-88,91405;Tilleda;WI;Wisconsin;Midwest
43,8688;-88,53875;Van Dyne;WI;Wisconsin;Midwest
43,98625;-88,76906;Waukau;WI;Wisconsin;Midwest
44,32733;-89,12558;Waupaca;WI;Wisconsin;Midwest
44,07007;-89,29223;Wautoma;WI;Wisconsin;Midwest
44,31651;-88,93614;Weyauwega;WI;Wisconsin;Midwest
44,18728;-89,21967;Wild Rose;WI;Wisconsin;Midwest
44,07562;-88,51953;Winnebago;WI;Wisconsin;Midwest
44,11981;-88,75127;Winneconne;WI;Wisconsin;Midwest
45,74002;-93,20504;Braham;MN;Minnesota;Midwest
45,97511;-93,12223;Brook Park;MN;Minnesota;Midwest
44,48378;-92,86686;Cannon Falls;MN;Minnesota;Midwest
45,44166;-92,78952;Center City;MN;Minnesota;Midwest
45,35558;-92,89469;Chisago City;MN;Minnesota;Midwest
45,16802;-93,12431;Circle Pines;MN;Minnesota;Midwest
45,67291;-93,4314;Dalbo;MN;Minnesota;Midwest
44,57707;-93,37387;Elko New Market;MN;Minnesota;Midwest
44,2973;-93,27414;Faribault;MN;Minnesota;Midwest
45,26391;-93,0212;Forest Lake;MN;Minnesota;Midwest
44,52179;-92,3369;Frontenac;MN;Minnesota;Midwest
44,40868;-92,62058;Goodhue;MN;Minnesota;Midwest
45,83911;-93,11493;Grasston;MN;Minnesota;Midwest
45,87114;-93,11999;Henriette;MN;Minnesota;Midwest
45,169;-92,98059;Hugo;MN;Minnesota;Midwest
45,4678;-93,27951;Isanti;MN;Minnesota;Midwest
44,99253;-92,898;Lake Elmo;MN;Minnesota;Midwest
45,39777;-92,83074;Lindstrom;MN;Minnesota;Midwest
44,44629;-93,4162;Lonsdale;MN;Minnesota;Midwest
45,20553;-92,82137;Marine On Saint Croix;MN;Minnesota;Midwest
45,93818;-93,33201;Mora;MN;Minnesota;Midwest
44,34957;-93,06579;Nerstrand;MN;Minnesota;Midwest
44,05966;-93,22639;Owatonna;MN;Minnesota;Midwest
44,51581;-92,5441;Red Wing;MN;Minnesota;Midwest
44,73555;-93,06876;Rosemount;MN;Minnesota;Midwest
45,6928;-92,96768;Rush City;MN;Minnesota;Midwest
44,82257;-92,99677;Saint Paul Park;MN;Minnesota;Midwest
45,27363;-92,82783;Scandia;MN;Minnesota;Midwest
45,38351;-92,73292;Shafer;MN;Minnesota;Midwest
44,88794;-93,0411;South Saint Paul;MN;Minnesota;Midwest
44,83318;-93,0334;Inver Grove Heights;MN;Minnesota;Midwest
45,66322;-93,21881;Stanchfield;MN;Minnesota;Midwest
45,46029;-92,70747;Taylors Falls;MN;Minnesota;Midwest
44,6731;-92,96432;Vermillion;MN;Minnesota;Midwest
45,05382;-92,9573;Willernie;MN;Minnesota;Midwest
45,28872;-93,42333;Anoka;MN;Minnesota;Midwest
45,42944;-93,83561;Becker;MN;Minnesota;Midwest
45,37758;-93,74107;Big Lake;MN;Minnesota;Midwest
44,75599;-94,87624;Bird Island;MN;Minnesota;Midwest
45,1052;-93,49495;Maple Grove;MN;Minnesota;Midwest
44,70853;-94,34489;Brownton;MN;Minnesota;Midwest
44,77214;-94,6;Buffalo Lake;MN;Minnesota;Midwest
45,17021;-93,39032;Champlin;MN;Minnesota;Midwest
44,85711;-93,55096;Chanhassen;MN;Minnesota;Midwest
44,81169;-93,63703;Chaska;MN;Minnesota;Midwest
45,08406;-94,193;Cokato;MN;Minnesota;Midwest
44,77006;-93,7861;Cologne;MN;Minnesota;Midwest
45,05676;-94,42554;Darwin;MN;Minnesota;Midwest
45,08432;-94,32031;Dassel;MN;Minnesota;Midwest
45,30798;-94,57039;Eden Valley;MN;Minnesota;Midwest
45,33359;-93,5679;Elk River;MN;Minnesota;Midwest
44,90124;-93,60832;Excelsior;MN;Minnesota;Midwest
44,52969;-94,54621;Gibbon;MN;Minnesota;Midwest
44,66996;-93,99688;Green Isle;MN;Minnesota;Midwest
45,07761;-93,57508;Hamel;MN;Minnesota;Midwest
44,86452;-93,43037;Eden Prairie;MN;Minnesota;Midwest
44,91526;-93,4838;Minnetonka;MN;Minnesota;Midwest
45,06238;-94,07438;Howard Lake;MN;Minnesota;Midwest
44,88466;-94,0701;Lester Prairie;MN;Minnesota;Midwest
45,24637;-94,00049;Maple Lake;MN;Minnesota;Midwest
45,00464;-93,70112;Maple Plain;MN;Minnesota;Midwest
44,91331;-93,92065;Mayer;MN;Minnesota;Midwest
44,93974;-93,67486;Mound;MN;Minnesota;Midwest
44,89142;-93,97499;New Germany;MN;Minnesota;Midwest
44,7458;-93,89679;Norwood Young America;MN;Minnesota;Midwest
44,78077;-94,03892;Plato;MN;Minnesota;Midwest
44,67791;-93,41237;Prior Lake;MN;Minnesota;Midwest
44,89475;-93,73129;Saint Bonifacius;MN;Minnesota;Midwest
44,75492;-93,51713;Shakopee;MN;Minnesota;Midwest
44,9364;-93,63201;Spring Park;MN;Minnesota;Midwest
44,85643;-93,77903;Waconia;MN;Minnesota;Midwest
44,96009;-93,54225;Wayzata;MN;Minnesota;Midwest
45,45787;-93,5903;Zimmerman;MN;Minnesota;Midwest
47,23404;-91,36425;Beaver Bay;MN;Minnesota;Midwest
47,33207;-91,91047;Brimson;MN;Minnesota;Midwest
47,5441;-91,19441;Finland;MN;Minnesota;Midwest
47,96242;-89,75529;Grand Portage;MN;Minnesota;Midwest
47,96785;-90,02818;Hovland;MN;Minnesota;Midwest
46,9636;-91,78554;Knife River;MN;Minnesota;Midwest
47,77937;-90,70401;Lutsen;MN;Minnesota;Midwest
47,57023;-90,97293;Schroeder;MN;Minnesota;Midwest
47,74561;-90,87695;Tofte;MN;Minnesota;Midwest
47,25095;-91,66982;Two Harbors;MN;Minnesota;Midwest
46,97121;-92,6448;Alborn;MN;Minnesota;Midwest
47,73932;-92,78119;Angora;MN;Minnesota;Midwest
46,2057;-92,76581;Askov;MN;Minnesota;Midwest
47,67432;-91,95261;Babbitt;MN;Minnesota;Midwest
47,53527;-92,34766;Biwabik;MN;Minnesota;Midwest
47,40431;-93,3804;Bovey;MN;Minnesota;Midwest
47,05026;-92,38642;Canyon;MN;Minnesota;Midwest
47,55408;-92,85807;Chisholm;MN;Minnesota;Midwest
46,75138;-92,5399;Cloquet;MN;Minnesota;Midwest
47,28253;-93,4338;Coleraine;MN;Minnesota;Midwest
47,83764;-92,86715;Cook;MN;Minnesota;Midwest
47,17874;-92,37277;Cotton;MN;Minnesota;Midwest
48,33849;-92,5811;Crane Lake;MN;Minnesota;Midwest
46,71141;-92,36297;Esko;MN;Minnesota;Midwest
47,38274;-92,4938;Eveleth;MN;Minnesota;Midwest
46,21756;-93,01688;Finlayson;MN;Minnesota;Midwest
46,97542;-92,92136;Floodwood;MN;Minnesota;Midwest
47,27342;-92,65826;Forbes;MN;Minnesota;Midwest
47,35766;-92,95698;Hibbing;MN;Minnesota;Midwest
46,99372;-93,59693;Hill City;MN;Minnesota;Midwest
47,53251;-91,99517;Hoyt Lakes;MN;Minnesota;Midwest
47,39283;-92,66815;Iron;MN;Minnesota;Midwest
46,95494;-93,25323;Jacobson;MN;Minnesota;Midwest
47,39692;-93,07991;Keewatin;MN;Minnesota;Midwest
46,37535;-92,60128;Kerrick;MN;Minnesota;Midwest
46,51594;-92,93475;Kettle River;MN;Minnesota;Midwest
47,50823;-92,72141;Kinney;MN;Minnesota;Midwest
47,33127;-92,22262;Makinen;MN;Minnesota;Midwest
47,10057;-92,74545;Meadowlands;MN;Minnesota;Midwest
46,45236;-92,76536;Moose Lake;MN;Minnesota;Midwest
47,51444;-92,67263;Mountain Iron;MN;Minnesota;Midwest
47,47994;-93,18579;Nashwauk;MN;Minnesota;Midwest
48,12398;-92,93101;Orr;MN;Minnesota;Midwest
48,11019;-93,10032;Nett Lake;MN;Minnesota;Midwest
47,30588;-93,1646;Pengilly;MN;Minnesota;Midwest
47,67587;-93,06524;Side Lake;MN;Minnesota;Midwest
47,82314;-92,20524;Soudan;MN;Minnesota;Midwest
46,40836;-92,92625;Sturgeon Lake;MN;Minnesota;Midwest
47,05306;-93,18769;Swan River;MN;Minnesota;Midwest
46,92332;-93,74591;Swatara;MN;Minnesota;Midwest
47,31916;-93,38227;Taconite;MN;Minnesota;Midwest
46,73707;-93,11756;Tamarack;MN;Minnesota;Midwest
47,8288;-92,37596;Tower;MN;Minnesota;Midwest
47,60027;-92,48261;Virginia;MN;Minnesota;Midwest
47,11585;-93,28442;Warba;MN;Minnesota;Midwest
46,31337;-92,87031;Willow River;MN;Minnesota;Midwest
46,56978;-92,36431;Wrenshall;MN;Minnesota;Midwest
46,72138;-92,97907;Wright;MN;Minnesota;Midwest
44,13285;-91,97285;Altura;MN;Minnesota;Midwest
43,88164;-93,0716;Blooming Prairie;MN;Minnesota;Midwest
43,74236;-92,84673;Brownsdale;MN;Minnesota;Midwest
43,90962;-91,46503;Dakota;MN;Minnesota;Midwest
44,0335;-92,87291;Dodge Center;MN;Minnesota;Midwest
43,51424;-91,39703;Eitzen;MN;Minnesota;Midwest
44,00388;-92,26573;Eyota;MN;Minnesota;Midwest
43,70943;-92,58524;Grand Meadow;MN;Minnesota;Midwest
43,89417;-92,80775;Hayfield;MN;Minnesota;Midwest
43,72558;-91,35382;Hokah;MN;Minnesota;Midwest
43,98754;-92,73758;Kasson;MN;Minnesota;Midwest
43,82412;-91,35666;La Crescent;MN;Minnesota;Midwest
43,52772;-92,96521;Lyle;MN;Minnesota;Midwest
43,56422;-91,78455;Mabel;MN;Minnesota;Midwest
44,09179;-92,73985;Mantorville;MN;Minnesota;Midwest
44,28382;-92,53068;Mazeppa;MN;Minnesota;Midwest
44,11287;-91,78365;Minnesota City;MN;Minnesota;Midwest
44,14226;-92,53564;Oronoco;MN;Minnesota;Midwest
44,39793;-92,0898;Reads Landing;MN;Minnesota;Midwest
44,08263;-91,87658;Rollingstone;MN;Minnesota;Midwest
43,59681;-92,83118;Rose Creek;MN;Minnesota;Midwest
43,80794;-92,772;Sargeant;MN;Minnesota;Midwest
43,86378;-92,48394;Stewartville;MN;Minnesota;Midwest
43,55371;-92,64792;Taopi;MN;Minnesota;Midwest
44,35375;-92,06518;Wabasha;MN;Minnesota;Midwest
44,29344;-92,80827;Wanamingo;MN;Minnesota;Midwest
44,15669;-92,90259;West Concord;MN;Minnesota;Midwest
43,7285;-92,2591;Wykoff;MN;Minnesota;Midwest
44,25903;-92,41986;Zumbro Falls;MN;Minnesota;Midwest
44,30557;-92,6827;Zumbrota;MN;Minnesota;Midwest
44,13193;-93,97789;Mankato;MN;Minnesota;Midwest
43,66085;-93,3238;Albert Lea;MN;Minnesota;Midwest
43,62142;-94,10734;Blue Earth;MN;Minnesota;Midwest
43,58363;-93,82568;Bricelyn;MN;Minnesota;Midwest
43,76378;-93,34855;Clarks Grove;MN;Minnesota;Midwest
44,11476;-94,89016;Comfrey;MN;Minnesota;Midwest
43,6146;-93,53019;Conger;MN;Minnesota;Midwest
44,05264;-94,83869;Darfur;MN;Minnesota;Midwest
44,22435;-93,71052;Elysian;MN;Minnesota;Midwest
43,52519;-93,53003;Emmons;MN;Minnesota;Midwest
44,32485;-94,60485;Essig;MN;Minnesota;Midwest
43,77583;-93,56078;Freeborn;MN;Minnesota;Midwest
43,55926;-93,93118;Frost;MN;Minnesota;Midwest
44,0172;-94,0465;Good Thunder;MN;Minnesota;Midwest
43,66246;-94,32287;Granada;MN;Minnesota;Midwest
44,15514;-94,52238;Hanska;MN;Minnesota;Midwest
44,26006;-93,94706;Kasota;MN;Minnesota;Midwest
43,53649;-93,70868;Kiester;MN;Minnesota;Midwest
44,32158;-93,5576;Kilkenny;MN;Minnesota;Midwest
44,12693;-94,24531;Lake Crystal;MN;Minnesota;Midwest
44,3954;-93,72045;Le Center;MN;Minnesota;Midwest
44,44424;-93,91441;Le Sueur;MN;Minnesota;Midwest
44,0483;-94,41469;Madelia;MN;Minnesota;Midwest
44,218;-93,81791;Madison Lake;MN;Minnesota;Midwest
43,86303;-93,80601;Minnesota Lake;MN;Minnesota;Midwest
44,53459;-93,58209;New Prague;MN;Minnesota;Midwest
43,89677;-93,5125;New Richland;MN;Minnesota;Midwest
44,30757;-94,46878;New Ulm;MN;Minnesota;Midwest
44,32344;-94,20181;Nicollet;MN;Minnesota;Midwest
43,73516;-94,43663;Northrop;MN;Minnesota;Midwest
44,35217;-94,03329;Saint Peter;MN;Minnesota;Midwest
44,29279;-94,73547;Sleepy Eye;MN;Minnesota;Midwest
43,82647;-94,45031;Truman;MN;Minnesota;Midwest
44,06342;-93,51683;Waseca;MN;Minnesota;Midwest
43,88404;-95,13991;Windom;MN;Minnesota;Midwest
44,40218;-96,14904;Arco;MN;Minnesota;Midwest
44,21514;-95,90038;Balaton;MN;Minnesota;Midwest
43,61782;-96,37893;Beaver Creek;MN;Minnesota;Midwest
43,52662;-95,68607;Bigelow;MN;Minnesota;Midwest
43,93616;-95,03555;Bingham Lake;MN;Minnesota;Midwest
43,96083;-94,79139;Butterfield;MN;Minnesota;Midwest
43,53858;-94,61051;Ceylon;MN;Minnesota;Midwest
44,05452;-95,54774;Dovray;MN;Minnesota;Midwest
43,54892;-94,77261;Dunnell;MN;Minnesota;Midwest
43,86305;-95,57219;Fulda;MN;Minnesota;Midwest
44,20196;-95,75792;Garvin;MN;Minnesota;Midwest
43,83246;-95,32424;Heron Lake;MN;Minnesota;Midwest
43,90959;-96,36703;Ihlen;MN;Minnesota;Midwest
43,88184;-95,78962;Iona;MN;Minnesota;Midwest
44,05577;-95,17384;Jeffers;MN;Minnesota;Midwest
43,58006;-96,10343;Kanaranzi;MN;Minnesota;Midwest
43,75726;-96,05985;Kenneth;MN;Minnesota;Midwest
44,30059;-96,30454;Lake Benton;MN;Minnesota;Midwest
43,63469;-95,21266;Lakefield;MN;Minnesota;Midwest
44,03304;-95,92833;Lake Wilson;MN;Minnesota;Midwest
44,22702;-95,2733;Lamberton;MN;Minnesota;Midwest
43,83012;-96,01506;Leota;MN;Minnesota;Midwest
43,76707;-95,94117;Lismore;MN;Minnesota;Midwest
44,39702;-95,94805;Lynd;MN;Minnesota;Midwest
43,94363;-94,93598;Mountain Lake;MN;Minnesota;Midwest
43,83311;-94,81041;Odin;MN;Minnesota;Midwest
43,70637;-95,32519;Okabena;MN;Minnesota;Midwest
43,84034;-94,66736;Ormsby;MN;Minnesota;Midwest
44,04936;-96,33361;Pipestone;MN;Minnesota;Midwest
43,61552;-95,80358;Rushmore;MN;Minnesota;Midwest
44,16694;-96,08647;Ruthton;MN;Minnesota;Midwest
43,66902;-94,75925;Sherburn;MN;Minnesota;Midwest
44,01212;-95,7702;Slayton;MN;Minnesota;Midwest
43,52505;-96,24186;Steen;MN;Minnesota;Midwest
44,01525;-95,30466;Storden;MN;Minnesota;Midwest
43,78319;-94,72835;Trimont;MN;Minnesota;Midwest
43,7932;-95,82659;Wilmont;MN;Minnesota;Midwest
45,10181;-95,04226;Willmar;MN;Minnesota;Midwest
45,55739;-96,55958;Barry;MN;Minnesota;Midwest
45,58641;-96,6828;Beardsley;MN;Minnesota;Midwest
44,60804;-95,32943;Belview;MN;Minnesota;Midwest
44,93886;-95,05532;Blomkest;MN;Minnesota;Midwest
45,5977;-96,81913;Browns Valley;MN;Minnesota;Midwest
44,73125;-96,29339;Canby;MN;Minnesota;Midwest
45,55583;-96,1938;Chokio;MN;Minnesota;Midwest
44,98586;-95,36229;Clara City;MN;Minnesota;Midwest
44,76259;-95,81691;Clarkfield;MN;Minnesota;Midwest
45,41065;-95,67705;Clontarf;MN;Minnesota;Midwest
45,29436;-96,16938;Correll;MN;Minnesota;Midwest
44,93619;-94,67715;Cosmos;MN;Minnesota;Midwest
44,79284;-95,09288;Danube;MN;Minnesota;Midwest
45,70588;-96,01079;Donnelly;MN;Minnesota;Midwest
44,61956;-95,43489;Echo;MN;Minnesota;Midwest
44,68508;-95,67574;Hanley Falls;MN;Minnesota;Midwest
45,79317;-96,13677;Herman;MN;Minnesota;Midwest
45,14046;-94,9198;Kandiyohi;MN;Minnesota;Midwest
45,17785;-95,30397;Kerkhoven;MN;Minnesota;Midwest
44,9628;-94,87889;Lake Lillian;MN;Minnesota;Midwest
44,39426;-95,41707;Lucan;MN;Minnesota;Midwest
44,57529;-95,98001;Minneota;MN;Minnesota;Midwest
45,0064;-95,70098;Montevideo;MN;Minnesota;Midwest
45,24125;-95,41288;Murdock;MN;Minnesota;Midwest
45,21651;-95,17585;Pennock;MN;Minnesota;Midwest
44,94833;-95,16479;Prinsburg;MN;Minnesota;Midwest
44,53208;-95,14225;Redwood Falls;MN;Minnesota;Midwest
44,77729;-95,20204;Renville;MN;Minnesota;Midwest
44,78837;-95,34797;Sacred Heart;MN;Minnesota;Midwest
44,47537;-95,3262;Seaforth;MN;Minnesota;Midwest
45,24218;-94,94847;Spicer;MN;Minnesota;Midwest
45,33334;-95,2236;Sunburg;MN;Minnesota;Midwest
44,49734;-95,44863;Vesta;MN;Minnesota;Midwest
44,31481;-95,21313;Wanda;MN;Minnesota;Midwest
45,82981;-96,46953;Wheaton;MN;Minnesota;Midwest
44,63005;-95,54428;Wood Lake;MN;Minnesota;Midwest
45,89756;-95,89852;Barrett;MN;Minnesota;Midwest
45,78403;-93,55273;Bock;MN;Minnesota;Midwest
45,81139;-94,43189;Bowlus;MN;Minnesota;Midwest
45,49959;-95,14992;Brooten;MN;Minnesota;Midwest
45,85332;-94,67085;Burtrum;MN;Minnesota;Midwest
46,00488;-95,22322;Carlos;MN;Minnesota;Midwest
45,63321;-95,72586;Cyrus;MN;Minnesota;Midwest
45,56303;-94,94732;Elrosa;MN;Minnesota;Midwest
45,9519;-94,52147;Flensburg;MN;Minnesota;Midwest
45,75018;-93,75117;Foreston;MN;Minnesota;Midwest
45,60137;-94,85941;Greenwald;MN;Minnesota;Midwest
45,82349;-94,76175;Grey Eagle;MN;Minnesota;Midwest
45,75534;-94,44871;Holdingford;MN;Minnesota;Midwest
46,18347;-93,40392;Isle;MN;Minnesota;Midwest
45,96978;-94,86155;Long Prairie;MN;Minnesota;Midwest
46,31101;-93,23922;McGrath;MN;Minnesota;Midwest
45,79667;-93,62587;Milaca;MN;Minnesota;Midwest
46,06034;-95,27496;Miltona;MN;Minnesota;Midwest
45,63334;-94,73332;New Munich;MN;Minnesota;Midwest
45,84069;-93,4488;Ogilvie;MN;Minnesota;Midwest
46,08979;-93,67786;Onamia;MN;Minnesota;Midwest
45,87482;-95,12686;Osakis;MN;Minnesota;Midwest
46,16146;-95,3351;Parkers Prairie;MN;Minnesota;Midwest
45,69627;-93,65409;Pease;MN;Minnesota;Midwest
46,01605;-94,06704;Pierz;MN;Minnesota;Midwest
45,50241;-94,66731;Saint Martin;MN;Minnesota;Midwest
45,6405;-94,23033;Sartell;MN;Minnesota;Midwest
45,72308;-94,97982;Sauk Centre;MN;Minnesota;Midwest
45,63966;-94,08394;Sauk Rapids;MN;Minnesota;Midwest
45,55523;-95,54669;Starbuck;MN;Minnesota;Midwest
45,9146;-94,611;Swanville;MN;Minnesota;Midwest
45,8099;-94,56759;Upsala;MN;Minnesota;Midwest
45,70349;-95,20681;Villard;MN;Minnesota;Midwest
46,11402;-93,52176;Wahkon;MN;Minnesota;Midwest
45,53215;-94,24141;Waite Park;MN;Minnesota;Midwest
46,32259;-94,11974;Brainerd;MN;Minnesota;Midwest
46,4828;-93,64356;Aitkin;MN;Minnesota;Midwest
46,9598;-94,68519;Akeley;MN;Minnesota;Midwest
46,33797;-94,93437;Aldrich;MN;Minnesota;Midwest
46,80872;-94,53089;Backus;MN;Minnesota;Midwest
46,25049;-95,05654;Bertha;MN;Minnesota;Midwest
46,13873;-94,80874;Browerville;MN;Minnesota;Midwest
46,14658;-94,9573;Clarissa;MN;Minnesota;Midwest
46,67629;-94,09726;Crosslake;MN;Minnesota;Midwest
46,4175;-93,87804;Deerwood;MN;Minnesota;Midwest
46,12448;-95,08966;Eagle Bend;MN;Minnesota;Midwest
46,74151;-93,90262;Emily;MN;Minnesota;Midwest
46,78604;-94,09014;Fifty Lakes;MN;Minnesota;Midwest
46,17436;-94,27214;Fort Ripley;MN;Minnesota;Midwest
46,76538;-95,10382;Menahga;MN;Minnesota;Midwest
46,53459;-94,11381;Merrifield;MN;Minnesota;Midwest
46,41522;-94,63137;Motley;MN;Minnesota;Midwest
46,97714;-94,83753;Nevis;MN;Minnesota;Midwest
46,49141;-94,29856;Nisswa;MN;Minnesota;Midwest
46,77701;-93,5463;Palisade;MN;Minnesota;Midwest
47,02368;-95,09433;Park Rapids;MN;Minnesota;Midwest
46,57507;-94,34884;Pequot Lakes;MN;Minnesota;Midwest
46,35649;-94,48355;Pillager;MN;Minnesota;Midwest
46,64363;-94,99653;Sebeka;MN;Minnesota;Midwest
46,43719;-94,78939;Staples;MN;Minnesota;Midwest
46,46706;-94,93446;Verndale;MN;Minnesota;Midwest
46,83665;-95,82233;Detroit Lakes;MN;Minnesota;Midwest
46,29444;-95,708;Battle Lake;MN;Minnesota;Midwest
47,44368;-95,96663;Bejou;MN;Minnesota;Midwest
47,55474;-96,53825;Beltrami;MN;Minnesota;Midwest
47,15914;-96,4877;Borup;MN;Minnesota;Midwest
46,21115;-95,606;Clitherall;MN;Minnesota;Midwest
46,37383;-95,31806;Deer Creek;MN;Minnesota;Midwest
46,53066;-95,80983;Dent;MN;Minnesota;Midwest
46,88027;-96,69754;Dilworth;MN;Minnesota;Midwest
45,98967;-95,98376;Elbow Lake;MN;Minnesota;Midwest
46,46325;-96,01431;Erhard;MN;Minnesota;Midwest
47,67541;-96,04611;Erskine;MN;Minnesota;Midwest
46,27697;-96,08977;Fergus Falls;MN;Minnesota;Midwest
47,16606;-96,13081;Flom;MN;Minnesota;Midwest
47,56679;-95,72331;Fosston;MN;Minnesota;Midwest
46,28541;-96,33654;Foxhome;MN;Minnesota;Midwest
46,75894;-95,59693;Frazee;MN;Minnesota;Midwest
47,37025;-96,75392;Halstad;MN;Minnesota;Midwest
47,2697;-96,74867;Hendrum;MN;Minnesota;Midwest
46,9814;-96,21602;Hitterdal;MN;Minnesota;Midwest
47,32422;-95,837;Mahnomen;MN;Minnesota;Midwest
47,24724;-95,61322;Naytahwaush;MN;Minnesota;Midwest
47,5292;-96,77925;Nielsville;MN;Minnesota;Midwest
46,43856;-95,53939;Ottertail;MN;Minnesota;Midwest
46,60485;-96,08682;Pelican Rapids;MN;Minnesota;Midwest
47,20085;-96,70242;Perley;MN;Minnesota;Midwest
47,03827;-95,43146;Ponsford;MN;Minnesota;Midwest
46,9264;-95,65563;Rochert;MN;Minnesota;Midwest
46,4688;-96,34229;Rothsay;MN;Minnesota;Midwest
46,73944;-96,61004;Sabin;MN;Minnesota;Midwest
47,45725;-96,76141;Shelly;MN;Minnesota;Midwest
46,00332;-96,40667;Tintah;MN;Minnesota;Midwest
47,23087;-96,23496;Twin Valley;MN;Minnesota;Midwest
47,08896;-96,24492;Ulen;MN;Minnesota;Midwest
46,63721;-95,8628;Vergas;MN;Minnesota;Midwest
47,17959;-95,71984;Waubun;MN;Minnesota;Midwest
47,09968;-95,84357;White Earth;MN;Minnesota;Midwest
47,53542;-96,00769;Winger;MN;Minnesota;Midwest
46,54906;-96,64493;Wolverton;MN;Minnesota;Midwest
47,50985;-94,84921;Bemidji;MN;Minnesota;Midwest
48,59722;-94,56913;Baudette;MN;Minnesota;Midwest
47,36404;-94,18421;Bena;MN;Minnesota;Midwest
47,69575;-93,5215;Bigfork;MN;Minnesota;Midwest
48,51494;-94,12546;Birchdale;MN;Minnesota;Midwest
47,74432;-94,49852;Blackduck;MN;Minnesota;Midwest
47,31957;-94,50911;Cass Lake;MN;Minnesota;Midwest
47,68577;-95,40169;Clearbrook;MN;Minnesota;Midwest
47,40283;-93,86518;Deer River;MN;Minnesota;Midwest
47,61872;-93,83941;Talmoon;MN;Minnesota;Midwest
47,90275;-93,53399;Effie;MN;Minnesota;Midwest
47,19848;-94,25804;Federal Dam;MN;Minnesota;Midwest
47,78095;-95,51263;Gonvick;MN;Minnesota;Midwest
47,78925;-95,62865;Gully;MN;Minnesota;Midwest
47,68782;-94,62187;Hines;MN;Minnesota;Midwest
48,53122;-93,13224;International Falls;MN;Minnesota;Midwest
47,9979;-94,56351;Kelliher;MN;Minnesota;Midwest
47,43883;-95,6172;Lengby;MN;Minnesota;Midwest
48,28327;-93,58558;Littlefork;MN;Minnesota;Midwest
48,47285;-93,94153;Loman;MN;Minnesota;Midwest
46,98292;-94,23014;Longville;MN;Minnesota;Midwest
47,57237;-93,61544;Marcell;MN;Minnesota;Midwest
48,11248;-93,93302;Margie;MN;Minnesota;Midwest
47,62116;-94,01899;Max;MN;Minnesota;Midwest
47,96653;-94,17022;Mizpah;MN;Minnesota;Midwest
47,84302;-94,13856;Northome;MN;Minnesota;Midwest
46,84524;-93,89926;Outing;MN;Minnesota;Midwest
48,03391;-94,8365;Ponemah;MN;Minnesota;Midwest
47,73569;-94,94199;Puposky;MN;Minnesota;Midwest
48,61454;-93,3467;Ranier;MN;Minnesota;Midwest
48,37718;-93,22655;Kabetogama;MN;Minnesota;Midwest
47,85001;-94,86912;Redby;MN;Minnesota;Midwest
47,94006;-95,31791;Red Lake;MN;Minnesota;Midwest
47,0734;-94,02267;Remer;MN;Minnesota;Midwest
47,52188;-95,19877;Shevlin;MN;Minnesota;Midwest
47,4298;-95,11768;Solway;MN;Minnesota;Midwest
47,5488;-94,25132;Squaw Lake;MN;Minnesota;Midwest
47,72124;-94,7512;Tenstrike;MN;Minnesota;Midwest
47,87109;-95,70401;Trail;MN;Minnesota;Midwest
48,23841;-94,51997;Waskish;MN;Minnesota;Midwest
47,7699;-93,89172;Wirt;MN;Minnesota;Midwest
48,12021;-96,1994;Thief River Falls;MN;Minnesota;Midwest
48,2182;-96,99776;Alvarado;MN;Minnesota;Midwest
49,09907;-94,97591;Angle Inlet;MN;Minnesota;Midwest
47,74189;-96,55522;Crookston;MN;Minnesota;Midwest
47,97108;-96,94336;East Grand Forks;MN;Minnesota;Midwest
48,44534;-95,73473;Gatzke;MN;Minnesota;Midwest
48,1477;-95,70485;Goodridge;MN;Minnesota;Midwest
48,34945;-95,38946;Grygla;MN;Minnesota;Midwest
48,78736;-96,99149;Hallock;MN;Minnesota;Midwest
48,66558;-96,59438;Halma;MN;Minnesota;Midwest
48,5863;-96,49276;Karlstad;MN;Minnesota;Midwest
48,76776;-96,58134;Lake Bronson;MN;Minnesota;Midwest
48,34448;-96,33456;Newfolden;MN;Minnesota;Midwest
47,92728;-95,82076;Oklee;MN;Minnesota;Midwest
48,23456;-97,1089;Oslo;MN;Minnesota;Midwest
47,92066;-96,00743;Plummer;MN;Minnesota;Midwest
47,89027;-96,30172;Red Lake Falls;MN;Minnesota;Midwest
48,80929;-95,76035;Roseau;MN;Minnesota;Midwest
47,99065;-96,18199;Saint Hilaire;MN;Minnesota;Midwest
48,97141;-97,1152;Saint Vincent;MN;Minnesota;Midwest
48,90302;-95,56388;Salol;MN;Minnesota;Midwest
48,47641;-96,90596;Stephen;MN;Minnesota;Midwest
48,46201;-96,51891;Strandquist;MN;Minnesota;Midwest
48,55188;-96,08011;Strathcona;MN;Minnesota;Midwest
48,24037;-96,44586;Viking;MN;Minnesota;Midwest
48,60862;-95,69725;Wannaska;MN;Minnesota;Midwest
48,80879;-95,34167;Warroad;MN;Minnesota;Midwest
42,9981;-96,65492;Alcester;SD;South Dakota;Midwest
43,07571;-96,79376;Beresford;SD;South Dakota;Midwest
44,31588;-96,79518;Brookings;SD;South Dakota;Midwest
43,59683;-97,27986;Canistota;SD;South Dakota;Midwest
44,02246;-96,82788;Colman;SD;South Dakota;Midwest
43,67796;-96,82665;Crooks;SD;South Dakota;Midwest
43,85081;-96,7327;Dell Rapids;SD;South Dakota;Midwest
43,98538;-96,68146;Egan;SD;South Dakota;Midwest
42,71718;-96,68894;Elk Point;SD;South Dakota;Midwest
44,05766;-96,60443;Flandreau;SD;South Dakota;Midwest
43,73435;-96,53549;Garretson;SD;South Dakota;Midwest
42,87058;-97,18655;Gayville;SD;South Dakota;Midwest
43,10146;-97,25318;Irene;SD;South Dakota;Midwest
43,33659;-96,86755;Lennox;SD;South Dakota;Midwest
43,06206;-97,58582;Lesterville;SD;South Dakota;Midwest
43,20051;-97,52425;Menno;SD;South Dakota;Midwest
42,9563;-97,30113;Mission Hill;SD;South Dakota;Midwest
42,52486;-96,50732;North Sioux City;SD;South Dakota;Midwest
44,21741;-97,35066;Oldham;SD;South Dakota;Midwest
44,12162;-97,25799;Ramona;SD;South Dakota;Midwest
43,66638;-96,73973;Renner;SD;South Dakota;Midwest
44,24452;-97,04399;Sinai;SD;South Dakota;Midwest
43,45563;-96,87489;Tea;SD;South Dakota;Midwest
43,90041;-96,60631;Trent;SD;South Dakota;Midwest
42,98874;-97,86703;Tyndall;SD;South Dakota;Midwest
43,57435;-96,49361;Valley Springs;SD;South Dakota;Midwest
43,182;-97,1702;Viborg;SD;South Dakota;Midwest
42,98747;-97,20363;Volin;SD;South Dakota;Midwest
43,00227;-97,05754;Wakonda;SD;South Dakota;Midwest
43,97673;-97,35307;Winfred;SD;South Dakota;Midwest
43,31574;-96,75699;Worthing;SD;South Dakota;Midwest
42,91782;-97,44702;Yankton;SD;South Dakota;Midwest
43,538;-96,69241;Sioux Falls;SD;South Dakota;Midwest
45,30041;-96,52471;Big Stone City;SD;South Dakota;Midwest
44,65787;-96,59624;Brandt;SD;South Dakota;Midwest
45,81332;-97,15672;Claire City;SD;South Dakota;Midwest
44,3749;-97,58243;De Smet;SD;South Dakota;Midwest
44,59719;-96,89929;Estelline;SD;South Dakota;Midwest
44,87287;-96,86231;Goodwin;SD;South Dakota;Midwest
45,51223;-97,30938;Grenville;SD;South Dakota;Midwest
44,69742;-97,21747;Hayti;SD;South Dakota;Midwest
44,89365;-96,91835;Kranzburg;SD;South Dakota;Midwest
45,05639;-96,66914;Labolt;SD;South Dakota;Midwest
44,58063;-97,19328;Lake Norden;SD;South Dakota;Midwest
44,37111;-97,3646;Lake Preston;SD;South Dakota;Midwest
45,27717;-96,93677;Marvin;SD;South Dakota;Midwest
45,20507;-96,61053;Milbank;SD;South Dakota;Midwest
45,86702;-96,94985;New Effington;SD;South Dakota;Midwest
45,24918;-97,20156;Ortley;SD;South Dakota;Midwest
45,49975;-97,02982;Peever;SD;South Dakota;Midwest
45,00047;-96,56786;Revillo;SD;South Dakota;Midwest
45,67288;-97,06641;Sisseton;SD;South Dakota;Midwest
44,98866;-96,79591;Strandburg;SD;South Dakota;Midwest
45,22273;-96,80182;Twin Brooks;SD;South Dakota;Midwest
45,84824;-97,32999;Veblen;SD;South Dakota;Midwest
45,33334;-97,27574;Waubay;SD;South Dakota;Midwest
44,64689;-97,68227;Willow Lake;SD;South Dakota;Midwest
43,31085;-98,36327;Armour;SD;South Dakota;Midwest
44,0509;-97,98904;Artesian;SD;South Dakota;Midwest
43,13153;-98,97891;Bonesteel;SD;South Dakota;Midwest
43,87294;-97,54864;Canova;SD;South Dakota;Midwest
44,30154;-98,04535;Cavour;SD;South Dakota;Midwest
43,5465;-97,64762;Emery;SD;South Dakota;Midwest
43,54199;-97,99492;Ethan;SD;South Dakota;Midwest
44,00108;-97,79048;Fedora;SD;South Dakota;Midwest
44,11233;-99,47862;Fort Thompson;SD;South Dakota;Midwest
44,08077;-99,08974;Gann Valley;SD;South Dakota;Midwest
43,24561;-98,70054;Geddes;SD;South Dakota;Midwest
44,5687;-99,45009;Highmore;SD;South Dakota;Midwest
44,24818;-99,45756;Stephan;SD;South Dakota;Midwest
44,62147;-98,36483;Hitchcock;SD;South Dakota;Midwest
44,36944;-97,83438;Iroquois;SD;South Dakota;Midwest
43,19099;-97,84236;Kaylor;SD;South Dakota;Midwest
43,1468;-98,51803;Lake Andes;SD;South Dakota;Midwest
42,99459;-98,43463;Marty;SD;South Dakota;Midwest
44,47488;-99,06447;Miller;SD;South Dakota;Midwest
43,81148;-99,41723;Oacoma;SD;South Dakota;Midwest
43,3855;-97,94306;Parkston;SD;South Dakota;Midwest
43,06348;-98,5133;Pickstown;SD;South Dakota;Midwest
43,75117;-98,47593;Plankinton;SD;South Dakota;Midwest
43,42544;-98,94606;Platte;SD;South Dakota;Midwest
43,80508;-99,17211;Pukwana;SD;South Dakota;Midwest
44,43146;-99,23104;Ree Heights;SD;South Dakota;Midwest
44,52936;-98,86987;Saint Lawrence;SD;South Dakota;Midwest
43,56222;-98,47877;Stickney;SD;South Dakota;Midwest
43,21948;-97,94176;Tripp;SD;South Dakota;Midwest
44,26428;-98,53795;Virgil;SD;South Dakota;Midwest
43,03387;-98,28916;Wagner;SD;South Dakota;Midwest
44,38717;-98,73267;Wessington;SD;South Dakota;Midwest
44,05561;-98,67303;Wessington Springs;SD;South Dakota;Midwest
44,42044;-98,48477;Wolsey;SD;South Dakota;Midwest
45,2852;-100,14319;Akaska;SD;South Dakota;Midwest
45,44984;-99,67922;Bowdle;SD;South Dakota;Midwest
45,16116;-98,3005;Brentford;SD;South Dakota;Midwest
45,16669;-98,07049;Conde;SD;South Dakota;Midwest
45,16916;-98,90975;Cresbard;SD;South Dakota;Midwest
44,84864;-98,09131;Doland;SD;South Dakota;Midwest
45,78368;-99,618;Eureka;SD;South Dakota;Midwest
45,06899;-99,15462;Faulkton;SD;South Dakota;Midwest
45,33464;-98,10007;Ferney;SD;South Dakota;Midwest
45,86698;-98,15423;Hecla;SD;South Dakota;Midwest
45,61196;-99,41859;Hosmer;SD;South Dakota;Midwest
45,21599;-99,83696;Hoven;SD;South Dakota;Midwest
45,61058;-97,77286;Langford;SD;South Dakota;Midwest
45,16085;-98,43327;Mellette;SD;South Dakota;Midwest
45,20045;-99,45885;Onaka;SD;South Dakota;Midwest
44,87726;-98,86709;Rockham;SD;South Dakota;Midwest
45,4284;-100,10393;Selby;SD;South Dakota;Midwest
45,22843;-99,62031;Tolstoy;SD;South Dakota;Midwest
44,71277;-98,62127;Tulare;SD;South Dakota;Midwest
45,03363;-98,15024;Turton;SD;South Dakota;Midwest
44,53525;-100,31906;Pierre;SD;South Dakota;Midwest
44,84159;-100,16447;Agar;SD;South Dakota;Midwest
44,51014;-99,96352;Blunt;SD;South Dakota;Midwest
43,17814;-99,75901;Colome;SD;South Dakota;Midwest
44,36129;-100,56405;Fort Pierre;SD;South Dakota;Midwest
43,5709;-99,65975;Hamill;SD;South Dakota;Midwest
44,41502;-99,76694;Harrold;SD;South Dakota;Midwest
43,12167;-99,15551;Herrick;SD;South Dakota;Midwest
44,46477;-99,60377;Holabird;SD;South Dakota;Midwest
43,74785;-101,52268;Kadoka;SD;South Dakota;Midwest
43,88374;-99,83647;Kennebec;SD;South Dakota;Midwest
44,08429;-99,62373;Lower Brule;SD;South Dakota;Midwest
44,48547;-101,64489;Milesville;SD;South Dakota;Midwest
43,29828;-100,6601;Mission;SD;South Dakota;Midwest
43,93654;-100,72054;Murdo;SD;South Dakota;Midwest
43,89962;-100,95816;Okaton;SD;South Dakota;Midwest
43,36039;-100,40149;Okreek;SD;South Dakota;Midwest
44,72401;-100,0121;Onida;SD;South Dakota;Midwest
43,31237;-101,10019;Parmelee;SD;South Dakota;Midwest
44,13519;-101,7152;Philip;SD;South Dakota;Midwest
43,88498;-100,08857;Presho;SD;South Dakota;Midwest
43,24284;-100,87127;Rosebud;SD;South Dakota;Midwest
43,10954;-101,36238;Tuthill;SD;South Dakota;Midwest
43,90804;-100,29411;Vivian;SD;South Dakota;Midwest
43,52353;-101,66029;Wanblee;SD;South Dakota;Midwest
43,57484;-100,78578;White River;SD;South Dakota;Midwest
43,28987;-100,05772;Winner;SD;South Dakota;Midwest
43,49115;-100,06382;Witten;SD;South Dakota;Midwest
45,36646;-100,51108;Mobridge;SD;South Dakota;Midwest
45,38425;-102,53897;Bison;SD;South Dakota;Midwest
45,76891;-101,0808;Bullhead;SD;South Dakota;Midwest
45,01587;-101,65925;Dupree;SD;South Dakota;Midwest
44,95738;-101,00369;Eagle Butte;SD;South Dakota;Midwest
45,36358;-100,89192;Glencross;SD;South Dakota;Midwest
45,82924;-100,04927;Herreid;SD;South Dakota;Midwest
45,44584;-101,50046;Isabel;SD;South Dakota;Midwest
45,75231;-101,87895;Keldron;SD;South Dakota;Midwest
45,02905;-101,45414;Lantry;SD;South Dakota;Midwest
45,86899;-102,20758;Lemmon;SD;South Dakota;Midwest
45,679;-100,80324;Little Eagle;SD;South Dakota;Midwest
45,7656;-102,70435;Lodgepole;SD;South Dakota;Midwest
45,78609;-100,72458;McLaughlin;SD;South Dakota;Midwest
45,45155;-102,08224;Meadow;SD;South Dakota;Midwest
45,68753;-100,05395;Mound City;SD;South Dakota;Midwest
45,92722;-100,31755;Pollock;SD;South Dakota;Midwest
45,42387;-101,10696;Timber Lake;SD;South Dakota;Midwest
45,51599;-100,7776;Trail City;SD;South Dakota;Midwest
45,65744;-100,55835;Wakpala;SD;South Dakota;Midwest
45,27005;-100,96433;Whitehorse;SD;South Dakota;Midwest
44,1564;-103,09561;Ellsworth Afb;SD;South Dakota;Midwest
43,07753;-102,2179;Batesland;SD;South Dakota;Midwest
44,96667;-103,92396;Belle Fourche;SD;South Dakota;Midwest
44,17925;-103,36801;Black Hawk;SD;South Dakota;Midwest
44,23059;-102,98312;Box Elder;SD;South Dakota;Midwest
43,45722;-102,98149;Buffalo Gap;SD;South Dakota;Midwest
45,66696;-104,06056;Camp Crook;SD;South Dakota;Midwest
43,93723;-102,80324;Caputa;SD;South Dakota;Midwest
44,23782;-103,64335;Deadwood;SD;South Dakota;Midwest
43,29086;-103,85626;Edgemont;SD;South Dakota;Midwest
44,55618;-102,52096;Enning;SD;South Dakota;Midwest
43,7773;-103,02415;Hermosa;SD;South Dakota;Midwest
44,58484;-102,01082;Howes;SD;South Dakota;Midwest
43,60109;-101,94858;Interior;SD;South Dakota;Midwest
44,26193;-103,87478;Lead;SD;South Dakota;Midwest
43,23729;-102,47544;Manderson;SD;South Dakota;Midwest
44,98737;-102,75985;Mud Butte;SD;South Dakota;Midwest
44,2202;-103,55373;Nemo;SD;South Dakota;Midwest
44,21858;-102,75943;New Underwood;SD;South Dakota;Midwest
44,75285;-103,60902;Nisland;SD;South Dakota;Midwest
43,12;-103,24944;Oelrichs;SD;South Dakota;Midwest
43,23676;-102,75539;Oglala;SD;South Dakota;Midwest
43,35772;-103,18252;Oral;SD;South Dakota;Midwest
44,13841;-102,5721;Owanka;SD;South Dakota;Midwest
43,48182;-102,51903;Porcupine;SD;South Dakota;Midwest
43,59443;-103,59246;Pringle;SD;South Dakota;Midwest
44,08368;-102,00607;Quinn;SD;South Dakota;Midwest
45,24878;-103,51704;Redig;SD;South Dakota;Midwest
44,56449;-103,75969;Saint Onge;SD;South Dakota;Midwest
43,7773;-102,45844;Scenic;SD;South Dakota;Midwest
43,25182;-103,1844;Smithwick;SD;South Dakota;Midwest
44,47106;-103,9219;Spearfish;SD;South Dakota;Midwest
44,10378;-102,20683;Wall;SD;South Dakota;Midwest
44,24388;-102,46514;Wasta;SD;South Dakota;Midwest
44,59559;-102,36376;White Owl;SD;South Dakota;Midwest
43,12071;-102,40695;Wounded Knee;SD;South Dakota;Midwest
46,44837;-96,74134;Abercrombie;ND;North Dakota;Midwest
46,97562;-97,40785;Absaraka;ND;North Dakota;Midwest
47,05261;-96,951;Argusville;ND;North Dakota;Midwest
47,02519;-97,45724;Ayr;ND;North Dakota;Midwest
46,93639;-97,16113;Casselton;ND;North Dakota;Midwest
46,59225;-96,81544;Christine;ND;North Dakota;Midwest
46,04157;-97,84535;Cogswell;ND;North Dakota;Midwest
46,63217;-97,61816;Enderlin;ND;North Dakota;Midwest
46,76222;-97,6686;Fingal;ND;North Dakota;Midwest
46,07071;-97,64413;Forman;ND;North Dakota;Midwest
46,44019;-97,92628;Fort Ransom;ND;North Dakota;Midwest
47,24505;-96,99484;Grandin;ND;North Dakota;Midwest
46,21618;-97,75204;Gwinner;ND;North Dakota;Midwest
46,04775;-96,91006;Hankinson;ND;North Dakota;Midwest
46,7159;-96,87946;Horace;ND;North Dakota;Midwest
46,66291;-98,00054;Kathryn;ND;North Dakota;Midwest
46,63952;-97,0302;Kindred;ND;North Dakota;Midwest
46,05058;-97,18007;Lidgerwood;ND;North Dakota;Midwest
46,42548;-97,26747;Mcleod;ND;North Dakota;Midwest
46,1806;-96,97159;Mantador;ND;North Dakota;Midwest
46,26745;-97,43423;Milnor;ND;North Dakota;Midwest
46,27721;-96,89564;Mooreton;ND;North Dakota;Midwest
46,64361;-97,82937;Nome;ND;North Dakota;Midwest
46,96773;-97,80471;Oriska;ND;North Dakota;Midwest
47,20035;-97,76612;Pillsbury;ND;North Dakota;Midwest
46,24102;-97,83194;Stirum;ND;North Dakota;Midwest
46,21807;-96,87603;Wahpeton;ND;North Dakota;Midwest
46,86276;-96,93125;West Fargo;ND;North Dakota;Midwest
46,31392;-97,14378;Wyndmere;ND;North Dakota;Midwest
47,86938;-97,14013;Grand Forks;ND;North Dakota;Midwest
47,96046;-97,37079;Grand Forks Afb;ND;North Dakota;Midwest
47,6987;-97,99541;Aneta;ND;North Dakota;Midwest
47,92694;-97,49747;Arvilla;ND;North Dakota;Midwest
48,87937;-97,4429;Bathgate;ND;North Dakota;Midwest
48,79446;-97,73789;Cavalier;ND;North Dakota;Midwest
47,51384;-97,02573;Cummings;ND;North Dakota;Midwest
48,16777;-97,94307;Dahlen;ND;North Dakota;Midwest
47,87394;-97,34278;Emerado;ND;North Dakota;Midwest
48,20208;-97,82544;Fordville;ND;North Dakota;Midwest
48,20253;-97,54982;Forest River;ND;North Dakota;Midwest
48,09007;-97,48307;Gilby;ND;North Dakota;Midwest
48,71848;-97,50479;Glasston;ND;North Dakota;Midwest
48,93842;-98,70877;Hannah;ND;North Dakota;Midwest
47,63491;-97,47675;Hatton;ND;North Dakota;Midwest
48,70442;-97,69772;Hensel;ND;North Dakota;Midwest
48,51423;-97,67956;Hoople;ND;North Dakota;Midwest
48,82113;-98,32514;Langdon;ND;North Dakota;Midwest
48,27496;-98,02897;Lankin;ND;North Dakota;Midwest
47,94945;-97,6906;Larimore;ND;North Dakota;Midwest
47,77111;-98,14748;Mcville;ND;North Dakota;Midwest
48,99683;-98,35392;Maida;ND;North Dakota;Midwest
48,08739;-97,20203;Manvel;ND;North Dakota;Midwest
48,01142;-97,33984;Mekinock;ND;North Dakota;Midwest
48,02053;-98,12168;Michigan;ND;North Dakota;Midwest
48,22385;-97,31663;Minto;ND;North Dakota;Midwest
48,95321;-97,5959;Neche;ND;North Dakota;Midwest
48,70158;-98,15518;Osnabrock;ND;North Dakota;Midwest
48,39336;-97,78848;Park River;ND;North Dakota;Midwest
48,90905;-97,28932;Pembina;ND;North Dakota;Midwest
48,29747;-97,66275;Pisek;ND;North Dakota;Midwest
48,13015;-98,88798;Devils Lake;ND;North Dakota;Midwest
48,57485;-99,5307;Agate;ND;North Dakota;Midwest
48,65111;-98,57312;Alsen;ND;North Dakota;Midwest
48,16615;-100,03685;Balta;ND;North Dakota;Midwest
48,83532;-99,78207;Belcourt;ND;North Dakota;Midwest
48,62576;-99,38679;Bisbee;ND;North Dakota;Midwest
48,85121;-100,40303;Bottineau;ND;North Dakota;Midwest
48,2025;-98,32707;Brocket;ND;North Dakota;Midwest
48,48213;-99,21931;Cando;ND;North Dakota;Midwest
48,28613;-99,15569;Churchs Ferry;ND;North Dakota;Midwest
48,10137;-98,5731;Crary;ND;North Dakota;Midwest
48,8682;-100,08927;Dunseith;ND;North Dakota;Midwest
48,64014;-99,09293;Egeland;ND;North Dakota;Midwest
48,04596;-99,76725;Esmond;ND;North Dakota;Midwest
47,97229;-99,00412;Fort Totten;ND;North Dakota;Midwest
48,97175;-99,32709;Hansboro;ND;North Dakota;Midwest
47,95509;-99,52365;Maddock;ND;North Dakota;Midwest
48,10218;-99,31394;Minnewaukan;ND;North Dakota;Midwest
48,70188;-98,86099;Munich;ND;North Dakota;Midwest
48,64005;-99,59928;Mylo;ND;North Dakota;Midwest
48,57504;-98,38528;Nekoma;ND;North Dakota;Midwest
47,67103;-99,07804;New Rockford;ND;North Dakota;Midwest
47,94429;-99,21831;Oberon;ND;North Dakota;Midwest
48,76417;-99,46669;Perth;ND;North Dakota;Midwest
48,83655;-99,23626;Rocklake;ND;North Dakota;Midwest
48,65242;-99,86654;Rolette;ND;North Dakota;Midwest
48,88179;-99,55163;Rolla;ND;North Dakota;Midwest
48,93906;-99,00628;Sarles;ND;North Dakota;Midwest
47,82865;-99,09171;Sheyenne;ND;North Dakota;Midwest
48,46481;-98,87416;Starkweather;ND;North Dakota;Midwest
47,90707;-98,81907;Tokio;ND;North Dakota;Midwest
47,82872;-98,52029;Tolna;ND;North Dakota;Midwest
48,59401;-100,26465;Willow City;ND;North Dakota;Midwest
48,47945;-99,65989;Wolford;ND;North Dakota;Midwest
47,54767;-98,35694;Binford;ND;North Dakota;Midwest
47,43974;-99,06968;Carrington;ND;North Dakota;Midwest
47,59853;-99,39531;Cathay;ND;North Dakota;Midwest
47,41899;-99,82951;Chaseley;ND;North Dakota;Midwest
47,21972;-98,58075;Courtenay;ND;North Dakota;Midwest
47,18768;-98,16282;Dazey;ND;North Dakota;Midwest
47,50831;-100,25954;Denhoff;ND;North Dakota;Midwest
46,50522;-98,49658;Dickey;ND;North Dakota;Midwest
46,36989;-98,72157;Edgeley;ND;North Dakota;Midwest
47,66247;-99,57983;Fessenden;ND;North Dakota;Midwest
46,17119;-98,37844;Fullerton;ND;North Dakota;Midwest
46,56518;-99,18184;Gackle;ND;North Dakota;Midwest
47,57036;-98,78869;Grace City;ND;North Dakota;Midwest
47,30944;-98,21451;Hannaford;ND;North Dakota;Midwest
47,45167;-99,95275;Hurdsfield;ND;North Dakota;Midwest
47,54019;-98,22911;Jessie;ND;North Dakota;Midwest
46,5978;-98,94038;Jud;ND;North Dakota;Midwest
47,30094;-98,72667;Kensal;ND;North Dakota;Midwest
46,25674;-98,95475;Kulm;ND;North Dakota;Midwest
46,36921;-98,29257;Lamoure;ND;North Dakota;Midwest
46,30991;-99,31907;Lehr;ND;North Dakota;Midwest
46,64958;-98,19248;Litchville;ND;North Dakota;Midwest
47,49662;-100,46281;Mcclusky;ND;North Dakota;Midwest
46,09588;-98,13574;Oakes;ND;North Dakota;Midwest
47,14118;-99,53717;Pettibone;ND;North Dakota;Midwest
47,19398;-99,00263;Pingree;ND;North Dakota;Midwest
47,2208;-100,52294;Regan;ND;North Dakota;Midwest
46,9346;-98,42814;Spiritwood;ND;North Dakota;Midwest
46,66176;-99,42186;Streeter;ND;North Dakota;Midwest
47,39421;-99,39279;Sykeston;ND;North Dakota;Midwest
46,85278;-99,60283;Tappen;ND;North Dakota;Midwest
47,17552;-99,99709;Tuttle;ND;North Dakota;Midwest
47,15793;-98,43787;Wimbledon;ND;North Dakota;Midwest
46,27202;-99,60077;Wishek;ND;North Dakota;Midwest
47,14063;-99,30794;Woodworth;ND;North Dakota;Midwest
46,8189;-100,70234;Bismarck;ND;North Dakota;Midwest
46,34174;-100,62751;Cannon Ball;ND;North Dakota;Midwest
47,58387;-101,20289;Coleharbor;ND;North Dakota;Midwest
46,84571;-100,10631;Driscoll;ND;North Dakota;Midwest
46,48724;-101,24558;Flasher;ND;North Dakota;Midwest
46,08833;-100,66983;Fort Yates;ND;North Dakota;Midwest
47,33929;-102,05177;Golden Valley;ND;North Dakota;Midwest
46,49833;-100,37062;Hazelton;ND;North Dakota;Midwest
47,34916;-101,58921;Hazen;ND;North Dakota;Midwest
46,46853;-99,93305;Kintyre;ND;North Dakota;Midwest
46,75148;-100,95036;Mandan;ND;North Dakota;Midwest
46,82106;-100,52127;Menoken;ND;North Dakota;Midwest
46,65182;-100,32407;Moffit;ND;North Dakota;Midwest
46,36354;-102,01095;New Leipzig;ND;North Dakota;Midwest
46,09274;-101,01538;Selfridge;ND;North Dakota;Midwest
46,25777;-101,19276;Shields;ND;North Dakota;Midwest
46,37243;-100,87237;Solen;ND;North Dakota;Midwest
47,2665;-101,93301;Zap;ND;North Dakota;Midwest
46,49732;-103,3551;Amidon;ND;North Dakota;Midwest
47,09771;-103,92652;Beach;ND;North Dakota;Midwest
46,88035;-103,24434;Belfield;ND;North Dakota;Midwest
47,37739;-102,60575;Dunn Center;ND;North Dakota;Midwest
46,7969;-101,82156;Glen Ullin;ND;North Dakota;Midwest
46,68316;-103,95078;Golva;ND;North Dakota;Midwest
47,43683;-103,35647;Grassy Butte;ND;North Dakota;Midwest
47,38924;-102,35351;Halliday;ND;North Dakota;Midwest
46,04056;-102,63905;Hettinger;ND;North Dakota;Midwest
47,44409;-102,89681;Killdeer;ND;North Dakota;Midwest
46,66732;-102,48551;Lefor;ND;North Dakota;Midwest
46,22974;-103,95091;Marmarth;ND;North Dakota;Midwest
46,39826;-102,28782;Mott;ND;North Dakota;Midwest
46,51695;-102,93466;New England;ND;North Dakota;Midwest
46,13762;-102,90857;Reeder;ND;North Dakota;Midwest
46,43241;-102,59033;Regent;ND;North Dakota;Midwest
46,26201;-103,74228;Rhame;ND;North Dakota;Midwest
46,88854;-102,27037;Richardton;ND;North Dakota;Midwest
46,77817;-103,81757;Sentinel Butte;ND;North Dakota;Midwest
46,77921;-103,03163;South Heart;ND;North Dakota;Midwest
48,4232;-101,33152;Minot Afb;ND;North Dakota;Midwest
47,86959;-100,23912;Anamoose;ND;North Dakota;Midwest
48,93262;-101,2752;Antler;ND;North Dakota;Midwest
47,96799;-100,54559;Balfour;ND;North Dakota;Midwest
48,51876;-100,60497;Bantry;ND;North Dakota;Midwest
48,31128;-101,82989;Berthold;ND;North Dakota;Midwest
48,82069;-102,25667;Bowbells;ND;North Dakota;Midwest
47,75433;-100,60281;Butte;ND;North Dakota;Midwest
48,48699;-101,68361;Carpio;ND;North Dakota;Midwest
48,44752;-100,98029;Deering;ND;North Dakota;Midwest
48,16911;-101,59463;Des Lacs;ND;North Dakota;Midwest
48,51508;-101,95757;Donnybrook;ND;North Dakota;Midwest
47,92804;-100,38732;Drake;ND;North Dakota;Midwest
48,90743;-102,39392;Flaxton;ND;North Dakota;Midwest
48,4711;-101,22744;Glenburn;ND;North Dakota;Midwest
48,12073;-100,58774;Karlsruhe;ND;North Dakota;Midwest
48,71921;-102,10115;Kenmare;ND;North Dakota;Midwest
48,66895;-100,64487;Kramer;ND;North Dakota;Midwest
48,82146;-102,59927;Lignite;ND;North Dakota;Midwest
47,96746;-101,81431;Makoti;ND;North Dakota;Midwest
47,67643;-102,54685;Mandaree;ND;North Dakota;Midwest
48,69854;-101,14158;Maxbass;ND;North Dakota;Midwest
48,78736;-101,53019;Mohall;ND;North Dakota;Midwest
47,98362;-102,58401;New Town;ND;North Dakota;Midwest
48,87261;-103,03805;Noonan;ND;North Dakota;Midwest
47,86531;-102,16251;Parshall;ND;North Dakota;Midwest
48,08711;-101,98534;Plaza;ND;North Dakota;Midwest
48,58631;-102,66852;Powers Lake;ND;North Dakota;Midwest
47,71424;-101,85203;Roseglen;ND;North Dakota;Midwest
48,25079;-102,61543;Ross;ND;North Dakota;Midwest
47,78307;-100,91268;Ruso;ND;North Dakota;Midwest
47,85507;-101,7621;Ryder;ND;North Dakota;Midwest
48,88375;-100,75035;Souris;ND;North Dakota;Midwest
48,31121;-101,09706;Surrey;ND;North Dakota;Midwest
48,76057;-101,80832;Tolley;ND;North Dakota;Midwest
48,33198;-100,48045;Towner;ND;North Dakota;Midwest
48,54778;-100,81898;Upham;ND;North Dakota;Midwest
48,03071;-100,93952;Velva;ND;North Dakota;Midwest
47,97385;-100,7424;Voltaire;ND;North Dakota;Midwest
48,86442;-101,05424;Westhope;ND;North Dakota;Midwest
48,64198;-103,15094;Wildrose;ND;North Dakota;Midwest
47,7328;-103,45268;Arnegard;ND;North Dakota;Midwest
47,7721;-103,90289;Cartwright;ND;North Dakota;Midwest
48,89167;-103,74304;Fortuna;ND;North Dakota;Midwest
48,63928;-103,92207;Grenora;ND;North Dakota;Midwest
47,81412;-103,15229;Watford City;ND;North Dakota;Midwest
48,59123;-103,72546;Zahl;ND;North Dakota;Midwest
45,52952;-109,54022;Absarokee;MT;Montana;West
45,90755;-108,08535;Ballantine;MT;Montana;West
45,15555;-109,15805;Bearcreek;MT;Montana;West
45,97505;-107,3037;Bighorn;MT;Montana;West
45,92453;-109,97244;Big Timber;MT;Montana;West
45,29922;-106,6006;Birney;MT;Montana;West
45,15351;-108,66421;Bridger;MT;Montana;West
46,08464;-108,83464;Broadview;MT;Montana;West
45,41871;-106,93872;Busby;MT;Montana;West
45,85791;-110,62326;Clyde Park;MT;Montana;West
45,08831;-110,01499;Cooke City;MT;Montana;West
45,57541;-107,26756;Crow Agency;MT;Montana;West
45,26118;-110,90674;Emigrant;MT;Montana;West
45,32093;-109,7434;Fishtail;MT;Montana;West
45,4085;-108,80467;Fromberg;MT;Montana;West
45,50005;-107,37964;Garryowen;MT;Montana;West
47,0106;-108,75808;Grass Range;MT;Montana;West
45,72296;-109,73246;Greycliff;MT;Montana;West
45,29814;-107,96042;Fort Smith;MT;Montana;West
46,46606;-109,89035;Harlowton;MT;Montana;West
45,852;-108,20927;Huntley;MT;Montana;West
46,18917;-107,23069;Hysham;MT;Montana;West
46,68533;-107,28458;Ingomar;MT;Montana;West
45,50239;-108,9663;Joliet;MT;Montana;West
45,53266;-106,6568;Lame Deer;MT;Montana;West
46,39147;-108,98604;Lavina;MT;Montana;West
45,25013;-107,47849;Lodge Grass;MT;Montana;West
46,45713;-110,43492;Martinsdale;MT;Montana;West
46,66809;-107,7691;Melstone;MT;Montana;West
45,85358;-108,95377;Molt;MT;Montana;West
46,98517;-107,79652;Mosby;MT;Montana;West
46,51161;-108,088;Musselshell;MT;Montana;West
45,39634;-109,87728;Nye;MT;Montana;West
45,15773;-106,20895;Otter;MT;Montana;West
45,88011;-107,87245;Pompeys Pillar;MT;Montana;West
45,26883;-110,6784;Pray;MT;Montana;West
45,33907;-108,49718;Pryor;MT;Montana;West
45,96827;-109,23433;Rapelje;MT;Montana;West
45,15929;-109,45626;Red Lodge;MT;Montana;West
45,72204;-109,57945;Reed Point;MT;Montana;West
46,51839;-108,54969;Roundup;MT;Montana;West
46,36062;-109,30181;Ryegate;MT;Montana;West
45,40457;-107,85051;Saint Xavier;MT;Montana;West
47,22224;-107,58999;Sand Springs;MT;Montana;West
45,01979;-109,98295;Silver Gate;MT;Montana;West
46,55133;-107,56312;Sumatra;MT;Montana;West
46,36172;-110,14019;Two Dot;MT;Montana;West
46,05608;-110,65293;Wilsall;MT;Montana;West
47,16806;-108,22779;Winnett;MT;Montana;West
46,13006;-108,02933;Worden;MT;Montana;West
45,09259;-107,34476;Wyola;MT;Montana;West
45,63013;-108,36445;Billings;MT;Montana;West
48,15981;-105,64647;Wolf Point;MT;Montana;West
48,69582;-104,35493;Antelope;MT;Montana;West
48,19231;-104,16968;Bainville;MT;Montana;West
47,50431;-105,74543;Circle;MT;Montana;West
48,09993;-104,52361;Culbertson;MT;Montana;West
48,5579;-104,15541;Dagmar;MT;Montana;West
48,7007;-105,1557;Flaxville;MT;Montana;West
47,90319;-106,19348;Fort Peck;MT;Montana;West
48,27723;-105,97413;Frazer;MT;Montana;West
48,34283;-104,51545;Froid;MT;Montana;West
48,40395;-106,54411;Saint Marie;MT;Montana;West
48,84222;-106,24046;Glentana;MT;Montana;West
48,62832;-106,30945;Larslan;MT;Montana;West
48,51848;-104,52209;Medicine Lake;MT;Montana;West
48,86715;-106,63905;Opheim;MT;Montana;West
48,92728;-104,82152;Outlook;MT;Montana;West
48,70422;-105,83496;Peerless;MT;Montana;West
48,75753;-104,61123;Plentywood;MT;Montana;West
48,75364;-104,94239;Redstone;MT;Montana;West
48,57025;-104,735;Reserve;MT;Montana;West
47,69109;-105,08416;Richey;MT;Montana;West
47,83944;-105,42204;Vida;MT;Montana;West
48,92979;-105,20108;Whitetail;MT;Montana;West
46,36022;-105,85055;Miles City;MT;Montana;West
45,16944;-104,53017;Alzada;MT;Montana;West
47,0541;-106,26872;Angela;MT;Montana;West
45,07847;-105,43933;Biddle;MT;Montana;West
45,33726;-105,04973;Boyes;MT;Montana;West
45,33477;-105,52106;Broadus;MT;Montana;West
47,48955;-107,4784;Brusett;MT;Montana;West
45,40696;-104,17379;Capitol;MT;Montana;West
47,03521;-106,64069;Cohagen;MT;Montana;West
45,91234;-106,7032;Colstrip;MT;Montana;West
45,76652;-104,58732;Ekalaka;MT;Montana;West
46,77178;-104,85183;Fallon;MT;Montana;West
47,11812;-104,76469;Glendive;MT;Montana;West
46,28123;-106,24765;Hathaway;MT;Montana;West
46,342;-104,95063;Ismay;MT;Montana;West
46,63392;-105,65584;Kinsey;MT;Montana;West
47,22587;-105,19934;Lindsay;MT;Montana;West
45,65602;-105,43296;Olive;MT;Montana;West
46,3516;-104,5713;Plevna;MT;Montana;West
45,85367;-105,20436;Powderville;MT;Montana;West
45,7633;-105,70844;Volborg;MT;Montana;West
46,96394;-104,28218;Wibaux;MT;Montana;West
48,88965;-113,41403;Babb;MT;Montana;West
47,32538;-110,8762;Belt;MT;Montana;West
47,5276;-111,26871;Black Eagle;MT;Montana;West
48,04059;-111,52359;Brady;MT;Montana;West
48,54483;-113,0086;Browning;MT;Montana;West
48,00641;-112,40855;Bynum;MT;Montana;West
47,89688;-111,04034;Carter;MT;Montana;West
47,83957;-112,48266;Choteau;MT;Montana;West
47,34929;-110,1022;Coffee Creek;MT;Montana;West
48,77357;-112,61639;Cut Bank;MT;Montana;West
48,14595;-112,58853;Dupuyer;MT;Montana;West
48,68682;-113,55678;East Glacier Park;MT;Montana;West
47,72489;-111,14261;Floweree;MT;Montana;West
46,852;-108,98933;Forest Grove;MT;Montana;West
47,93005;-110,64697;Fort Benton;MT;Montana;West
47,5621;-111,82647;Fort Shaw;MT;Montana;West
48,65227;-111,34881;Galata;MT;Montana;West
47,28116;-110,45955;Geyser;MT;Montana;West
48,25789;-112,86703;Heart Butte;MT;Montana;West
47,5992;-110,73923;Highwood;MT;Montana;West
47,38984;-109,39779;Hilger;MT;Montana;West
46,86946;-110,09831;Hobson;MT;Montana;West
46,65903;-109,66996;Judith Gap;MT;Montana;West
48,74481;-111,97769;Kevin;MT;Montana;West
48,27221;-111,35432;Ledger;MT;Montana;West
48,07682;-110,50908;Loma;MT;Montana;West
48,4894;-111,19985;Lothair;MT;Montana;West
47,10833;-109,88513;Moccasin;MT;Montana;West
47,0489;-110,86668;Monarch;MT;Montana;West
46,93777;-110,70788;Neihart;MT;Montana;West
48,78746;-111,69124;Oilmont;MT;Montana;West
48,07149;-112,37794;Pendroy;MT;Montana;West
47,71253;-111,62842;Power;MT;Montana;West
47,19087;-110,68378;Raynesford;MT;Montana;West
47,4161;-108,77191;Roy;MT;Montana;West
47,37939;-111,17095;Sand Coulee;MT;Montana;West
47,44467;-111,97419;Simms;MT;Montana;West
47,22696;-111,12013;Stockett;MT;Montana;West
48,88446;-111,86622;Sunburst;MT;Montana;West
47,47212;-111,72261;Sun River;MT;Montana;West
48,95074;-111,76795;Sweet Grass;MT;Montana;West
47,43264;-111,56667;Ulm;MT;Montana;West
47,58393;-111,64592;Vaughn;MT;Montana;West
47,64007;-109,25586;Winifred;MT;Montana;West
48,69591;-109,78556;Havre;MT;Montana;West
48,52013;-109,20829;Chinook;MT;Montana;West
48,12273;-108,40374;Dodson;MT;Montana;West
48,6524;-110,27405;Gildford;MT;Montana;West
48,79655;-108,69059;Hogeland;MT;Montana;West
48,77294;-110,78334;Joplin;MT;Montana;West
48,58837;-110,08515;Kremlin;MT;Montana;West
48,84762;-107,93725;Loring;MT;Montana;West
48,94067;-111,21768;Whitlash;MT;Montana;West
47,88208;-108,55654;Zortman;MT;Montana;West
48,70576;-108,98747;Zurich;MT;Montana;West
46,29168;-112,38687;Basin;MT;Montana;West
46,16522;-111,99918;Boulder;MT;Montana;West
46,82338;-112,36362;Canyon Creek;MT;Montana;West
46,43583;-112,00986;Clancy;MT;Montana;West
46,5546;-111,81749;East Helena;MT;Montana;West
46,61614;-112,11399;Fort Harrison;MT;Montana;West
46,28045;-110,75624;Ringling;MT;Montana;West
46,13283;-111,57884;Toston;MT;Montana;West
47,07221;-112,14059;Wolf Creek;MT;Montana;West
45,06801;-112,08613;Alder;MT;Montana;West
46,09734;-113,10317;Anaconda;MT;Montana;West
45,6928;-110,9065;Bozeman;MT;Montana;West
45,28578;-111,3873;Big Sky;MT;Montana;West
45,85189;-111,88177;Cardwell;MT;Montana;West
44,67716;-112,79359;Dell;MT;Montana;West
45,78797;-112,79394;Divide;MT;Montana;West
45,31343;-111,64827;Ennis;MT;Montana;West
45,30988;-111,19025;Gallatin Gateway;MT;Montana;West
46,54922;-112,94987;Gold Creek;MT;Montana;West
45,49871;-111,81159;McAllister;MT;Montana;West
45,77265;-111,3638;Manhattan;MT;Montana;West
45,37137;-113,05332;Polaris;MT;Montana;West
45,69862;-111,93281;Pony;MT;Montana;West
45,69001;-112,29755;Silver Star;MT;Montana;West
45,92412;-111,52577;Three Forks;MT;Montana;West
45,52435;-112,35339;Twin Bridges;MT;Montana;West
45,27174;-111,94274;Virginia City;MT;Montana;West
44,78962;-111,19348;West Yellowstone;MT;Montana;West
45,76267;-111,60386;Willow Creek;MT;Montana;West
45,60427;-113,52661;Wisdom;MT;Montana;West
45,82231;-113,15271;Wise River;MT;Montana;West
46,85505;-114,01009;Missoula;MT;Montana;West
46,89803;-114,61474;Alberton;MT;Montana;West
47,17603;-114,00431;Arlee;MT;Montana;West
46,96334;-113,59753;Bonner;MT;Montana;West
47,41817;-114,20362;Charlo;MT;Montana;West
47,46339;-113,69827;Condon;MT;Montana;West
45,88649;-114,08346;Conner;MT;Montana;West
46,33478;-113,96444;Corvallis;MT;Montana;West
47,43419;-115,45896;De Borgia;MT;Montana;West
46,33384;-114,22319;Pinesdale;MT;Montana;West
47,32526;-115,40107;Haugan;MT;Montana;West
46,84897;-113,01114;Helmville;MT;Montana;West
48,00803;-115,9707;Heron;MT;Montana;West
47,14899;-114,50615;Huson;MT;Montana;West
46,73105;-114,37782;Lolo;MT;Montana;West
47,71526;-114,68162;Lonepine;MT;Montana;West
48,0571;-115,81522;Noxon;MT;Montana;West
47,26481;-113,18997;Ovando;MT;Montana;West
47,60032;-114,11787;Pablo;MT;Montana;West
47,71314;-114,17832;Polson;MT;Montana;West
47,29397;-114,17637;Ravalli;MT;Montana;West
47,53324;-114,11741;Ronan;MT;Montana;West
47,33184;-114,0045;Saint Ignatius;MT;Montana;West
47,32207;-115,12329;Saint Regis;MT;Montana;West
47,4028;-115,54993;Saltese;MT;Montana;West
47,21401;-113,53535;Seeley Lake;MT;Montana;West
45,89666;-113,81366;Sula;MT;Montana;West
47,6972;-115,27357;Thompson Falls;MT;Montana;West
48,22873;-114,40564;Kalispell;MT;Montana;West
47,82409;-114,23271;Big Arm;MT;Montana;West
47,82025;-114,41124;Elmo;MT;Montana;West
48,75766;-114,8077;Fortine;MT;Montana;West
48,3776;-114,05645;Hungry Horse;MT;Montana;West
48,06412;-114,53464;Kila;MT;Montana;West
48,26996;-115,31073;Libby;MT;Montana;West
48,36294;-114,00459;Martin City;MT;Montana;West
48,79745;-114,29117;Polebridge;MT;Montana;West
47,9208;-114,25486;Rollins;MT;Montana;West
48,17178;-113,46357;West Glacier;MT;Montana;West
48,43893;-114,49769;Whitefish;MT;Montana;West
42,11206;-87,97895;Arlington Heights;IL;Illinois;Midwest
42,01431;-87,99828;Elk Grove Village;IL;Illinois;Midwest
42,0739;-88,0229;Rolling Meadows;IL;Illinois;Midwest
42,05232;-87,8899;Des Plaines;IL;Illinois;Midwest
42,19511;-88,21768;Fox River Grove;IL;Illinois;Midwest
42,05857;-87,78496;Golf;IL;Illinois;Midwest
42,33536;-88,04519;Grayslake;IL;Illinois;Midwest
42,37494;-87,94119;Gurnee;IL;Illinois;Midwest
42,27913;-88,19777;Island Lake;IL;Illinois;Midwest
42,2842;-87,86392;Lake Bluff;IL;Illinois;Midwest
42,23807;-87,87006;Lake Forest;IL;Illinois;Midwest
42,41572;-88,06094;Lake Villa;IL;Illinois;Midwest
42,20202;-88,04522;Lake Zurich;IL;Illinois;Midwest
42,04224;-87,78895;Morton Grove;IL;Illinois;Midwest
42,06618;-87,93473;Mount Prospect;IL;Illinois;Midwest
42,26945;-88,03997;Mundelein;IL;Illinois;Midwest
42,2334;-87,96046;Vernon Hills;IL;Illinois;Midwest
42,12663;-87,84235;Northbrook;IL;Illinois;Midwest
42,3237;-87,86122;North Chicago;IL;Illinois;Midwest
42,10773;-88,06478;Palatine;IL;Illinois;Midwest
42,19588;-87,92439;Lincolnshire;IL;Illinois;Midwest
42,10406;-87,92768;Prospect Heights;IL;Illinois;Midwest
42,03412;-87,72943;Skokie;IL;Illinois;Midwest
42,26807;-88,13856;Wauconda;IL;Illinois;Midwest
42,35498;-87,86467;Waukegan;IL;Illinois;Midwest
42,30685;-87,85232;Great Lakes;IL;Illinois;Midwest
42,16736;-87,96076;Buffalo Grove;IL;Illinois;Midwest
42,07693;-87,72812;Wilmette;IL;Illinois;Midwest
42,10333;-87,75826;Winnetka;IL;Illinois;Midwest
42,48091;-87,82978;Winthrop Harbor;IL;Illinois;Midwest
42,39343;-88,36164;Wonder Lake;IL;Illinois;Midwest
42,46053;-87,86901;Zion;IL;Illinois;Midwest
42,16406;-88,30928;Algonquin;IL;Illinois;Midwest
41,9611;-87,94194;Bensenville;IL;Illinois;Midwest
42,02148;-88,1783;Streamwood;IL;Illinois;Midwest
42,12296;-88,2883;Carpentersville;IL;Illinois;Midwest
41,90109;-88,75469;Dekalb;IL;Illinois;Midwest
41,86154;-88,47702;Elburn;IL;Illinois;Midwest
41,97805;-88,14291;Hanover Park;IL;Illinois;Midwest
42,1053;-88,37808;Gilberts;IL;Illinois;Midwest
41,86539;-88,06225;Glen Ellyn;IL;Illinois;Midwest
41,91916;-88,07735;Glendale Heights;IL;Illinois;Midwest
41,97351;-88,02071;Itasca;IL;Illinois;Midwest
41,83507;-88,51984;Kaneville;IL;Illinois;Midwest
42,10091;-88,88019;Kirkland;IL;Illinois;Midwest
41,87505;-88,01859;Lombard;IL;Illinois;Midwest
41,9172;-88,56613;Maple Park;IL;Illinois;Midwest
41,84923;-87,88986;Westchester;IL;Illinois;Midwest
42,19121;-88,34788;Lake In The Hills;IL;Illinois;Midwest
41,974;-88,05476;Medinah;IL;Illinois;Midwest
41,90348;-87,86176;Melrose Park;IL;Illinois;Midwest
41,88794;-87,90948;Berkeley;IL;Illinois;Midwest
41,90328;-87,88056;Stone Park;IL;Illinois;Midwest
42,05192;-88,11656;Hoffman Estates;IL;Illinois;Midwest
41,92504;-87,83832;River Grove;IL;Illinois;Midwest
42,05287;-88,0526;Schaumburg;IL;Illinois;Midwest
41,9583;-87,8697;Schiller Park;IL;Illinois;Midwest
41,98931;-88,30987;South Elgin;IL;Illinois;Midwest
41,87795;-87,97626;Villa Park;IL;Illinois;Midwest
41,94019;-88,40908;Wasco;IL;Illinois;Midwest
41,89308;-88,21498;West Chicago;IL;Illinois;Midwest
41,91562;-88,12958;Carol Stream;IL;Illinois;Midwest
41,9647;-87,98087;Wood Dale;IL;Illinois;Midwest
41,89501;-87,81943;River Forest;IL;Illinois;Midwest
41,34683;-87,61306;Beecher;IL;Illinois;Midwest
41,56696;-88,12438;Crest Hill;IL;Illinois;Midwest
41,50864;-88,22269;Shorewood;IL;Illinois;Midwest
41,65509;-87,68184;Blue Island;IL;Illinois;Midwest
41,23037;-88,26415;Braceville;IL;Illinois;Midwest
41,26684;-88,21733;Braidwood;IL;Illinois;Midwest
41,61303;-87,55142;Calumet City;IL;Illinois;Midwest
41,42119;-88,2171;Channahon;IL;Illinois;Midwest
41,50791;-87,59031;Chicago Heights;IL;Illinois;Midwest
41,70341;-87,77953;Chicago Ridge;IL;Illinois;Midwest
41,43056;-87,59268;Crete;IL;Illinois;Midwest
41,62752;-87,59871;Dolton;IL;Illinois;Midwest
41,08795;-88,42127;Dwight;IL;Illinois;Midwest
41,53861;-87,68443;Flossmoor;IL;Illinois;Midwest
41,5737;-87,68331;Hazel Crest;IL;Illinois;Midwest
41,5584;-87,66214;Homewood;IL;Illinois;Midwest
41,70125;-88,07572;Bolingbrook;IL;Illinois;Midwest
41,50369;-87,74637;Matteson;IL;Illinois;Midwest
41,24246;-88,40403;Mazon;IL;Illinois;Midwest
41,63304;-88,09855;Romeoville;IL;Illinois;Midwest
41,48796;-88,32498;Minooka;IL;Illinois;Midwest
41,53821;-87,89396;Mokena;IL;Illinois;Midwest
41,41392;-87,76978;Monee;IL;Illinois;Midwest
41,50717;-87,96088;New Lenox;IL;Illinois;Midwest
41,60851;-87,75434;Oak Forest;IL;Illinois;Midwest
41,71412;-87,75278;Oak Lawn;IL;Illinois;Midwest
41,74102;-87,8068;Bridgeview;IL;Illinois;Midwest
41,72475;-87,82987;Hickory Hills;IL;Illinois;Midwest
40,9997;-88,53393;Odell;IL;Illinois;Midwest
41,51752;-87,69148;Olympia Fields;IL;Illinois;Midwest
41,62527;-87,83548;Orland Park;IL;Illinois;Midwest
41,66084;-87,79033;Palos Heights;IL;Illinois;Midwest
41,67088;-87,86869;Palos Park;IL;Illinois;Midwest
41,69878;-87,8267;Palos Hills;IL;Illinois;Midwest
41,47966;-87,68276;Park Forest;IL;Illinois;Midwest
41,33636;-87,80991;Peotone;IL;Illinois;Midwest
41,48009;-87,72981;Richton Park;IL;Illinois;Midwest
41,59733;-87,60115;South Holland;IL;Illinois;Midwest
41,1765;-88,26983;South Wilmington;IL;Illinois;Midwest
41,47193;-87,6283;Steger;IL;Illinois;Midwest
41,57347;-87,78597;Tinley Park;IL;Illinois;Midwest
41,55381;-87,73588;Country Club Hills;IL;Illinois;Midwest
41,71909;-87,87675;Willow Springs;IL;Illinois;Midwest
41,68737;-87,79239;Worth;IL;Illinois;Midwest
41,60313;-87,9595;Homer Glen;IL;Illinois;Midwest
41,77979;-87,82393;Summit Argo;IL;Illinois;Midwest
41,79655;-87,95683;Clarendon Hills;IL;Illinois;Midwest
41,80991;-88,0247;Downers Grove;IL;Illinois;Midwest
41,77724;-88,24255;Eola;IL;Illinois;Midwest
41,83713;-87,95406;Oak Brook;IL;Illinois;Midwest
41,83002;-87,8836;La Grange Park;IL;Illinois;Midwest
41,74472;-87,93383;Willowbrook;IL;Illinois;Midwest
41,825;-88,33529;Mooseheart;IL;Illinois;Midwest
41,76361;-88,14476;Naperville;IL;Illinois;Midwest
41,80878;-88,3489;North Aurora;IL;Illinois;Midwest
41,4908;-88,74251;Serena;IL;Illinois;Midwest
41,77708;-88,87777;Shabbona;IL;Illinois;Midwest
41,66144;-88,70343;Somonauk;IL;Illinois;Midwest
41,82399;-89,02806;Steward;IL;Illinois;Midwest
41,76507;-88,77373;Waterman;IL;Illinois;Midwest
41,44383;-88,76654;Wedron;IL;Illinois;Midwest
41,80207;-87,90076;Western Springs;IL;Illinois;Midwest
41,79496;-87,97464;Westmont;IL;Illinois;Midwest
41,88527;-87,62197;Chicago;IL;Illinois;Midwest
41,96384;-87,81672;Harwood Heights;IL;Illinois;Midwest
42,00543;-87,73296;Lincolnwood;IL;Illinois;Midwest
41,67233;-87,73652;Alsip;IL;Illinois;Midwest
41,72201;-87,70243;Evergreen Park;IL;Illinois;Midwest
41,11029;-87,90049;Kankakee;IL;Illinois;Midwest
41,06426;-87,79991;Aroma Park;IL;Illinois;Midwest
40,87856;-87,98059;Ashkum;IL;Illinois;Midwest
40,97252;-87,60245;Beaverville;IL;Illinois;Midwest
41,14835;-88,06206;Bonfield;IL;Illinois;Midwest
41,18706;-87,86194;Bourbonnais;IL;Illinois;Midwest
40,98753;-88,24012;Cabery;IL;Illinois;Midwest
41,03021;-88,30378;Campus;IL;Illinois;Midwest
41,00394;-87,92184;Chebanse;IL;Illinois;Midwest
40,55855;-87,88454;Cissna Park;IL;Illinois;Midwest
40,56937;-87,81208;Claytonville;IL;Illinois;Midwest
40,87601;-88,29242;Cullom;IL;Illinois;Midwest
40,8919;-87,58654;Donovan;IL;Illinois;Midwest
40,96119;-88,34862;Emington;IL;Illinois;Midwest
40,46456;-88,36103;Gibson City;IL;Illinois;Midwest
40,56696;-87,77714;Goodwine;IL;Illinois;Midwest
41,25188;-87,64259;Grant Park;IL;Illinois;Midwest
41,03865;-88,0859;Herscher;IL;Illinois;Midwest
40,46678;-87,66134;Hoopeston;IL;Illinois;Midwest
40,52413;-88,07698;Loda;IL;Illinois;Midwest
41,25135;-87,88494;Manteno;IL;Illinois;Midwest
40,91721;-87,74757;Martinton;IL;Illinois;Midwest
41,15446;-87,62827;Momence;IL;Illinois;Midwest
40,7004;-87,98008;Onarga;IL;Illinois;Midwest
40,96775;-87,7163;Papineau;IL;Illinois;Midwest
41,06523;-87,5916;Pembroke Township;IL;Illinois;Midwest
40,7895;-88,1832;Piper City;IL;Illinois;Midwest
40,43879;-87,89132;Rankin;IL;Illinois;Midwest
41,03401;-87,7418;Saint Anne;IL;Illinois;Midwest
40,6241;-87,58123;Stockland;IL;Illinois;Midwest
40,6746;-88,12049;Thawville;IL;Illinois;Midwest
41,11101;-88,14975;Union Hill;IL;Illinois;Midwest
40,79221;-87,74039;Watseka;IL;Illinois;Midwest
42,4612;-90,12226;Apple River;IL;Illinois;Midwest
41,97501;-89,8865;Chadwick;IL;Illinois;Midwest
41,99443;-89,20011;Chana;IL;Illinois;Midwest
42,11035;-89,09807;Davis Junction;IL;Illinois;Midwest
42,46958;-90,55904;East Dubuque;IL;Illinois;Midwest
42,3333;-89,75553;Eleroy;IL;Illinois;Midwest
42,11578;-89,58898;Forreston;IL;Illinois;Midwest
41,83263;-89,31626;Franklin Grove;IL;Illinois;Midwest
42,26344;-88,73586;Garden Prairie;IL;Illinois;Midwest
42,20805;-89,46931;German Valley;IL;Illinois;Midwest
41,68819;-89,56015;Harmon;IL;Illinois;Midwest
42,10404;-89,81329;Lanark;IL;Illinois;Midwest
42,15305;-89,39597;Leaf River;IL;Illinois;Midwest
42,04417;-89,00753;Lindenwood;IL;Illinois;Midwest
42,43932;-89,7319;McConnell;IL;Illinois;Midwest
42,11146;-89,00011;Monroe Center;IL;Illinois;Midwest
42,11506;-89,98335;Mount Carroll;IL;Illinois;Midwest
41,83357;-89,38401;Nachusa;IL;Illinois;Midwest
42,25254;-89,84263;Pearl City;IL;Illinois;Midwest
42,31305;-89,34691;Pecatonica;IL;Illinois;Midwest
41,9893;-89,5873;Polo;IL;Illinois;Midwest
42,40786;-88,82747;Poplar Grove;IL;Illinois;Midwest
42,30472;-89,47454;Ridott;IL;Illinois;Midwest
42,41571;-89,47177;Rock City;IL;Illinois;Midwest
42,12615;-90,13061;Savanna;IL;Illinois;Midwest
42,46546;-90,26444;Scales Mound;IL;Illinois;Midwest
42,44681;-89,20955;Shirland;IL;Illinois;Midwest
42,47992;-88,98989;South Beloit;IL;Illinois;Midwest
42,11843;-89,18867;Stillman Valley;IL;Illinois;Midwest
41,90818;-89,55234;Woosung;IL;Illinois;Midwest
42,33538;-89,00369;Loves Park;IL;Illinois;Midwest
42,36365;-89,02869;Machesney Park;IL;Illinois;Midwest
41,2128;-90,72294;Aledo;IL;Illinois;Midwest
41,41804;-89,91947;Annawan;IL;Illinois;Midwest
41,51242;-90,35586;Barstow;IL;Illinois;Midwest
41,34175;-90,86221;Buffalo Prairie;IL;Illinois;Midwest
41,49479;-90,38966;Carbon Cliff;IL;Illinois;Midwest
41,42579;-90,4325;Coal Valley;IL;Illinois;Midwest
41,48782;-90,31997;Colona;IL;Illinois;Midwest
41,61849;-89,6784;Deer Grove;IL;Illinois;Midwest
41,52138;-90,39424;East Moline;IL;Illinois;Midwest
41,52185;-89,91396;Hooppole;IL;Illinois;Midwest
41,38839;-90,92733;Illinois City;IL;Illinois;Midwest
41,24141;-90,88407;Joy;IL;Illinois;Midwest
41,72928;-89,91166;Lyndon;IL;Illinois;Midwest
41,27799;-90,35699;Lynn Center;IL;Illinois;Midwest
41,26409;-90,59878;Matherville;IL;Illinois;Midwest
41,36426;-90,39907;Orion;IL;Illinois;Midwest
41,37031;-90,27666;Osco;IL;Illinois;Midwest
41,31667;-90,57638;Preemption;IL;Illinois;Midwest
41,60425;-89,93251;Prophetstown;IL;Illinois;Midwest
41,57938;-90,34138;Rapids City;IL;Illinois;Midwest
41,3009;-90,51992;Sherrard;IL;Illinois;Midwest
41,49673;-90,41172;Silvis;IL;Illinois;Midwest
41,59094;-89,78854;Tampico;IL;Illinois;Midwest
41,3927;-90,74874;Taylor Ridge;IL;Illinois;Midwest
41,04018;-88,86219;Ancona;IL;Illinois;Midwest
41,29745;-89,67474;Buda;IL;Illinois;Midwest
41,2865;-89,36477;Bureau;IL;Illinois;Midwest
41,25718;-89,12538;Cedar Point;IL;Illinois;Midwest
41,43201;-89,20813;Cherry;IL;Illinois;Midwest
41,71202;-89,08039;Compton;IL;Illinois;Midwest
41,3185;-89,30566;Depue;IL;Illinois;Midwest
41,76994;-89,4136;Eldena;IL;Illinois;Midwest
41,22827;-89,30876;Hennepin;IL;Illinois;Midwest
41,50924;-89,459;Kasbeer;IL;Illinois;Midwest
41,37709;-89,20791;Ladd;IL;Illinois;Midwest
41,53602;-89,27756;La Moille;IL;Illinois;Midwest
41,18884;-88,98456;Leonore;IL;Illinois;Midwest
40,98845;-88,88931;Long Point;IL;Illinois;Midwest
41,14731;-89,09935;Lostant;IL;Illinois;Midwest
41,16141;-89,23228;McNabb;IL;Illinois;Midwest
41,26396;-89,25123;Mark;IL;Illinois;Midwest
41,34015;-88,69246;Marseilles;IL;Illinois;Midwest
41,27981;-89,78878;Neponset;IL;Illinois;Midwest
41,2812;-89,03685;Oglesby;IL;Illinois;Midwest
41,55295;-89,44192;Ohio;IL;Illinois;Midwest
41,36341;-89,26962;Seatonville;IL;Illinois;Midwest
41,25425;-89,18248;Standard;IL;Illinois;Midwest
41,12822;-88,85097;Streator;IL;Illinois;Midwest
41,62611;-89,26221;Sublette;IL;Illinois;Midwest
41,26113;-89,51981;Tiskilwa;IL;Illinois;Midwest
40,9827;-89,15397;Toluca;IL;Illinois;Midwest
41,20854;-89,03476;Tonica;IL;Illinois;Midwest
41,49936;-89,01986;Triumph;IL;Illinois;Midwest
41,46582;-89,08239;Troy Grove;IL;Illinois;Midwest
41,5473;-89,35759;Van Orin;IL;Illinois;Midwest
41,03254;-89,24688;Varna;IL;Illinois;Midwest
41,05847;-89,04444;Wenona;IL;Illinois;Midwest
41,72614;-89,158;West Brooklyn;IL;Illinois;Midwest
41,38144;-89,61077;Wyanet;IL;Illinois;Midwest
40,49592;-90,56308;Bardolph;IL;Illinois;Midwest
40,84714;-90,86492;Biggsville;IL;Illinois;Midwest
41,19982;-90,11751;Bishop Hill;IL;Illinois;Midwest
40,5491;-90,86679;Blandinsville;IL;Illinois;Midwest
41,07671;-89,63513;Camp Grove;IL;Illinois;Midwest
40,76297;-91,04575;Carman;IL;Illinois;Midwest
40,93262;-90,10977;Dahinda;IL;Illinois;Midwest
40,94393;-90,31135;East Galesburg;IL;Illinois;Midwest
40,55749;-90,16866;Fiatt;IL;Illinois;Midwest
40,99559;-90,5686;Gerlaw;IL;Illinois;Midwest
40,86067;-90,21739;Gilson;IL;Illinois;Midwest
40,33957;-90,29336;Ipava;IL;Illinois;Midwest
41,10237;-90,92303;Keithsburg;IL;Illinois;Midwest
41,25972;-89,94242;Kewanee;IL;Illinois;Midwest
40,57629;-90,98088;La Harpe;IL;Illinois;Midwest
40,68152;-91,04535;Lomax;IL;Illinois;Midwest
40,78027;-90,18107;Maquon;IL;Illinois;Midwest
41,11103;-90,48222;North Henderson;IL;Illinois;Midwest
41,2565;-90,38751;Ophiem;IL;Illinois;Midwest
40,96262;-90,91066;Oquawka;IL;Illinois;Midwest
41,09191;-90,83259;Seaton;IL;Illinois;Midwest
40,75633;-90,76035;Smithshire;IL;Illinois;Midwest
41,00192;-89,63939;Speer;IL;Illinois;Midwest
40,72323;-90,91827;Stronghurst;IL;Illinois;Midwest
40,39362;-90,40766;Table Grove;IL;Illinois;Midwest
41,08157;-89,87186;Toulon;IL;Illinois;Midwest
40,29696;-90,44153;Vermont;IL;Illinois;Midwest
41,03004;-90,32071;Wataga;IL;Illinois;Midwest
40,49125;-90,03468;Dunfermline;IL;Illinois;Midwest
40,92899;-89,62599;Edelstein;IL;Illinois;Midwest
40,58736;-89,84029;Glasford;IL;Illinois;Midwest
40,69051;-89,78688;Hanna City;IL;Illinois;Midwest
40,55375;-89,77561;Kingston Mines;IL;Illinois;Midwest
41,01856;-89,36867;Lacon;IL;Illinois;Midwest
40,98039;-89,23497;La Rose;IL;Illinois;Midwest
40,69753;-90,24273;London Mills;IL;Illinois;Midwest
40,86837;-89,35253;Lowpoint;IL;Illinois;Midwest
40,45212;-89,80172;Manito;IL;Illinois;Midwest
40,82133;-89,56496;Mossville;IL;Illinois;Midwest
40,92101;-89,77438;Princeville;IL;Illinois;Midwest
40,49848;-89,65624;South Pekin;IL;Illinois;Midwest
41,032;-89,50718;Sparland;IL;Illinois;Midwest
40,67788;-89,89324;Trivoli;IL;Illinois;Midwest
40,79768;-90,0343;Yates City;IL;Illinois;Midwest
40,68005;-89,60395;Peoria;IL;Illinois;Midwest
40,64294;-89,59882;Creve Coeur;IL;Illinois;Midwest
40,71185;-89,53469;East Peoria;IL;Illinois;Midwest
40,74682;-89,57195;Peoria Heights;IL;Illinois;Midwest
40,55228;-88,50498;Anchor;IL;Illinois;Midwest
40,35349;-89,32238;Armington;IL;Illinois;Midwest
40,42018;-88,63049;Arrowsmith;IL;Illinois;Midwest
40,33418;-88,52654;Bellflower;IL;Illinois;Midwest
40,61201;-89,11717;Carlock;IL;Illinois;Midwest
40,74013;-88,70014;Chenoa;IL;Illinois;Midwest
40,62799;-89,22393;Congerville;IL;Illinois;Midwest
40,61255;-88,48386;Cropsey;IL;Illinois;Midwest
40,40335;-88,83804;Downs;IL;Illinois;Midwest
40,74925;-89,02821;El Paso;IL;Illinois;Midwest
40,73342;-88,51938;Fairbury;IL;Illinois;Midwest
40,88779;-88,86397;Flanagan;IL;Illinois;Midwest
40,76045;-88,40057;Forrest;IL;Illinois;Midwest
40,63341;-89,27322;Goodfield;IL;Illinois;Midwest
40,87805;-88,78142;Graymont;IL;Illinois;Midwest
40,74377;-88,88118;Gridley;IL;Illinois;Midwest
40,32152;-88,96684;Heyworth;IL;Illinois;Midwest
40,09209;-89,10943;Kenney;IL;Illinois;Midwest
40,52661;-89,33909;Mackinaw;IL;Illinois;Midwest
40,03311;-88,96368;Maroa;IL;Illinois;Midwest
40,4347;-89,32418;Minier;IL;Illinois;Midwest
40,88713;-89,03263;Minonk;IL;Illinois;Midwest
40,52503;-88,95152;Normal;IL;Illinois;Midwest
40,88106;-88,39804;Saunemin;IL;Illinois;Midwest
40,43965;-88,52457;Saybrook;IL;Illinois;Midwest
40,70725;-89,14184;Secor;IL;Illinois;Midwest
40,64971;-88,37069;Strawn;IL;Illinois;Midwest
40,243;-88,93948;Wapella;IL;Illinois;Midwest
40,29531;-87,62162;Alvin;IL;Illinois;Midwest
39,90933;-88,55796;Bement;IL;Illinois;Midwest
39,92444;-88,00398;Broadlands;IL;Illinois;Midwest
40,03088;-87,71991;Catlin;IL;Illinois;Midwest
40,112;-88,24423;Champaign;IL;Illinois;Midwest
40,22623;-87,79705;Collison;IL;Illinois;Midwest
40,13184;-88,63694;De Land;IL;Illinois;Midwest
40,29663;-88,30187;Dewey;IL;Illinois;Midwest
40,23889;-88,66411;Farmer City;IL;Illinois;Midwest
40,14431;-87,8711;Fithian;IL;Illinois;Midwest
40,37308;-88,40076;Foosland;IL;Illinois;Midwest
39,96507;-88,43544;Ivesdale;IL;Illinois;Midwest
39,89951;-88,07277;Longview;IL;Illinois;Midwest
40,22344;-88,41555;Mahomet;IL;Illinois;Midwest
39,92438;-88,66056;Milmine;IL;Illinois;Midwest
39,90575;-88,28194;Pesotum;IL;Illinois;Midwest
40,31148;-88,15837;Rantoul;IL;Illinois;Midwest
39,90325;-87,61562;Ridge Farm;IL;Illinois;Midwest
39,93586;-88,38018;Sadorus;IL;Illinois;Midwest
39,90534;-87,8398;Sidell;IL;Illinois;Midwest
40,23953;-88,14945;Thomasboro;IL;Illinois;Midwest
39,97482;-88,2458;Tolono;IL;Illinois;Midwest
40,09115;-88,48266;White Heath;IL;Illinois;Midwest
39,52825;-88,03357;Ashmore;IL;Illinois;Midwest
39,7789;-88,13727;Camargo;IL;Illinois;Midwest
39,79269;-87,6506;Chrisman;IL;Illinois;Midwest
39,72444;-88,83548;Dalton City;IL;Illinois;Midwest
39,45524;-88,50284;Gays;IL;Illinois;Midwest
39,67935;-88,12899;Hindsboro;IL;Illinois;Midwest
39,80319;-88,72684;La Place;IL;Illinois;Midwest
39,73872;-88,65542;Lovington;IL;Illinois;Midwest
39,80395;-87,81249;Metcalf;IL;Illinois;Midwest
39,81515;-88,00818;Newman;IL;Illinois;Midwest
39,65753;-87,85844;Redmon;IL;Illinois;Midwest
39,79803;-88,28991;Tuscola;IL;Illinois;Midwest
39,8537;-88,14433;Villa Grove;IL;Illinois;Midwest
38,87971;-89,74562;Alhambra;IL;Illinois;Midwest
39,06433;-90,66714;Batchtown;IL;Illinois;Midwest
39,09351;-89,79856;Benld;IL;Illinois;Midwest
38,91944;-90,04789;Bethalto;IL;Illinois;Midwest
39,06597;-89,36945;Coffeen;IL;Illinois;Midwest
38,90847;-90,08574;Cottage Hills;IL;Illinois;Midwest
38,97797;-89,981;Dorsey;IL;Illinois;Midwest
39,00139;-90,32972;Dow;IL;Illinois;Midwest
39,10794;-89,78278;Eagarville;IL;Illinois;Midwest
38,88343;-90,08879;East Alton;IL;Illinois;Midwest
38,83004;-89,93298;Edwardsville;IL;Illinois;Midwest
38,95932;-90,35353;Elsah;IL;Illinois;Midwest
39,15463;-90,16445;Fidelity;IL;Illinois;Midwest
39,1123;-90,53355;Fieldon;IL;Illinois;Midwest
39,13561;-89,84447;Gillespie;IL;Illinois;Midwest
38,75639;-89,96897;Glen Carbon;IL;Illinois;Midwest
38,96375;-90,23917;Godfrey;IL;Illinois;Midwest
38,91866;-90,59079;Golden Eagle;IL;Illinois;Midwest
38,71592;-90,10078;Granite City;IL;Illinois;Midwest
39,43734;-90,55544;Hillview;IL;Illinois;Midwest
39,11179;-90,32004;Jerseyville;IL;Illinois;Midwest
39,31572;-90,65763;Kampsville;IL;Illinois;Midwest
38,79077;-89,77624;Marine;IL;Illinois;Midwest
38,92961;-89,98837;Moro;IL;Illinois;Midwest
38,95594;-89,68338;New Douglas;IL;Illinois;Midwest
39,34186;-89,23383;Ohlman;IL;Illinois;Midwest
39,11457;-90,12642;Piasa;IL;Illinois;Midwest
39,49392;-90,32157;Roodhouse;IL;Illinois;Midwest
39,35122;-89,19842;Rosamond;IL;Illinois;Midwest
38,98302;-89,58556;Sorento;IL;Illinois;Midwest
38,81754;-90,06767;South Roxana;IL;Illinois;Midwest
39,12111;-89,48673;Taylor Springs;IL;Illinois;Midwest
39,05594;-89,61222;Walshville;IL;Illinois;Midwest
39,2441;-89,34871;Witt;IL;Illinois;Midwest
38,86307;-90,07545;Wood River;IL;Illinois;Midwest
39,38377;-90,29946;Wrights;IL;Illinois;Midwest
38,63567;-90,14162;East Saint Louis;IL;Illinois;Midwest
38,59641;-90,00528;Fairview Heights;IL;Illinois;Midwest
38,37682;-89,60529;Addieville;IL;Illinois;Midwest
38,50672;-89,60515;Albers;IL;Illinois;Midwest
38,62559;-89,60313;Aviston;IL;Illinois;Midwest
38,52069;-89,47738;Bartelso;IL;Illinois;Midwest
38,60371;-89,43698;Beckemeyer;IL;Illinois;Midwest
38,54065;-89,85503;Scott Air Force Base;IL;Illinois;Midwest
38,63855;-89,52742;Breese;IL;Illinois;Midwest
38,64402;-89,32642;Carlyle;IL;Illinois;Midwest
38,63266;-90,00509;Caseyville;IL;Illinois;Midwest
38,1916;-89,57046;Coulterville;IL;Illinois;Midwest
38,528;-90,1803;Dupo;IL;Illinois;Midwest
38,52084;-90,21011;East Carondelet;IL;Illinois;Midwest
38,01474;-89,88845;Ellis Grove;IL;Illinois;Midwest
38,19142;-90,1965;Fults;IL;Illinois;Midwest
38,30543;-89,99341;Hecker;IL;Illinois;Midwest
38,77554;-89,29738;Keyesport;IL;Illinois;Midwest
38,31244;-89,77842;Lenzburg;IL;Illinois;Midwest
38,22623;-90,23152;Maeystown;IL;Illinois;Midwest
38,28048;-89,73262;Marissa;IL;Illinois;Midwest
38,46014;-89,77287;Mascoutah;IL;Illinois;Midwest
38,46097;-90,09891;Millstadt;IL;Illinois;Midwest
38,9371;-89,26916;Mulberry Grove;IL;Illinois;Midwest
38,50808;-89,67797;New Baden;IL;Illinois;Midwest
38,47481;-89,64988;New Memphis;IL;Illinois;Midwest
38,59844;-89,91294;O'Fallon;IL;Illinois;Midwest
38,44028;-89,52209;Okawville;IL;Illinois;Midwest
38,00241;-89,61562;Percy;IL;Illinois;Midwest
38,78673;-89,58389;Pierron;IL;Illinois;Midwest
38,09312;-89,40064;Pinckneyville;IL;Illinois;Midwest
38,09844;-90,11081;Prairie Du Rocher;IL;Illinois;Midwest
38,20528;-89,99116;Red Bud;IL;Illinois;Midwest
38,13796;-90,13695;Renault;IL;Illinois;Midwest
38,70405;-89,78288;Saint Jacob;IL;Illinois;Midwest
38,35644;-89,71334;Saint Libory;IL;Illinois;Midwest
38,86867;-89,31107;Smithboro;IL;Illinois;Midwest
37,99267;-89,69106;Steeleville;IL;Illinois;Midwest
38,21299;-89,68261;Tilden;IL;Illinois;Midwest
38,27126;-90,30895;Valmeyer;IL;Illinois;Midwest
38,04938;-89,81239;Walsh;IL;Illinois;Midwest
40,31782;-91,2251;Basco;IL;Illinois;Midwest
39,76967;-90,89204;Baylis;IL;Illinois;Midwest
40,23341;-91,05495;Bowen;IL;Illinois;Midwest
40,02343;-91,08295;Camp Point;IL;Illinois;Midwest
40,05307;-91,16564;Coatsburg;IL;Illinois;Midwest
40,57217;-91,12187;Dallas City;IL;Illinois;Midwest
40,39598;-91,24912;Elvaston;IL;Illinois;Midwest
40,46759;-91,17333;Ferris;IL;Illinois;Midwest
39,7228;-90,72588;Griggsville;IL;Illinois;Midwest
40,14367;-90,93418;La Prairie;IL;Illinois;Midwest
40,16958;-91,19986;Loraine;IL;Illinois;Midwest
40,03239;-91,20851;Paloma;IL;Illinois;Midwest
39,81731;-91,26143;Payson;IL;Illinois;Midwest
40,23643;-91,35863;Sutter;IL;Illinois;Midwest
40,40765;-90,91052;Tennessee;IL;Illinois;Midwest
39,99782;-90,87176;Timewell;IL;Illinois;Midwest
40,1148;-91,40662;Ursa;IL;Illinois;Midwest
39,17277;-88,82611;Beecher City;IL;Illinois;Midwest
39,23327;-88,88855;Cowden;IL;Illinois;Midwest
38,98784;-88,42124;Dieterich;IL;Illinois;Midwest
39,13353;-88,14176;Hidalgo;IL;Illinois;Midwest
39,11276;-87,70514;Hutsonville;IL;Illinois;Midwest
38,84217;-88,3253;Ingraham;IL;Illinois;Midwest
39,39433;-88,26325;Lerna;IL;Illinois;Midwest
39,27853;-88,73474;Mode;IL;Illinois;Midwest
38,49115;-88,21478;Mount Erie;IL;Illinois;Midwest
39,31303;-88,44456;Neoga;IL;Illinois;Midwest
39,00419;-87,91069;Oblong;IL;Illinois;Midwest
38,92997;-88,0278;Sainte Marie;IL;Illinois;Midwest
38,60661;-87,69639;Saint Francisville;IL;Illinois;Midwest
39,20067;-88,6759;Shumway;IL;Illinois;Midwest
39,27519;-88,59683;Stewardson;IL;Illinois;Midwest
38,99793;-87,82385;Stoy;IL;Illinois;Midwest
39,12809;-88,43543;Teutopolis;IL;Illinois;Midwest
39,34843;-88,33911;Trilla;IL;Illinois;Midwest
39,17874;-87,74367;West York;IL;Illinois;Midwest
39,92973;-88,80528;Argenta;IL;Illinois;Midwest
39,5315;-89,02706;Assumption;IL;Illinois;Midwest
40,14601;-89,20312;Beason;IL;Illinois;Midwest
39,72341;-89,15296;Blue Mound;IL;Illinois;Midwest
39,76753;-89,04508;Boody;IL;Illinois;Midwest
39,59365;-89,43285;Bulpitt;IL;Illinois;Midwest
40,05154;-89,19037;Chestnut;IL;Illinois;Midwest
39,92879;-89,3953;Cornland;IL;Illinois;Midwest
39,56206;-89,65626;Divernon;IL;Illinois;Midwest
39,77633;-88,97781;Elwin;IL;Illinois;Midwest
39,63022;-89,65023;Glenarm;IL;Illinois;Midwest
39,85263;-89,09324;Harristown;IL;Illinois;Midwest
39,35631;-89,52051;Harvel;IL;Illinois;Midwest
39,86681;-89,24914;Illiopolis;IL;Illinois;Midwest
39,95657;-89,37085;Lake Fork;IL;Illinois;Midwest
39,97849;-89,27988;Mount Pulaski;IL;Illinois;Midwest
39,76985;-88,8657;Mt Zion;IL;Illinois;Midwest
39,61154;-88,99283;Moweaqua;IL;Illinois;Midwest
39,94976;-88,87107;Oreana;IL;Illinois;Midwest
39,46755;-89,21982;Owaneco;IL;Illinois;Midwest
39,39974;-89,10503;Pana;IL;Illinois;Midwest
39,58967;-89,54239;Pawnee;IL;Illinois;Midwest
39,55974;-89,29016;Taylorville;IL;Illinois;Midwest
39,58023;-89,45107;Tovey;IL;Illinois;Midwest
39,38155;-88,95998;Tower Hill;IL;Illinois;Midwest
39,35908;-89,69778;Waggoner;IL;Illinois;Midwest
39,5526;-90,42708;Alsey;IL;Illinois;Midwest
39,88493;-90,39984;Arenzville;IL;Illinois;Midwest
40,00534;-90,39542;Beardstown;IL;Illinois;Midwest
39,73174;-90,5309;Bluffs;IL;Illinois;Midwest
39,97786;-90,34302;Bluff Springs;IL;Illinois;Midwest
39,90424;-89,70185;Cantrall;IL;Illinois;Midwest
39,28459;-89,88362;Carlinville;IL;Illinois;Midwest
40,05425;-90,12887;Chandlerville;IL;Illinois;Midwest
40,29653;-89,46573;Emden;IL;Illinois;Midwest
40,09022;-89,71303;Greenview;IL;Illinois;Midwest
40,24154;-89,45774;Hartsburg;IL;Illinois;Midwest
39,36451;-90,0664;Hettick;IL;Illinois;Midwest
39,66513;-89,84057;Loami;IL;Illinois;Midwest
39,81627;-90,53462;Meredosia;IL;Illinois;Midwest
39,49372;-89,99016;Modesto;IL;Illinois;Midwest
39,39802;-89,80444;Nilwood;IL;Illinois;Midwest
39,85168;-89,87694;Pleasant Plains;IL;Illinois;Midwest
40,29487;-89,63541;San Jose;IL;Illinois;Midwest
39,945;-89,92415;Tallula;IL;Illinois;Midwest
39,50572;-89,76662;Virden;IL;Illinois;Midwest
39,61943;-90,22418;Woodson;IL;Illinois;Midwest
38,51097;-89,1412;Centralia;IL;Illinois;Midwest
38,45461;-89,29822;Hoyleton;IL;Illinois;Midwest
38,28023;-88,33756;Barnhill;IL;Illinois;Midwest
38,20515;-88,74388;Belle Rive;IL;Illinois;Midwest
38,38739;-87,90361;Bellmont;IL;Illinois;Midwest
38,37641;-88,73054;Bluford;IL;Illinois;Midwest
38,45707;-87,98698;Bone Gap;IL;Illinois;Midwest
38,18156;-88,92473;Bonnie;IL;Illinois;Midwest
37,9545;-88,47762;Broughton;IL;Illinois;Midwest
38,37772;-87,96749;Browns;IL;Illinois;Midwest
38,24873;-88,23561;Burnt Prairie;IL;Illinois;Midwest
38,07301;-88,13357;Carmi;IL;Illinois;Midwest
37,97473;-89,05358;Christopher;IL;Illinois;Midwest
38,51864;-88,43816;Cisne;IL;Illinois;Midwest
37,99832;-89,06474;Coello;IL;Illinois;Midwest
38,44559;-88,96424;Dix;IL;Illinois;Midwest
38,01001;-89,24969;Du Quoin;IL;Illinois;Midwest
38,34071;-88,16355;Ellery;IL;Illinois;Midwest
38,86855;-88,74889;Farina;IL;Illinois;Midwest
37,8588;-88,99639;Freeman Spur;IL;Illinois;Midwest
38,47038;-88,38007;Geff;IL;Illinois;Midwest
38,3828;-88,19893;Golden Gate;IL;Illinois;Midwest
38,25525;-88,05018;Grayville;IL;Illinois;Midwest
38,15042;-88,85485;Ina;IL;Illinois;Midwest
38,42185;-88,66237;Keenes;IL;Illinois;Midwest
38,34992;-87,86676;Keensburg;IL;Illinois;Midwest
38,51734;-88,91571;Kell;IL;Illinois;Midwest
38,76458;-88,81172;Kinmundy;IL;Illinois;Midwest
38,07094;-88,54289;McLeansboro;IL;Illinois;Midwest
38,03543;-88,04569;Maunie;IL;Illinois;Midwest
38,2166;-88,29685;Mill Shoals;IL;Illinois;Midwest
37,97528;-89,08351;Mulkeytown;IL;Illinois;Midwest
38,68073;-88,22939;Noble;IL;Illinois;Midwest
37,96608;-88,28336;Norris City;IL;Illinois;Midwest
38,26776;-88,8032;Opdyke;IL;Illinois;Midwest
38,27713;-89,19487;Radom;IL;Illinois;Midwest
38,38983;-89,2057;Richview;IL;Illinois;Midwest
38,57718;-88,49378;Rinard;IL;Illinois;Midwest
38,7651;-88,35907;Sailor Springs;IL;Illinois;Midwest
38,63474;-89,1197;Sandoval;IL;Illinois;Midwest
38,162;-89,11192;Scheller;IL;Illinois;Midwest
38,08482;-89,04196;Sesser;IL;Illinois;Midwest
38,86289;-89,06286;Shobonier;IL;Illinois;Midwest
38,18478;-88,36871;Springerton;IL;Illinois;Midwest
38,12665;-89,22828;Tamaroa;IL;Illinois;Midwest
38,46011;-88,82893;Texico;IL;Illinois;Midwest
38,46776;-89,03087;Walnut Hill;IL;Illinois;Midwest
38,20952;-89,03931;Waltonville;IL;Illinois;Midwest
38,30364;-88,54702;Wayne City;IL;Illinois;Midwest
37,89287;-88,91183;West Frankfort;IL;Illinois;Midwest
38,09763;-88,91504;Whittington;IL;Illinois;Midwest
37,57381;-89,35867;Alto Pass;IL;Illinois;Midwest
37,30827;-88,86603;Belknap;IL;Illinois;Midwest
37,1562;-88,53075;Brookport;IL;Illinois;Midwest
37,47598;-89,0388;Buncombe;IL;Illinois;Midwest
37,93722;-89,56947;Campbell Hill;IL;Illinois;Midwest
37,69752;-88,64882;Carrier Mills;IL;Illinois;Midwest
37,78561;-89,08641;Carterville;IL;Illinois;Midwest
37,52057;-88,14653;Cave In Rock;IL;Illinois;Midwest
37,55095;-89,23208;Cobden;IL;Illinois;Midwest
37,80217;-89,08215;Colp;IL;Illinois;Midwest
37,6215;-88,81531;Creal Springs;IL;Illinois;Midwest
37,3692;-89,13589;Dongola;IL;Illinois;Midwest
37,89878;-89,21048;Elkville;IL;Illinois;Midwest
37,77363;-89,02003;Energy;IL;Illinois;Midwest
37,84281;-88,63194;Galatia;IL;Illinois;Midwest
37,38249;-88,54676;Golconda;IL;Illinois;Midwest
37,5489;-88,98088;Goreville;IL;Illinois;Midwest
37,24142;-88,97186;Grand Chain;IL;Illinois;Midwest
37,6348;-89,47681;Grand Tower;IL;Illinois;Midwest
37,55676;-88,4348;Herod;IL;Illinois;Midwest
37,8204;-89,02542;Herrin;IL;Illinois;Midwest
37,8278;-89,14409;Hurst;IL;Illinois;Midwest
37,75184;-89,55573;Jacob;IL;Illinois;Midwest
37,82637;-88,92609;Johnston City;IL;Illinois;Midwest
37,69462;-88,27428;Junction;IL;Illinois;Midwest
37,27805;-88,93127;Karnak;IL;Illinois;Midwest
37,60389;-89,14917;Makanda;IL;Illinois;Midwest
37,22515;-88,71097;Metropolis;IL;Illinois;Midwest
37,34063;-89,25378;Millcreek;IL;Illinois;Midwest
37,12705;-89,21526;Mounds;IL;Illinois;Midwest
37,76753;-88,5177;Muddy;IL;Illinois;Midwest
37,7693;-89,35198;Murphysboro;IL;Illinois;Midwest
37,58092;-88,75089;New Burnside;IL;Illinois;Midwest
37,21362;-89,10119;Olmsted;IL;Illinois;Midwest
37,42808;-88,35967;Rosiclare;IL;Illinois;Midwest
37,73152;-88,14903;Shawneetown;IL;Illinois;Midwest
37,61114;-88,65695;Stonefort;IL;Illinois;Midwest
37,23184;-89,29629;Tamms;IL;Illinois;Midwest
37,22924;-89,40493;Thebes;IL;Illinois;Midwest
37,27855;-89,1556;Ullin;IL;Illinois;Midwest
37,16624;-89,15984;Villa Ridge;IL;Illinois;Midwest
37,98357;-89,59013;Willisville;IL;Illinois;Midwest
37,51649;-89,44698;Wolf Lake;IL;Illinois;Midwest
37,89122;-89,05275;Zeigler;IL;Illinois;Midwest
38,60337;-90,55847;Ballwin;MO;Missouri;Midwest
38,33532;-90,44832;Barnhart;MO;Missouri;Midwest
38,64892;-91,31566;Berger;MO;Missouri;Midwest
38,229;-90,37684;Crystal City;MO;Missouri;Midwest
38,2659;-90,71292;Dittmer;MO;Missouri;Midwest
38,14545;-90,39423;Festus;MO;Missouri;Midwest
38,81392;-90,35224;Florissant;MO;Missouri;Midwest
37,9817;-90,372;French Village;MO;Missouri;Midwest
38,42497;-91,3165;Gerald;MO;Missouri;Midwest
38,49532;-90,83527;Gray Summit;MO;Missouri;Midwest
38,2522;-90,79059;Grubville;MO;Missouri;Midwest
38,78133;-90,37909;Hazelwood;MO;Missouri;Midwest
38,72962;-90,45659;Maryland Heights;MO;Missouri;Midwest
38,76863;-90,46556;Earth City;MO;Missouri;Midwest
38,1954;-90,48763;Hematite;MO;Missouri;Midwest
38,25924;-90,39194;Herculaneum;MO;Missouri;Midwest
38,47795;-90,52867;High Ridge;MO;Missouri;Midwest
38,39886;-90,57303;House Springs;MO;Missouri;Midwest
38,36651;-90,36402;Kimmswick;MO;Missouri;Midwest
38,53254;-90,8382;Labadie;MO;Missouri;Midwest
38,25656;-90,86815;Lonedell;MO;Missouri;Midwest
38,2679;-90,81053;Luebbering;MO;Missouri;Midwest
38,48286;-90,7292;Pacific;MO;Missouri;Midwest
38,28625;-90,41822;Pevely;MO;Missouri;Midwest
38,15635;-90,82558;Richwoods;MO;Missouri;Midwest
38,72637;-90,38895;Saint Ann;MO;Missouri;Midwest
38,00888;-90,45835;Valles Mines;MO;Missouri;Midwest
39,26151;-90,79214;Annada;MO;Missouri;Midwest
39,15775;-90,82815;Elsberry;MO;Missouri;Midwest
39,27599;-91,57311;Farber;MO;Missouri;Midwest
38,78969;-90,94131;Foristell;MO;Missouri;Midwest
38,97979;-91,15083;Hawk Point;MO;Missouri;Midwest
38,90243;-91,35686;High Hill;MO;Missouri;Midwest
38,86041;-91,31186;Jonesburg;MO;Missouri;Midwest
39,25097;-91,65526;Laddonia;MO;Missouri;Midwest
39,44375;-91,12;Louisiana;MO;Missouri;Midwest
38,65518;-91,0947;Marthasville;MO;Missouri;Midwest
38,95802;-91,56056;Montgomery City;MO;Missouri;Midwest
38,93276;-90,88227;Moscow Mills;MO;Missouri;Midwest
38,70961;-90,87334;New Melle;MO;Missouri;Midwest
38,77805;-90,79536;Lake Saint Louis;MO;Missouri;Midwest
38,93758;-90,77766;Old Monroe;MO;Missouri;Midwest
38,92776;-90,39563;Portage Des Sioux;MO;Missouri;Midwest
38,80022;-90,61636;Saint Peters;MO;Missouri;Midwest
39,11016;-91,10053;Silex;MO;Missouri;Midwest
38,79732;-90,85649;Wentzville;MO;Missouri;Midwest
38,87104;-90,22009;West Alton;MO;Missouri;Midwest
38,80499;-91,0413;Wright City;MO;Missouri;Midwest
39,74887;-92,32893;Anabel;MO;Missouri;Midwest
40,50058;-91,99551;Arbela;MO;Missouri;Midwest
39,66222;-91,86697;Hunnewell;MO;Missouri;Midwest
40,39681;-91,72044;Kahoka;MO;Missouri;Midwest
40,13972;-92,0055;Knox City;MO;Missouri;Midwest
39,66808;-92,14857;Lentner;MO;Missouri;Midwest
40,26627;-91,61751;Saint Patrick;MO;Missouri;Midwest
39,64849;-91,26655;Saverton;MO;Missouri;Midwest
39,67857;-92,01267;Shelbina;MO;Missouri;Midwest
40,3473;-91,89674;Wyaconda;MO;Missouri;Midwest
40,16745;-92,59078;Kirksville;MO;Missouri;Midwest
40,30002;-92,25248;Baring;MO;Missouri;Midwest
39,7677;-92,57434;Bevier;MO;Missouri;Midwest
40,20471;-92,39608;Brashear;MO;Missouri;Midwest
40,57244;-92,67946;Coatsville;MO;Missouri;Midwest
40,14776;-92,16172;Edina;MO;Missouri;Midwest
40,09782;-92,40792;Gibbs;MO;Missouri;Midwest
40,35765;-92,00976;Gorin;MO;Missouri;Midwest
40,24603;-92,84943;Green Castle;MO;Missouri;Midwest
40,26721;-92,9677;Green City;MO;Missouri;Midwest
40,33129;-92,50882;Greentop;MO;Missouri;Midwest
40,13492;-92,30651;Hurdland;MO;Missouri;Midwest
39,74168;-92,75244;New Cambria;MO;Missouri;Midwest
40,22674;-92,74528;Novinger;MO;Missouri;Midwest
40,41408;-92,54317;Queen City;MO;Missouri;Midwest
40,03139;-92,94793;Winigan;MO;Missouri;Midwest
37,8212;-90,5439;Park Hills;MO;Missouri;Midwest
38,07721;-90,71471;Blackwell;MO;Missouri;Midwest
38,03625;-90,25317;Bloomsdale;MO;Missouri;Midwest
37,9392;-90,52466;Bonne Terre;MO;Missouri;Midwest
37,39847;-91,23861;Bunker;MO;Missouri;Midwest
38,01874;-90,72727;Cadet;MO;Missouri;Midwest
37,29542;-90,57549;Des Arc;MO;Missouri;Midwest
37,70511;-90,51875;Doe Run;MO;Missouri;Midwest
37,86139;-90,58789;Leadwood;MO;Missouri;Midwest
37,39312;-90,20552;Marquand;MO;Missouri;Midwest
37,59664;-90,79483;Middle Brook;MO;Missouri;Midwest
37,62446;-90,64638;Pilot Knob;MO;Missouri;Midwest
37,89667;-90,16245;Sainte Genevieve;MO;Missouri;Midwest
38,03126;-90,65933;Tiff;MO;Missouri;Midwest
37,33522;-89,58043;Cape Girardeau;MO;Missouri;Midwest
37,59428;-89,59123;Altenburg;MO;Missouri;Midwest
36,98015;-89,78139;Bell City;MO;Missouri;Midwest
37,08936;-89,95729;Brownwood;MO;Missouri;Midwest
37,35686;-89,80216;Burfordville;MO;Missouri;Midwest
37,25596;-89,65946;Dutchtown;MO;Missouri;Midwest
37,70783;-89,69484;Farrar;MO;Missouri;Midwest
37,55993;-89,81121;Friedheim;MO;Missouri;Midwest
37,66912;-89,61282;Frohna;MO;Missouri;Midwest
37,2742;-90,12404;Glenallen;MO;Missouri;Midwest
37,05885;-90,18058;McGee;MO;Missouri;Midwest
37,59456;-89,70049;Old Appleton;MO;Missouri;Midwest
37,17797;-89,50138;Scott City;MO;Missouri;Midwest
37,5329;-89,93078;Sedgewickville;MO;Missouri;Midwest
37,11369;-90,02788;Sturdivant;MO;Missouri;Midwest
36,99497;-89,69601;Vanduser;MO;Missouri;Midwest
37,12284;-90,12263;Zalma;MO;Missouri;Midwest
36,89698;-89,60672;Sikeston;MO;Missouri;Midwest
36,04878;-90,23963;Arbyrd;MO;Missouri;Midwest
36,65904;-90,00103;Bernie;MO;Missouri;Midwest
36,89628;-89,45367;Bertrand;MO;Missouri;Midwest
37,00513;-89,52638;Blodgett;MO;Missouri;Midwest
36,18361;-89,84486;Braggadocio;MO;Missouri;Midwest
36,26133;-89,89226;Bragg City;MO;Missouri;Midwest
36,75038;-89,69182;Canalou;MO;Missouri;Midwest
36,14065;-89,6871;Caruthersville;MO;Missouri;Midwest
36,64779;-89,73023;Catron;MO;Missouri;Midwest
36,04748;-89,8097;Cooter;MO;Missouri;Midwest
36,70944;-89,31505;East Prairie;MO;Missouri;Midwest
36,44053;-89,88219;Gideon;MO;Missouri;Midwest
36,13287;-89,99109;Gobler;MO;Missouri;Midwest
36,82227;-89,78214;Grayridge;MO;Missouri;Midwest
36,05332;-90,07123;Hornersville;MO;Missouri;Midwest
36,22402;-90,04612;Kennett;MO;Missouri;Midwest
36,58974;-89,67345;Lilbourn;MO;Missouri;Midwest
36,84579;-89,68971;Morehouse;MO;Missouri;Midwest
36,60768;-89,48111;New Madrid;MO;Missouri;Midwest
36,55566;-89,81645;Risco;MO;Missouri;Midwest
36,13206;-90,16487;Senath;MO;Missouri;Midwest
36,35752;-89,80945;Wardell;MO;Missouri;Midwest
36,32986;-90,02585;Whiteoak;MO;Missouri;Midwest
36,77168;-90,45012;Poplar Bluff;MO;Missouri;Midwest
36,6879;-90,24533;Broseley;MO;Missouri;Midwest
37,20014;-90,37254;Clubb;MO;Missouri;Midwest
36,67053;-90,92055;Doniphan;MO;Missouri;Midwest
36,94403;-90,74907;Ellsinore;MO;Missouri;Midwest
36,68456;-90,68253;Fairdealing;MO;Missouri;Midwest
36,77218;-90,22892;Fisk;MO;Missouri;Midwest
36,55434;-91,07821;Gatewood;MO;Missouri;Midwest
36,6381;-90,5524;Harviell;MO;Missouri;Midwest
37,10875;-90,26055;Lowndes;MO;Missouri;Midwest
36,56365;-90,47337;Neelyville;MO;Missouri;Midwest
36,60211;-90,67864;Oxly;MO;Missouri;Midwest
36,96074;-90,12434;Puxico;MO;Missouri;Midwest
36,56848;-90,2749;Qulin;MO;Missouri;Midwest
36,84406;-90,28149;Rombauer;MO;Missouri;Midwest
37,23954;-90,39662;Silva;MO;Missouri;Midwest
36,96956;-90,26216;Wappapello;MO;Missouri;Midwest
38,95963;-94,06688;Bates City;MO;Missouri;Midwest
39,45052;-94,73329;Camden Point;MO;Missouri;Midwest
38,77543;-93,86665;Centerview;MO;Missouri;Midwest
38,96795;-93,59098;Concordia;MO;Missouri;Midwest
39,11498;-93,624;Corder;MO;Missouri;Midwest
39,32523;-94,22707;Excelsior Springs;MO;Missouri;Midwest
39,00634;-94,21473;Grain Valley;MO;Missouri;Midwest
39,05116;-93,73386;Higginsville;MO;Missouri;Midwest
39,37134;-94,36821;Kearney;MO;Missouri;Midwest
39,45533;-94,17244;Lawson;MO;Missouri;Midwest
38,91224;-94,35341;Lees Summit;MO;Missouri;Midwest
39,13961;-94,13857;Levasy;MO;Missouri;Midwest
38,8897;-94,14863;Lone Jack;MO;Missouri;Midwest
39,02961;-93,83379;Mayview;MO;Missouri;Midwest
39,23286;-94,30021;Missouri City;MO;Missouri;Midwest
39,2224;-94,13887;Orrick;MO;Missouri;Midwest
38,70711;-94,46375;Peculiar;MO;Missouri;Midwest
39,36267;-94,79351;Platte City;MO;Missouri;Midwest
38,80082;-94,4483;Raymore;MO;Missouri;Midwest
39,38697;-94,0653;Rayville;MO;Missouri;Midwest
39,10355;-94,60051;Kansas City;MO;Missouri;Midwest
39,9082;-94,92779;Amazonia;MO;Missouri;Midwest
40,51747;-93,86158;Blythedale;MO;Missouri;Midwest
40,10828;-94,84136;Bolckow;MO;Missouri;Midwest
40,4418;-95,08836;Burlington Junction;MO;Missouri;Midwest
40,53046;-94,99357;Clearmont;MO;Missouri;Midwest
40,24107;-94,68053;Conception;MO;Missouri;Midwest
40,2584;-94,73615;Conception Junction;MO;Missouri;Midwest
40,14292;-95,35546;Craig;MO;Missouri;Midwest
39,60258;-94,81856;Faucett;MO;Missouri;Midwest
40,34471;-94,46947;Gentry;MO;Missouri;Midwest
39,60771;-94,59423;Gower;MO;Missouri;Midwest
40,49433;-94,38733;Grant City;MO;Missouri;Midwest
40,06526;-94,4869;King City;MO;Missouri;Midwest
39,54853;-94,29525;Lathrop;MO;Missouri;Midwest
39,75829;-94,38103;Osborn;MO;Missouri;Midwest
40,45115;-94,83034;Pickering;MO;Missouri;Midwest
39,57872;-94,45289;Plattsburg;MO;Missouri;Midwest
40,34853;-94,66636;Ravenwood;MO;Missouri;Midwest
40,06102;-94,70826;Rea;MO;Missouri;Midwest
40,45345;-95,54329;Rock Port;MO;Missouri;Midwest
40,31218;-95,10293;Skidmore;MO;Missouri;Midwest
40,23543;-94,54969;Stanberry;MO;Missouri;Midwest
40,44868;-95,34499;Tarkio;MO;Missouri;Midwest
39,63058;-94,30454;Turney;MO;Missouri;Midwest
39,92929;-94,22275;Weatherby;MO;Missouri;Midwest
39,49535;-93,54569;Bogard;MO;Missouri;Midwest
39,47;-93,33344;Bosworth;MO;Missouri;Midwest
39,57189;-93,7848;Braymer;MO;Missouri;Midwest
39,82018;-92,88213;Bucklin;MO;Missouri;Midwest
40,46915;-93,76862;Cainsville;MO;Missouri;Midwest
40,11989;-93,98769;Coffey;MO;Missouri;Midwest
39,57439;-93,91573;Cowgill;MO;Missouri;Midwest
39,61894;-93,61498;Dawn;MO;Missouri;Midwest
40,16979;-93,83574;Gilman City;MO;Missouri;Midwest
40,10456;-93,30819;Humphreys;MO;Missouri;Midwest
40,03016;-93,96862;Jameson;MO;Missouri;Midwest
39,77428;-94,09183;Kidder;MO;Missouri;Midwest
39,7759;-93,1797;Laclede;MO;Missouri;Midwest
40,01979;-93,42103;Laredo;MO;Missouri;Midwest
39,89403;-93,20403;Linneus;MO;Missouri;Midwest
39,84864;-93,77552;Lock Springs;MO;Missouri;Midwest
40,13269;-94,21292;McFall;MO;Missouri;Midwest
39,66124;-92,92181;Marceline;MO;Missouri;Midwest
39,35226;-93,70704;Norborne;MO;Missouri;Midwest
40,04986;-94,13833;Pattonsburg;MO;Missouri;Midwest
40,53869;-93,26015;Powersville;MO;Missouri;Midwest
39,96491;-93,15884;Purdin;MO;Missouri;Midwest
39,6471;-93,03729;Rothville;MO;Missouri;Midwest
40,23246;-93,58181;Spickard;MO;Missouri;Midwest
39,55251;-93,49132;Tina;MO;Missouri;Midwest
38,27388;-94,55188;Amoret;MO;Missouri;Midwest
38,15188;-94,01025;Appleton City;MO;Missouri;Midwest
38,49482;-94,36609;Archie;MO;Missouri;Midwest
37,70217;-94,5174;Bronaugh;MO;Missouri;Midwest
38,58016;-93,8283;Chilhowee;MO;Missouri;Midwest
38,66596;-94,21827;East Lynne;MO;Missouri;Midwest
37,84963;-93,97755;El Dorado Springs;MO;Missouri;Midwest
37,36497;-94,10017;Golden City;MO;Missouri;Midwest
37,61931;-94,01462;Jerico Springs;MO;Missouri;Midwest
38,59463;-93,68657;Leeton;MO;Missouri;Midwest
37,54628;-94,50176;Liberal;MO;Missouri;Midwest
38,14354;-93,71573;Lowry City;MO;Missouri;Midwest
37,48028;-94,56688;Mindenmines;MO;Missouri;Midwest
37,92283;-94,4841;Richards;MO;Missouri;Midwest
38,09214;-94,40152;Rich Hill;MO;Missouri;Midwest
37,99972;-94,10688;Schell City;MO;Missouri;Midwest
38,42868;-94,02045;Urich;MO;Missouri;Midwest
37,18714;-94,56865;Carl Junction;MO;Missouri;Midwest
37,07873;-94,41101;Duenweg;MO;Missouri;Midwest
36,59217;-94,43863;Lanagan;MO;Missouri;Midwest
37,18061;-93,99523;La Russell;MO;Missouri;Midwest
37,2544;-94,44529;Neck City;MO;Missouri;Midwest
36,54369;-94,44144;Noel;MO;Missouri;Midwest
37,29548;-94,48637;Oronogo;MO;Missouri;Midwest
37,24587;-94,43861;Purcell;MO;Missouri;Midwest
37,15822;-94,14703;Reeds;MO;Missouri;Midwest
36,6953;-94,14864;Rocky Comfort;MO;Missouri;Midwest
37,10128;-94,11469;Sarcoxie;MO;Missouri;Midwest
36,55511;-94,58444;South West City;MO;Missouri;Midwest
36,8677;-94,14317;Stark City;MO;Missouri;Midwest
36,68742;-94,61285;Tiff City;MO;Missouri;Midwest
37,18474;-94,48136;Webb City;MO;Missouri;Midwest
38,39493;-92,70815;Barnett;MO;Missouri;Midwest
38,56167;-91,91896;Bonnots Mill;MO;Missouri;Midwest
38,09185;-92,49548;Brumley;MO;Missouri;Midwest
38,00517;-92,78193;Camdenton;MO;Missouri;Midwest
38,62444;-91,75712;Chamois;MO;Missouri;Midwest
38,34024;-92,37942;Eugene;MO;Missouri;Midwest
38,23845;-92,85749;Gravois Mills;MO;Missouri;Midwest
38,36367;-92,31252;Henley;MO;Missouri;Midwest
38,64088;-91,47712;Hermann;MO;Missouri;Midwest
38,62563;-92,10774;Holts Summit;MO;Missouri;Midwest
38,15483;-92,57774;Kaiser;MO;Missouri;Midwest
38,35745;-92,0365;Koeltztown;MO;Missouri;Midwest
38,20127;-92,67067;Lake Ozark;MO;Missouri;Midwest
38,05068;-92,65568;Linn Creek;MO;Missouri;Midwest
38,54132;-92,36966;Lohman;MO;Missouri;Midwest
38,49103;-91,95003;Loose Creek;MO;Missouri;Midwest
38,25777;-92,12946;Meta;MO;Missouri;Midwest
38,70365;-91,88447;Mokane;MO;Missouri;Midwest
38,13462;-92,66593;Osage Beach;MO;Missouri;Midwest
38,82757;-92,59909;Prairie Home;MO;Missouri;Midwest
38,75573;-91,5966;Rhineland;MO;Missouri;Midwest
38,24849;-92,26388;Saint Elizabeth;MO;Missouri;Midwest
38,7691;-91,80305;Steedman;MO;Missouri;Midwest
38,38473;-93,01085;Stover;MO;Missouri;Midwest
38,15283;-92,75225;Sunrise Beach;MO;Missouri;Midwest
38,63231;-91,97713;Tebbetts;MO;Missouri;Midwest
38,14318;-92,44089;Ulman;MO;Missouri;Midwest
39,01773;-91,90803;Auxvasse;MO;Missouri;Midwest
39,15901;-91,75516;Benton City;MO;Missouri;Midwest
38,78078;-92,78438;Bunceton;MO;Missouri;Midwest
39,4807;-92,65982;Clifton Hill;MO;Missouri;Midwest
39,63502;-92,47296;Excello;MO;Missouri;Midwest
39,09632;-92,23463;Hallsville;MO;Missouri;Midwest
39,28404;-92,53112;Higbee;MO;Missouri;Midwest
39,52339;-92,13706;Holliday;MO;Missouri;Midwest
39,47542;-92,92388;Keytesville;MO;Missouri;Midwest
38,9548;-91,95285;Kingdom City;MO;Missouri;Midwest
39,41552;-92,39917;Moberly;MO;Missouri;Midwest
39,01342;-92,68321;New Franklin;MO;Missouri;Midwest
38,84581;-92,95498;Pilot Grove;MO;Missouri;Midwest
39,01284;-92,52062;Rocheport;MO;Missouri;Midwest
39,23487;-91,75048;Rush Hill;MO;Missouri;Midwest
39,50616;-93,22059;Triplett;MO;Missouri;Midwest
38,88443;-92,51953;Wooldridge;MO;Missouri;Midwest
38,72944;-93,55446;Whiteman Air Force Base;MO;Missouri;Midwest
39,06606;-92,94415;Arrow Rock;MO;Missouri;Midwest
39,08604;-93,4526;Blackburn;MO;Missouri;Midwest
38,11104;-92,99997;Climax Springs;MO;Missouri;Midwest
38,43239;-93,18535;Cole Camp;MO;Missouri;Midwest
38,97525;-93,48909;Emma;MO;Missouri;Midwest
39,22096;-92,94945;Gilliam;MO;Missouri;Midwest
38,61973;-93,41324;Green Ridge;MO;Missouri;Midwest
38,90687;-93,30724;Houstonia;MO;Missouri;Midwest
38,78169;-93,56241;Knob Noster;MO;Missouri;Midwest
38,79202;-93,42573;La Monte;MO;Missouri;Midwest
39,19407;-93,37671;Malta Bend;MO;Missouri;Midwest
38,70963;-92,98344;Otterville;MO;Missouri;Midwest
38,98445;-93,38628;Sweet Springs;MO;Missouri;Midwest
36,9375;-91,50739;Birch Tree;MO;Missouri;Midwest
37,65718;-91,09535;Bixby;MO;Missouri;Midwest
37,60388;-91,18539;Boss;MO;Missouri;Midwest
38,13089;-92,0918;Brinktown;MO;Missouri;Midwest
37,84745;-91,48722;Cook Sta;MO;Missouri;Midwest
37,96271;-92,26702;Crocker;MO;Missouri;Midwest
37,82647;-92,05047;Devils Elbow;MO;Missouri;Midwest
37,68406;-92,02379;Duke;MO;Missouri;Midwest
37,68654;-91,86417;Edgar Springs;MO;Missouri;Midwest
37,25434;-91,79824;Eunice;MO;Missouri;Midwest
37,71215;-92,14811;Fort Leonard Wood;MO;Missouri;Midwest
37,3368;-91,63382;Hartshorn;MO;Missouri;Midwest
37,36348;-92,22052;Huggins;MO;Missouri;Midwest
37,47319;-91,5549;Jadwin;MO;Missouri;Midwest
37,70236;-92,27656;Laquey;MO;Missouri;Midwest
37,50497;-91,88432;Licking;MO;Missouri;Midwest
37,00545;-91,71131;Mountain View;MO;Missouri;Midwest
37,51778;-92,14024;Roby;MO;Missouri;Midwest
37,23476;-91,95781;Solo;MO;Missouri;Midwest
37,90573;-91,23841;Steelville;MO;Missouri;Midwest
37,76618;-91,14689;Viburnum;MO;Missouri;Midwest
37,85594;-92,53699;Stoutland;MO;Missouri;Midwest
37,45702;-92,10115;Success;MO;Missouri;Midwest
38,11656;-91,78617;Vichy;MO;Missouri;Midwest
37,82901;-92,13086;Saint Robert;MO;Missouri;Midwest
37,86483;-91,43294;Wesco;MO;Missouri;Midwest
37,61687;-92,95008;Long Lane;MO;Missouri;Midwest
37,27348;-93,60367;Ash Grove;MO;Missouri;Midwest
36,54339;-93,36127;Blue Eye;MO;Missouri;Midwest
37,21897;-93,54694;Bois D Arc;MO;Missouri;Midwest
36,73739;-92,88684;Bradleyville;MO;Missouri;Midwest
36,67133;-93,24887;Branson;MO;Missouri;Midwest
36,75157;-92,38641;Brixey;MO;Missouri;Midwest
37,02045;-92,95594;Bruner;MO;Missouri;Midwest
36,73276;-93,56241;Cape Fair;MO;Missouri;Midwest
36,59088;-92,11697;Caulfield;MO;Missouri;Midwest
36,56247;-93,00613;Cedarcreek;MO;Missouri;Midwest
36,83463;-93,2204;Chestnutridge;MO;Missouri;Midwest
37,00594;-93,4232;Clever;MO;Missouri;Midwest
38,02355;-93,18827;Cross Timbers;MO;Missouri;Midwest
37,69956;-93,57165;Dunnegan;MO;Missouri;Midwest
37,33511;-93,7039;Everton;MO;Missouri;Midwest
37,40297;-93,15402;Fair Grove;MO;Missouri;Midwest
37,14264;-92,94642;Fordland;MO;Missouri;Midwest
37,02164;-93,8975;Freistatt;MO;Missouri;Midwest
37,32624;-92,26998;Graff;MO;Missouri;Midwest
37,43421;-92,5698;Grovespring;MO;Missouri;Midwest
37,62732;-93,24486;Half Way;MO;Missouri;Midwest
37,19728;-93,61732;Halltown;MO;Missouri;Midwest
36,57829;-92,36065;Hardenville;MO;Missouri;Midwest
36,91339;-93,30137;Highlandville;MO;Missouri;Midwest
37,78872;-93,61018;Humansville;MO;Missouri;Midwest
36,57738;-93,10407;Kirbyville;MO;Missouri;Midwest
36,64518;-92,98551;Kissee Mills;MO;Missouri;Midwest
36,55211;-93,46658;Lampe;MO;Missouri;Midwest
36,62275;-93,43625;Kimberling City;MO;Missouri;Midwest
36,64928;-91,69328;Brandsville;MO;Missouri;Midwest
37,13665;-92,09794;Cabool;MO;Missouri;Midwest
36,5856;-91,26657;Couch;MO;Missouri;Midwest
36,61801;-91,65592;Koshkonong;MO;Missouri;Midwest
36,91048;-93,90899;Monett;MO;Missouri;Midwest
37,17355;-92,27747;Mountain Grove;MO;Missouri;Midwest
37,40403;-92,73971;Niangua;MO;Missouri;Midwest
37,03801;-93,31976;Nixa;MO;Missouri;Midwest
36,95513;-92,95998;Oldfield;MO;Missouri;Midwest
36,95635;-94,04648;Pierce City;MO;Missouri;Midwest
37,42986;-93,27424;Pleasant Hope;MO;Missouri;Midwest
36,65458;-93,12222;Powersite;MO;Missouri;Midwest
36,53157;-92,85077;Protem;MO;Missouri;Midwest
36,79841;-93,95233;Purdy;MO;Missouri;Midwest
36,7146;-93,35796;Reeds Spring;MO;Missouri;Midwest
36,51925;-93,26864;Ridgedale;MO;Missouri;Midwest
36,71288;-93,16169;Rockaway Beach;MO;Missouri;Midwest
36,62449;-92,89337;Rueter;MO;Missouri;Midwest
36,52928;-93,97917;Seligman;MO;Missouri;Midwest
36,60248;-93,57971;Shell Knob;MO;Missouri;Midwest
37,32742;-93,83842;South Greenfield;MO;Missouri;Midwest
36,85032;-93,29595;Spokane;MO;Missouri;Midwest
36,7996;-92,62858;Squires;MO;Missouri;Midwest
37,0981;-93,96315;Stotts City;MO;Missouri;Midwest
36,75762;-93,03167;Taneyville;MO;Missouri;Midwest
36,56974;-92,72561;Theodosia;MO;Missouri;Midwest
36,68613;-92,65634;Thornfield;MO;Missouri;Midwest
37,82189;-92,95682;Tunas;MO;Missouri;Midwest
36,53933;-92,25948;Udall;MO;Missouri;Midwest
36,92072;-92,26456;Vanzant;MO;Missouri;Midwest
36,77484;-93,2042;Walnut Shade;MO;Missouri;Midwest
36,75551;-92,51332;Wasola;MO;Missouri;Midwest
37,92806;-93,49529;Weaubleau;MO;Missouri;Midwest
36,6995;-91,85999;West Plains;MO;Missouri;Midwest
37,7153;-92,91623;Windyville;MO;Missouri;Midwest
36,72588;-92,31538;Zanoni;MO;Missouri;Midwest
37,96715;-92,96516;Macks Creek;MO;Missouri;Midwest
38,07306;-92,89213;Roach;MO;Missouri;Midwest
36,81442;-91,69626;Peace Valley;MO;Missouri;Midwest
39,5488;-95,13881;Atchison;KS;Kansas;Midwest
38,79433;-95,23936;Baldwin City;KS;Kansas;Midwest
39,1405;-94,94548;Basehor;KS;Kansas;Midwest
39,71283;-95,17564;Bendena;KS;Kansas;Midwest
39,06091;-94,91658;Bonner Springs;KS;Kansas;Midwest
38,06786;-95,40395;Colony;KS;Kansas;Midwest
38,89824;-95,07863;Eudora;KS;Kansas;Midwest
39,36454;-94,91708;Fort Leavenworth;KS;Kansas;Midwest
38,82975;-94,89142;New Century;KS;Kansas;Midwest
38,35396;-94,73949;La Cygne;KS;Kansas;Midwest
39,01961;-95,43697;Lecompton;KS;Kansas;Midwest
39,2055;-95,19518;McLouth;KS;Kansas;Midwest
39,54018;-95,51894;Muscotah;KS;Kansas;Midwest
38,89633;-94,88029;Olathe;KS;Kansas;Midwest
38,47829;-94,98688;Osawatomie;KS;Kansas;Midwest
39,21135;-95,45132;Ozawkie;KS;Kansas;Midwest
38,57367;-94,86575;Paola;KS;Kansas;Midwest
38,20362;-94,69272;Pleasanton;KS;Kansas;Midwest
38,80069;-94,64729;Stilwell;KS;Kansas;Midwest
39,11578;-95,08043;Tonganoxie;KS;Kansas;Midwest
39,78391;-94,97041;Wathena;KS;Kansas;Midwest
38,16952;-95,32701;Welda;KS;Kansas;Midwest
38,99282;-94,67741;Overland Park;KS;Kansas;Midwest
38,95851;-94,61923;Leawood;KS;Kansas;Midwest
38,99936;-94,62998;Prairie Village;KS;Kansas;Midwest
38,95649;-94,74304;Lenexa;KS;Kansas;Midwest
39,89424;-96,27166;Axtell;KS;Kansas;Midwest
39,8927;-96,42014;Beattie;KS;Kansas;Midwest
39,22517;-96,19218;Belvue;KS;Kansas;Midwest
39,95306;-95,97607;Bern;KS;Kansas;Midwest
38,92508;-95,55589;Berryton;KS;Kansas;Midwest
39,64083;-96,63948;Blue Rapids;KS;Kansas;Midwest
38,77375;-95,88305;Burlingame;KS;Kansas;Midwest
39,28861;-95,93528;Delia;KS;Kansas;Midwest
38,8492;-96,12934;Eskridge;KS;Kansas;Midwest
39,67789;-95,40072;Everest;KS;Kansas;Midwest
39,67687;-95,92504;Goff;KS;Kansas;Midwest
38,80851;-96,00241;Harveyville;KS;Kansas;Midwest
39,48768;-96,07348;Havensville;KS;Kansas;Midwest
39,26326;-95,68168;Hoyt;KS;Kansas;Midwest
39,09302;-96,78963;Fort Riley;KS;Kansas;Midwest
39,38833;-96,86007;Leonardville;KS;Kansas;Midwest
39,33239;-95,78097;Mayetta;KS;Kansas;Midwest
38,49297;-95,6104;Melvern;KS;Kansas;Midwest
39,62193;-95,7195;Netawaka;KS;Kansas;Midwest
39,97008;-96,55533;Oketo;KS;Kansas;Midwest
39,40963;-96,61617;Olsburg;KS;Kansas;Midwest
39,47668;-96,22128;Onaga;KS;Kansas;Midwest
38,60993;-95,83791;Osage City;KS;Kansas;Midwest
38,78948;-95,50695;Overbrook;KS;Kansas;Midwest
39,06349;-96,15567;Paxico;KS;Kansas;Midwest
39,74499;-95,67744;Powhattan;KS;Kansas;Midwest
38,59711;-95,5344;Quenemo;KS;Kansas;Midwest
39,87782;-95,83635;Sabetha;KS;Kansas;Midwest
39,23469;-96,30384;Wamego;KS;Kansas;Midwest
37,82862;-94,75999;Fort Scott;KS;Kansas;Midwest
37,5636;-94,71657;Arma;KS;Kansas;Midwest
37,03323;-94,78637;Baxter Springs;KS;Kansas;Midwest
37,64631;-95,459;Chanute;KS;Kansas;Midwest
37,80097;-95,1947;Elsmore;KS;Kansas;Midwest
37,61534;-94,82172;Farlington;KS;Kansas;Midwest
37,92023;-95,34755;Gas;KS;Kansas;Midwest
37,6708;-94,95317;Hepler;KS;Kansas;Midwest
37,36529;-95,01444;McCune;KS;Kansas;Midwest
37,41602;-95,69874;Neodesha;KS;Kansas;Midwest
38,01862;-95,59602;Neosho Falls;KS;Kansas;Midwest
37,34487;-94,6245;Opolis;KS;Kansas;Midwest
37,74559;-95,18813;Savonburg;KS;Kansas;Midwest
37,26599;-94,81262;Scammon;KS;Kansas;Midwest
37,69957;-95,14855;Stark;KS;Kansas;Midwest
37,00048;-94,839;Treece;KS;Kansas;Midwest
37,28493;-94,92609;West Mineral;KS;Kansas;Midwest
37,87682;-95,73322;Yates Center;KS;Kansas;Midwest
38,59733;-96,08755;Admire;KS;Kansas;Midwest
38,56207;-96,79665;Burdick;KS;Kansas;Midwest
38,0236;-96,65836;Cassoday;KS;Kansas;Midwest
38,29546;-96,50762;Cottonwood Falls;KS;Kansas;Midwest
38,64383;-96,47187;Council Grove;KS;Kansas;Midwest
38,40648;-96,71764;Elmdale;KS;Kansas;Midwest
38,39853;-95,81838;Lebo;KS;Kansas;Midwest
38,55653;-96,96315;Lost Springs;KS;Kansas;Midwest
38,15532;-96,55403;Matfield Green;KS;Kansas;Midwest
37,83368;-96,07633;Neal;KS;Kansas;Midwest
38,36132;-95,98207;Neosho Rapids;KS;Kansas;Midwest
38,2181;-96,27993;Olpe;KS;Kansas;Midwest
38,4548;-96,54444;Strong City;KS;Kansas;Midwest
38,79878;-96,76147;White City;KS;Kansas;Midwest
38,61747;-96,66774;Wilsey;KS;Kansas;Midwest
39,71137;-97,48553;Agenda;KS;Kansas;Midwest
39,67124;-96,86706;Barnes;KS;Kansas;Midwest
39,83135;-98,44777;Esbon;KS;Kansas;Midwest
39,79278;-98,00448;Formoso;KS;Kansas;Midwest
39,96684;-97,00192;Hollenberg;KS;Kansas;Midwest
39,97984;-97,31715;Mahaska;KS;Kansas;Midwest
39,88657;-97,1787;Morrowville;KS;Kansas;Midwest
39,92276;-97,53551;Munden;KS;Kansas;Midwest
39,93042;-97,42134;Narka;KS;Kansas;Midwest
39,82571;-98,79366;Smith Center;KS;Kansas;Midwest
39,94533;-98,02336;Webber;KS;Kansas;Midwest
37,76069;-97,62953;Andale;KS;Kansas;Midwest
37,28317;-97,76401;Argonia;KS;Kansas;Midwest
37,06722;-96,99645;Arkansas City;KS;Kansas;Midwest
37,31225;-96,78174;Burden;KS;Kansas;Midwest
38,00881;-97,66903;Burrton;KS;Kansas;Midwest
37,77615;-98,91045;Byers;KS;Kansas;Midwest
37,11397;-96,49164;Cedar Vale;KS;Kansas;Midwest
37,64146;-97,78789;Cheney;KS;Kansas;Midwest
37,78548;-97,54661;Colwich;KS;Kansas;Midwest
37,40444;-97,63848;Conway Springs;KS;Kansas;Midwest
37,52163;-96,97322;Douglass;KS;Kansas;Midwest
38,05404;-97,12755;Elbing;KS;Kansas;Midwest
37,84868;-96,79809;El Dorado;KS;Kansas;Midwest
37,675;-97,6769;Garden Plain;KS;Kansas;Midwest
37,08932;-97,19399;Geuda Springs;KS;Kansas;Midwest
37,65812;-97,57357;Goddard;KS;Kansas;Midwest
38,24728;-97,34545;Goessel;KS;Kansas;Midwest
38,01936;-97,52345;Halstead;KS;Kansas;Midwest
37,05954;-98,77864;Hardtner;KS;Kansas;Midwest
37,54601;-97,35952;Haysville;KS;Kansas;Midwest
37,7951;-97,27044;Kechi;KS;Kansas;Midwest
37,0696;-98,53204;Kiowa;KS;Kansas;Midwest
37,78489;-97,46356;Maize;KS;Kansas;Midwest
37,27286;-98,65223;Medicine Lodge;KS;Kansas;Midwest
38,19496;-97,53911;Moundridge;KS;Kansas;Midwest
37,56448;-99,47914;Mullinville;KS;Kansas;Midwest
37,47022;-97,22425;Mulvane;KS;Kansas;Midwest
38,07416;-97,34544;North Newton;KS;Kansas;Midwest
37,94676;-96,99352;Potwin;KS;Kansas;Midwest
37,16009;-99,49057;Protection;KS;Kansas;Midwest
37,8504;-96,58385;Rosalia;KS;Kansas;Midwest
37,63145;-96,22196;Severy;KS;Kansas;Midwest
37,45655;-98,1094;Spivey;KS;Kansas;Midwest
37,33284;-98,94434;Sun City;KS;Kansas;Midwest
37,86062;-97,3058;Valley Center;KS;Kansas;Midwest
37,68668;-97,33521;Wichita;KS;Kansas;Midwest
37,63544;-97,25819;Mcconnell Afb;KS;Kansas;Midwest
37,04695;-95,87253;Caney;KS;Kansas;Midwest
37,28005;-95,53381;Cherryvale;KS;Kansas;Midwest
37,05385;-95,07489;Chetopa;KS;Kansas;Midwest
37,05486;-95,5993;Coffeyville;KS;Kansas;Midwest
37,05877;-95,35513;Edna;KS;Kansas;Midwest
37,28875;-95,9514;Elk City;KS;Kansas;Midwest
37,37122;-96,20075;Elk Falls;KS;Kansas;Midwest
37,31774;-96,44511;Grenola;KS;Kansas;Midwest
37,3574;-96,08154;Longton;KS;Kansas;Midwest
37,20727;-95,41126;Mound Valley;KS;Kansas;Midwest
37,03275;-96,00974;Niotaze;KS;Kansas;Midwest
37,13733;-96,21714;Sedan;KS;Kansas;Midwest
38,95632;-97,22104;Abilene;KS;Kansas;Midwest
38,66505;-97,5718;Assaria;KS;Kansas;Midwest
38,50364;-98,39977;Bushton;KS;Kansas;Midwest
39,57571;-98,44193;Cawker City;KS;Kansas;Midwest
38,95833;-97,01179;Chapman;KS;Kansas;Midwest
38,64939;-97,78073;Falun;KS;Kansas;Midwest
39,47442;-98,32363;Glen Elder;KS;Kansas;Midwest
38,68214;-96,89569;Herington;KS;Kansas;Midwest
38,62746;-98,45788;Holyrood;KS;Kansas;Midwest
38,69808;-98,11308;Kanopolis;KS;Kansas;Midwest
38,5949;-97,6769;Lindsborg;KS;Kansas;Midwest
39,16595;-97,30441;Longford;KS;Kansas;Midwest
38,38431;-97,69719;Mcpherson;KS;Kansas;Midwest
39,32787;-97,47905;Miltonvale;KS;Kansas;Midwest
39,37567;-98,73356;Osborne;KS;Kansas;Midwest
39,58523;-98,70771;Portis;KS;Kansas;Midwest
38,97073;-97,40282;Solomon;KS;Kansas;Midwest
39,01244;-98,38903;Sylvan Grove;KS;Kansas;Midwest
39,02686;-97,25976;Talmage;KS;Kansas;Midwest
38,99603;-97,83617;Tescott;KS;Kansas;Midwest
38,02855;-97,94333;South Hutchinson;KS;Kansas;Midwest
37,99839;-98,21127;Abbyville;KS;Kansas;Midwest
38,43365;-99,05058;Albert;KS;Kansas;Midwest
38,38768;-99,68486;Bazine;KS;Kansas;Midwest
38,40403;-100,17343;Beeler;KS;Kansas;Midwest
38,62575;-99,72253;Brownell;KS;Kansas;Midwest
38,12294;-97,74608;Buhler;KS;Kansas;Midwest
38,57205;-98,57111;Claflin;KS;Kansas;Midwest
38,29764;-98,54711;Ellinwood;KS;Kansas;Midwest
37,88346;-97,79511;Haven;KS;Kansas;Midwest
38,57584;-98,75456;Hoisington;KS;Kansas;Midwest
37,93926;-99,46526;Kinsley;KS;Kansas;Midwest
38,18121;-99,12487;Larned;KS;Kansas;Midwest
38,65444;-99,32017;Liebenthal;KS;Kansas;Midwest
38,60719;-99,52436;McCracken;KS;Kansas;Midwest
37,91557;-98,96678;Macksville;KS;Kansas;Midwest
38,39781;-99,94818;Ness City;KS;Kansas;Midwest
38,10427;-98,09921;Nickerson;KS;Kansas;Midwest
37,84627;-99,55931;Offerle;KS;Kansas;Midwest
38,52855;-98,92845;Olmitz;KS;Kansas;Midwest
38,26632;-98,97241;Pawnee Rock;KS;Kansas;Midwest
37,78686;-97,968;Pretty Prairie;KS;Kansas;Midwest
38,22045;-99,39185;Rozel;KS;Kansas;Midwest
38,40711;-99,25681;Rush Center;KS;Kansas;Midwest
37,99316;-98,41068;Sylvia;KS;Kansas;Midwest
37,79997;-98,4714;Turon;KS;Kansas;Midwest
39,82866;-99,12891;Agra;KS;Kansas;Midwest
39,39145;-99,68293;Bogue;KS;Kansas;Midwest
38,92224;-99,21343;Catharine;KS;Kansas;Midwest
39,00837;-100,08569;Collyer;KS;Kansas;Midwest
39,33557;-99,58362;Damar;KS;Kansas;Midwest
38,82654;-98,6073;Dorrance;KS;Kansas;Midwest
38,94008;-99,59197;Ellis;KS;Kansas;Midwest
39,62649;-99,32133;Glade;KS;Kansas;Midwest
39,63104;-99,15993;Kirwin;KS;Kansas;Midwest
39,60144;-99,89604;Lenora;KS;Kansas;Midwest
39,37477;-100,09925;Morland;KS;Kansas;Midwest
39,20926;-99,03969;Natoma;KS;Kansas;Midwest
39,90873;-100,20554;Norcatur;KS;Kansas;Midwest
38,98565;-99,75549;Ogallah;KS;Kansas;Midwest
39,21126;-99,60811;Palco;KS;Kansas;Midwest
39,31804;-100,00496;Penokee;KS;Kansas;Midwest
38,71752;-99,14806;Pfeifer;KS;Kansas;Midwest
39,81609;-99,5875;Prairie View;KS;Kansas;Midwest
38,71304;-99,33249;Schoenchen;KS;Kansas;Midwest
38,99882;-99,90746;Wakeeney;KS;Kansas;Midwest
39,42612;-99,09994;Woodston;KS;Kansas;Midwest
39,76277;-101,53858;Bird City;KS;Kansas;Midwest
39,32998;-101,50653;Edson;KS;Kansas;Midwest
39,54241;-100,89298;Gem;KS;Kansas;Midwest
38,85492;-100,44715;Gove;KS;Kansas;Midwest
39,08798;-100,49367;Grainfield;KS;Kansas;Midwest
39,35576;-100,36089;Hoxie;KS;Kansas;Midwest
39,38269;-102,00822;Kanorado;KS;Kansas;Midwest
39,85952;-100,94095;Ludell;KS;Kansas;Midwest
39,04208;-101,06099;Monument;KS;Kansas;Midwest
39,11799;-100,35572;Park;KS;Kansas;Midwest
38,9924;-100,23145;Quinter;KS;Kansas;Midwest
38,84166;-101,98611;Weskan;KS;Kansas;Midwest
37,72961;-100,05406;Dodge City;KS;Kansas;Midwest
37,98071;-100,31746;Cimarron;KS;Kansas;Midwest
37,62997;-100,22878;Ensign;KS;Kansas;Midwest
38,15061;-99,71725;Hanston;KS;Kansas;Midwest
38,6315;-100,63896;Healy;KS;Kansas;Midwest
38,09034;-100,0023;Jetmore;KS;Kansas;Midwest
37,23636;-100,77421;Kismet;KS;Kansas;Midwest
38,0185;-101,29831;Lakin;KS;Kansas;Midwest
38,46768;-101,38914;Leoti;KS;Kansas;Midwest
37,47961;-101,95409;Manter;KS;Kansas;Midwest
38,56533;-101,20829;Marienthal;KS;Kansas;Midwest
37,17178;-100,31807;Meade;KS;Kansas;Midwest
37,4368;-99,96506;Minneola;KS;Kansas;Midwest
37,82028;-100,71029;Pierceville;KS;Kansas;Midwest
37,53255;-101,01829;Satanta;KS;Kansas;Midwest
37,86154;-99,73654;Spearville;KS;Kansas;Midwest
38,47091;-101,79459;Tribune;KS;Kansas;Midwest
37,1639;-101,33486;Hugoton;KS;Kansas;Midwest
41,33369;-96,95489;Abie;NE;Nebraska;Midwest
41,25616;-96,13352;Boys Town;NE;Nebraska;Midwest
41,38351;-96,64737;Cedar Bluffs;NE;Nebraska;Midwest
41,02518;-96,1063;Cedar Creek;NE;Nebraska;Midwest
41,46191;-96,02226;Fort Calhoun;NE;Nebraska;Midwest
41,64041;-96,53046;Hooper;NE;Nebraska;Midwest
41,28555;-96,73815;Malmo;NE;Nebraska;Midwest
41,23633;-96,48793;Mead;NE;Nebraska;Midwest
41,12206;-96,06138;Papillion;NE;Nebraska;Midwest
42,10592;-96,7325;Pender;NE;Nebraska;Midwest
40,98304;-95,9345;Plattsmouth;NE;Nebraska;Midwest
41,30593;-96,84303;Prague;NE;Nebraska;Midwest
42,05747;-96,47192;Rosalie;NE;Nebraska;Midwest
41,14123;-95,90438;St Columbans;NE;Nebraska;Midwest
41,65888;-96,71893;Scribner;NE;Nebraska;Midwest
41,80078;-96,21165;Tekamah;NE;Nebraska;Midwest
41,72124;-96,49345;Uehling;NE;Nebraska;Midwest
41,18451;-96,61996;Wahoo;NE;Nebraska;Midwest
42,1519;-96,48603;Walthill;NE;Nebraska;Midwest
41,23931;-96,40931;Yutan;NE;Nebraska;Midwest
41,11745;-95,90889;Offutt Afb;NE;Nebraska;Midwest
41,17972;-96,07081;La Vista;NE;Nebraska;Midwest
40,88971;-96,38781;Alvo;NE;Nebraska;Midwest
40,04907;-96,57285;Barneston;NE;Nebraska;Midwest
40,78142;-97,27193;Beaver Crossing;NE;Nebraska;Midwest
40,67325;-96,50451;Bennet;NE;Nebraska;Midwest
40,48148;-95,9533;Brock;NE;Nebraska;Midwest
40,3346;-97,55356;Bruning;NE;Nebraska;Midwest
40,13197;-96,37034;Burchard;NE;Nebraska;Midwest
40,55407;-96,29014;Burr;NE;Nebraska;Midwest
40,47694;-96,8384;Clatonia;NE;Nebraska;Midwest
40,9615;-96,68405;Davey;NE;Nebraska;Midwest
40,31865;-97,24863;Daykin;NE;Nebraska;Midwest
40,1034;-96,94496;Diller;NE;Nebraska;Midwest
40,11677;-95,56702;Falls City;NE;Nebraska;Midwest
40,31541;-96,54658;Filley;NE;Nebraska;Midwest
40,53321;-96,60973;Firth;NE;Nebraska;Midwest
40,63059;-97,28333;Friend;NE;Nebraska;Midwest
40,15323;-97,42553;Gilead;NE;Nebraska;Midwest
40,83656;-97,22563;Goehner;NE;Nebraska;Midwest
40,55598;-96,81665;Hallam;NE;Nebraska;Midwest
40,217;-97,02303;Jansen;NE;Nebraska;Midwest
40,74233;-97,58569;McCool Junction;NE;Nebraska;Midwest
40,92045;-96,16707;Manley;NE;Nebraska;Midwest
40,619;-96,75566;Martell;NE;Nebraska;Midwest
40,50566;-97,37874;Milligan;NE;Nebraska;Midwest
40,63729;-95,88584;Nebraska City;NE;Nebraska;Midwest
40,83775;-96,01053;Nehawka;NE;Nebraska;Midwest
40,41093;-97,46185;Ohiowa;NE;Nebraska;Midwest
40,7359;-96,09199;Otoe;NE;Nebraska;Midwest
40,08556;-96,19125;Pawnee City;NE;Nebraska;Midwest
40,38863;-96,69755;Pickrell;NE;Nebraska;Midwest
40,80112;-96,95117;Pleasant Dale;NE;Nebraska;Midwest
40,66599;-96,66012;Roca;NE;Nebraska;Midwest
40,0677;-95,43402;Rulo;NE;Nebraska;Midwest
40,43357;-97,74427;Shickley;NE;Nebraska;Midwest
40,2513;-95,63534;Shubert;NE;Nebraska;Midwest
40,62656;-96,74463;Sprague;NE;Nebraska;Midwest
40,99937;-97,21136;Staplehurst;NE;Nebraska;Midwest
40,05266;-97,01168;Steele City;NE;Nebraska;Midwest
40,22581;-96,25461;Steinauer;NE;Nebraska;Midwest
40,41117;-97,5847;Strang;NE;Nebraska;Midwest
40,20044;-96,07366;Table Rock;NE;Nebraska;Midwest
40,39755;-97,85036;Ong;NE;Nebraska;Midwest
40,40774;-97,33455;Tobias;NE;Nebraska;Midwest
40,15618;-95,71095;Verdon;NE;Nebraska;Midwest
40,8759;-96,13518;Weeping Water;NE;Nebraska;Midwest
40,42232;-97,1955;Western;NE;Nebraska;Midwest
40,49248;-97,01987;Wilber;NE;Nebraska;Midwest
40,07109;-96,63773;Wymore;NE;Nebraska;Midwest
41,21694;-97,84355;Clarks;NE;Nebraska;Midwest
41,24266;-97,13288;David City;NE;Nebraska;Midwest
41,78778;-98,68997;Ericson;NE;Nebraska;Midwest
41,68717;-97,51232;Humphrey;NE;Nebraska;Midwest
41,70231;-97,25918;Leigh;NE;Nebraska;Midwest
41,40482;-96,78949;Morse Bluff;NE;Nebraska;Midwest
41,55551;-97,4888;Platte Center;NE;Nebraska;Midwest
41,64881;-98,26222;Primrose;NE;Nebraska;Midwest
41,19971;-97,2937;Rising City;NE;Nebraska;Midwest
41,57398;-97,86792;Saint Edward;NE;Nebraska;Midwest
41,70453;-96,78694;Snyder;NE;Nebraska;Midwest
41,10775;-97,61369;Stromsburg;NE;Nebraska;Midwest
41,9314;-96,82337;Beemer;NE;Nebraska;Midwest
42,20118;-98,77703;Chambers;NE;Nebraska;Midwest
42,5116;-97,20596;Coleridge;NE;Nebraska;Midwest
42,42528;-98,8044;Emmet;NE;Nebraska;Midwest
42,74481;-97,37136;Fordyce;NE;Nebraska;Midwest
42,6284;-97,26265;Hartington;NE;Nebraska;Midwest
42,14561;-97,29245;Hoskins;NE;Nebraska;Midwest
42,46032;-97,47531;Magnet;NE;Nebraska;Midwest
42,69035;-96,98138;Maskell;NE;Nebraska;Midwest
42,02269;-97,7154;Meadow Grove;NE;Nebraska;Midwest
42,92329;-99,12963;Naper;NE;Nebraska;Midwest
42,18544;-97,97985;Neligh;NE;Nebraska;Midwest
41,7829;-97,78863;Newman Grove;NE;Nebraska;Midwest
42,76616;-98,03831;Niobrara;NE;Nebraska;Midwest
42,51809;-98,58254;Oneill;NE;Nebraska;Midwest
42,33397;-97,6232;Osmond;NE;Nebraska;Midwest
42,1969;-97,53622;Pierce;NE;Nebraska;Midwest
41,99871;-97,06871;Pilger;NE;Nebraska;Midwest
42,56287;-96,76898;Ponca;NE;Nebraska;Midwest
42,81403;-97,27747;Saint Helena;NE;Nebraska;Midwest
42,4601;-96,44424;South Sioux City;NE;Nebraska;Midwest
42,86963;-99,79483;Springview;NE;Nebraska;Midwest
42,62523;-98,14612;Verdigre;NE;Nebraska;Midwest
42,50351;-97,55855;Wausa;NE;Nebraska;Midwest
42,53642;-97,99182;Winnetoon;NE;Nebraska;Midwest
42,17384;-97,18616;Winside;NE;Nebraska;Midwest
41,99103;-96,93245;Wisner;NE;Nebraska;Midwest
42,73323;-97,11427;Wynot;NE;Nebraska;Midwest
40,86238;-98,4675;Alda;NE;Nebraska;Midwest
41,70477;-99,8355;Anselmo;NE;Nebraska;Midwest
41,3086;-99,4102;Ansley;NE;Nebraska;Midwest
41,1066;-98,70056;Boelus;NE;Nebraska;Midwest
41,38899;-99,62766;Broken Bow;NE;Nebraska;Midwest
41,93653;-99,13255;Burwell;NE;Nebraska;Midwest
41,10937;-98,54661;Dannebrog;NE;Nebraska;Midwest
41,80281;-100,09433;Dunning;NE;Nebraska;Midwest
40,70709;-99,37865;Elm Creek;NE;Nebraska;Midwest
40,76316;-98,16677;Giltner;NE;Nebraska;Midwest
41,06499;-97,88533;Hordville;NE;Nebraska;Midwest
41,28975;-98,98616;Loup City;NE;Nebraska;Midwest
41,50167;-99,8168;Merna;NE;Nebraska;Midwest
41,46103;-98,81931;North Loup;NE;Nebraska;Midwest
41,60362;-98,93841;Ord;NE;Nebraska;Midwest
40,76628;-99,5252;Overton;NE;Nebraska;Midwest
41,42362;-98,40366;Wolbach;NE;Nebraska;Midwest
40,09311;-99,85139;Beaver City;NE;Nebraska;Midwest
40,2874;-98,60728;Bladen;NE;Nebraska;Midwest
40,33831;-98,15962;Deweese;NE;Nebraska;Midwest
40,53815;-99,25086;Funk;NE;Nebraska;Midwest
40,46882;-98,26792;Glenvil;NE;Nebraska;Midwest
40,09552;-98,31143;Guide Rock;NE;Nebraska;Midwest
40,56098;-98,77327;Heartwell;NE;Nebraska;Midwest
40,1067;-99,99048;Hendley;NE;Nebraska;Midwest
40,30139;-99,05188;Hildreth;NE;Nebraska;Midwest
40,43193;-99,39481;Holdrege;NE;Nebraska;Midwest
40,08443;-98,67587;Inavale;NE;Nebraska;Midwest
40,61215;-98,23512;Inland;NE;Nebraska;Midwest
40,59288;-98,53966;Juniata;NE;Nebraska;Midwest
40,63088;-98,6891;Kenesaw;NE;Nebraska;Midwest
40,52772;-99,50394;Loomis;NE;Nebraska;Midwest
40,08549;-99,13866;Naponee;NE;Nebraska;Midwest
40,23541;-97,90207;Oak;NE;Nebraska;Midwest
40,10157;-98,52292;Red Cloud;NE;Nebraska;Midwest
40,11931;-99,24478;Republican City;NE;Nebraska;Midwest
40,61705;-97,95483;Saronville;NE;Nebraska;Midwest
40,25232;-100,65782;McCook;NE;Nebraska;Midwest
40,13945;-101,53594;Benkelman;NE;Nebraska;Midwest
40,49841;-101,52638;Enders;NE;Nebraska;Midwest
40,68537;-100,24277;Farnam;NE;Nebraska;Midwest
40,20318;-101,92592;Haigler;NE;Nebraska;Midwest
40,56766;-101,0471;Hayes Center;NE;Nebraska;Midwest
40,17288;-101,73415;Parks;NE;Nebraska;Midwest
40,47547;-100,37903;Stockville;NE;Nebraska;Midwest
40,44582;-101,36639;Wauneta;NE;Nebraska;Midwest
41,1502;-100,80319;North Platte;NE;Nebraska;Midwest
41,59087;-102,85835;Broadwater;NE;Nebraska;Midwest
40,89924;-99,96628;Cozad;NE;Nebraska;Midwest
42,21111;-100,31028;Elsmere;NE;Nebraska;Midwest
40,99923;-100,17684;Gothenburg;NE;Nebraska;Midwest
41,91585;-100,31719;Halsey;NE;Nebraska;Midwest
41,51514;-102,08813;Lewellen;NE;Nebraska;Midwest
41,61329;-102,58773;Lisco;NE;Nebraska;Midwest
42,08697;-101,12216;Mullen;NE;Nebraska;Midwest
41,08018;-101,67866;Ogallala;NE;Nebraska;Midwest
42,02451;-100,14824;Purdum;NE;Nebraska;Midwest
42,0791;-100,56581;Thedford;NE;Nebraska;Midwest
40,89065;-100,06814;Willow Island;NE;Nebraska;Midwest
42,70004;-100,59663;Valentine;NE;Nebraska;Midwest
42,83965;-101,31068;Cody;NE;Nebraska;Midwest
42,94069;-100,96897;Kilgore;NE;Nebraska;Midwest
42,42045;-99,71314;Long Pine;NE;Nebraska;Midwest
42,78005;-101,63227;Merriman;NE;Nebraska;Midwest
42,70144;-101,0886;Nenzel;NE;Nebraska;Midwest
42,86566;-102,99513;Chadron;NE;Nebraska;Midwest
41,74154;-103,67937;Gering;NE;Nebraska;Midwest
42,59693;-102,6753;Hay Springs;NE;Nebraska;Midwest
42,3299;-103,18777;Hemingford;NE;Nebraska;Midwest
41,74703;-103,41898;Mcgrew;NE;Nebraska;Midwest
42,40812;-103,42469;Marsland;NE;Nebraska;Midwest
41,78192;-103,51709;Melbeta;NE;Nebraska;Midwest
41,89318;-103,45074;Minatare;NE;Nebraska;Midwest
42,01254;-103,56802;Scottsbluff;NE;Nebraska;Midwest
42,94744;-102,46095;Whiteclay;NE;Nebraska;Midwest
29,98272;-90,16881;Metairie;LA;Louisiana;Southeast
29,81635;-90,43526;Des Allemands;LA;Louisiana;Southeast
29,94401;-90,29666;Ama;LA;Louisiana;Southeast
29,69855;-90,12667;Barataria;LA;Louisiana;Southeast
29,78669;-90,01523;Belle Chasse;LA;Louisiana;Southeast
29,33105;-89,4007;Boothville;LA;Louisiana;Southeast
29,88274;-90,37925;Boutte;LA;Louisiana;Southeast
29,75806;-89,92327;Braithwaite;LA;Louisiana;Southeast
29,33194;-89,46978;Buras;LA;Louisiana;Southeast
29,9571;-89,96481;Chalmette;LA;Louisiana;Southeast
29,96686;-90,36552;Destrehan;LA;Louisiana;Southeast
30,03062;-90,55911;Edgard;LA;Louisiana;Southeast
30,07356;-90,63999;Garyville;LA;Louisiana;Southeast
30,07103;-90,68731;Gramercy;LA;Louisiana;Southeast
29,95949;-90,45897;Hahnville;LA;Louisiana;Southeast
29,98924;-90,25579;Kenner;LA;Louisiana;Southeast
29,72008;-90,10383;Lafitte;LA;Louisiana;Southeast
29,83302;-90,3052;Luling;LA;Louisiana;Southeast
30,05123;-90,70291;Lutcher;LA;Louisiana;Southeast
29,83012;-90,12724;Marrero;LA;Louisiana;Southeast
29,93158;-89,92081;Meraux;LA;Louisiana;Southeast
30,00172;-90,41218;Norco;LA;Louisiana;Southeast
29,8743;-90,43227;Paradis;LA;Louisiana;Southeast
29,5658;-89,75677;Pointe A La Hache;LA;Louisiana;Southeast
29,52342;-89,85211;Port Sulphur;LA;Louisiana;Southeast
29,81629;-89,76127;Saint Bernard;LA;Louisiana;Southeast
29,98092;-90,31264;Saint Rose;LA;Louisiana;Southeast
29,96725;-90,6934;Vacherie;LA;Louisiana;Southeast
29,90026;-89,89598;Violet;LA;Louisiana;Southeast
29,91162;-90,20876;Westwego;LA;Louisiana;Southeast
29,95608;-90,07733;New Orleans;LA;Louisiana;Southeast
29,81431;-90,7411;Thibodaux;LA;Louisiana;Southeast
29,92987;-91,18357;Pierre Part;LA;Louisiana;Southeast
30,02579;-91,08267;Belle Rose;LA;Louisiana;Southeast
29,55308;-90,56402;Bourg;LA;Louisiana;Southeast
29,39711;-90,63777;Chauvin;LA;Louisiana;Southeast
29,51815;-90,23763;Cut Off;LA;Louisiana;Southeast
30,10774;-91,02061;Donaldsonville;LA;Louisiana;Southeast
29,68561;-90,94486;Donner;LA;Louisiana;Southeast
29,36598;-90,70554;Dulac;LA;Louisiana;Southeast
29,43136;-90,34336;Galliano;LA;Louisiana;Southeast
29,69491;-90,42916;Gheens;LA;Louisiana;Southeast
29,28451;-90,17463;Golden Meadow;LA;Louisiana;Southeast
29,58396;-90,81001;Houma;LA;Louisiana;Southeast
29,78249;-90,9889;Labadieville;LA;Louisiana;Southeast
29,61335;-90,31919;Larose;LA;Louisiana;Southeast
29,45808;-90,51361;Montegut;LA;Louisiana;Southeast
29,89068;-91,03616;Napoleonville;LA;Louisiana;Southeast
29,99516;-91,06029;Paincourtville;LA;Louisiana;Southeast
29,9959;-90,99897;Plattenville;LA;Louisiana;Southeast
29,69448;-90,61399;Raceland;LA;Louisiana;Southeast
29,69309;-90,8513;Schriever;LA;Louisiana;Southeast
29,38444;-90,823;Theriot;LA;Louisiana;Southeast
30,48767;-89,95907;Abita Springs;LA;Louisiana;Southeast
30,73699;-90,491;Amite;LA;Louisiana;Southeast
30,93142;-89,85807;Angie;LA;Louisiana;Southeast
30,74587;-89,9125;Bogalusa;LA;Louisiana;Southeast
30,61211;-89,97215;Bush;LA;Louisiana;Southeast
30,83057;-90,53315;Fluker;LA;Louisiana;Southeast
30,70307;-90,33433;Husser;LA;Louisiana;Southeast
30,90833;-90,48707;Kentwood;LA;Louisiana;Southeast
30,36352;-89,91265;Lacombe;LA;Louisiana;Southeast
30,63612;-90,35159;Loranger;LA;Louisiana;Southeast
30,36278;-90,03943;Mandeville;LA;Louisiana;Southeast
30,26363;-90,66345;Maurepas;LA;Louisiana;Southeast
30,54964;-90,48111;Natalbany;LA;Louisiana;Southeast
30,39525;-90,3682;Ponchatoula;LA;Louisiana;Southeast
30,52438;-90,31883;Robert;LA;Louisiana;Southeast
30,25864;-89,79441;Slidell;LA;Louisiana;Southeast
30,6551;-89,90162;Sun;LA;Louisiana;Southeast
30,54416;-89,89221;Talisheek;LA;Louisiana;Southeast
30,87577;-90,51384;Tangipahoa;LA;Louisiana;Southeast
30,5685;-90,50195;Tickfaw;LA;Louisiana;Southeast
30,41333;-91,92337;Arnaudville;LA;Louisiana;Southeast
29,90272;-91,90106;Avery Island;LA;Louisiana;Southeast
30,44843;-92,57154;Basile;LA;Louisiana;Southeast
30,28421;-91,79615;Breaux Bridge;LA;Louisiana;Southeast
30,13503;-91,92922;Broussard;LA;Louisiana;Southeast
30,08178;-91,90705;Cade;LA;Louisiana;Southeast
30,33265;-92,03619;Carencro;LA;Louisiana;Southeast
29,87383;-91,52956;Charenton;LA;Louisiana;Southeast
30,55737;-92,31859;Chataignier;LA;Louisiana;Southeast
30,40765;-92,21761;Church Point;LA;Louisiana;Southeast
30,21051;-92,37951;Crowley;LA;Louisiana;Southeast
29,89766;-91,96692;Delcambre;LA;Louisiana;Southeast
30,19593;-92,16327;Duson;LA;Louisiana;Southeast
29,90439;-92,03536;Erath;LA;Louisiana;Southeast
30,16564;-92,45499;Estherwood;LA;Louisiana;Southeast
30,25747;-92,56642;Evangeline;LA;Louisiana;Southeast
30,42062;-92,0426;Grand Coteau;LA;Louisiana;Southeast
30,00442;-92,5886;Gueydan;LA;Louisiana;Southeast
30,33532;-92,5014;Iota;LA;Louisiana;Southeast
29,9059;-91,6575;Jeanerette;LA;Louisiana;Southeast
29,79733;-92,41875;Kaplan;LA;Louisiana;Southeast
30,04988;-92,83139;Lake Arthur;LA;Louisiana;Southeast
30,5157;-92,18966;Lawtell;LA;Louisiana;Southeast
30,46675;-91,98028;Leonville;LA;Louisiana;Southeast
30,0617;-91,66641;Loreauville;LA;Louisiana;Southeast
30,63633;-92,48885;Mamou;LA;Louisiana;Southeast
30,19072;-92,58325;Mermentau;LA;Louisiana;Southeast
30,12876;-92,50903;Morse;LA;Louisiana;Southeast
29,93965;-91,8642;New Iberia;LA;Louisiana;Southeast
30,5315;-92,10852;Opelousas;LA;Louisiana;Southeast
30,78097;-92,41826;Pine Prairie;LA;Louisiana;Southeast
30,54848;-91,92018;Port Barre;LA;Louisiana;Southeast
30,2291;-92,26261;Rayne;LA;Louisiana;Southeast
30,67551;-92,4284;Reddell;LA;Louisiana;Southeast
30,15961;-91,7854;Saint Martinville;LA;Louisiana;Southeast
30,87832;-92,4077;Turkey Creek;LA;Louisiana;Southeast
30,74504;-92,34151;Ville Platte;LA;Louisiana;Southeast
30,25604;-92,8397;Welsh;LA;Louisiana;Southeast
30,22627;-93,21525;Lake Charles;LA;Louisiana;Southeast
29,86747;-92,87987;Creole;LA;Louisiana;Southeast
30,42762;-93,3925;Dequincy;LA;Louisiana;Southeast
30,80142;-93,24309;Deridder;LA;Louisiana;Southeast
29,73649;-92,7939;Grand Chenier;LA;Louisiana;Southeast
29,96154;-93,40854;Hackberry;LA;Louisiana;Southeast
30,24752;-93,01605;Iowa;LA;Louisiana;Southeast
30,50568;-92,88387;Kinder;LA;Louisiana;Southeast
30,23376;-92,92067;Lacassine;LA;Louisiana;Southeast
30,54333;-92,95127;Leblanc;LA;Louisiana;Southeast
30,66744;-93,55994;Merryville;LA;Louisiana;Southeast
30,69212;-92,88075;Mittie;LA;Louisiana;Southeast
30,91647;-92,94272;Pitkin;LA;Louisiana;Southeast
30,5004;-93,14279;Ragley;LA;Louisiana;Southeast
30,52324;-93,03297;Reeves;LA;Louisiana;Southeast
30,92161;-93,284;Rosepine;LA;Louisiana;Southeast
30,575;-93,44478;Singer;LA;Louisiana;Southeast
30,36683;-93,64833;Starks;LA;Louisiana;Southeast
30,80072;-92,99834;Sugartown;LA;Louisiana;Southeast
30,61453;-90,90086;Denham Springs;LA;Louisiana;Southeast
30,3559;-91,26773;Addis;LA;Louisiana;Southeast
30,81204;-91,66262;Batchelor;LA;Louisiana;Southeast
30,37734;-91,29077;Brusly;LA;Louisiana;Southeast
30,21639;-91,09301;Carville;LA;Louisiana;Southeast
30,06379;-90,84111;Convent;LA;Louisiana;Southeast
30,13652;-90,97255;Darrow;LA;Louisiana;Southeast
30,58891;-91,34671;Erwinville;LA;Louisiana;Southeast
30,6322;-91,60678;Fordoche;LA;Louisiana;Southeast
30,30437;-90,79487;French Settlement;LA;Louisiana;Southeast
30,20812;-91,00095;Geismar;LA;Louisiana;Southeast
30,63748;-91,33915;Glynn;LA;Louisiana;Southeast
30,22587;-90,92271;Gonzales;LA;Louisiana;Southeast
30,60107;-90,9684;Greenwell Springs;LA;Louisiana;Southeast
30,33777;-91,43311;Grosse Tete;LA;Louisiana;Southeast
30,02655;-90,7729;Hester;LA;Louisiana;Southeast
30,87291;-91,68245;Innis;LA;Louisiana;Southeast
30,6326;-91,40985;Jarreau;LA;Louisiana;Southeast
30,46433;-91,7865;Krotz Springs;LA;Louisiana;Southeast
30,7999;-91,72106;Lettsworth;LA;Louisiana;Southeast
30,53256;-91,64705;Lottie;LA;Louisiana;Southeast
30,37204;-91,53468;Maringouin;LA;Louisiana;Southeast
30,69839;-91,48085;New Roads;LA;Louisiana;Southeast
30,57843;-91,46695;Oscar;LA;Louisiana;Southeast
30,04929;-90,73736;Paulina;LA;Louisiana;Southeast
30,22505;-91,30656;Plaquemine;LA;Louisiana;Southeast
30,47737;-91,32787;Port Allen;LA;Louisiana;Southeast
30,30802;-90,93967;Prairieville;LA;Louisiana;Southeast
30,65134;-90,99316;Pride;LA;Louisiana;Southeast
30,59678;-91,37333;Rougon;LA;Louisiana;Southeast
30,22741;-90,78815;Saint Amant;LA;Louisiana;Southeast
30,26051;-91,08923;Saint Gabriel;LA;Louisiana;Southeast
30,73898;-91,07319;Slaughter;LA;Louisiana;Southeast
30,29538;-91,16993;Sunshine;LA;Louisiana;Southeast
30,67032;-91,4087;Ventress;LA;Louisiana;Southeast
30,9629;-91,44342;Weyanoke;LA;Louisiana;Southeast
30,13618;-91,17939;White Castle;LA;Louisiana;Southeast
30,65013;-91,15734;Zachary;LA;Louisiana;Southeast
30,44954;-91,18608;Baton Rouge;LA;Louisiana;Southeast
32,33318;-92,96396;Bienville;LA;Louisiana;Southeast
32,22899;-93,10818;Castor;LA;Louisiana;Southeast
32,82178;-93,42972;Cotton Valley;LA;Louisiana;Southeast
32,03951;-93,30701;Coushatta;LA;Louisiana;Southeast
32,4662;-93,40797;Doyline;LA;Louisiana;Southeast
32,47897;-93,20336;Dubberly;LA;Louisiana;Southeast
32,24953;-93,68698;Frierson;LA;Louisiana;Southeast
32,48961;-93,07315;Gibsland;LA;Louisiana;Southeast
32,01097;-92,89372;Goldonna;LA;Louisiana;Southeast
32,09383;-93,79247;Grand Cane;LA;Louisiana;Southeast
32,18442;-93,30553;Hall Summit;LA;Louisiana;Southeast
32,56359;-93,52804;Haughton;LA;Louisiana;Southeast
32,88789;-93,88906;Hosston;LA;Louisiana;Southeast
32,16647;-93,94589;Keatchie;LA;Louisiana;Southeast
32,29972;-93,91673;Keithville;LA;Louisiana;Southeast
32,63933;-93,987;Mooringsport;LA;Louisiana;Southeast
31,91051;-93,51569;Pelican;LA;Louisiana;Southeast
32,91356;-93,68761;Plain Dealing;LA;Louisiana;Southeast
32,9726;-93,9887;Rodessa;LA;Louisiana;Southeast
32,91747;-93,45099;Sarepta;LA;Louisiana;Southeast
32,9373;-93,31141;Shongaloo;LA;Louisiana;Southeast
32,99349;-93,49199;Springhill;LA;Louisiana;Southeast
32,5062;-93,74822;Shreveport;LA;Louisiana;Southeast
32,50289;-93,63027;Barksdale Afb;LA;Louisiana;Southeast
32,57904;-93,70379;Bossier City;LA;Louisiana;Southeast
32,35081;-91,78739;Archibald;LA;Louisiana;Southeast
32,32344;-91,6842;Baskin;LA;Louisiana;Southeast
32,8622;-91,91236;Bastrop;LA;Louisiana;Southeast
32,82859;-92,65918;Bernice;LA;Louisiana;Southeast
32,90084;-91,67443;Bonita;LA;Louisiana;Southeast
32,52866;-92,48353;Choudrant;LA;Louisiana;Southeast
32,6374;-91,89251;Collinston;LA;Louisiana;Southeast
32,2403;-91,59269;Crowville;LA;Louisiana;Southeast
32,68988;-92,6726;Dubach;LA;Louisiana;Southeast
32,58413;-91,48024;Epps;LA;Louisiana;Southeast
32,36716;-92,38139;Eros;LA;Louisiana;Southeast
32,77107;-92,36531;Farmerville;LA;Louisiana;Southeast
31,96055;-91,80745;Fort Necessity;LA;Louisiana;Southeast
32,52697;-92,7145;Grambling;LA;Louisiana;Southeast
32,27255;-92,72077;Hodge;LA;Louisiana;Southeast
32,79429;-91,23914;Lake Providence;LA;Louisiana;Southeast
32,94852;-92,71471;Lillie;LA;Louisiana;Southeast
32,2713;-91,84558;Mangham;LA;Louisiana;Southeast
32,77802;-91,69515;Mer Rouge;LA;Louisiana;Southeast
32,49378;-92,64139;Ruston;LA;Louisiana;Southeast
32,51276;-92,81991;Simsboro;LA;Louisiana;Southeast
32,57727;-91,16277;Sondheimer;LA;Louisiana;Southeast
32,94902;-92,55554;Spearsville;LA;Louisiana;Southeast
32,48667;-91,85671;Start;LA;Louisiana;Southeast
32,72344;-92,10389;Sterlington;LA;Louisiana;Southeast
32,35662;-91,20042;Tallulah;LA;Louisiana;Southeast
32,65244;-91,23397;Transylvania;LA;Louisiana;Southeast
31,09114;-91,76985;Bordelonville;LA;Louisiana;Southeast
30,86731;-92,15188;Bunkie;LA;Louisiana;Southeast
31,01153;-92,32434;Cheneyville;LA;Louisiana;Southeast
30,97895;-92,03863;Cottonport;LA;Louisiana;Southeast
31,35276;-92,19097;Deville;LA;Louisiana;Southeast
31,66978;-91,56864;Ferriday;LA;Louisiana;Southeast
31,05969;-92,16267;Hessmer;LA;Louisiana;Southeast
31,60042;-92,1403;Jena;LA;Louisiana;Southeast
30,72867;-91,97531;Lebeau;LA;Louisiana;Southeast
31,11686;-92,38446;Lecompte;LA;Louisiana;Southeast
31,06871;-92,06053;Mansura;LA;Louisiana;Southeast
31,17227;-91,9604;Marksville;LA;Louisiana;Southeast
31,05257;-91,88531;Moreauville;LA;Louisiana;Southeast
32,1084;-91,29717;Newellton;LA;Louisiana;Southeast
30,88839;-91,95225;Plaucheville;LA;Louisiana;Southeast
30,88784;-92,29426;Saint Landry;LA;Louisiana;Southeast
31,86392;-91,68494;Sicily Island;LA;Louisiana;Southeast
30,92949;-91,85605;Simmesport;LA;Louisiana;Southeast
31,67542;-92,2587;Trout;LA;Louisiana;Southeast
31,84632;-91,47226;Waterproof;LA;Louisiana;Southeast
31,79477;-91,94461;Aimwell;LA;Louisiana;Southeast
31,21047;-93,44061;Anacoco;LA;Louisiana;Southeast
31,40971;-92,39771;Ball;LA;Louisiana;Southeast
31,90466;-93,08894;Campti;LA;Louisiana;Southeast
31,53875;-92,89558;Cloutierville;LA;Louisiana;Southeast
31,60012;-92,56341;Dry Prong;LA;Louisiana;Southeast
31,39843;-93,43218;Florien;LA;Louisiana;Southeast
31,00208;-92,64803;Glenmora;LA;Louisiana;Southeast
31,44618;-92,944;Gorum;LA;Louisiana;Southeast
31,10092;-92,87511;Hineston;LA;Louisiana;Southeast
31,33707;-93,36597;Hornbeck;LA;Louisiana;Southeast
31,5153;-93,54383;Many;LA;Louisiana;Southeast
31,78137;-93,40367;Marthaville;LA;Louisiana;Southeast
31,74045;-93,09375;Natchitoches;LA;Louisiana;Southeast
31,12099;-93,29775;New Llano;LA;Louisiana;Southeast
31,86499;-92,19408;Olla;LA;Louisiana;Southeast
31,48086;-93,14518;Provencal;LA;Louisiana;Southeast
31,67755;-93,2671;Robeline;LA;Louisiana;Southeast
31,19834;-92,79216;Sieper;LA;Louisiana;Southeast
32,06989;-92,42748;Sikes;LA;Louisiana;Southeast
31,20123;-93,12461;Slagle;LA;Louisiana;Southeast
31,85129;-92,36106;Tullos;LA;Louisiana;Southeast
31,86661;-92,28415;Urania;LA;Louisiana;Southeast
31,89482;-92,66373;Winnfield;LA;Louisiana;Southeast
31,62679;-93,65876;Zwolle;LA;Louisiana;Southeast
34,17409;-91,89811;Pine Bluff;AR;Arkansas;Southeast
33,1369;-92,00133;Crossett;AR;Arkansas;Southeast
33,52008;-91,47927;Dermott;AR;Arkansas;Southeast
33,38842;-91,8788;Fountain Hill;AR;Arkansas;Southeast
34,01953;-91,57945;Gould;AR;Arkansas;Southeast
33,62476;-91,37234;McGehee;AR;Arkansas;Southeast
33,7627;-92,19728;New Edinburg;AR;Arkansas;Southeast
33,14338;-91,51333;Parkdale;AR;Arkansas;Southeast
33,93812;-92,13163;Rison;AR;Arkansas;Southeast
33,7372;-91,24736;Rohwer;AR;Arkansas;Southeast
33,74439;-91,40974;Tillar;AR;Arkansas;Southeast
33,60424;-91,93805;Wilmar;AR;Arkansas;Southeast
33,79075;-92,64163;Bearden;AR;Arkansas;Southeast
33,89091;-93,20635;Beirne;AR;Arkansas;Southeast
33,326;-92,54053;Calion;AR;Arkansas;Southeast
33,68016;-92,99584;Chidester;AR;Arkansas;Southeast
33,88674;-93,11724;Gurdon;AR;Arkansas;Southeast
33,4997;-92,39496;Harrell;AR;Arkansas;Southeast
33,05892;-92,22238;Huttig;AR;Arkansas;Southeast
33,90296;-92,43322;Ivan;AR;Arkansas;Southeast
33,40835;-92,77252;Louann;AR;Arkansas;Southeast
33,40061;-93,19454;McNeil;AR;Arkansas;Southeast
33,31506;-92,65967;Norphlet;AR;Arkansas;Southeast
33,33668;-92,76767;Smackover;AR;Arkansas;Southeast
33,90885;-92,80648;Sparkman;AR;Arkansas;Southeast
33,83379;-93,12646;Whelen Springs;AR;Arkansas;Southeast
33,78886;-94,24421;Alleene;AR;Arkansas;Southeast
33,66946;-94,14755;Ashdown;AR;Arkansas;Southeast
33,83101;-94,12547;Ben Lomond;AR;Arkansas;Southeast
33,87554;-93,56489;Blevins;AR;Arkansas;Southeast
34,0397;-94,34791;De Queen;AR;Arkansas;Southeast
34,13409;-94,02665;Dierks;AR;Arkansas;Southeast
33,11552;-93,9577;Doddridge;AR;Arkansas;Southeast
33,71297;-94,39584;Foreman;AR;Arkansas;Southeast
33,25543;-93,85693;Fouke;AR;Arkansas;Southeast
33,30619;-93,73891;Garland City;AR;Arkansas;Southeast
34,1639;-94,34718;Gillham;AR;Arkansas;Southeast
33,9265;-94,12367;Lockesburg;AR;Arkansas;Southeast
33,92616;-93,63361;McCaskill;AR;Arkansas;Southeast
33,44445;-93,90504;Texarkana;AR;Arkansas;Southeast
33,86612;-93,74351;Ozan;AR;Arkansas;Southeast
33,58543;-93,26706;Rosston;AR;Arkansas;Southeast
33,307;-93,49286;Stamps;AR;Arkansas;Southeast
34,52682;-92,97247;Hot Springs National Park;AR;Arkansas;Southeast
34,64106;-92,99608;Hot Springs Village;AR;Arkansas;Southeast
34,02444;-93,41943;Antoine;AR;Arkansas;Southeast
34,08424;-93,05551;Arkadelphia;AR;Arkansas;Southeast
34,41037;-93,39124;Bonnerdale;AR;Arkansas;Southeast
34,39338;-93,75009;Caddo Gap;AR;Arkansas;Southeast
34,40177;-94,38751;Cove;AR;Arkansas;Southeast
34,01527;-93,50705;Delight;AR;Arkansas;Southeast
34,23922;-94,32517;Grannis;AR;Arkansas;Southeast
34,68938;-93,21552;Jessieville;AR;Arkansas;Southeast
34,61291;-94,2118;Mena;AR;Arkansas;Southeast
34,60129;-93,14977;Mountain Pine;AR;Arkansas;Southeast
34,55799;-93,59682;Mount Ida;AR;Arkansas;Southeast
34,25081;-93,92633;Newhope;AR;Arkansas;Southeast
34,42252;-93,24451;Pearcy;AR;Arkansas;Southeast
34,65506;-93,74053;Pencil Bluff;AR;Arkansas;Southeast
34,66686;-93,49024;Story;AR;Arkansas;Southeast
34,30411;-94,0313;Umpire;AR;Arkansas;Southeast
34,39447;-94,24695;Vandervoort;AR;Arkansas;Southeast
34,28755;-94,30523;Wickes;AR;Arkansas;Southeast
35,07225;-92,87602;Adona;AR;Arkansas;Southeast
34,38276;-91,40754;Almyra;AR;Arkansas;Southeast
34,29722;-91,7856;Altheimer;AR;Arkansas;Southeast
35,53911;-91,07271;Amagon;AR;Arkansas;Southeast
35,30555;-91,52112;Bald Knob;AR;Arkansas;Southeast
34,50967;-92,46628;Bauxite;AR;Arkansas;Southeast
35,10199;-91,91789;Beebe;AR;Arkansas;Southeast
35,45709;-92,3644;Bee Branch;AR;Arkansas;Southeast
35,43029;-91,11213;Beedeville;AR;Arkansas;Southeast
34,85953;-91,21193;Brinkley;AR;Arkansas;Southeast
35,0551;-92,99604;Casa;AR;Arkansas;Southeast
34,51397;-91,31687;Casscoe;AR;Arkansas;Southeast
35,37021;-92,57494;Center Ridge;AR;Arkansas;Southeast
35,53771;-92,43266;Choctaw;AR;Arkansas;Southeast
35,00673;-91,27205;Cotton Plant;AR;Arkansas;Southeast
34,44606;-91,2349;Crocketts Bluff;AR;Arkansas;Southeast
34,73348;-91,46812;De Valls Bluff;AR;Arkansas;Southeast
34,55542;-91,9403;England;AR;Arkansas;Southeast
35,79475;-92,31501;Fox;AR;Arkansas;Southeast
34,70579;-92,22852;College Station;AR;Arkansas;Southeast
34,14417;-92,31507;Grapevine;AR;Arkansas;Southeast
35,07609;-91,57779;Griffithville;AR;Arkansas;Southeast
35,32437;-92,28992;Guy;AR;Arkansas;Southeast
35,32205;-92,77249;Hattieville;AR;Arkansas;Southeast
34,98141;-91,7171;Hickory Plains;AR;Arkansas;Southeast
35,56369;-92,16589;Higden;AR;Arkansas;Southeast
35,15766;-91,71547;Higginson;AR;Arkansas;Southeast
34,53904;-91,13242;Holly Grove;AR;Arkansas;Southeast
34,51279;-91,75802;Humnoke;AR;Arkansas;Southeast
35,64084;-91,31089;Jacksonport;AR;Arkansas;Southeast
35,37827;-91,66947;Judsonia;AR;Arkansas;Southeast
34,6049;-92,01189;Keo;AR;Arkansas;Southeast
35,36665;-91,82772;Letona;AR;Arkansas;Southeast
34,80418;-91,90619;Lonoke;AR;Arkansas;Southeast
35,59803;-92,26239;Fairfield Bay;AR;Arkansas;Southeast
34,90103;-92,15202;Little Rock Air Force Base;AR;Arkansas;Southeast
35,23228;-91,15242;McCrory;AR;Arkansas;Southeast
35,14556;-91,83352;McRae;AR;Arkansas;Southeast
34,59133;-92,38316;Mabelvale;AR;Arkansas;Southeast
34,96997;-92,48727;Mayflower;AR;Arkansas;Southeast
35,14255;-92,53844;Menifee;AR;Arkansas;Southeast
35,15514;-92,77273;Morrilton;AR;Arkansas;Southeast
34,85926;-92,39875;Maumelle;AR;Arkansas;Southeast
34,7645;-92,26024;North Little Rock;AR;Arkansas;Southeast
35,45561;-91,78525;Pangburn;AR;Arkansas;Southeast
34,77955;-92,77549;Paron;AR;Arkansas;Southeast
35,16237;-92,59419;Plumerville;AR;Arkansas;Southeast
34,31535;-92,63846;Poyen;AR;Arkansas;Southeast
35,6673;-92,06997;Prim;AR;Arkansas;Southeast
34,10821;-91,53718;Reydell;AR;Arkansas;Southeast
34,61189;-91,37247;Roe;AR;Arkansas;Southeast
35,23538;-92,02129;Romance;AR;Arkansas;Southeast
35,33756;-92,02933;Rose Bud;AR;Arkansas;Southeast
35,2279;-91,73613;Searcy;AR;Arkansas;Southeast
35,28595;-92,68331;Solgohachia;AR;Arkansas;Southeast
34,44284;-91,53136;Stuttgart;AR;Arkansas;Southeast
35,57657;-91,46647;Thida;AR;Arkansas;Southeast
34,04821;-91,23711;Tichnor;AR;Arkansas;Southeast
34,42223;-92,65477;Traskwood;AR;Arkansas;Southeast
35,10001;-92,20807;Vilonia;AR;Arkansas;Southeast
34,33792;-91,75495;Wabbaseka;AR;Arkansas;Southeast
35,49773;-91,86565;Wilburn;AR;Arkansas;Southeast
35,13363;-90,17883;West Memphis;AR;Arkansas;Southeast
34,72072;-90,89688;Aubrey;AR;Arkansas;Southeast
35,90093;-89,9029;Blytheville;AR;Arkansas;Southeast
34,81439;-90,5411;Brickeys;AR;Arkansas;Southeast
35,33067;-90,25395;Clarkedale;AR;Arkansas;Southeast
35,11183;-90,89333;Colt;AR;Arkansas;Southeast
34,0684;-91,0057;Crumrod;AR;Arkansas;Southeast
35,62386;-89,97143;Driver;AR;Arkansas;Southeast
35,59136;-90,20184;Dyess;AR;Arkansas;Southeast
35,28537;-90,46733;Earle;AR;Arkansas;Southeast
35,10117;-90,30238;Edmondson;AR;Arkansas;Southeast
34,29004;-90,86971;Elaine;AR;Arkansas;Southeast
34,99042;-90,75645;Forrest City;AR;Arkansas;Southeast
35,43657;-90,13863;Frenchmans Bayou;AR;Arkansas;Southeast
35,41606;-90,26492;Gilmore;AR;Arkansas;Southeast
34,88746;-90,7705;Haynes;AR;Arkansas;Southeast
35,08462;-90,48198;Heth;AR;Arkansas;Southeast
35,38415;-90,99892;Hickory Ridge;AR;Arkansas;Southeast
34,93739;-90,42016;Hughes;AR;Arkansas;Southeast
35,50181;-90,11782;Joiner;AR;Arkansas;Southeast
35,67595;-90,09771;Keiser;AR;Arkansas;Southeast
34,3162;-91,00708;Lambrook;AR;Arkansas;Southeast
35,63118;-90,31797;Lepanto;AR;Arkansas;Southeast
34,53902;-90,77789;Lexa;AR;Arkansas;Southeast
35,79446;-89,87723;Luxora;AR;Arkansas;Southeast
35,56181;-90,41857;Marked Tree;AR;Arkansas;Southeast
34,52612;-90,95307;Marvell;AR;Arkansas;Southeast
34,1891;-91,02567;Mellwood;AR;Arkansas;Southeast
35,28861;-90,60269;Parkin;AR;Arkansas;Southeast
35,67392;-90,34158;Rivervale;AR;Arkansas;Southeast
34,07479;-91,05019;Snow Lake;AR;Arkansas;Southeast
35,37487;-90,21825;Turrell;AR;Arkansas;Southeast
35,45548;-90,36183;Tyronza;AR;Arkansas;Southeast
35,31572;-90,77274;Vanndale;AR;Arkansas;Southeast
34,55426;-90,67756;West Helena;AR;Arkansas;Southeast
35,6765;-90,26953;West Ridge;AR;Arkansas;Southeast
34,95551;-91,09466;Wheatley;AR;Arkansas;Southeast
35,05271;-90,61599;Widener;AR;Arkansas;Southeast
35,22966;-90,83559;Wynne;AR;Arkansas;Southeast
35,93854;-91,09432;Alicia;AR;Arkansas;Southeast
35,74165;-90,58019;Bay;AR;Arkansas;Southeast
36,30564;-90,81251;Biggers;AR;Arkansas;Southeast
35,82288;-90,368;Black Oak;AR;Arkansas;Southeast
36,12643;-91,17745;Black Rock;AR;Arkansas;Southeast
35,95731;-90,79699;Bono;AR;Arkansas;Southeast
35,91994;-90,54791;Brookland;AR;Arkansas;Southeast
35,74158;-90,35544;Caraway;AR;Arkansas;Southeast
35,77851;-90,97869;Cash;AR;Arkansas;Southeast
36,39185;-90,72874;Datto;AR;Arkansas;Southeast
36,22138;-90,74308;Delaplaine;AR;Arkansas;Southeast
35,86872;-90,94901;Egypt;AR;Arkansas;Southeast
36,336;-90,17366;Greenway;AR;Arkansas;Southeast
35,63396;-91,08184;Grubbs;AR;Arkansas;Southeast
36,21847;-91,16025;Imboden;AR;Arkansas;Southeast
36,31177;-90,54593;Knobel;AR;Arkansas;Southeast
36,23574;-90,48281;Lafe;AR;Arkansas;Southeast
35,94375;-90,22787;Leachville;AR;Arkansas;Southeast
36,4355;-90,38944;McDougal;AR;Arkansas;Southeast
35,82458;-90,17948;Manila;AR;Arkansas;Southeast
36,1812;-90,41037;Marmaduke;AR;Arkansas;Southeast
35,97812;-91,02669;Minturn;AR;Arkansas;Southeast
35,9102;-90,33428;Monette;AR;Arkansas;Southeast
36,16662;-90,81719;O'Kean;AR;Arkansas;Southeast
36,0784;-90,51695;Paragould;AR;Arkansas;Southeast
36,30909;-90,67887;Peach Orchard;AR;Arkansas;Southeast
36,40083;-90,20623;Piggott;AR;Arkansas;Southeast
36,45362;-90,32217;Pollard;AR;Arkansas;Southeast
36,08545;-91,06827;Portia;AR;Arkansas;Southeast
36,27904;-91,29976;Ravenden;AR;Arkansas;Southeast
36,35792;-91,15967;Ravenden Springs;AR;Arkansas;Southeast
36,38243;-90,75916;Reyno;AR;Arkansas;Southeast
35,84223;-90,6776;State University;AR;Arkansas;Southeast
35,95367;-91,29949;Strawberry;AR;Arkansas;Southeast
35,82591;-91,11996;Swifton;AR;Arkansas;Southeast
35,59264;-90,54459;Trumann;AR;Arkansas;Southeast
35,73531;-91,17356;Tuckerman;AR;Arkansas;Southeast
36,04533;-90,91692;Walnut Ridge;AR;Arkansas;Southeast
35,62924;-90,90535;Weiner;AR;Arkansas;Southeast
36,26933;-91,36402;Williford;AR;Arkansas;Southeast
36,22326;-91,7514;Horseshoe Bend;AR;Arkansas;Southeast
36,23118;-91,64722;Ash Flat;AR;Arkansas;Southeast
36,27634;-92,05644;Bexar;AR;Arkansas;Southeast
36,1463;-91,95403;Brockwell;AR;Arkansas;Southeast
36,11876;-92,17802;Calico Rock;AR;Arkansas;Southeast
36,39816;-91,72476;Camp;AR;Arkansas;Southeast
35,83551;-91,30318;Cord;AR;Arkansas;Southeast
35,87762;-91,76623;Cushman;AR;Arkansas;Southeast
35,74038;-91,68323;Desha;AR;Arkansas;Southeast
36,23816;-92,115;Dolph;AR;Arkansas;Southeast
36,29696;-91,56676;Cherokee Village;AR;Arkansas;Southeast
35,61381;-91,95715;Drasco;AR;Arkansas;Southeast
36,09905;-91,59508;Evening Shade;AR;Arkansas;Southeast
35,97921;-92,24513;Fifty Six;AR;Arkansas;Southeast
35,59272;-91,73265;Floral;AR;Arkansas;Southeast
36,43622;-92,10612;Gepp;AR;Arkansas;Southeast
35,93355;-91,9096;Guion;AR;Arkansas;Southeast
35,45528;-91,99407;Heber Springs;AR;Arkansas;Southeast
35,70093;-91,48212;Magness;AR;Arkansas;Southeast
36,43902;-91,55668;Mammoth Spring;AR;Arkansas;Southeast
35,77165;-91,88287;Marcella;AR;Arkansas;Southeast
35,60034;-91,45585;Oil Trough;AR;Arkansas;Southeast
35,64059;-91,53568;Rosie;AR;Arkansas;Southeast
35,89762;-91,29173;Saffell;AR;Arkansas;Southeast
36,07442;-91,79624;Sage;AR;Arkansas;Southeast
36,45734;-91,87894;Sturkie;AR;Arkansas;Southeast
35,84458;-91,44428;Sulphur Rock;AR;Arkansas;Southeast
35,54722;-91,97035;Tumbling Shoals;AR;Arkansas;Southeast
36,14421;-91,84427;Violet Hill;AR;Arkansas;Southeast
36,17861;-92,01454;Wideman;AR;Arkansas;Southeast
36,21977;-91,8173;Wiseman;AR;Arkansas;Southeast
36,31532;-93,01207;Bergman;AR;Arkansas;Southeast
36,0208;-92,36566;Big Flat;AR;Arkansas;Southeast
36,3781;-92,58517;Bull Shoals;AR;Arkansas;Southeast
36,46386;-92,3172;Clarkridge;AR;Arkansas;Southeast
36,30451;-92,53994;Cotter;AR;Arkansas;Southeast
35,82717;-93,28785;Deer;AR;Arkansas;Southeast
35,73615;-92,56625;Dennard;AR;Arkansas;Southeast
36,45856;-92,92032;Diamond City;AR;Arkansas;Southeast
36,45146;-93,79131;Eureka Springs;AR;Arkansas;Southeast
36,23693;-92,54891;Flippin;AR;Arkansas;Southeast
36,31637;-92,48484;Gassville;AR;Arkansas;Southeast
36,3245;-93,40496;Green Forest;AR;Arkansas;Southeast
36,01948;-92,48937;Harriet;AR;Arkansas;Southeast
36,00708;-93,05061;Hasty;AR;Arkansas;Southeast
36,42477;-92,96673;Lead Hill;AR;Arkansas;Southeast
36,07516;-93,14399;Marble Falls;AR;Arkansas;Southeast
35,89346;-93,03421;Mount Judea;AR;Arkansas;Southeast
36,15468;-92,32301;Norfork;AR;Arkansas;Southeast
35,93617;-92,33192;Onia;AR;Arkansas;Southeast
35,94876;-93,28706;Parthenon;AR;Arkansas;Southeast
36,41914;-92,77163;Peel;AR;Arkansas;Southeast
36,06477;-92,87359;Pindall;AR;Arkansas;Southeast
36,27725;-92,83685;Pyatt;AR;Arkansas;Southeast
35,73555;-92,80206;Tilly;AR;Arkansas;Southeast
35,88286;-92,32986;Timbo;AR;Arkansas;Southeast
35,93102;-93,11629;Vendor;AR;Arkansas;Southeast
36,05539;-92,98194;Western Grove;AR;Arkansas;Southeast
35,70352;-92,918;Witts Springs;AR;Arkansas;Southeast
36,25628;-92,68679;Yellville;AR;Arkansas;Southeast
36,46841;-94,21649;Bella Vista;AR;Arkansas;Southeast
35,84054;-94,42503;Canehill;AR;Arkansas;Southeast
36,26347;-94,22147;Cave Springs;AR;Arkansas;Southeast
36,36837;-94,29551;Centerton;AR;Arkansas;Southeast
36,41402;-94,46548;Gravette;AR;Arkansas;Southeast
36,16258;-93,885;Hindsville;AR;Arkansas;Southeast
36,42715;-94,32801;Hiwasse;AR;Arkansas;Southeast
36,46255;-94,11825;Pea Ridge;AR;Arkansas;Southeast
35,82077;-93,56357;Pettigrew;AR;Arkansas;Southeast
35,93477;-94,32607;Prairie Grove;AR;Arkansas;Southeast
36,17074;-94,45778;Siloam Springs;AR;Arkansas;Southeast
36,0347;-94,49702;Summers;AR;Arkansas;Southeast
35,87777;-94,21533;West Fork;AR;Arkansas;Southeast
35,90913;-93,67307;Witter;AR;Arkansas;Southeast
35,4545;-93,72024;Altus;AR;Arkansas;Southeast
35,42748;-93,67043;Coal Hill;AR;Arkansas;Southeast
35,17202;-93,19401;Dardanelle;AR;Arkansas;Southeast
34,88926;-93,68009;Gravelly;AR;Arkansas;Southeast
35,65131;-93,26384;Hagarville;AR;Arkansas;Southeast
35,46164;-93,61442;Hartman;AR;Arkansas;Southeast
35,26092;-93,45693;New Blaine;AR;Arkansas;Southeast
35,68243;-93,56684;Oark;AR;Arkansas;Southeast
35,01146;-93,23358;Ola;AR;Arkansas;Southeast
35,69644;-93,43491;Ozone;AR;Arkansas;Southeast
35,76773;-93,05658;Pelsor;AR;Arkansas;Southeast
34,94556;-93,43144;Rover;AR;Arkansas;Southeast
35,31143;-93,5673;Subiaco;AR;Arkansas;Southeast
35,30904;-94,28954;Barling;AR;Arkansas;Southeast
34,72909;-94,0376;Boles;AR;Arkansas;Southeast
35,13764;-94,39545;Hackett;AR;Arkansas;Southeast
35,35018;-94,16214;Lavaca;AR;Arkansas;Southeast
35,18326;-93,78721;Magazine;AR;Arkansas;Southeast
35,65254;-94,13706;Mountainburg;AR;Arkansas;Southeast
35,70692;-94,4154;Natural Dam;AR;Arkansas;Southeast
35,31812;-93,87593;Ratcliff;AR;Arkansas;Southeast
35,56861;-94,30139;Rudy;AR;Arkansas;Southeast
34,96402;-97,73237;Alex;OK;Oklahoma;South Central
35,14362;-97,83875;Amber;OK;Oklahoma;South Central
35,05439;-98,23762;Anadarko;OK;Oklahoma;South Central
34,90587;-98,40583;Apache;OK;Oklahoma;South Central
35,28544;-98,37016;Binger;OK;Oklahoma;South Central
35,79778;-97,68831;Cashion;OK;Oklahoma;South Central
34,92651;-98,09546;Cement;OK;Oklahoma;South Central
35,0484;-97,93839;Chickasha;OK;Oklahoma;South Central
35,61692;-97,99224;Concho;OK;Oklahoma;South Central
35,36608;-98,81508;Corn;OK;Oklahoma;South Central
35,97102;-97,24455;Coyle;OK;Oklahoma;South Central
34,89999;-98,21016;Cyril;OK;Oklahoma;South Central
35,03376;-97,63139;Dibble;OK;Oklahoma;South Central
35,30709;-98,55502;Eakly;OK;Oklahoma;South Central
35,50752;-97,95771;El Reno;OK;Oklahoma;South Central
35,1214;-98,44306;Fort Cobb;OK;Oklahoma;South Central
35,64442;-98,37861;Geary;OK;Oklahoma;South Central
35,03594;-98,88064;Gotebo;OK;Oklahoma;South Central
35,23019;-98,25151;Gracemont;OK;Oklahoma;South Central
35,51201;-97,1414;Harrah;OK;Oklahoma;South Central
35,48929;-98,55378;Hydro;OK;Oklahoma;South Central
35,36248;-98,41841;Lookeba;OK;Oklahoma;South Central
35,3251;-98,05431;Minco;OK;Oklahoma;South Central
36,06195;-97,41832;Mulhall;OK;Oklahoma;South Central
35,37377;-97,75275;Mustang;OK;Oklahoma;South Central
35,50167;-97,32832;Nicoma Park;OK;Oklahoma;South Central
34,90315;-97,90612;Ninnekah;OK;Oklahoma;South Central
34,75187;-97,23428;Pauls Valley;OK;Oklahoma;South Central
34,77266;-97,90385;Rush Springs;OK;Oklahoma;South Central
35,1238;-98,08735;Verden;OK;Oklahoma;South Central
35,51305;-98,7295;Weatherford;OK;Oklahoma;South Central
35,47065;-97,5191;Oklahoma City;OK;Oklahoma;South Central
34,45838;-97,56239;Countyline;OK;Oklahoma;South Central
33,91;-97,36106;Burneyville;OK;Oklahoma;South Central
34,62352;-97,40868;Elmore City;OK;Oklahoma;South Central
34,28406;-97,03856;Gene Autry;OK;Oklahoma;South Central
34,27967;-97,49808;Healdton;OK;Oklahoma;South Central
34,31982;-97,69569;Loco;OK;Oklahoma;South Central
34,16258;-97,29081;Lone Grove;OK;Oklahoma;South Central
34,0891;-96,77806;Madill;OK;Oklahoma;South Central
34,26689;-96,53801;Milburn;OK;Oklahoma;South Central
34,22651;-96,75997;Ravia;OK;Oklahoma;South Central
34,35818;-97,29782;Springer;OK;Oklahoma;South Central
33,77534;-97,14213;Thackerville;OK;Oklahoma;South Central
34,35726;-96,43418;Wapanucka;OK;Oklahoma;South Central
34,42229;-97,51955;Ratliff City;OK;Oklahoma;South Central
34,47327;-97,4428;Tatums;OK;Oklahoma;South Central
34,49502;-97,54724;Tussy;OK;Oklahoma;South Central
34,4637;-97,65845;Velma;OK;Oklahoma;South Central
34,67348;-98,49649;Fort Sill;OK;Oklahoma;South Central
34,26148;-97,97856;Addington;OK;Oklahoma;South Central
34,65526;-99,28527;Altus Afb;OK;Oklahoma;South Central
34,5724;-98,62704;Cache;OK;Oklahoma;South Central
34,34146;-97,94619;Comanche;OK;Oklahoma;South Central
34,18845;-98,52703;Devol;OK;Oklahoma;South Central
34,47099;-98,55756;Faxon;OK;Oklahoma;South Central
34,46389;-98,38385;Geronimo;OK;Oklahoma;South Central
34,22336;-98,73053;Grandfield;OK;Oklahoma;South Central
34,98651;-99,40507;Granite;OK;Oklahoma;South Central
34,65222;-99,15607;Headrick;OK;Oklahoma;South Central
34,62709;-98,75631;Indiahoma;OK;Oklahoma;South Central
34,85562;-99,60118;Mangum;OK;Oklahoma;South Central
34,73072;-98,50022;Medicine Park;OK;Oklahoma;South Central
34,73473;-98,94317;Mountain Park;OK;Oklahoma;South Central
34,54307;-99,45024;Olustee;OK;Oklahoma;South Central
34,19469;-98,41203;Randlett;OK;Oklahoma;South Central
33,93772;-97,80363;Terral;OK;Oklahoma;South Central
34,9325;-99,92476;Vinson;OK;Oklahoma;South Central
34,37318;-98,32638;Walters;OK;Oklahoma;South Central
34,1556;-97,95412;Waurika;OK;Oklahoma;South Central
35,61387;-99,02278;Arapaho;OK;Oklahoma;South Central
35,39518;-98,99791;Bessie;OK;Oklahoma;South Central
35,35969;-99,1719;Burns Flat;OK;Oklahoma;South Central
35,43965;-99,27941;Canute;OK;Oklahoma;South Central
35,62668;-99,68783;Cheyenne;OK;Oklahoma;South Central
35,27036;-98,90853;Cordell;OK;Oklahoma;South Central
35,26875;-99,20252;Dill City;OK;Oklahoma;South Central
35,16954;-99,87038;Erick;OK;Oklahoma;South Central
35,82624;-98,61928;Fay;OK;Oklahoma;South Central
35,44786;-99,16124;Foss;OK;Oklahoma;South Central
35,64173;-99,41729;Hammon;OK;Oklahoma;South Central
35,85908;-99,37483;Leedey;OK;Oklahoma;South Central
34,98189;-99,25267;Lone Wolf;OK;Oklahoma;South Central
35,62561;-99,91688;Reydon;OK;Oklahoma;South Central
35,17033;-99,0176;Rocky;OK;Oklahoma;South Central
36,10622;-98,90291;Seiling;OK;Oklahoma;South Central
35,17475;-99,2369;Sentinel;OK;Oklahoma;South Central
36,00523;-99,03062;Taloga;OK;Oklahoma;South Central
35,22329;-99,9802;Texola;OK;Oklahoma;South Central
36,48417;-98,55316;Aline;OK;Oklahoma;South Central
36,96026;-98,26746;Amorita;OK;Oklahoma;South Central
36,58022;-98,50405;Carmen;OK;Oklahoma;South Central
36,48309;-98,03839;Carrier;OK;Oklahoma;South Central
36,39723;-98,45256;Cleo Springs;OK;Oklahoma;South Central
36,64397;-98,59915;Dacoma;OK;Oklahoma;South Central
36,51999;-98,13697;Goltry;OK;Oklahoma;South Central
36,09632;-97,91907;Hennessey;OK;Oklahoma;South Central
36,6882;-98,66202;Hopeton;OK;Oklahoma;South Central
36,70566;-98,16283;Jet;OK;Oklahoma;South Central
35,8534;-97,94435;Kingfisher;OK;Oklahoma;South Central
36,39016;-98,09455;Lahoma;OK;Oklahoma;South Central
36,13717;-98,5889;Longdale;OK;Oklahoma;South Central
36,27601;-97,44935;Lucien;OK;Oklahoma;South Central
36,38658;-98,1693;Meno;OK;Oklahoma;South Central
36,68452;-98,03647;Nash;OK;Oklahoma;South Central
35,71197;-97,97442;Okarche;OK;Oklahoma;South Central
36,10302;-98,3201;Okeene;OK;Oklahoma;South Central
36,65004;-97,83846;Pond Creek;OK;Oklahoma;South Central
36,05406;-98,49791;Southard;OK;Oklahoma;South Central
36,87533;-97,95653;Wakita;OK;Oklahoma;South Central
35,86327;-98,42369;Watonga;OK;Oklahoma;South Central
36,25804;-97,91922;Waukomis;OK;Oklahoma;South Central
36,54799;-99,61924;Fort Supply;OK;Oklahoma;South Central
36,39805;-99,83566;Gage;OK;Oklahoma;South Central
36,89715;-100,16763;Gate;OK;Oklahoma;South Central
36,64843;-100,023;Laverne;OK;Oklahoma;South Central
36,57298;-99,78406;May;OK;Oklahoma;South Central
36,24333;-99,15664;Mutual;OK;Oklahoma;South Central
36,17037;-99,92442;Shattuck;OK;Oklahoma;South Central
36,13309;-99,2797;Vici;OK;Oklahoma;South Central
36,53573;-98,86265;Waynoka;OK;Oklahoma;South Central
36,60097;-100,80329;Balko;OK;Oklahoma;South Central
36,7436;-102,58198;Boise City;OK;Oklahoma;South Central
36,5642;-102,76703;Felt;OK;Oklahoma;South Central
36,92585;-100,58497;Forgan;OK;Oklahoma;South Central
36,76824;-101,78344;Goodwell;OK;Oklahoma;South Central
36,74452;-101,49555;Guymon;OK;Oklahoma;South Central
36,58511;-101,10339;Hardesty;OK;Oklahoma;South Central
36,8321;-101,22474;Hooker;OK;Oklahoma;South Central
36,84672;-102,17316;Keyes;OK;Oklahoma;South Central
36,5929;-101,98559;Texhoma;OK;Oklahoma;South Central
36,85193;-100,88621;Turpin;OK;Oklahoma;South Central
36,48857;-96,0625;Avant;OK;Oklahoma;South Central
36,5613;-96,14528;Barnsdall;OK;Oklahoma;South Central
36,73107;-96,06675;Bartlesville;OK;Oklahoma;South Central
35,98154;-95,81007;Broken Arrow;OK;Oklahoma;South Central
36,18012;-95,70952;Catoosa;OK;Oklahoma;South Central
36,39359;-95,57986;Claremore;OK;Oklahoma;South Central
36,93055;-95,98054;Copan;OK;Oklahoma;South Central
35,98508;-96,5673;Drumright;OK;Oklahoma;South Central
35,94711;-96,00636;Glenpool;OK;Oklahoma;South Central
36,23266;-96,56288;Hallett;OK;Oklahoma;South Central
36,40368;-96,37607;Hominy;OK;Oklahoma;South Central
36,15713;-95,50497;Inola;OK;Oklahoma;South Central
36,00149;-95,98171;Jenks;OK;Oklahoma;South Central
35,89822;-96,22842;Kellyville;OK;Oklahoma;South Central
35,93808;-96,05545;Kiefer;OK;Oklahoma;South Central
36,88381;-95,55223;Lenapah;OK;Oklahoma;South Central
36,08964;-96,38117;Mannford;OK;Oklahoma;South Central
36,22153;-96,70049;Maramec;OK;Oklahoma;South Central
35,75455;-96,56969;Milfay;OK;Oklahoma;South Central
36,69265;-95,65192;Nowata;OK;Oklahoma;South Central
36,61412;-95,96532;Ochelata;OK;Oklahoma;South Central
36,07076;-96,5738;Oilton;OK;Oklahoma;South Central
36,43419;-95,73282;Oologah;OK;Oklahoma;South Central
36,27735;-95,81998;Owasso;OK;Oklahoma;South Central
36,79706;-96,33873;Pawhuska;OK;Oklahoma;South Central
36,2472;-96,25434;Prue;OK;Oklahoma;South Central
35,99379;-96,1676;Sapulpa;OK;Oklahoma;South Central
35,90829;-96,57498;Shamrock;OK;Oklahoma;South Central
36,3881;-96,07253;Skiatook;OK;Oklahoma;South Central
35,77835;-96,26467;Slick;OK;Oklahoma;South Central
36,94209;-95,54436;S Coffeyville;OK;Oklahoma;South Central
35,74368;-96,65592;Stroud;OK;Oklahoma;South Central
36,52849;-95,74192;Talala;OK;Oklahoma;South Central
36,17536;-96,45875;Terlton;OK;Oklahoma;South Central
36,44889;-95,88091;Vera;OK;Oklahoma;South Central
36,91504;-95,77093;Wann;OK;Oklahoma;South Central
36,52849;-96,33325;Wynona;OK;Oklahoma;South Central
36,15617;-95,9957;Tulsa;OK;Oklahoma;South Central
36,68157;-95,23687;Vinita;OK;Oklahoma;South Central
36,52111;-95,23864;Big Cabin;OK;Oklahoma;South Central
36,79386;-95,08408;Bluejacket;OK;Oklahoma;South Central
36,14122;-95,33505;Chouteau;OK;Oklahoma;South Central
36,4777;-95,01944;Disney;OK;Oklahoma;South Central
36,42227;-94,94113;Eucha;OK;Oklahoma;South Central
36,59604;-94,73845;Grove;OK;Oklahoma;South Central
36,51234;-95,02557;Ketchum;OK;Oklahoma;South Central
36,91798;-94,88052;North Miami;OK;Oklahoma;South Central
36,9801;-94,83636;Picher;OK;Oklahoma;South Central
36,95341;-94,70965;Quapaw;OK;Oklahoma;South Central
36,37887;-95,04449;Spavinaw;OK;Oklahoma;South Central
36,20725;-94,84822;Twin Oaks;OK;Oklahoma;South Central
35,72304;-95,45431;Muskogee;OK;Oklahoma;South Central
35,75928;-96,03615;Beggs;OK;Oklahoma;South Central
35,64251;-95,22339;Braggs;OK;Oklahoma;South Central
35,17184;-95,62299;Canadian;OK;Oklahoma;South Central
35,44553;-95,52759;Checotah;OK;Oklahoma;South Central
35,68638;-94,91056;Cookson;OK;Oklahoma;South Central
35,54835;-95,64683;Council Hill;OK;Oklahoma;South Central
35,94872;-95,63065;Coweta;OK;Oklahoma;South Central
35,78174;-95,20027;Fort Gibson;OK;Oklahoma;South Central
35,44825;-95,94417;Henryetta;OK;Oklahoma;South Central
35,51382;-95,75935;Hitchita;OK;Oklahoma;South Central
35,85117;-95,32264;Okay;OK;Oklahoma;South Central
35,64975;-96,00628;Okmulgee;OK;Oklahoma;South Central
35,59714;-95,47541;Oktaha;OK;Oklahoma;South Central
35,72886;-95,00166;Park Hill;OK;Oklahoma;South Central
36,12137;-95,06829;Peggs;OK;Oklahoma;South Central
35,36238;-95,26867;Porum;OK;Oklahoma;South Central
35,88231;-95,58786;Redbird;OK;Oklahoma;South Central
35,51878;-95,49217;Rentiesville;OK;Oklahoma;South Central
35,50473;-95,96452;Schulter;OK;Oklahoma;South Central
35,28328;-95,15041;Stigler;OK;Oklahoma;South Central
35,94419;-94,97365;Tahlequah;OK;Oklahoma;South Central
35,96681;-95,39181;Wagoner;OK;Oklahoma;South Central
35,62121;-95,59025;Wainwright;OK;Oklahoma;South Central
35,47906;-95,16879;Webbers Falls;OK;Oklahoma;South Central
35,82749;-94,86454;Welling;OK;Oklahoma;South Central
34,98501;-95,78597;Mcalester;OK;Oklahoma;South Central
34,25171;-95,60018;Antlers;OK;Oklahoma;South Central
34,71644;-95,723;Blanco;OK;Oklahoma;South Central
34,42677;-96,5152;Bromide;OK;Oklahoma;South Central
34,61965;-96,36634;Centrahoma;OK;Oklahoma;South Central
34,48384;-96,44202;Clarita;OK;Oklahoma;South Central
34,57453;-96,25575;Coalgate;OK;Oklahoma;South Central
34,85186;-95,58001;Haileyville;OK;Oklahoma;South Central
34,81019;-95,59782;Hartshorne;OK;Oklahoma;South Central
34,57483;-94,90993;Honobia;OK;Oklahoma;South Central
35,11282;-95,24734;Kinta;OK;Oklahoma;South Central
34,92552;-95,7203;Krebs;OK;Oklahoma;South Central
34,40355;-95,69344;Moyers;OK;Oklahoma;South Central
34,49174;-95,15081;Nashoba;OK;Oklahoma;South Central
34,29683;-95,29637;Rattan;OK;Oklahoma;South Central
34,44871;-95,35575;Snow;OK;Oklahoma;South Central
34,47921;-95,90315;Stringtown;OK;Oklahoma;South Central
34,71915;-95,04948;Talihina;OK;Oklahoma;South Central
34,67885;-95,27335;Tuskahoma;OK;Oklahoma;South Central
34,67046;-96,04259;Wardville;OK;Oklahoma;South Central
36,70436;-97,14604;Ponca City;OK;Oklahoma;South Central
36,93958;-97,34144;Braman;OK;Oklahoma;South Central
36,8181;-96,85709;Kaw City;OK;Oklahoma;South Central
36,55713;-97,09768;Marland;OK;Oklahoma;South Central
36,82498;-97,43993;Nardin;OK;Oklahoma;South Central
36,91601;-97,00272;Newkirk;OK;Oklahoma;South Central
36,46985;-97,17197;Red Rock;OK;Oklahoma;South Central
36,85639;-96,65438;Shidler;OK;Oklahoma;South Central
36,64683;-97,3442;Tonkawa;OK;Oklahoma;South Central
33,83141;-96,37768;Achille;OK;Oklahoma;South Central
34,38938;-94,91671;Battiest;OK;Oklahoma;South Central
33,94966;-96,18135;Bokchito;OK;Oklahoma;South Central
34,14674;-96,25289;Caddo;OK;Oklahoma;South Central
34,0888;-94,54786;Eagletown;OK;Oklahoma;South Central
34,10142;-95,25595;Fort Towson;OK;Oklahoma;South Central
33,79571;-96,29281;Hendrix;OK;Oklahoma;South Central
33,86017;-94,81319;Idabel;OK;Oklahoma;South Central
33,75491;-96,31612;Kemp;OK;Oklahoma;South Central
34,16082;-96,44879;Kenefic;OK;Oklahoma;South Central
33,90777;-96,53496;Platter;OK;Oklahoma;South Central
34,19367;-95,12231;Ringold;OK;Oklahoma;South Central
34,11799;-95,14196;Rufe;OK;Oklahoma;South Central
34,06088;-95,71278;Soper;OK;Oklahoma;South Central
34,00938;-95,20134;Swink;OK;Oklahoma;South Central
34,09405;-95,05512;Valliant;OK;Oklahoma;South Central
35,51332;-96,47392;Boley;OK;Oklahoma;South Central
35,14452;-96,66464;Bowlegs;OK;Oklahoma;South Central
34,89841;-97,04298;Byars;OK;Oklahoma;South Central
35,58262;-96,41193;Castle;OK;Oklahoma;South Central
34,44436;-96,62581;Connerville;OK;Oklahoma;South Central
35,2413;-96,04642;Dustin;OK;Oklahoma;South Central
35,30488;-96,7665;Earlsboro;OK;Oklahoma;South Central
34,6166;-96,61456;Fittstown;OK;Oklahoma;South Central
34,65763;-96,7125;Fitzhugh;OK;Oklahoma;South Central
34,87421;-96,58869;Francis;OK;Oklahoma;South Central
35,08197;-96,34804;Holdenville;OK;Oklahoma;South Central
34,9846;-96,73597;Konawa;OK;Oklahoma;South Central
35,42653;-97,08072;Mcloud;OK;Oklahoma;South Central
35,11527;-96,762;Maud;OK;Oklahoma;South Central
35,51911;-96,90376;Meeker;OK;Oklahoma;South Central
35,34132;-97,19576;Newalla;OK;Oklahoma;South Central
35,46237;-96,31792;Okemah;OK;Oklahoma;South Central
35,52788;-96,56913;Paden;OK;Oklahoma;South Central
34,60599;-96,80922;Roff;OK;Oklahoma;South Central
34,96335;-96,54663;Sasakwa;OK;Oklahoma;South Central
35,00768;-97,06999;Wanette;OK;Oklahoma;South Central
35,38039;-96,1212;Weleetka;OK;Oklahoma;South Central
35,22766;-96,24346;Wetumka;OK;Oklahoma;South Central
35,18635;-96,51882;Wewoka;OK;Oklahoma;South Central
35,32798;-94,47166;Arkoma;OK;Oklahoma;South Central
35,24568;-94,47715;Pocola;OK;Oklahoma;South Central
35,18409;-94,77573;Bokoshe;OK;Oklahoma;South Central
35,69226;-94,76459;Bunch;OK;Oklahoma;South Central
34,95433;-94,89687;Fanshawe;OK;Oklahoma;South Central
35,39042;-94,72772;Gans;OK;Oklahoma;South Central
34,83303;-94,58321;Heavener;OK;Oklahoma;South Central
34,70875;-94,63843;Hodgen;OK;Oklahoma;South Central
34,89799;-94,97661;Leflore;OK;Oklahoma;South Central
35,1007;-95,106;Lequire;OK;Oklahoma;South Central
35,12421;-95,00779;Mccurtain;OK;Oklahoma;South Central
35,58232;-94,81864;Marble City;OK;Oklahoma;South Central
35,39613;-94,45093;Moffett;OK;Oklahoma;South Central
35,46207;-94,56284;Muldrow;OK;Oklahoma;South Central
35,03931;-94,57156;Poteau;OK;Oklahoma;South Central
35,50213;-94,75547;Sallisaw;OK;Oklahoma;South Central
35,09487;-94,77334;Shady Point;OK;Oklahoma;South Central
35,26288;-94,63326;Spiro;OK;Oklahoma;South Central
35,53703;-94,94717;Vian;OK;Oklahoma;South Central
36,11493;-94,6665;Watts;OK;Oklahoma;South Central
34,89556;-94,86894;Wister;OK;Oklahoma;South Central
32,96183;-96,984;Coppell;TX;Texas;South Central
33,02554;-97,11871;Flower Mound;TX;Texas;South Central
32,85756;-96,42858;Rockwall;TX;Texas;South Central
32,9704;-96,58139;Sachse;TX;Texas;South Central
32,77428;-97,0037;Grand Prairie;TX;Texas;South Central
33,07541;-96,90978;The Colony;TX;Texas;South Central
33,4473;-96,73546;Gunter;TX;Texas;South Central
33,11108;-97,01277;Lake Dallas;TX;Texas;South Central
33,17713;-96,95228;Little Elm;TX;Texas;South Central
33,79608;-96,71913;Pottsboro;TX;Texas;South Central
33,24526;-96,80791;Prosper;TX;Texas;South Central
32,97382;-96,7416;Richardson;TX;Texas;South Central
32,89368;-96,53929;Rowlett;TX;Texas;South Central
33,01432;-96,53531;Wylie;TX;Texas;South Central
32,04246;-96,35622;Corsicana;TX;Texas;South Central
32,59831;-96,86433;Desoto;TX;Texas;South Central
32,32579;-95,96932;Eustace;TX;Texas;South Central
32,74361;-96,45289;Forney;TX;Texas;South Central
32,6926;-95,79262;Fruitvale;TX;Texas;South Central
32,93865;-96,38046;Fate;TX;Texas;South Central
33,06666;-96,22567;Caddo Mills;TX;Texas;South Central
32,64485;-95,68854;Grand Saline;TX;Texas;South Central
32,63984;-96,69257;Hutchins;TX;Texas;South Central
32,57004;-96,24637;Kaufman;TX;Texas;South Central
32,42256;-96,06517;Mabank;TX;Texas;South Central
32,12491;-96,01173;Malakoff;TX;Texas;South Central
32,76994;-96,6151;Mesquite;TX;Texas;South Central
32,46168;-96,44914;Rosser;TX;Texas;South Central
32,46694;-96,39315;Scurry;TX;Texas;South Central
32,60652;-96,53939;Seagoville;TX;Texas;South Central
32,1672;-96,10999;Trinidad;TX;Texas;South Central
32,36687;-96,79677;Waxahachie;TX;Texas;South Central
33,01671;-96,4495;Lavon;TX;Texas;South Central
32,70335;-95,99754;Wills Point;TX;Texas;South Central
32,71937;-96,61841;Balch Springs;TX;Texas;South Central
32,80033;-96,55425;Sunnyvale;TX;Texas;South Central
32,94821;-96,30941;Royse City;TX;Texas;South Central
33,86275;-95,63955;Arthur City;TX;Texas;South Central
33,80295;-95,14232;Bagwell;TX;Texas;South Central
33,4645;-95,74603;Ben Franklin;TX;Texas;South Central
33,67255;-95,35431;Blossom;TX;Texas;South Central
33,43827;-95,13114;Bogata;TX;Texas;South Central
33,57235;-96,1773;Bonham;TX;Texas;South Central
33,29279;-96,19918;Celeste;TX;Texas;South Central
33,38912;-95,66804;Cooper;TX;Texas;South Central
33,10883;-95,80571;Cumby;TX;Texas;South Central
33,50175;-95,29522;Deport;TX;Texas;South Central
33,60701;-96,07462;Dodd City;TX;Texas;South Central
33,55261;-96,27796;Ector;TX;Texas;South Central
33,4296;-95,65456;Enloe;TX;Texas;South Central
33,31478;-95,79681;Klondike;TX;Texas;South Central
33,423;-95,9493;Ladonia;TX;Texas;South Central
33,40465;-95,47481;Lake Creek;TX;Texas;South Central
33,00025;-95,92817;Lone Oak;TX;Texas;South Central
33,283;-96,56073;Melissa;TX;Texas;South Central
33,51175;-95,40747;Pattonville;TX;Texas;South Central
33,41269;-95,8248;Pecan Gap;TX;Texas;South Central
33,58341;-95,79836;Petty;TX;Texas;South Central
33,04431;-95,38883;Pickton;TX;Texas;South Central
32,89177;-95,87239;Point;TX;Texas;South Central
32,91709;-96,10611;Quinlan;TX;Texas;South Central
33,53118;-95,73429;Roxton;TX;Texas;South Central
33,02129;-95,19159;Scroggins;TX;Texas;South Central
33,31751;-95,37485;Sulphur Bluff;TX;Texas;South Central
33,33584;-95,16567;Talco;TX;Texas;South Central
33,77628;-95,98899;Telephone;TX;Texas;South Central
33,5204;-96,48467;Tom Bean;TX;Texas;South Central
33,49741;-96,39485;Whitewright;TX;Texas;South Central
33,43246;-96,55041;Van Alstyne;TX;Texas;South Central
33,36276;-96,06616;Wolfe City;TX;Texas;South Central
32,92098;-95,5764;Yantis;TX;Texas;South Central
33,49966;-94,88454;Annona;TX;Texas;South Central
33,58534;-94,78563;Avery;TX;Texas;South Central
32,94564;-94,13696;Bivins;TX;Texas;South Central
33,1512;-94,06263;Bloomburg;TX;Texas;South Central
33,25017;-94,85564;Cookville;TX;Texas;South Central
33,517;-94,27855;Hooks;TX;Texas;South Central
32,93588;-94,25302;Kildare;TX;Texas;South Central
33,34214;-94,22454;Redwater;TX;Texas;South Central
32,87588;-94,5572;Avinger;TX;Texas;South Central
32,25343;-94,44957;Beckville;TX;Texas;South Central
33,01869;-94,73173;Daingerfield;TX;Texas;South Central
32,28441;-94,16897;De Berry;TX;Texas;South Central
32,35818;-94,17821;Elysian Fields;TX;Texas;South Central
32,79171;-94,99498;Gilmer;TX;Texas;South Central
32,5167;-94,96429;Gladewater;TX;Texas;South Central
32,67061;-94,53064;Harleton;TX;Texas;South Central
33,01471;-94,58686;Hughes Springs;TX;Texas;South Central
32,17545;-94,90362;Joinerville;TX;Texas;South Central
32,63908;-94,15655;Karnack;TX;Texas;South Central
31,988;-94,83729;Laneville;TX;Texas;South Central
32,90846;-94,68485;Lone Star;TX;Texas;South Central
31,93597;-94,685;Mount Enterprise;TX;Texas;South Central
32,82182;-94,74035;Ore City;TX;Texas;South Central
32,10575;-94,96352;Price;TX;Texas;South Central
32,18196;-94,95771;Selman City;TX;Texas;South Central
32,4718;-94,11936;Waskom;TX;Texas;South Central
32,27222;-95,07124;Arp;TX;Texas;South Central
32,42431;-95,66462;Ben Wheeler;TX;Texas;South Central
32,11584;-95,34933;Bullard;TX;Texas;South Central
32,03617;-95,41573;Cuney;TX;Texas;South Central
32,04154;-95,52231;Frankston;TX;Texas;South Central
32,14058;-95,64694;Larue;TX;Texas;South Central
32,30239;-95,71367;Murchison;TX;Texas;South Central
31,86434;-95,48486;Neches;TX;Texas;South Central
31,98905;-95,09122;New Summerfield;TX;Texas;South Central
32,0693;-95,58777;Poynor;TX;Texas;South Central
31,87344;-94,96234;Reklaw;TX;Texas;South Central
31,76641;-95,17446;Rusk;TX;Texas;South Central
31,82252;-94,91617;Sacul;TX;Texas;South Central
32,1126;-95,09405;Troup;TX;Texas;South Central
31,47956;-96,22844;Donie;TX;Texas;South Central
31,51921;-95,43481;Grapeland;TX;Texas;South Central
31,77281;-96,33408;Kirvin;TX;Texas;South Central
31,39624;-95,47618;Latexo;TX;Texas;South Central
31,13209;-95,91595;Leona;TX;Texas;South Central
31,09458;-95,49555;Lovelady;TX;Texas;South Central
31,93488;-95,80963;Montalba;TX;Texas;South Central
31,8842;-96,25512;Streetman;TX;Texas;South Central
31,62342;-96,24615;Teague;TX;Texas;South Central
31,8524;-95,88771;Tennessee Colony;TX;Texas;South Central
31,05808;-94,96228;Woodlake;TX;Texas;South Central
31,30264;-94,65481;Lufkin;TX;Texas;South Central
31,23281;-94,96944;Apple Springs;TX;Texas;South Central
30,67111;-93,7064;Bon Wier;TX;Texas;South Central
31,23579;-94,19735;Broaddus;TX;Texas;South Central
31,09978;-93,98953;Brookeland;TX;Texas;South Central
30,55314;-93,81608;Call;TX;Texas;South Central
31,47805;-94,38259;Chireno;TX;Texas;South Central
30,93436;-94,35605;Colmesneil;TX;Texas;South Central
31,01496;-94,80501;Corrigan;TX;Texas;South Central
31,18078;-94,76219;Diboll;TX;Texas;South Central
30,82567;-94,41657;Doucette;TX;Texas;South Central
31,29389;-93,77573;Hemphill;TX;Texas;South Central
31,92169;-94,05523;Joaquin;TX;Texas;South Central
31,5576;-94,51098;Nacogdoches;TX;Texas;South Central
31,44765;-94,89758;Pollok;TX;Texas;South Central
31,49407;-94,12173;San Augustine;TX;Texas;South Central
31,95674;-94,23713;Tenaha;TX;Texas;South Central
31,89535;-94,4122;Timpson;TX;Texas;South Central
31,05997;-93,78455;Wiergate;TX;Texas;South Central
31,12387;-94,34703;Zavalla;TX;Texas;South Central
32,90102;-97,56483;Azle;TX;Texas;South Central
32,52603;-97,30491;Burleson;TX;Texas;South Central
32,34873;-97,33267;Cleburne;TX;Texas;South Central
32,89121;-97,1488;Colleyville;TX;Texas;South Central
32,8592;-97,08422;Euless;TX;Texas;South Central
32,20039;-97,76129;Glen Rose;TX;Texas;South Central
32,42961;-97,54286;Godley;TX;Texas;South Central
32,40791;-97,80117;Granbury;TX;Texas;South Central
32,98205;-97,38037;Haslet;TX;Texas;South Central
32,47072;-97,4251;Joshua;TX;Texas;South Central
32,63987;-97,2161;Kennedale;TX;Texas;South Central
32,30757;-97,03225;Maypearl;TX;Texas;South Central
32,7058;-97,99913;Millsap;TX;Texas;South Central
32,27886;-97,70891;Rainbow;TX;Texas;South Central
33,0896;-97,46647;Rhome;TX;Texas;South Central
32,95562;-97,14879;Southlake;TX;Texas;South Central
32,21459;-97,40098;Rio Vista;TX;Texas;South Central
32,75799;-97,32858;Fort Worth;TX;Texas;South Central
32,80374;-97,26766;Haltom City;TX;Texas;South Central
32,77663;-97,43044;Naval Air Station Jrb;TX;Texas;South Central
32,83994;-97,22468;North Richland Hills;TX;Texas;South Central
33,4861;-97,34148;Era;TX;Texas;South Central
33,524;-97,57033;Forestburg;TX;Texas;South Central
33,0965;-97,33154;Justin;TX;Texas;South Central
33,27993;-97,3026;Krum;TX;Texas;South Central
33,67788;-97,38695;Muenster;TX;Texas;South Central
33,8179;-97,71625;Nocona;TX;Texas;South Central
33,37202;-96,9204;Pilot Point;TX;Texas;South Central
33,19977;-97,31603;Ponder;TX;Texas;South Central
33,74172;-96,83509;Sadler;TX;Texas;South Central
33,74079;-97,53922;Saint Jo;TX;Texas;South Central
33,36818;-97,21513;Sanger;TX;Texas;South Central
33,62785;-96,76539;Southmayd;TX;Texas;South Central
33,90507;-98,48043;Wichita Falls;TX;Texas;South Central
33,97324;-98,50823;Sheppard Afb;TX;Texas;South Central
33,55553;-98,71145;Archer City;TX;Texas;South Central
34,09521;-98,62276;Burkburnett;TX;Texas;South Central
33,97361;-99,00302;Electra;TX;Texas;South Central
33,50762;-99,53122;Goree;TX;Texas;South Central
33,97361;-98,7168;Iowa Park;TX;Texas;South Central
33,45624;-98,89407;Megargel;TX;Texas;South Central
34,15541;-99,11973;Oklaunion;TX;Texas;South Central
33,31785;-99,62931;Weinert;TX;Texas;South Central
33,49713;-98,47568;Windthorst;TX;Texas;South Central
32,27918;-98,19994;Stephenville;TX;Texas;South Central
33,13145;-98,39271;Bryson;TX;Texas;South Central
33,31066;-97,86228;Chico;TX;Texas;South Central
31,83945;-98,78705;Blanket;TX;Texas;South Central
32,30662;-98,01096;Bluff Dale;TX;Texas;South Central
32,11781;-98,5672;De Leon;TX;Texas;South Central
32,30318;-98,53829;Desdemona;TX;Texas;South Central
32,39257;-98,79541;Eastland;TX;Texas;South Central
32,91592;-98,32512;Graford;TX;Texas;South Central
32,22983;-98,69621;Gorman;TX;Texas;South Central
31,82142;-98,36676;Gustine;TX;Texas;South Central
33,30796;-98,49798;Loving;TX;Texas;South Central
32,52316;-98,03421;Lipan;TX;Texas;South Central
32,455;-98,41516;Mingus;TX;Texas;South Central
32,42887;-98,7332;Olden;TX;Texas;South Central
32,11117;-98,98499;Rising Star;TX;Texas;South Central
32,60631;-98,17095;Santo;TX;Texas;South Central
32,37055;-97,92017;Tolar;TX;Texas;South Central
33,16667;-99,25111;Throckmorton;TX;Texas;South Central
32,73147;-98,30551;Palo Pinto;TX;Texas;South Central
33,02138;-98,05618;Perrin;TX;Texas;South Central
32,97912;-97,88346;Poolville;TX;Texas;South Central
32,95721;-98,04033;Whitt;TX;Texas;South Central
30,85091;-97,13957;Buckholts;TX;Texas;South Central
31,21577;-97,97215;Copperas Cove;TX;Texas;South Central
30,80366;-97,27795;Davilla;TX;Texas;South Central
31,27445;-97,20736;Eddy;TX;Texas;South Central
31,47643;-98,17321;Evant;TX;Texas;South Central
30,81779;-97,60645;Jarrell;TX;Texas;South Central
31,09193;-97,9992;Kempner;TX;Texas;South Central
31,11447;-97,72922;Killeen;TX;Texas;South Central
31,23134;-97,75867;Fort Cavazos;TX;Texas;South Central
31,05299;-97,64613;Harker Heights;TX;Texas;South Central
31,07714;-98,22165;Lampasas;TX;Texas;South Central
30,97583;-97,3677;Little River Academy;TX;Texas;South Central
30,69481;-96,84487;Milano;TX;Texas;South Central
31,07987;-97,61079;Nolanville;TX;Texas;South Central
31,51664;-97,99881;Purmela;TX;Texas;South Central
30,64535;-97,01363;Rockdale;TX;Texas;South Central
30,93305;-97,58448;Salado;TX;Texas;South Central
30,81864;-97,50226;Schwertner;TX;Texas;South Central
30,53488;-97,24092;Thrall;TX;Texas;South Central
31,87789;-97,08891;Abbott;TX;Texas;South Central
31,82032;-97,24942;Aquilla;TX;Texas;South Central
32,10511;-97,3881;Blum;TX;Texas;South Central
31,15114;-96,65499;Bremond;TX;Texas;South Central
31,6857;-97,32503;China Spring;TX;Texas;South Central
31,76631;-97,81817;Cranfills Gap;TX;Texas;South Central
31,69029;-97,07323;Elm Mott;TX;Texas;South Central
31,50442;-96,53271;Groesbeck;TX;Texas;South Central
32,00132;-97,87816;Iredell;TX;Texas;South Central
32,18313;-96,87158;Italy;TX;Texas;South Central
32,11331;-97,57648;Kopperl;TX;Texas;South Central
31,29963;-96,60536;Kosse;TX;Texas;South Central
31,39295;-97,1728;Lorena;TX;Texas;South Central
31,18555;-97,06161;Lott;TX;Texas;South Central
31,30785;-96,84584;Marlin;TX;Texas;South Central
31,56202;-96,79552;Mart;TX;Texas;South Central
32,04653;-96,89178;Mertens;TX;Texas;South Central
31,65668;-96,46511;Mexia;TX;Texas;South Central
31,75371;-96,89105;Mount Calm;TX;Texas;South Central
31,87169;-96,95847;Penelope;TX;Texas;South Central
31,65009;-96,75087;Prairie Hill;TX;Texas;South Central
31,94557;-96,59358;Purdon;TX;Texas;South Central
31,45235;-96,90825;Riesel;TX;Texas;South Central
31,34973;-97,0101;Satin;TX;Texas;South Central
31,74178;-96,54464;Tehuacana;TX;Texas;South Central
31,66624;-97,50471;Valley Mills;TX;Texas;South Central
32,1031;-97,79219;Walnut Springs;TX;Texas;South Central
31,80977;-96,43843;Wortham;TX;Texas;South Central
31,52411;-97,25514;Woodway;TX;Texas;South Central
30,79295;-99,04508;Art;TX;Texas;South Central
31,73862;-99,94963;Ballinger;TX;Texas;South Central
31,68718;-99,16205;Bangs;TX;Texas;South Central
30,9411;-98,46339;Bend;TX;Texas;South Central
31,52589;-99,13031;Brookesmith;TX;Texas;South Central
32,00728;-99,28435;Burkett;TX;Texas;South Central
30,74599;-98,95543;Castell;TX;Texas;South Central
31,42409;-99,59196;Doole;TX;Texas;South Central
30,86695;-100,14226;Fort McKavett;TX;Texas;South Central
31,44387;-98,49348;Goldthwaite;TX;Texas;South Central
31,54305;-99,48192;Gouldbusk;TX;Texas;South Central
30,83928;-99,5637;Hext;TX;Texas;South Central
31,35558;-99,44335;Lohn;TX;Texas;South Central
31,24774;-98,39047;Lometa;TX;Texas;South Central
30,87106;-99,83123;Menard;TX;Texas;South Central
31,4138;-99,70944;Millersview;TX;Texas;South Central
31,54561;-98,73637;Mullin;TX;Texas;South Central
31,60386;-98,53151;Priddy;TX;Texas;South Central
31,27333;-98,995;Richland Springs;TX;Texas;South Central
31,59928;-100,00749;Rowena;TX;Texas;South Central
31,15807;-98,75361;San Saba;TX;Texas;South Central
31,66659;-99,29611;Santa Anna;TX;Texas;South Central
31,80059;-99,71448;Talpa;TX;Texas;South Central
31,69654;-99,56407;Valera;TX;Texas;South Central
30,87304;-98,85742;Valley Spring;TX;Texas;South Central
31,02696;-99,15806;Voca;TX;Texas;South Central
31,60919;-99,63742;Voss;TX;Texas;South Central
31,69229;-98,7649;Zephyr;TX;Texas;South Central
31,52352;-100,63993;San Angelo;TX;Texas;South Central
31,43226;-100,40314;Goodfellow Afb;TX;Texas;South Central
31,87618;-100,28544;Bronte;TX;Texas;South Central
31,61491;-100,67661;Carlsbad;TX;Texas;South Central
31,07744;-100,42261;Christoval;TX;Texas;South Central
31,26855;-100,59028;Knickerbocker;TX;Texas;South Central
31,43681;-100,12694;Mereta;TX;Texas;South Central
31,24731;-100,89845;Mertzon;TX;Texas;South Central
30,48057;-101,32623;Ozona;TX;Texas;South Central
31,87297;-100,60292;Robert Lee;TX;Texas;South Central
31,81255;-101,04709;Sterling City;TX;Texas;South Central
31,29919;-100,1389;Vancourt;TX;Texas;South Central
30,30897;-95,43281;Conroe;TX;Texas;South Central
30,50445;-94,81661;Ace;TX;Texas;South Central
30,61928;-95,17706;Coldspring;TX;Texas;South Central
30,06842;-95,10306;Huffman;TX;Texas;South Central
30,00858;-95,28351;Humble;TX;Texas;South Central
30,81432;-94,90086;Leggett;TX;Texas;South Central
30,15694;-95,18173;New Caney;TX;Texas;South Central
30,76592;-95,22168;Pointblank;TX;Texas;South Central
30,45114;-94,8407;Romayor;TX;Texas;South Central
30,24472;-95,18281;Splendora;TX;Texas;South Central
30,06143;-95,38423;Spring;TX;Texas;South Central
30,38226;-94,63069;Thicket;TX;Texas;South Central
30,09393;-95,59095;Tomball;TX;Texas;South Central
30,44422;-94,6779;Votaw;TX;Texas;South Central
29,56693;-96,46031;Altair;TX;Texas;South Central
28,93425;-95,72035;Cedar Lane;TX;Texas;South Central
29,46633;-95,9621;Beasley;TX;Texas;South Central
28,8692;-96,25603;Blessing;TX;Texas;South Central
29,23404;-95,91908;Boling;TX;Texas;South Central
28,96492;-95,57268;Brazoria;TX;Texas;South Central
29,83386;-95,98219;Brookshire;TX;Texas;South Central
30,11633;-96,24721;Chappell Hill;TX;Texas;South Central
28,67447;-96,15682;Collegeport;TX;Texas;South Central
29,26487;-95,65616;Damon;TX;Texas;South Central
29,13239;-95,82309;Danciger;TX;Texas;South Central
29,05808;-96,21608;Danevang;TX;Texas;South Central
29,51111;-96,12395;East Bernard;TX;Texas;South Central
29,20452;-96,27328;El Campo;TX;Texas;South Central
28,88819;-96,14603;Elmaton;TX;Texas;South Central
29,6955;-95,90896;Fulshear;TX;Texas;South Central
30,05178;-95,82868;Hockley;TX;Texas;South Central
29,4147;-96,08746;Hungerford;TX;Texas;South Central
29,83674;-95,73547;Katy;TX;Texas;South Central
29,46173;-96,02688;Kendleton;TX;Texas;South Central
29,23303;-96,01802;Lane City;TX;Texas;South Central
29,54304;-96,23044;Lissie;TX;Texas;South Central
28,70119;-95,94076;Matagorda;TX;Texas;South Central
28,95409;-96,25489;Midfield;TX;Texas;South Central
29,39744;-96,38451;Nada;TX;Texas;South Central
29,39159;-95,77345;Needville;TX;Texas;South Central
28,71152;-96,22545;Palacios;TX;Texas;South Central
29,14681;-95,85173;Pledger;TX;Texas;South Central
29,55159;-95,86785;Rosenberg;TX;Texas;South Central
29,79459;-96,1038;San Felipe;TX;Texas;South Central
29,77583;-96,18518;Sealy;TX;Texas;South Central
29,67551;-95,97105;Simonton;TX;Texas;South Central
29,61896;-95,6077;Sugar Land;TX;Texas;South Central
29,09388;-95,76692;Sweeny;TX;Texas;South Central
29,47053;-95,56975;Thompsons;TX;Texas;South Central
29,09351;-95,88411;Van Vleck;TX;Texas;South Central
30,07924;-95,92812;Waller;TX;Texas;South Central
29,64118;-96,06236;Wallis;TX;Texas;South Central
29,69096;-94,62598;Anahuac;TX;Texas;South Central
29,17604;-95,44955;Angleton;TX;Texas;South Central
29,50544;-94,98664;Bacliff;TX;Texas;South Central
30,21124;-94,58596;Batson;TX;Texas;South Central
29,74599;-95,00388;Baytown;TX;Texas;South Central
29,78948;-95,11159;Channelview;TX;Texas;South Central
29,03895;-95,40071;Clute;TX;Texas;South Central
30,09139;-94,59488;Daisetta;TX;Texas;South Central
29,99217;-94,53976;Devers;TX;Texas;South Central
29,5132;-95,19352;Friendswood;TX;Texas;South Central
29,74018;-95,23836;Galena Park;TX;Texas;South Central
29,86399;-94,59643;Hankamer;TX;Texas;South Central
29,53925;-95,03229;Kemah;TX;Texas;South Central
29,04971;-95,47511;Lake Jackson;TX;Texas;South Central
29,36653;-94,98773;La Marque;TX;Texas;South Central
29,50213;-95,08636;League City;TX;Texas;South Central
29,85706;-94,88081;Mont Belvieu;TX;Texas;South Central
29,5624;-95,27982;Pearland;TX;Texas;South Central
30,01371;-94,65497;Raywood;TX;Texas;South Central
29,37763;-95,4585;Rosharon;TX;Texas;South Central
29,66117;-95,22865;South Houston;TX;Texas;South Central
29,3804;-94,91759;Texas City;TX;Texas;South Central
29,82811;-94,69521;Wallisville;TX;Texas;South Central
30,01259;-93,8222;Bridge City;TX;Texas;South Central
30,39851;-93,93276;Buna;TX;Texas;South Central
30,02493;-94,35393;China;TX;Texas;South Central
30,3055;-93,76033;Deweyville;TX;Texas;South Central
30,35713;-94,06563;Evadale;TX;Texas;South Central
30,56804;-94,2117;Fred;TX;Texas;South Central
29,51128;-94,51052;Gilchrist;TX;Texas;South Central
29,94549;-93,9165;Groves;TX;Texas;South Central
29,85741;-94,29467;Hamshire;TX;Texas;South Central
29,55957;-94,41621;High Island;TX;Texas;South Central
30,68674;-94,2822;Hillister;TX;Texas;South Central
30,37032;-94,3923;Kountze;TX;Texas;South Central
29,99095;-94,00772;Nederland;TX;Texas;South Central
29,88021;-93,94152;Port Arthur;TX;Texas;South Central
29,42995;-94,68096;Port Bolivar;TX;Texas;South Central
29,98036;-93,94821;Port Neches;TX;Texas;South Central
29,71338;-93,95306;Sabine Pass;TX;Texas;South Central
30,42866;-94,16887;Silsbee;TX;Texas;South Central
30,15775;-94,43279;Sour Lake;TX;Texas;South Central
30,63993;-94,14105;Spurger;TX;Texas;South Central
29,78021;-94,36861;Stowell;TX;Texas;South Central
30,1793;-94,01876;Vidor;TX;Texas;South Central
30,51033;-94,4052;Village Mills;TX;Texas;South Central
29,78697;-94,40969;Winnie;TX;Texas;South Central
30,73144;-95,90933;Bedias;TX;Texas;South Central
30,20842;-96,40797;Brenham;TX;Texas;South Central
30,42833;-96,7573;Deanville;TX;Texas;South Central
30,3623;-96,84035;Dime Box;TX;Texas;South Central
31,14741;-96,11217;Flynn;TX;Texas;South Central
30,78246;-96,73927;Gause;TX;Texas;South Central
30,88012;-96,51707;Hearne;TX;Texas;South Central
31,22275;-96,22553;Marquez;TX;Texas;South Central
30,49356;-96,21034;Millican;TX;Texas;South Central
30,36954;-96,05815;Navasota;TX;Texas;South Central
31,05129;-96,10903;Normangee;TX;Texas;South Central
30,88539;-96,0971;North Zulch;TX;Texas;South Central
30,58119;-95,94675;Roans Prairie;TX;Texas;South Central
30,60369;-95,85656;Shiro;TX;Texas;South Central
30,47222;-96,45089;Snook;TX;Texas;South Central
30,91139;-96,37909;Wheelock;TX;Texas;South Central
28,26427;-96,89666;Austwell;TX;Texas;South Central
29,0966;-97,29533;Cuero;TX;Texas;South Central
28,65306;-97,2461;Fannin;TX;Texas;South Central
28,85684;-96,35947;Francitas;TX;Texas;South Central
29,03253;-96,5023;Ganado;TX;Texas;South Central
28,65589;-97,40093;Goliad;TX;Texas;South Central
29,38023;-96,84301;Hallettsville;TX;Texas;South Central
28,84533;-96,43153;La Ward;TX;Texas;South Central
28,83063;-96,52176;Lolita;TX;Texas;South Central
28,54094;-96,95512;Mcfaddin;TX;Texas;South Central
28,89295;-97,29275;Meyersville;TX;Texas;South Central
28,94057;-97,1342;Nursery;TX;Texas;South Central
28,68082;-96,80183;Placedo;TX;Texas;South Central
28,69152;-96,5991;Point Comfort;TX;Texas;South Central
28,60248;-96,6017;Port Lavaca;TX;Texas;South Central
28,44903;-96,48657;Port O'Connor;TX;Texas;South Central
28,39874;-96,64049;Seadrift;TX;Texas;South Central
29,45373;-97,18849;Shiner;TX;Texas;South Central
29,47661;-96,79607;Sublime;TX;Texas;South Central
29,34569;-97,08019;Sweet Home;TX;Texas;South Central
28,84701;-96,87547;Telferner;TX;Texas;South Central
28,85158;-97,433;Weesatche;TX;Texas;South Central
29,17977;-97,46563;Westhoff;TX;Texas;South Central
29,20384;-97,08814;Yoakum;TX;Texas;South Central
28,25327;-99,22731;Artesia Wells;TX;Texas;South Central
29,28305;-98,73652;Atascosa;TX;Texas;South Central
29,71092;-99,09823;Bandera;TX;Texas;South Central
29,85767;-98,53773;Bergheim;TX;Texas;South Central
28,92848;-98,84668;Bigfoot;TX;Texas;South Central
29,86869;-98,71368;Boerne;TX;Texas;South Central
28,48212;-98,40373;Calliham;TX;Texas;South Central
29,36251;-98,88442;Castroville;TX;Texas;South Central
28,39837;-99,10946;Cotulla;TX;Texas;South Central
29,18499;-98,95692;Devine;TX;Texas;South Central
28,72456;-99,20455;Dilley;TX;Texas;South Central
28,02401;-99,28461;Encinal;TX;Texas;South Central
28,24222;-98,16421;George West;TX;Texas;South Central
29,61549;-98,75443;Helotes;TX;Texas;South Central
30,07971;-99,28562;Ingram;TX;Texas;South Central
28,75573;-98,54754;Jourdanton;TX;Texas;South Central
29,98193;-98,53868;Kendalia;TX;Texas;South Central
30,04115;-99,16276;Kerrville;TX;Texas;South Central
29,31324;-98,82528;La Coste;TX;Texas;South Central
29,08924;-98,50258;Leming;TX;Texas;South Central
29,20582;-98,77427;Lytle;TX;Texas;South Central
29,53896;-98,94184;Mico;TX;Texas;South Central
29,19236;-98,84143;Natalia;TX;Texas;South Central
28,90162;-99,13104;Pearsall;TX;Texas;South Central
28,74599;-98,19711;Peggy;TX;Texas;South Central
29,68793;-98,91424;Pipe Creek;TX;Texas;South Central
29,08152;-98,64437;Poteet;TX;Texas;South Central
29,49065;-98,89042;Rio Medina;TX;Texas;South Central
27,11312;-99,32793;San Ygnacio;TX;Texas;South Central
29,89291;-98,40732;Spring Branch;TX;Texas;South Central
29,24569;-98,6213;Von Ormy;TX;Texas;South Central
29,94234;-98,79214;Waring;TX;Texas;South Central
26,93149;-99,13382;Zapata;TX;Texas;South Central
29,34444;-98,23316;Adkins;TX;Texas;South Central
28,4094;-97,71733;Beeville;TX;Texas;South Central
28,57827;-97,59484;Berclair;TX;Texas;South Central
29,57354;-98,22068;Cibolo;TX;Texas;South Central
29,03696;-97,74074;Ecleto;TX;Texas;South Central
29,21353;-98,37266;Elmendorf;TX;Texas;South Central
29,12124;-98,19708;Floresville;TX;Texas;South Central
28,87574;-97,94729;Karnes City;TX;Texas;South Central
28,71739;-97,91187;Kenedy;TX;Texas;South Central
29,35118;-98,10241;La Vernia;TX;Texas;South Central
29,60056;-98,04236;McQueeney;TX;Texas;South Central
29,69224;-98,06877;New Braunfels;TX;Texas;South Central
29,88119;-98,24624;Canyon Lake;TX;Texas;South Central
29,30758;-97,7619;Nixon;TX;Texas;South Central
28,90484;-97,62365;Nordheim;TX;Texas;South Central
28,53632;-97,81297;Normanna;TX;Texas;South Central
28,95506;-97,88795;Panna Maria;TX;Texas;South Central
28,6038;-97,83989;Pettus;TX;Texas;South Central
29,07375;-98,08017;Poth;TX;Texas;South Central
29,54331;-98,29609;Universal City;TX;Texas;South Central
29,5381;-98,2815;Jbsa Randolph;TX;Texas;South Central
28,86788;-97,70986;Runge;TX;Texas;South Central
29,43046;-98,20171;Saint Hedwig;TX;Texas;South Central
29,54774;-98,26574;Schertz;TX;Texas;South Central
29,53305;-97,93832;Seguin;TX;Texas;South Central
29,23031;-97,58247;Smiley;TX;Texas;South Central
29,28741;-98,05012;Sutherland Springs;TX;Texas;South Central
28,57816;-97,79447;Tuleta;TX;Texas;South Central
29,7663;-98,44514;Bulverde;TX;Texas;South Central
29,46108;-98,43715;Jbsa Ft Sam Houston;TX;Texas;South Central
29,3859;-98,62256;Jbsa Lackland;TX;Texas;South Central
27,7656;-97,91378;Agua Dulce;TX;Texas;South Central
27,71671;-98,13208;Alice;TX;Texas;South Central
27,94356;-97,1862;Aransas Pass;TX;Texas;South Central
27,80036;-97,7912;Banquete;TX;Texas;South Central
27,57551;-98,46636;Benavides;TX;Texas;South Central
27,66012;-98,07572;Ben Bolt;TX;Texas;South Central
27,56303;-98,85966;Bruni;TX;Texas;South Central
27,57337;-97,48642;Chapman Ranch;TX;Texas;South Central
27,37501;-98,29983;Concepcion;TX;Texas;South Central
27,98154;-97,68978;Edroy;TX;Texas;South Central
26,88621;-98,23927;Encino;TX;Texas;South Central
27,18855;-98,20304;Falfurrias;TX;Texas;South Central
27,93286;-98,5629;Freer;TX;Texas;South Central
26,8605;-98,83204;Guerra;TX;Texas;South Central
27,08457;-98,73973;Hebbronville;TX;Texas;South Central
28,11299;-97,81201;Mathis;TX;Texas;South Central
27,42418;-99,08229;Mirando City;TX;Texas;South Central
27,94238;-97,6033;Odem;TX;Texas;South Central
27,9979;-98,09669;Orange Grove;TX;Texas;South Central
27,78075;-97,11737;Port Aransas;TX;Texas;South Central
27,38282;-98,16351;Premont;TX;Texas;South Central
27,37163;-98,47721;Realitos;TX;Texas;South Central
28,3418;-97,18051;Refugio;TX;Texas;South Central
27,30211;-97,79361;Riviera;TX;Texas;South Central
27,77872;-97,7363;Robstown;TX;Texas;South Central
28,07713;-97,94425;Sandia;TX;Texas;South Central
27,73068;-98,4707;San Diego;TX;Texas;South Central
27,1276;-97,8369;Sarita;TX;Texas;South Central
28,08224;-97,55255;Sinton;TX;Texas;South Central
28,18297;-97,72743;Tynan;TX;Texas;South Central
27,79734;-97,40118;Corpus Christi;TX;Texas;South Central
26,21599;-98,2391;Mcallen;TX;Texas;South Central
26,24948;-97,73124;Combes;TX;Texas;South Central
26,6432;-98,44369;Delmita;TX;Texas;South Central
26,17322;-98,05744;Donna;TX;Texas;South Central
26,36812;-97,97152;Edcouch;TX;Texas;South Central
26,30117;-98,00508;Elsa;TX;Texas;South Central
26,591;-99,13889;Falcon Heights;TX;Texas;South Central
26,30868;-98,69723;Garciasville;TX;Texas;South Central
26,27654;-98,65527;Grulla;TX;Texas;South Central
26,48528;-98,02329;Hargill;TX;Texas;South Central
26,25469;-97,66406;Harlingen;TX;Texas;South Central
26,29276;-98,02366;La Blanca;TX;Texas;South Central
26,14549;-97,82765;La Feria;TX;Texas;South Central
26,25545;-98,49515;La Joya;TX;Texas;South Central
26,4687;-97,91595;Lasara;TX;Texas;South Central
26,28809;-97,89293;La Villa;TX;Texas;South Central
26,67801;-99,13171;Lopeno;TX;Texas;South Central
26,24453;-98,561;Los Ebanos;TX;Texas;South Central
26,13543;-97,42184;Los Fresnos;TX;Texas;South Central
26,04607;-97,73866;Los Indios;TX;Texas;South Central
26,37417;-97,73851;Lyford;TX;Texas;South Central
26,17149;-97,9112;Mercedes;TX;Texas;South Central
26,03234;-97,55083;Olmito;TX;Texas;South Central
26,32584;-98,46799;Penitas;TX;Texas;South Central
26,1665;-98,19082;Pharr;TX;Texas;South Central
26,05336;-97,31004;Port Isabel;TX;Texas;South Central
26,0892;-97,94627;Progreso;TX;Texas;South Central
26,53937;-98,73985;Rio Grande City;TX;Texas;South Central
26,28166;-97,4686;Rio Hondo;TX;Texas;South Central
26,56226;-98,98471;Roma;TX;Texas;South Central
26,4856;-99,07737;Salineno;TX;Texas;South Central
26,10715;-97,64576;San Benito;TX;Texas;South Central
26,73966;-98,39852;San Isidro;TX;Texas;South Central
26,50401;-97,63486;San Perlita;TX;Texas;South Central
26,65351;-98,53408;Santa Elena;TX;Texas;South Central
26,06516;-97,8461;Santa Maria;TX;Texas;South Central
26,26999;-97,82187;Santa Rosa;TX;Texas;South Central
26,31457;-98,54038;Sullivan City;TX;Texas;South Central
26,10668;-97,99856;Weslaco;TX;Texas;South Central
26,2474;-97,19688;South Padre Island;TX;Texas;South Central
26,52363;-97,42327;Port Mansfield;TX;Texas;South Central
30,77366;-98,04663;Bertram;TX;Texas;South Central
30,9341;-97,93255;Briggs;TX;Texas;South Central
30,75975;-98,45271;Buchanan Dam;TX;Texas;South Central
30,79188;-98,26663;Burnet;TX;Texas;South Central
30,50683;-97,81939;Cedar Park;TX;Texas;South Central
29,41314;-97,59429;Cost;TX;Texas;South Central
30,46426;-97,39061;Coupland;TX;Texas;South Central
30,1508;-97,59928;Del Valle;TX;Texas;South Central
30,48624;-99,16794;Doss;TX;Texas;South Central
30,22214;-98,13491;Dripping Springs;TX;Texas;South Central
29,77225;-97,78229;Fentress;TX;Texas;South Central
29,95973;-98,21933;Fischer;TX;Texas;South Central
30,56;-97,54404;Hutto;TX;Texas;South Central
30,20824;-98,5485;Hye;TX;Texas;South Central
30,55851;-97,91473;Leander;TX;Texas;South Central
30,68161;-98,71281;Llano;TX;Texas;South Central
30,30536;-97,21574;McDade;TX;Texas;South Central
30,13462;-97,8606;Manchaca;TX;Texas;South Central
29,82346;-97,83517;Martindale;TX;Texas;South Central
30,53328;-98,37906;Horseshoe Bay;TX;Texas;South Central
29,59339;-97,62661;Ottine;TX;Texas;South Central
30,20667;-97,12624;Paige;TX;Texas;South Central
30,44361;-97,59558;Pflugerville;TX;Texas;South Central
29,72925;-97,74212;Prairie Lea;TX;Texas;South Central
30,41582;-98,31144;Round Mountain;TX;Texas;South Central
30,50461;-97,64583;Round Rock;TX;Texas;South Central
29,8826;-97,97974;San Marcos;TX;Texas;South Central
30,4347;-98,13066;Spicewood;TX;Texas;South Central
30,88151;-98,49128;Tow;TX;Texas;South Central
30,04141;-98,15051;Wimberley;TX;Texas;South Central
29,34174;-97,59335;Wrightsboro;TX;Texas;South Central
29,36407;-99,88476;Uvalde;TX;Texas;South Central
28,42865;-99,72393;Asherton;TX;Texas;South Central
29,84372;-99,99375;Barksdale;TX;Texas;South Central
28,53226;-99,48219;Big Wells;TX;Texas;South Central
29,39512;-100,4069;Brackettville;TX;Texas;South Central
29,69785;-99,97248;Camp Wood;TX;Texas;South Central
28,54776;-99,87286;Carrizo Springs;TX;Texas;South Central
28,32336;-99,64569;Catarina;TX;Texas;South Central
29,53476;-99,70757;Concan;TX;Texas;South Central
29,34904;-100,79188;Laughlin Afb;TX;Texas;South Central
29,27937;-99,33581;D Hanis;TX;Texas;South Central
28,82698;-100,31543;Eagle Pass;TX;Texas;South Central
28,38168;-100,22962;El Indio;TX;Texas;South Central
29,41778;-99,15663;Hondo;TX;Texas;South Central
29,29829;-99,61255;Knippa;TX;Texas;South Central
29,90185;-101,62018;Langtry;TX;Texas;South Central
28,90751;-99,88039;La Pryor;TX;Texas;South Central
29,80966;-99,73953;Leakey;TX;Texas;South Central
28,9533;-100,60429;Quemado;TX;Texas;South Central
29,6435;-99,71733;Rio Frio;TX;Texas;South Central
29,96486;-100,27779;Rocksprings;TX;Texas;South Central
29,39333;-99,50972;Sabinal;TX;Texas;South Central
29,67707;-99,31851;Tarpley;TX;Texas;South Central
29,63823;-99,49308;Utopia;TX;Texas;South Central
29,82682;-99,54502;Vanderpool;TX;Texas;South Central
29,15453;-99,18749;Yancey;TX;Texas;South Central
30,03117;-96,44291;Bleiblerville;TX;Texas;South Central
30,1656;-96,70793;Carmine;TX;Texas;South Central
29,77209;-96,33829;Cat Spring;TX;Texas;South Central
29,68797;-96,43006;Alleyton;TX;Texas;South Central
29,82757;-96,7041;Ellinger;TX;Texas;South Central
29,74201;-97,1561;Flatonia;TX;Texas;South Central
30,16803;-96,93153;Giddings;TX;Texas;South Central
29,83681;-97,08062;Muldoon;TX;Texas;South Central
29,85552;-97,35214;Rosanky;TX;Texas;South Central
29,68322;-96,93454;Schulenburg;TX;Texas;South Central
29,69877;-97,30153;Waelder;TX;Texas;South Central
29,66951;-96,73815;Weimar;TX;Texas;South Central
35,19819;-100,76956;Alanreed;TX;Texas;South Central
36,3874;-100,50627;Booker;TX;Texas;South Central
35,66635;-101,41444;Borger;TX;Texas;South Central
34,53016;-102,88533;Bovina;TX;Texas;South Central
35,45283;-102,12013;Boys Ranch;TX;Texas;South Central
35,63111;-100,20866;Briscoe;TX;Texas;South Central
35,11701;-102,1072;Bushland;TX;Texas;South Central
36,04183;-101,99335;Cactus;TX;Texas;South Central
34,98099;-101,39288;Claude;TX;Texas;South Central
33,98366;-101,99302;Cotton Center;TX;Texas;South Central
36,10004;-102,61443;Dalhart;TX;Texas;South Central
36,43877;-100,35188;Darrouzett;TX;Texas;South Central
34,49238;-102,3378;Dimmitt;TX;Texas;South Central
34,24501;-102,45225;Earth;TX;Texas;South Central
34,2878;-101,89492;Edmonson;TX;Texas;South Central
36,30684;-100,97661;Farnsworth;TX;Texas;South Central
36,37524;-100,16581;Follett;TX;Texas;South Central
34,68301;-102,78573;Friona;TX;Texas;South Central
35,59727;-101,54826;Fritch;TX;Texas;South Central
35,25237;-101,12206;Groom;TX;Texas;South Central
36,30113;-101,57841;Gruver;TX;Texas;South Central
34,0376;-101,93466;Hale Center;TX;Texas;South Central
36,14237;-100,10709;Higgins;TX;Texas;South Central
34,35869;-101,76276;Kress;TX;Texas;South Central
34,40284;-102,59106;Lazbuddie;TX;Texas;South Central
35,42894;-100,78086;Lefors;TX;Texas;South Central
36,21724;-100,22139;Lipscomb;TX;Texas;South Central
35,59509;-101,94925;Masterson;TX;Texas;South Central
35,51987;-100,45706;Mobeetie;TX;Texas;South Central
34,17738;-102,12699;Olton;TX;Texas;South Central
35,52363;-100,90378;Pampa;TX;Texas;South Central
35,33633;-101,45226;Panhandle;TX;Texas;South Central
36,25346;-100,80731;Perryton;TX;Texas;South Central
35,70341;-101,21116;Skellytown;TX;Texas;South Central
36,21559;-101,21054;Spearman;TX;Texas;South Central
34,21881;-102,2862;Springlake;TX;Texas;South Central
36,13538;-101,79255;Sunray;TX;Texas;South Central
36,32788;-102,93667;Texline;TX;Texas;South Central
34,57463;-101,69315;Tulia;TX;Texas;South Central
34,87053;-102,11431;Umbarger;TX;Texas;South Central
35,28133;-102,48784;Vega;TX;Texas;South Central
36,26637;-101,02997;Waka;TX;Texas;South Central
35,15671;-102,21646;Wildorado;TX;Texas;South Central
35,20605;-101,83946;Amarillo;TX;Texas;South Central
34,4101;-100,33521;Childress;TX;Texas;South Central
34,2317;-100,48085;Cee Vee;TX;Texas;South Central
33,87702;-99,74893;Crowell;TX;Texas;South Central
34,22108;-100,95509;Flomot;TX;Texas;South Central
33,94794;-101,26088;Floydada;TX;Texas;South Central
34,85566;-100,66588;Hedley;TX;Texas;South Central
34,8836;-100,76797;Lelia Lake;TX;Texas;South Central
34,18069;-101,38507;Lockney;TX;Texas;South Central
34,0383;-100,8059;Matador;TX;Texas;South Central
34,96174;-100,45441;Quail;TX;Texas;South Central
34,31001;-99,80874;Quanah;TX;Texas;South Central
34,36113;-101,04924;Quitaque;TX;Texas;South Central
33,87463;-100,82078;Roaring Springs;TX;Texas;South Central
34,44868;-101,2995;Silverton;TX;Texas;South Central
34,24344;-101,29647;South Plains;TX;Texas;South Central
34,36243;-100,45594;Tell;TX;Texas;South Central
33,85781;-101,88228;Abernathy;TX;Texas;South Central
33,8126;-102,16093;Anton;TX;Texas;South Central
33,65887;-101,19814;Crosbyton;TX;Texas;South Central
32,94678;-102,89674;Denver City;TX;Texas;South Central
33,88759;-102,73534;Enochs;TX;Texas;South Central
34,09913;-102,21433;Fieldton;TX;Texas;South Central
33,72503;-101,68807;Idalou;TX;Texas;South Central
33,03072;-101,21727;Justiceburg;TX;Texas;South Central
32,66775;-101,97488;Lamesa;TX;Texas;South Central
33,59962;-102,40214;Levelland;TX;Texas;South Central
33,87938;-102,34682;Littlefield;TX;Texas;South Central
32,90313;-102,33188;Loop;TX;Texas;South Central
33,65096;-101,54459;Lorenzo;TX;Texas;South Central
34,18804;-102,79682;Muleshoe;TX;Texas;South Central
33,73115;-101,82296;New Deal;TX;Texas;South Central
32,93191;-101,78581;Odonnell;TX;Texas;South Central
33,78723;-102,58723;Pep;TX;Texas;South Central
33,2562;-101,33245;Post;TX;Texas;South Central
33,64659;-101,40577;Ralls;TX;Texas;South Central
33,4321;-102,20017;Ropesville;TX;Texas;South Central
32,92872;-102,54718;Seagraves;TX;Texas;South Central
33,70769;-102,03804;Shallowater;TX;Texas;South Central
33,44681;-101,6355;Slaton;TX;Texas;South Central
33,53016;-101,68367;Ransom Canyon;TX;Texas;South Central
33,58938;-102,16805;Smyer;TX;Texas;South Central
33,94322;-102,15916;Spade;TX;Texas;South Central
33,4638;-100,92328;Spur;TX;Texas;South Central
33,97942;-102,69414;Sudan;TX;Texas;South Central
33,42482;-102,50108;Sundown;TX;Texas;South Central
33,15905;-101,83628;Tahoka;TX;Texas;South Central
33,49523;-102,65345;Whiteface;TX;Texas;South Central
33,73913;-102,32784;Whitharral;TX;Texas;South Central
33,46578;-102,02282;Wolfforth;TX;Texas;South Central
33,32429;-101,90801;New Home;TX;Texas;South Central
33,58683;-101,85179;Lubbock;TX;Texas;South Central
33,18305;-100,26499;Aspermont;TX;Texas;South Central
32,31336;-99,35271;Baird;TX;Texas;South Central
33,56323;-99,84003;Benjamin;TX;Texas;South Central
32,32614;-100,92807;Colorado City;TX;Texas;South Central
32,87754;-101,24144;Fluvanna;TX;Texas;South Central
32,6443;-100,75192;Hermleigh;TX;Texas;South Central
33,15936;-100,57982;Jayton;TX;Texas;South Central
32,84898;-99,54739;Lueders;TX;Texas;South Central
32,75559;-100,22273;McCaulley;TX;Texas;South Central
32,2219;-100,48421;Maryneal;TX;Texas;South Central
32,47333;-100,02859;Merkel;TX;Texas;South Central
32,28033;-100,21402;Nolan;TX;Texas;South Central
31,97891;-99,69177;Novice;TX;Texas;South Central
33,15173;-100,06289;Old Glory;TX;Texas;South Central
32,15018;-99,81617;Ovalo;TX;Texas;South Central
32,8792;-100,49136;Rotan;TX;Texas;South Central
33,20478;-99,91023;Rule;TX;Texas;South Central
32,42222;-99,90929;Tye;TX;Texas;South Central
31,97678;-99,97787;Winters;TX;Texas;South Central
32,42289;-99,83904;Dyess Afb;TX;Texas;South Central
32,49861;-101,74554;Ackerly;TX;Texas;South Central
30,99474;-103,73293;Balmorhea;TX;Texas;South Central
32,20171;-101,51395;Big Spring;TX;Texas;South Central
31,19335;-103,06396;Coyanosa;TX;Texas;South Central
32,11036;-101,36683;Forsan;TX;Texas;South Central
30,74837;-102,85518;Fort Stockton;TX;Texas;South Central
32,73625;-101,48269;Gail;TX;Texas;South Central
31,3605;-102,86027;Grandfalls;TX;Texas;South Central
30,89083;-101,91305;Iraan;TX;Texas;South Central
32,38784;-101,66889;Knott;TX;Texas;South Central
32,25551;-101,83419;Lenorah;TX;Texas;South Central
31,10993;-102,19225;McCamey;TX;Texas;South Central
31,54626;-102,88338;Monahans;TX;Texas;South Central
31,80913;-102,69819;Notrees;TX;Texas;South Central
31,85389;-103,90585;Orla;TX;Texas;South Central
31,39852;-103,5867;Pecos;TX;Texas;South Central
31,77513;-102,55573;Penwell;TX;Texas;South Central
31,47772;-103,16337;Pyote;TX;Texas;South Central
31,03937;-103,65754;Saragosa;TX;Texas;South Central
32,3321;-102,05007;Tarzan;TX;Texas;South Central
31,32135;-103,94006;Toyah;TX;Texas;South Central
31,60544;-102,98261;Wickett;TX;Texas;South Central
31,75047;-103,1948;Wink;TX;Texas;South Central
29,17102;-103,28736;Big Bend National Park;TX;Texas;South Central
31,93555;-106,59491;Canutillo;TX;Texas;South Central
31,56975;-106,2112;Clint;TX;Texas;South Central
32,11472;-105,22792;Dell City;TX;Texas;South Central
31,49362;-106,17024;Fabens;TX;Texas;South Central
31,36476;-105,68693;Fort Hancock;TX;Texas;South Central
30,11987;-104,30359;Marfa;TX;Texas;South Central
29,65332;-104,39724;Presidio;TX;Texas;South Central
31,78975;-104,99032;Salt Flat;TX;Texas;South Central
31,56449;-106,25275;San Elizario;TX;Texas;South Central
31,2687;-105,26255;Sierra Blanca;TX;Texas;South Central
29,36484;-103,6029;Terlingua;TX;Texas;South Central
31,43559;-106,06493;Tornillo;TX;Texas;South Central
30,92331;-104,85583;Van Horn;TX;Texas;South Central
31,86268;-106,38912;Fort Bliss;TX;Texas;South Central
39,79405;-105,10845;Arvada;CO;Colorado;West
39,93121;-105,07407;Broomfield;CO;Colorado;West
39,86448;-104,78868;Commerce City;CO;Colorado;West
39,92444;-105,29226;Eldorado Springs;CO;Colorado;West
39,77315;-105,10222;Wheat Ridge;CO;Colorado;West
39,30213;-104,81967;Castle Rock;CO;Colorado;West
39,62679;-103,96078;Deer Trail;CO;Colorado;West
39,19132;-104,8848;Larkspur;CO;Colorado;West
39,47627;-105,00899;Louviers;CO;Colorado;West
39,1155;-104,90443;Palmer Lake;CO;Colorado;West
39,84776;-106,55359;Bond;CO;Colorado;West
39,34714;-105,23162;Buffalo Creek;CO;Colorado;West
39,49636;-105,29586;Conifer;CO;Colorado;West
40,91209;-106,28228;Cowdrey;CO;Colorado;West
40,30116;-105,81712;Grand Lake;CO;Colorado;West
38,93059;-105,79169;Hartsel;CO;Colorado;West
40,04007;-106,04456;Hot Sulphur Springs;CO;Colorado;West
39,70969;-105,59515;Idaho Springs;CO;Colorado;West
39,66477;-105,24285;Idledale;CO;Colorado;West
39,63109;-105,25204;Indian Hills;CO;Colorado;West
39,65091;-105,29972;Kittredge;CO;Colorado;West
40,1843;-106,41877;Kremmling;CO;Colorado;West
39,24244;-106,29016;Leadville;CO;Colorado;West
39,95523;-106,73888;McCoy;CO;Colorado;West
39,40104;-105,34527;Pine;CO;Colorado;West
39,93507;-105,42048;Pinecliffe;CO;Colorado;West
40,45096;-106,1555;Rand;CO;Colorado;West
39,92353;-105,56404;Rollinsville;CO;Colorado;West
39,68522;-105,80972;Silver Plume;CO;Colorado;West
40,02218;-105,85693;Tabernash;CO;Colorado;West
40,02078;-106,86356;Toponas;CO;Colorado;West
40,12482;-106,92124;Yampa;CO;Colorado;West
40,58803;-106,89321;Steamboat Springs;CO;Colorado;West
39,7794;-106,22338;Silverthorne;CO;Colorado;West
40,16479;-105,10208;Longmont;CO;Colorado;West
40,20964;-105,57878;Allenspark;CO;Colorado;West
40,62989;-105,56828;Bellvue;CO;Colorado;West
40,29789;-105,10913;Berthoud;CO;Colorado;West
40,07152;-104,95401;Dacono;CO;Colorado;West
40,39731;-105,61165;Estes Park;CO;Colorado;West
40,11387;-104,93347;Firestone;CO;Colorado;West
40,59372;-105,1268;Fort Collins;CO;Colorado;West
40,34645;-104,8532;Milliken;CO;Colorado;West
40,10305;-105,17178;Niwot;CO;Colorado;West
40,85911;-105,69644;Red Feather Lakes;CO;Colorado;West
40,52948;-104,96347;Timnath;CO;Colorado;West
40,66996;-104,58269;Ault;CO;Colorado;West
40,62015;-104,24964;Briggsdale;CO;Colorado;West
40,89924;-104,82287;Carr;CO;Colorado;West
40,10732;-104,79841;Fort Lupton;CO;Colorado;West
40,28531;-104,78253;Gilcrest;CO;Colorado;West
40,11186;-104,47164;Keenesburg;CO;Colorado;West
40,76559;-104,72816;Nunn;CO;Colorado;West
40,11048;-104,2751;Roggen;CO;Colorado;West
40,3931;-103,97685;Weldona;CO;Colorado;West
40,13494;-103,81102;Fort Morgan;CO;Colorado;West
40,27116;-103,83428;Log Lane Village;CO;Colorado;West
40,15981;-103,55046;Brush;CO;Colorado;West
40,91044;-102,7773;Crook;CO;Colorado;West
40,02185;-102,51484;Eckley;CO;Colorado;West
40,58734;-102,60558;Haxtun;CO;Colorado;West
40,35695;-103,47989;Hillrose;CO;Colorado;West
39,71549;-102,25029;Idalia;CO;Colorado;West
40,81635;-103,01907;Iliff;CO;Colorado;West
40,88974;-102,19267;Julesburg;CO;Colorado;West
39,74256;-103,38744;Lindon;CO;Colorado;West
40,5598;-103,47339;Merino;CO;Colorado;West
40,74855;-103,81371;New Raymer;CO;Colorado;West
40,88801;-103,40077;Padroni;CO;Colorado;West
40,94709;-103,16392;Peetz;CO;Colorado;West
39,79244;-103,58588;Woodrow;CO;Colorado;West
39,35644;-103,26331;Arriba;CO;Colorado;West
39,00043;-104,30638;Calhan;CO;Colorado;West
38,82589;-102,4454;Cheyenne Wells;CO;Colorado;West
39,40174;-103,08191;Flagler;CO;Colorado;West
38,94076;-105,00249;Green Mountain Falls;CO;Colorado;West
38,77781;-105,56613;Guffey;CO;Colorado;West
39,67088;-102,67815;Joes;CO;Colorado;West
38,69026;-103,46738;Karval;CO;Colorado;West
39,66302;-102,49943;Kirk;CO;Colorado;West
38,81864;-102,80624;Kit Carson;CO;Colorado;West
39,21874;-103,69129;Limon;CO;Colorado;West
38,82922;-104,93289;Manitou Springs;CO;Colorado;West
39,11313;-103,91139;Matheson;CO;Colorado;West
38,98867;-104,51172;Peyton;CO;Colorado;West
39,06344;-104,02769;Ramah;CO;Colorado;West
39,29735;-102,88617;Seibert;CO;Colorado;West
39,20933;-104,07223;Simla;CO;Colorado;West
39,00041;-104,85446;Usaf Academy;CO;Colorado;West
39,32645;-102,74844;Vona;CO;Colorado;West
38,90926;-103,06782;Wild Horse;CO;Colorado;West
39,03004;-105,07132;Woodland Park;CO;Colorado;West
38,68683;-104,8127;Colorado Springs;CO;Colorado;West
38,29525;-104,5378;Pueblo;CO;Colorado;West
37,43821;-104,6253;Aguilar;CO;Colorado;West
37,2293;-104,71162;Boncarbo;CO;Colorado;West
37,08921;-102,48274;Campo;CO;Colorado;West
38,55956;-103,16093;Haswell;CO;Colorado;West
37,29597;-104,36867;Hoehne;CO;Colorado;West
37,31338;-103,36308;Kim;CO;Colorado;West
37,92266;-103,51528;La Junta;CO;Colorado;West
37,88583;-103,19493;Las Animas;CO;Colorado;West
37,47727;-105,06635;La Veta;CO;Colorado;West
38,12525;-102,89675;McClave;CO;Colorado;West
38,10727;-103,88161;Manzanola;CO;Colorado;West
37,56259;-103,99322;Model;CO;Colorado;West
38,29345;-103,94995;Olney Springs;CO;Colorado;West
38,45232;-103,78494;Ordway;CO;Colorado;West
37,24593;-102,99753;Pritchett;CO;Colorado;West
38,44838;-102,2816;Sheridan Lake;CO;Colorado;West
38,32338;-103,6167;Sugar City;CO;Colorado;West
37,07295;-104,14954;Trinchera;CO;Colorado;West
37,57031;-102,41929;Two Buttes;CO;Colorado;West
37,6642;-104,66427;Walsenburg;CO;Colorado;West
37,47197;-105,85243;Alamosa;CO;Colorado;West
37,14248;-106,26715;Antonito;CO;Colorado;West
37,01861;-107,42041;Arboles;CO;Colorado;West
37,40469;-105,5659;Blanca;CO;Colorado;West
37,28543;-106,10688;Capulin;CO;Colorado;West
37,16146;-105,34724;Chama;CO;Colorado;West
37,06529;-106,65223;Chromo;CO;Colorado;West
37,10495;-106,02167;Conejos;CO;Colorado;West
37,7179;-107,04471;Creede;CO;Colorado;West
37,87706;-105,66651;Crestone;CO;Colorado;West
37,71656;-106,41009;Del Norte;CO;Colorado;West
37,44964;-105,32747;Fort Garland;CO;Colorado;West
37,05555;-107,61596;Ignacio;CO;Colorado;West
37,02302;-105,62737;Jaroso;CO;Colorado;West
37,28692;-106,1543;La Jara;CO;Colorado;West
37,16256;-105,89507;Manassa;CO;Colorado;West
38,14477;-105,87112;Moffat;CO;Colorado;West
37,5516;-106,14851;Monte Vista;CO;Colorado;West
37,64616;-105,6776;Mosca;CO;Colorado;West
37,28675;-107,08333;Pagosa Springs;CO;Colorado;West
38,1035;-106,33858;Saguache;CO;Colorado;West
37,12609;-105,39411;San Luis;CO;Colorado;West
38,55129;-106,08157;Salida;CO;Colorado;West
38,54409;-105,42498;Canon City;CO;Colorado;West
38,36243;-105,14238;Coal Creek;CO;Colorado;West
38,39372;-105,6031;Cotopaxi;CO;Colorado;West
38,87985;-106,90957;Crested Butte;CO;Colorado;West
38,6955;-106,25424;Nathrop;CO;Colorado;West
38,47181;-106,07288;Poncha Springs;CO;Colorado;West
38,26041;-107,17654;Powderhorn;CO;Colorado;West
38,3991;-106,47763;Sargents;CO;Colorado;West
38,10891;-105,42143;Westcliffe;CO;Colorado;West
37,70115;-108,72654;Cahone;CO;Colorado;West
37,64874;-108,27823;Dolores;CO;Colorado;West
37,63734;-109,02911;Dove Creek;CO;Colorado;West
37,89605;-108,72011;Egnar;CO;Colorado;West
37,14635;-108,11525;Hesperus;CO;Colorado;West
37,30054;-108,3101;Mancos;CO;Colorado;West
37,23484;-108,47828;Mesa Verde National Park;CO;Colorado;West
37,69857;-107,99292;Rico;CO;Colorado;West
37,11594;-108,63674;Towaoc;CO;Colorado;West
37,54381;-108,71978;Yellow Jacket;CO;Colorado;West
38,25188;-108,97862;Bedrock;CO;Colorado;West
38,97171;-107,90845;Cedaredge;CO;Colorado;West
38,90479;-108,05687;Eckert;CO;Colorado;West
38,86332;-107,74872;Hotchkiss;CO;Colorado;West
38,32039;-108,70843;Naturita;CO;Colorado;West
38,34098;-108,47346;Nucla;CO;Colorado;West
37,87339;-107,83191;Ophir;CO;Colorado;West
37,99301;-107,64387;Ouray;CO;Colorado;West
38,95928;-107,59899;Paonia;CO;Colorado;West
38,04013;-108,05764;Placerville;CO;Colorado;West
38,13808;-108,51429;Redvale;CO;Colorado;West
37,90014;-107,92397;Telluride;CO;Colorado;West
39,12529;-108,85049;Fruita;CO;Colorado;West
38,66026;-108,93025;Gateway;CO;Colorado;West
38,93803;-108,87362;Glade Park;CO;Colorado;West
39,26984;-108,95075;Mack;CO;Colorado;West
39,59357;-107,32815;Glenwood Springs;CO;Colorado;West
40,29418;-108,82468;Dinosaur;CO;Colorado;West
39,14561;-106,74885;Aspen;CO;Colorado;West
39,21437;-106,94172;Snowmass Village;CO;Colorado;West
39,37803;-106,8772;Basalt;CO;Colorado;West
39,24611;-107,77259;Collbran;CO;Colorado;West
39,45769;-108,54627;De Beque;CO;Colorado;West
39,53722;-108,06022;Parachute;CO;Colorado;West
40,69357;-108,51791;Maybell;CO;Colorado;West
39,11968;-108,15001;Mesa;CO;Colorado;West
39,10875;-107,99199;Molina;CO;Colorado;West
39,95096;-108,78498;Rangely;CO;Colorado;West
39,46433;-106,31954;Red Cliff;CO;Colorado;West
39,75926;-108,11201;Rifle;CO;Colorado;West
39,472;-107,67082;Silt;CO;Colorado;West
39,21462;-107,02597;Snowmass;CO;Colorado;West
39,27948;-106,78711;Woody Creek;CO;Colorado;West
41,14631;-104,86787;Fe Warren Afb;WY;Wyoming;West
41,43517;-104,21477;Albin;WY;Wyoming;West
41,60053;-105,64743;Bosler;WY;Wyoming;West
41,3483;-106,18191;Centennial;WY;Wyoming;West
41,05681;-105,17714;Granite Canon;WY;Wyoming;West
41,43791;-105,15495;Horse Creek;WY;Wyoming;West
40,87554;-105,9889;Jelm;WY;Wyoming;West
41,21404;-105,85037;Laramie;WY;Wyoming;West
41,2632;-104,09359;Pine Bluffs;WY;Wyoming;West
41,72291;-105,99118;Rock River;WY;Wyoming;West
41,04764;-105,52494;Tie Siding;WY;Wyoming;West
44,57439;-110,51807;Yellowstone National Park;WY;Wyoming;West
41,73214;-104,77981;Chugwater;WY;Wyoming;West
42,26126;-104,51995;Fort Laramie;WY;Wyoming;West
42,50216;-105,00672;Glendo;WY;Wyoming;West
41,76223;-104,17504;Hawk Springs;WY;Wyoming;West
42,4973;-104,50627;Jay Em;WY;Wyoming;West
43,16311;-104,64988;Lance Creek;WY;Wyoming;West
42,12035;-104,38503;Lingle;WY;Wyoming;West
42,95428;-104,31385;Lusk;WY;Wyoming;West
42,67694;-104,13886;Van Tassell;WY;Wyoming;West
41,99442;-104,41451;Veteran;WY;Wyoming;West
41,98163;-107,47745;Rawlins;WY;Wyoming;West
42,44566;-107,8775;Jeffrey City;WY;Wyoming;West
41,15921;-107,69697;Baggs;WY;Wyoming;West
42,24643;-107,54816;Bairoil;WY;Wyoming;West
41,64509;-106,43721;Elk Mountain;WY;Wyoming;West
41,1628;-106,7919;Encampment;WY;Wyoming;West
42,09073;-106,09959;Medicine Bow;WY;Wyoming;West
41,06314;-107,3016;Savery;WY;Wyoming;West
41,71046;-108,16368;Wamsutter;WY;Wyoming;West
44,00089;-108,1677;Worland;WY;Wyoming;West
44,92254;-108,46149;Cowley;WY;Wyoming;West
44,88399;-108,60497;Deaver;WY;Wyoming;West
44,49768;-108,37943;Emblem;WY;Wyoming;West
44,98029;-108,58432;Frannie;WY;Wyoming;West
44,51595;-108,02938;Greybull;WY;Wyoming;West
44,29866;-107,59032;Hyattville;WY;Wyoming;West
44,0616;-109,12558;Meeteetse;WY;Wyoming;West
44,58025;-107,60799;Shell;WY;Wyoming;West
43,92096;-107,31087;Ten Sleep;WY;Wyoming;West
43,71794;-108,48023;Thermopolis;WY;Wyoming;West
44,50398;-109,43379;Wapiti;WY;Wyoming;West
43,1639;-109,24974;Crowheart;WY;Wyoming;West
43,01997;-109,01;Fort Washakie;WY;Wyoming;West
43,21485;-108,83195;Kinnear;WY;Wyoming;West
42,65919;-108,63282;Lander;WY;Wyoming;West
43,41253;-108,85636;Pavillion;WY;Wyoming;West
43,0655;-106,34618;Casper;WY;Wyoming;West
42,52434;-107,08132;Alcova;WY;Wyoming;West
43,33432;-107,25595;Arminto;WY;Wyoming;West
42,76679;-105,88228;Glenrock;WY;Wyoming;West
43,0667;-107,25585;Hiland;WY;Wyoming;West
43,73555;-106,6978;Kaycee;WY;Wyoming;West
43,55214;-106,11811;Linch;WY;Wyoming;West
43,2799;-107,65797;Lysite;WY;Wyoming;West
43,43973;-106,27359;Midwest;WY;Wyoming;West
42,96297;-106,79617;Natrona;WY;Wyoming;West
43,14749;-107,04194;Powder River;WY;Wyoming;West
43,27229;-108,04155;Shoshoni;WY;Wyoming;West
44,71488;-104,28465;Aladdin;WY;Wyoming;West
44,5519;-104,68009;Devils Tower;WY;Wyoming;West
44,79324;-104,67241;Hulett;WY;Wyoming;West
44,46199;-104,89808;Moorcroft;WY;Wyoming;West
44,87752;-105,70974;Recluse;WY;Wyoming;West
44,33595;-105,19426;Rozet;WY;Wyoming;West
44,36384;-104,38734;Sundance;WY;Wyoming;West
44,61601;-107,12966;Big Horn;WY;Wyoming;West
44,72549;-106,28169;Leiter;WY;Wyoming;West
44,92887;-107,15762;Ranchester;WY;Wyoming;West
44,80405;-107,19965;Wolf;WY;Wyoming;West
44,76416;-106,70382;Wyarno;WY;Wyoming;West
43,23123;-109,89386;Cora;WY;Wyoming;West
41,54765;-109,87134;Little America;WY;Wyoming;West
42,1219;-109,38993;Farson;WY;Wyoming;West
41,2686;-110,45446;Fort Bridger;WY;Wyoming;West
41,67746;-109,66001;Green River;WY;Wyoming;West
41,05725;-110,18239;Lonetree;WY;Wyoming;West
41,09622;-109,73764;McKinnon;WY;Wyoming;West
42,99919;-109,90869;Pinedale;WY;Wyoming;West
41,12199;-110,49746;Robertson;WY;Wyoming;West
43,7073;-110,75036;Moose;WY;Wyoming;West
43,59371;-110,82814;Teton Village;WY;Wyoming;West
41,97455;-110,5468;Kemmerer;WY;Wyoming;West
42,55189;-110,25204;Big Piney;WY;Wyoming;West
42,09736;-110,956;Cokeville;WY;Wyoming;West
42,92003;-110,24036;Daniel;WY;Wyoming;West
41,76333;-110,54415;Diamondville;WY;Wyoming;West
41,84982;-110,54023;Frontier;WY;Wyoming;West
42,23985;-110,25947;La Barge;WY;Wyoming;West
41,75002;-110,20865;Opal;WY;Wyoming;West
42,91815;-110,99756;Thayne;WY;Wyoming;West
42,88949;-112,38324;Pocatello;ID;Idaho;West
43,0252;-112,42813;Fort Hall;ID;Idaho;West
42,66257;-113,06186;American Falls;ID;Idaho;West
42,50847;-112,54828;Arbon;ID;Idaho;West
42,54495;-112,29362;Arimo;ID;Idaho;West
43,44314;-112,81239;Atomic City;ID;Idaho;West
43,30874;-112,53217;Blackfoot;ID;Idaho;West
44,40775;-114,06951;Challis;ID;Idaho;West
42,15664;-111,25256;Dingle;ID;Idaho;West
42,41661;-112,09482;Downey;ID;Idaho;West
42,82286;-112,21713;Inkom;ID;Idaho;West
42,60616;-112,03051;Lava Hot Springs;ID;Idaho;West
42,67228;-112,20865;Mccammon;ID;Idaho;West
43,90738;-113,86425;Mackay;ID;Idaho;West
42,18979;-112,38411;Malad City;ID;Idaho;West
43,35049;-112,09904;Shelley;ID;Idaho;West
42,75942;-111,44451;Soda Springs;ID;Idaho;West
42,35709;-111,66445;Thatcher;ID;Idaho;West
43,061;-111,37199;Wayan;ID;Idaho;West
42,03671;-111,45894;Fish Haven;ID;Idaho;West
42,39472;-114,52203;Twin Falls;ID;Idaho;West
42,10012;-114,82857;Rogerson;ID;Idaho;West
42,43434;-113,82007;Burley;ID;Idaho;West
42,35955;-114,86312;Castleford;ID;Idaho;West
43,31475;-114,96811;Corral;ID;Idaho;West
42,46902;-113,4081;Declo;ID;Idaho;West
42,87725;-114,2615;Dietrich;ID;Idaho;West
42,56962;-114,61665;Filer;ID;Idaho;West
42,94207;-114,69291;Gooding;ID;Idaho;West
42,79758;-114,92962;Hagerman;ID;Idaho;West
43,57589;-114,2214;Hailey;ID;Idaho;West
42,4243;-114,29126;Hansen;ID;Idaho;West
42,5626;-113,81699;Heyburn;ID;Idaho;West
42,40437;-114,11768;Murtaugh;ID;Idaho;West
42,73812;-113,87705;Paul;ID;Idaho;West
43,28489;-114,10592;Picabo;ID;Idaho;West
43,05133;-114,40584;Shoshone;ID;Idaho;West
43,68625;-114,33354;Sun Valley;ID;Idaho;West
43,53222;-111,86516;Idaho Falls;ID;Idaho;West
43,70463;-111,23914;Driggs;ID;Idaho;West
44,49284;-111,31788;Macks Inn;ID;Idaho;West
43,75636;-112,00758;Menan;ID;Idaho;West
43,98469;-112,58043;Monteview;ID;Idaho;West
43,8588;-111,46665;Newdale;ID;Idaho;West
43,81092;-111,80779;Rexburg;ID;Idaho;West
43,62931;-111,82507;Rigby;ID;Idaho;West
43,50942;-111,56155;Ririe;ID;Idaho;West
43,42487;-111,35966;Swan Valley;ID;Idaho;West
43,8463;-112,41356;Terreton;ID;Idaho;West
43,86595;-111,63489;Teton;ID;Idaho;West
43,83619;-111,21239;Tetonia;ID;Idaho;West
43,5946;-111,95698;Ucon;ID;Idaho;West
45,5706;-113,97716;Gibbsonville;ID;Idaho;West
44,48105;-113,20271;Leadore;ID;Idaho;West
44,77581;-113,69949;Lemhi;ID;Idaho;West
45,44184;-114,05549;North Fork;ID;Idaho;West
45,02006;-113,89828;Salmon;ID;Idaho;West
44,92444;-113,61293;Tendoy;ID;Idaho;West
45,1127;-114,47772;Shoup;ID;Idaho;West
46,53936;-116,32366;Ahsahka;ID;Idaho;West
46,22939;-116,47224;Craigmont;ID;Idaho;West
46,3586;-116,65439;Culdesac;ID;Idaho;West
45,91516;-116,02117;Grangeville;ID;Idaho;West
46,11707;-116,24063;Greencreek;ID;Idaho;West
46,54011;-116,72599;Juliaetta;ID;Idaho;West
46,21794;-116,02665;Kamiah;ID;Idaho;West
46,62877;-116,52348;Kendrick;ID;Idaho;West
46,20361;-114,93684;Kooskia;ID;Idaho;West
46,34649;-116,78273;Lapwai;ID;Idaho;West
45,55291;-116,3115;Lucile;ID;Idaho;West
46,27358;-116,23815;Nezperce;ID;Idaho;West
46,49365;-116,1525;Orofino;ID;Idaho;West
46,34878;-116,50843;Reubens;ID;Idaho;West
45,36641;-116,2549;Riggins;ID;Idaho;West
45,9777;-115,93948;Stites;ID;Idaho;West
46,38365;-115,9038;Weippe;ID;Idaho;West
45,68522;-116,29936;White Bird;ID;Idaho;West
42,52727;-115,84966;Bruneau;ID;Idaho;West
44,1065;-115,88953;Garden Valley;ID;Idaho;West
43,04932;-115,39485;Glenns Ferry;ID;Idaho;West
42,91336;-115,53238;Hammett;ID;Idaho;West
43,57934;-116,96975;Homedale;ID;Idaho;West
43,88543;-115,77369;Idaho City;ID;Idaho;West
43,0297;-115,21253;King Hill;ID;Idaho;West
43,44824;-116,33287;Kuna;ID;Idaho;West
43,90832;-116,66097;Letha;ID;Idaho;West
45,1504;-115,82001;Mccall;ID;Idaho;West
43,36878;-116,92472;Marsing;ID;Idaho;West
43,35079;-116,6357;Melba;ID;Idaho;West
43,04962;-115,86554;Mountain Home Afb;ID;Idaho;West
43,58438;-116,62884;Nampa;ID;Idaho;West
45,13647;-116,39626;New Meadows;ID;Idaho;West
43,7255;-116,79852;Notus;ID;Idaho;West
44,10617;-116,69337;Payette;ID;Idaho;West
44,0189;-116,30793;Sweet;ID;Idaho;West
44,38095;-116,97188;Weiser;ID;Idaho;West
45,03763;-115,38691;Yellow Pine;ID;Idaho;West
43,66821;-116,16493;Boise;ID;Idaho;West
48,02261;-116,39878;Bayview;ID;Idaho;West
48,83203;-116,49248;Bonners Ferry;ID;Idaho;West
46,88243;-116,37038;Bovill;ID;Idaho;West
47,31276;-116,07659;Calder;ID;Idaho;West
48,06234;-116,58116;Careywood;ID;Idaho;West
47,54326;-116,45525;Cataldo;ID;Idaho;West
48,11296;-116,15574;Clark Fork;ID;Idaho;West
47,00311;-116,28295;Clarkia;ID;Idaho;West
48,10462;-116,63734;Cocolalla;ID;Idaho;West
47,63717;-116,75811;Coeur D Alene;ID;Idaho;West
48,59365;-116,8367;Coolin;ID;Idaho;West
46,80554;-116,51934;Deary;ID;Idaho;West
47,10638;-116,93901;Desmet;ID;Idaho;West
48,31263;-116,51506;Kootenai;ID;Idaho;West
47,44046;-116,55056;Medimont;ID;Idaho;West
48,74854;-116,11302;Moyie Springs;ID;Idaho;West
47,47308;-115,75009;Mullan;ID;Idaho;West
48,7067;-116,92766;Nordman;ID;Idaho;West
47,51723;-115,99531;Osburn;ID;Idaho;West
48,31105;-116,53933;Ponderay;ID;Idaho;West
47,7267;-116,97511;Post Falls;ID;Idaho;West
46,97188;-116,92464;Potlatch;ID;Idaho;West
48,34228;-116,91058;Priest River;ID;Idaho;West
47,85245;-116,90173;Rathdrum;ID;Idaho;West
48,19234;-116,52918;Sagle;ID;Idaho;West
47,2488;-116,57821;Saint Maries;ID;Idaho;West
48,43432;-116,50559;Sandpoint;ID;Idaho;West
47,14286;-116,43995;Santa;ID;Idaho;West
47,52441;-116,18439;Smelterville;ID;Idaho;West
47,13862;-116,85372;Tensed;ID;Idaho;West
47,44842;-116,93161;Worley;ID;Idaho;West
40,42467;-110,27784;Altonah;UT;Utah;West
40,46629;-111,69334;American Fork;UT;Utah;West
40,32277;-111,99942;Eagle Mountain;UT;Utah;West
40,59682;-112,12373;Bingham Canyon;UT;Utah;West
40,34115;-110,21717;Bluebell;UT;Utah;West
40,03341;-109,19376;Bonanza;UT;Utah;West
40,55221;-112,05362;South Jordan;UT;Utah;West
40,87433;-111,83042;Bountiful;UT;Utah;West
40,2958;-112,0913;Cedar Valley;UT;Utah;West
40,9549;-111,20582;Coalville;UT;Utah;West
40,10998;-110,51593;Duchesne;UT;Utah;West
40,17921;-112,81371;Dugway;UT;Utah;West
40,83781;-109,20665;Dutch John;UT;Utah;West
40,29122;-109,83882;Fort Duchesne;UT;Utah;West
40,35839;-111,188;Heber City;UT;Utah;West
40,98002;-111,49148;Henefer;UT;Utah;West
39,99427;-113,9575;Ibapah;UT;Utah;West
40,39024;-109,28208;Jensen;UT;Utah;West
40,66022;-111,1093;Kamas;UT;Utah;West
40,99281;-111,91444;Kaysville;UT;Utah;West
41,87926;-111,29692;Laketown;UT;Utah;West
40,44602;-109,80972;Lapoint;UT;Utah;West
40,41209;-111,87377;Lehi;UT;Utah;West
40,73;-112,1474;Magna;UT;Utah;West
40,16829;-109,99089;Myton;UT;Utah;West
40,84078;-111,91754;North Salt Lake;UT;Utah;West
41,12679;-111,99084;Hill Air Force Base;UT;Utah;West
40,31427;-111,70948;Orem;UT;Utah;West
40,30353;-111,74853;Vineyard;UT;Utah;West
40,74721;-111,3417;Peoa;UT;Utah;West
40,36521;-112,48548;Rush Valley;UT;Utah;West
40,57707;-111,88916;Sandy;UT;Utah;West
40,3641;-110,633;Tabiona;UT;Utah;West
40,57379;-112,29914;Tooele;UT;Utah;West
40,44718;-109,84017;Tridell;UT;Utah;West
40,46403;-109,5084;Vernal;UT;Utah;West
40,60275;-112,03821;West Jordan;UT;Utah;West
40,3404;-111,36184;Wallsburg;UT;Utah;West
40,58609;-109,92642;Whiterocks;UT;Utah;West
40,8891;-111,92898;Woods Cross;UT;Utah;West
40,50539;-112,08546;Herriman;UT;Utah;West
40,75628;-111,89996;Salt Lake City;UT;Utah;West
40,70289;-111,94591;West Valley City;UT;Utah;West
41,61368;-112,12723;Bear River City;UT;Utah;West
41,57956;-112,04769;Brigham City;UT;Utah;West
41,82722;-111,99867;Cache Junction;UT;Utah;West
41,82012;-112,1106;Fielding;UT;Utah;West
41,34615;-113,71268;Grouse Creek;UT;Utah;West
41,64929;-112,09292;Honeyville;UT;Utah;West
41,59401;-111,659;Hyrum;UT;Utah;West
41,79229;-113,47079;Park Valley;UT;Utah;West
41,87159;-112,74697;Snowville;UT;Utah;West
41,69223;-112,28486;Tremonton;UT;Utah;West
37,52687;-109,42054;Blanding;UT;Utah;West
37,16255;-109,55921;Bluff;UT;Utah;West
39,24932;-111,00912;Castle Dale;UT;Utah;West
39,53392;-110,41949;East Carbon;UT;Utah;West
39,0946;-111,2014;Ferron;UT;Utah;West
39,72395;-111,04571;Helper;UT;Utah;West
38,23736;-109,40846;La Sal;UT;Utah;West
37,0683;-109,86371;Mexican Hat;UT;Utah;West
38,53898;-109,45916;Moab;UT;Utah;West
37,40827;-110,56844;Lake Powell;UT;Utah;West
37,21283;-109,26826;Montezuma Creek;UT;Utah;West
37,14017;-110,23104;Monument Valley;UT;Utah;West
40,22593;-111,6955;Provo;UT;Utah;West
39,09816;-111,81353;Centerfield;UT;Utah;West
39,64498;-111,64649;Fountain Green;UT;Utah;West
38,72183;-112,48706;Kanosh;UT;Utah;West
39,50192;-112,25773;Leamington;UT;Utah;West
39,51071;-111,90225;Levan;UT;Utah;West
39,47622;-112,39942;Lynndyl;UT;Utah;West
39,20135;-111,60893;Manti;UT;Utah;West
39,85159;-111,83946;Mona;UT;Utah;West
39,54565;-111,61121;Moroni;UT;Utah;West
39,68659;-111,86819;Nephi;UT;Utah;West
39,01706;-111,8785;Redmond;UT;Utah;West
39,97427;-111,80716;Santaquin;UT;Utah;West
38,81817;-111,94022;Sigurd;UT;Utah;West
40,00724;-111,4268;Spanish Fork;UT;Utah;West
38,71294;-112,0606;Annabella;UT;Utah;West
38,14076;-111,97783;Antimony;UT;Utah;West
37,84815;-113,75547;Beryl;UT;Utah;West
37,57954;-112,08306;Cannonville;UT;Utah;West
37,65532;-112,76974;Brian Head;UT;Utah;West
37,55477;-113,25665;Cedar City;UT;Utah;West
38,67417;-112,15015;Elsinore;UT;Utah;West
37,7514;-111,57911;Escalante;UT;Utah;West
38,36353;-110,5658;Hanksville;UT;Utah;West
37,64627;-112,44997;Hatch;UT;Utah;West
37,63732;-111,7938;Henrieville;UT;Utah;West
37,20987;-113,70888;Ivins;UT;Utah;West
38,64204;-112,22299;Joseph;UT;Utah;West
37,19749;-112,25533;Kanab;UT;Utah;West
37,52102;-113,14592;Kanarraville;UT;Utah;West
38,64207;-111,93627;Koosharem;UT;Utah;West
37,20838;-113,26266;La Verkin;UT;Utah;West
38,44628;-111,63773;Loa;UT;Utah;West
38,44205;-112,1947;Marysvale;UT;Utah;West
37,27041;-112,68529;Orderville;UT;Utah;West
37,92238;-112,38423;Panguitch;UT;Utah;West
37,96299;-112,68551;Paragonah;UT;Utah;West
37,84603;-112,87124;Parowan;UT;Utah;West
37,46882;-112,72644;Duck Creek Village;UT;Utah;West
37,72035;-112,06689;Bryce;UT;Utah;West
37,31012;-113,92535;Santa Clara;UT;Utah;West
38,59762;-112,33567;Sevier;UT;Utah;West
38,24958;-111,47045;Teasdale;UT;Utah;West
37,24324;-113,28089;Toquerville;UT;Utah;West
38,28881;-111,04073;Torrey;UT;Utah;West
37,62956;-112,08217;Tropic;UT;Utah;West
37,33381;-113,11869;Virgin;UT;Utah;West
37,35939;-113,67522;Veyo;UT;Utah;West
37,28556;-113,65639;Dammeron Valley;UT;Utah;West
37,01858;-112,96941;Hildale;UT;Utah;West
33,3737;-111,36545;Gold Canyon;AZ;Arizona;West
33,38682;-111,50824;Apache Junction;AZ;Arizona;West
33,13751;-111,91316;Bapchule;AZ;Arizona;West
32,91672;-111,74798;Casa Grande;AZ;Arizona;West
32,70917;-111,6802;Arizona City;AZ;Arizona;West
32,65542;-111,57649;Eloy;AZ;Arizona;West
33,0151;-111,98681;Maricopa;AZ;Arizona;West
33,24805;-111,48921;San Tan Valley;AZ;Arizona;West
32,64707;-111,42792;Picacho;AZ;Arizona;West
33,19302;-111,66645;Queen Creek;AZ;Arizona;West
33,09454;-111,7209;Sacaton;AZ;Arizona;West
32,98498;-111,44686;Valley Farms;AZ;Arizona;West
32,96134;-110,66501;Winkelman;AZ;Arizona;West
33,32301;-111,71951;Higley;AZ;Arizona;West
33,52986;-111,88991;Scottsdale;AZ;Arizona;West
33,54479;-111,95873;Paradise Valley;AZ;Arizona;West
33,90026;-111,62412;Rio Verde;AZ;Arizona;West
33,69996;-111,50123;Fort Mcdowell;AZ;Arizona;West
33,60717;-111,73999;Fountain Hills;AZ;Arizona;West
33,42805;-111,93157;Tempe;AZ;Arizona;West
33,53556;-112,37637;Luke Air Force Base;AZ;Arizona;West
33,83563;-113,23214;Aguila;AZ;Arizona;West
32,30062;-112,63169;Ajo;AZ;Arizona;West
34,10456;-112,07094;Black Canyon City;AZ;Arizona;West
33,98328;-113,84323;Bouse;AZ;Arizona;West
33,22795;-114,63413;Cibola;AZ;Arizona;West
33,88685;-111,94276;Cave Creek;AZ;Arizona;West
34,19209;-112,89444;Congress;AZ;Arizona;West
32,97896;-113,30714;Dateland;AZ;Arizona;West
33,60535;-114,4075;Ehrenberg;AZ;Arizona;West
33,58721;-112,32836;El Mirage;AZ;Arizona;West
32,97553;-112,866;Gila Bend;AZ;Arizona;West
33,37252;-112,40826;Goodyear;AZ;Arizona;West
33,23985;-112,14322;Laveen;AZ;Arizona;West
33,5179;-112,42361;Litchfield Park;AZ;Arizona;West
31,9726;-112,71943;Lukeville;AZ;Arizona;West
33,33774;-112,69087;Palo Verde;AZ;Arizona;West
33,60992;-114,15835;Quartzsite;AZ;Arizona;West
32,78612;-113,80633;Roll;AZ;Arizona;West
33,69914;-113,66372;Salome;AZ;Arizona;West
32,56651;-114,70896;Somerton;AZ;Arizona;West
32,69118;-113,8963;Tacna;AZ;Arizona;West
33,41721;-112,27283;Tolleson;AZ;Arizona;West
33,40735;-113,06637;Tonopah;AZ;Arizona;West
33,57519;-112,45374;Waddell;AZ;Arizona;West
32,68933;-114,1852;Wellton;AZ;Arizona;West
34,02498;-113,49055;Wenden;AZ;Arizona;West
34,54833;-113,57275;Wikieup;AZ;Arizona;West
33,76617;-112,63093;Wittmann;AZ;Arizona;West
34,28558;-112,84337;Yarnell;AZ;Arizona;West
33,58458;-112,30489;Youngtown;AZ;Arizona;West
33,96732;-114,39005;Poston;AZ;Arizona;West
33,6716;-112,3565;Sun City West;AZ;Arizona;West
33,82376;-111,91515;Carefree;AZ;Arizona;West
33,92391;-112,86739;Wickenburg;AZ;Arizona;West
33,54569;-110,74788;Globe;AZ;Arizona;West
33,09361;-110,23109;Bylas;AZ;Arizona;West
33,28633;-110,30145;Peridot;AZ;Arizona;West
32,9593;-109,90123;Pima;AZ;Arizona;West
33,54833;-110,51244;San Carlos;AZ;Arizona;West
33,79932;-111,22438;Tonto Basin;AZ;Arizona;West
33,99679;-110,97834;Young;AZ;Arizona;West
31,58453;-111,33359;Arivaca;AZ;Arizona;West
32,01521;-109,93326;Cochise;AZ;Arizona;West
32,06867;-110,09714;Dragoon;AZ;Arizona;West
31,73144;-109,65957;Elfrida;AZ;Arizona;West
31,55393;-110,38305;Fort Huachuca;AZ;Arizona;West
31,70768;-110,32184;Huachuca City;AZ;Arizona;West
31,55767;-109,71548;McNeal;AZ;Arizona;West
32,39574;-110,73663;Mount Lemmon;AZ;Arizona;West
31,33835;-109,9431;Naco;AZ;Arizona;West
31,42345;-111,03764;Nogales;AZ;Arizona;West
32,65407;-110,78447;Oracle;AZ;Arizona;West
31,51768;-110,71039;Patagonia;AZ;Arizona;West
31,88021;-109,66692;Pearce;AZ;Arizona;West
31,35932;-109,56827;Pirtleville;AZ;Arizona;West
32,00707;-110,24695;Pomerene;AZ;Arizona;West
31,91413;-111,01334;Sahuarita;AZ;Arizona;West
32,58133;-110,5627;San Manuel;AZ;Arizona;West
32,05855;-109,18305;San Simon;AZ;Arizona;West
31,60632;-111,52827;Sasabe;AZ;Arizona;West
32,02817;-112,03296;Sells;AZ;Arizona;West
31,55322;-110,17304;Sierra Vista;AZ;Arizona;West
31,72108;-110,69258;Sonoita;AZ;Arizona;West
31,68588;-110,05887;Tombstone;AZ;Arizona;West
31,77175;-111,68228;Topawa;AZ;Arizona;West
31,56755;-111,04473;Tumacacori;AZ;Arizona;West
32,43757;-109,98521;Willcox;AZ;Arizona;West
31,69497;-111,14655;Amado;AZ;Arizona;West
31,62009;-111,05192;Tubac;AZ;Arizona;West
31,51262;-111,00807;Rio Rico;AZ;Arizona;West
32,38979;-111,37908;Marana;AZ;Arizona;West
32,41529;-111,15467;Rillito;AZ;Arizona;West
32,21702;-110,97138;Tucson;AZ;Arizona;West
34,29348;-109,99878;Show Low;AZ;Arizona;West
34,14844;-110,4588;Cibecue;AZ;Arizona;West
34,41962;-109,91624;White Mountain Lake;AZ;Arizona;West
33,49535;-109,18864;Blue;AZ;Arizona;West
34,32313;-110,34036;Clay Springs;AZ;Arizona;West
34,0162;-109,3557;Eagar;AZ;Arizona;West
33,77507;-109,9788;Fort Apache;AZ;Arizona;West
34,52276;-110,5506;Heber;AZ;Arizona;West
34,02744;-109,77141;Mcnary;AZ;Arizona;West
34,45238;-110,87003;Forest Lakes;AZ;Arizona;West
33,95958;-109,1943;Nutrioso;AZ;Arizona;West
34,36089;-110,50955;Overgaard;AZ;Arizona;West
34,14166;-109,90453;Pinetop;AZ;Arizona;West
34,56927;-110,01285;Snowflake;AZ;Arizona;West
34,17814;-109,40089;Springerville;AZ;Arizona;West
33,88756;-110,0648;Whiteriver;AZ;Arizona;West
35,35119;-111,75607;Flagstaff;AZ;Arizona;West
35,22408;-111,80972;Bellemont;AZ;Arizona;West
35,74486;-111,6373;Gray Mountain;AZ;Arizona;West
34,91938;-111,66077;Munds Park;AZ;Arizona;West
36,13498;-112,23438;Grand Canyon;AZ;Arizona;West
34,68509;-111,20244;Happy Jack;AZ;Arizona;West
35,02873;-109,81056;Petrified Forest Natl Pk;AZ;Arizona;West
35,87005;-110,80709;Hotevilla;AZ;Arizona;West
35,3534;-110,0647;Indian Wells;AZ;Arizona;West
35,04288;-110,32234;Joseph City;AZ;Arizona;West
36,67692;-110,25536;Kayenta;AZ;Arizona;West
35,77145;-110,138;Keams Canyon;AZ;Arizona;West
35,39631;-111,02806;Leupp;AZ;Arizona;West
36,72434;-111,82083;Marble Canyon;AZ;Arizona;West
34,9018;-111,49161;Mormon Lake;AZ;Arizona;West
35,98813;-110,56688;Kykotsmovi Village;AZ;Arizona;West
35,86498;-110,38447;Polacca;AZ;Arizona;West
35,81049;-110,52904;Second Mesa;AZ;Arizona;West
36,75137;-110,82626;Tonalea;AZ;Arizona;West
36,14775;-111,13344;Tuba City;AZ;Arizona;West
36,29112;-112,12543;North Rim;AZ;Arizona;West
36,75699;-111,05597;Kaibeto;AZ;Arizona;West
36,67546;-110,61259;Shonto;AZ;Arizona;West
34,59823;-112,33079;Prescott Valley;AZ;Arizona;West
35,36745;-112,63995;Ash Fork;AZ;Arizona;West
34,47486;-111,80587;Camp Verde;AZ;Arizona;West
34,76606;-112,40424;Chino Valley;AZ;Arizona;West
34,73347;-111,89884;Cornville;AZ;Arizona;West
34,94847;-112,53946;Paulden;AZ;Arizona;West
34,65216;-111,68044;Rimrock;AZ;Arizona;West
34,8902;-111,85157;Sedona;AZ;Arizona;West
34,57306;-112,75756;Skull Valley;AZ;Arizona;West
34,17937;-112,31236;Crown King;AZ;Arizona;West
34,47703;-114,34423;Lake Havasu City;AZ;Arizona;West
35,0134;-114,54968;Fort Mohave;AZ;Arizona;West
35,28769;-114,51261;Bullhead City;AZ;Arizona;West
35,42521;-114,24738;Chloride;AZ;Arizona;West
34,92862;-114,35853;Oatman;AZ;Arizona;West
35,65959;-113,58538;Peach Springs;AZ;Arizona;West
36,00915;-112,94567;Supai;AZ;Arizona;West
34,73914;-114,42273;Topock;AZ;Arizona;West
34,68595;-113,98175;Yucca;AZ;Arizona;West
34,88855;-114,54071;Mohave Valley;AZ;Arizona;West
35,56205;-114,30384;Dolan Springs;AZ;Arizona;West
35,97186;-114,46386;Temple Bar Marina;AZ;Arizona;West
35,90199;-114,05969;Meadview;AZ;Arizona;West
35,70747;-114,53764;Willow Beach;AZ;Arizona;West
36,20258;-109,68224;Chinle;AZ;Arizona;West
35,35206;-109,25868;Houck;AZ;Arizona;West
36,41985;-109,28019;Lukachukai;AZ;Arizona;West
36,23061;-110,27182;Pinon;AZ;Arizona;West
36,90487;-109,32028;Teec Nos Pos;AZ;Arizona;West
35,70301;-108,99057;Window Rock;AZ;Arizona;West
36,05891;-109,95208;Blue Gap;AZ;Arizona;West
36,82372;-109,86199;Dennehotso;AZ;Arizona;West
36,43323;-109,63752;Many Farms;AZ;Arizona;West
35,93953;-109,44886;Nazlini;AZ;Arizona;West
36,58162;-109,13818;Red Valley;AZ;Arizona;West
36,71125;-109,58943;Rock Point;AZ;Arizona;West
36,24093;-109,21631;Tsaile;AZ;Arizona;West
35,41231;-106,37944;Algodones;NM;New Mexico;West
34,63619;-106,82517;Belen;NM;New Mexico;West
35,38555;-106,58493;Bernalillo;NM;New Mexico;West
35,25669;-107,98867;Bluewater;NM;New Mexico;West
34,48616;-106,84202;Bosque;NM;New Mexico;West
34,96582;-107,46717;Casa Blanca;NM;New Mexico;West
35,14779;-106,39133;Cedar Crest;NM;New Mexico;West
35,40517;-106,13493;Cerrillos;NM;New Mexico;West
34,08236;-105,97225;Claunch;NM;New Mexico;West
36,13341;-106,67312;Coyote;NM;New Mexico;West
35,1372;-107,45315;Cubero;NM;New Mexico;West
34,75117;-106,01074;Estancia;NM;New Mexico;West
36,30624;-106,73759;Gallina;NM;New Mexico;West
36,11644;-107,51745;Counselor;NM;New Mexico;West
35,0589;-107,92797;Grants;NM;New Mexico;West
34,90986;-106,69501;Isleta;NM;New Mexico;West
34,59583;-106,7633;Jarales;NM;New Mexico;West
35,6765;-106,75031;Jemez Pueblo;NM;New Mexico;West
35,84308;-106,61862;Jemez Springs;NM;New Mexico;West
34,97119;-107,17556;Laguna;NM;New Mexico;West
36,39394;-107,03949;Lindrith;NM;New Mexico;West
34,78007;-106,72649;Los Lunas;NM;New Mexico;West
34,91939;-107,6559;Pueblo Of Acoma;NM;New Mexico;West
34,95116;-105,90273;Moriarty;NM;New Mexico;West
34,35591;-106,24227;Mountainair;NM;New Mexico;West
36,18392;-107,78087;Nageezi;NM;New Mexico;West
35,0944;-107,43259;New Laguna;NM;New Mexico;West
35,14192;-107,39887;Paguate;NM;New Mexico;West
35,60202;-106,31054;Pena Blanca;NM;New Mexico;West
34,82827;-106,68619;Peralta;NM;New Mexico;West
35,28978;-106,44418;Placitas;NM;New Mexico;West
35,71254;-106,65652;Ponderosa;NM;New Mexico;West
35,40018;-108,00182;Prewitt;NM;New Mexico;West
35,24866;-106,27629;Sandia Park;NM;New Mexico;West
35,23624;-106,61977;Corrales;NM;New Mexico;West
35,11699;-107,61026;San Fidel;NM;New Mexico;West
35,06188;-107,85426;San Rafael;NM;New Mexico;West
35,52867;-106,36935;Santo Domingo Pueblo;NM;New Mexico;West
35,57537;-106,87832;San Ysidro;NM;New Mexico;West
34,99647;-106,29764;Tijeras;NM;New Mexico;West
34,74292;-106,73571;Tome;NM;New Mexico;West
34,705;-106,38145;Torreon;NM;New Mexico;West
34,46187;-106,69719;Veguita;NM;New Mexico;West
34,90354;-106,64321;Bosque Farms;NM;New Mexico;West
35,02255;-105,74037;Clines Corners;NM;New Mexico;West
35,60828;-106,3955;Cochiti Pueblo;NM;New Mexico;West
35,64496;-106,36366;Cochiti Lake;NM;New Mexico;West
35,09669;-106,64339;Albuquerque;NM;New Mexico;West
34,99486;-106,51697;Kirtland Afb;NM;New Mexico;West
35,27144;-106,79627;Rio Rancho;NM;New Mexico;West
35,52153;-108,76524;Gallup;NM;New Mexico;West
35,75365;-108,60267;Brimhall;NM;New Mexico;West
35,60501;-108,50061;Church Rock;NM;New Mexico;West
35,4291;-108,34543;Continental Divide;NM;New Mexico;West
35,79538;-108,22129;Crownpoint;NM;New Mexico;West
34,66247;-108,55075;Fence Lake;NM;New Mexico;West
35,48684;-108,53328;Fort Wingate;NM;New Mexico;West
35,58024;-108,75244;Gamerco;NM;New Mexico;West
35,4769;-108,94232;Mentmore;NM;New Mexico;West
35,80762;-108,87136;Mexican Springs;NM;New Mexico;West
35,45214;-108,17531;Thoreau;NM;New Mexico;West
35,97495;-108,58746;Tohatchi;NM;New Mexico;West
35,27223;-108,88765;Vanderwagen;NM;New Mexico;West
36,02541;-109,03638;Navajo;NM;New Mexico;West
34,82644;-108,41435;Pinehill;NM;New Mexico;West
36,13538;-108,70875;Sheep Springs;NM;New Mexico;West
35,53585;-108,13796;Smith Lake;NM;New Mexico;West
35,66114;-108,79477;Yatahey;NM;New Mexico;West
36,86708;-107,89433;Aztec;NM;New Mexico;West
36,82823;-108,10125;Flora Vista;NM;New Mexico;West
36,74456;-108,34551;Kirtland;NM;New Mexico;West
36,88767;-107,55195;Navajo Dam;NM;New Mexico;West
36,72142;-108,84406;Shiprock;NM;New Mexico;West
36,7772;-108,53676;Waterflow;NM;New Mexico;West
36,43717;-108,91099;Sanostee;NM;New Mexico;West
36,35906;-106,48312;Abiquiu;NM;New Mexico;West
36,08905;-105,96448;Alcalde;NM;New Mexico;West
36,90885;-105,36515;Amalia;NM;New Mexico;West
36,58367;-105,70121;Arroyo Hondo;NM;New Mexico;West
36,52957;-105,60055;Arroyo Seco;NM;New Mexico;West
36,56257;-106,3696;Canjilon;NM;New Mexico;West
36,18116;-106,46149;Canones;NM;New Mexico;West
36,51197;-106,54235;Cebolla;NM;New Mexico;West
36,76472;-105,63502;Cerro;NM;New Mexico;West
36,08506;-105,70477;Chamisal;NM;New Mexico;West
35,96889;-105,84639;Chimayo;NM;New Mexico;West
36,96986;-105,5375;Costilla;NM;New Mexico;West
36,5985;-105,49812;Taos Ski Valley;NM;New Mexico;West
36,79432;-106,87989;Dulce;NM;New Mexico;West
36,45001;-105,66147;El Prado;NM;New Mexico;West
36,34088;-106,20198;El Rito;NM;New Mexico;West
36,25326;-105,84584;Embudo;NM;New Mexico;West
35,97965;-106,1048;Espanola;NM;New Mexico;West
35,56675;-105,74719;Glorieta;NM;New Mexico;West
36,1043;-106,2454;Hernandez;NM;New Mexico;West
35,49323;-105,53767;Ilfeld;NM;New Mexico;West
36,41192;-106,02393;La Madera;NM;New Mexico;West
35,39987;-105,8759;Lamy;NM;New Mexico;West
35,7869;-106,31914;Los Alamos;NM;New Mexico;West
36,1756;-106,18491;Medanales;NM;New Mexico;West
36,23237;-106,0568;Ojo Caliente;NM;New Mexico;West
36,6925;-106,66872;Los Ojos;NM;New Mexico;West
36,20389;-105,72094;Penasco;NM;New Mexico;West
36,54573;-106,0633;Petaca;NM;New Mexico;West
36,81848;-105,5575;Questa;NM;New Mexico;West
36,28603;-105,6331;Ranchos De Taos;NM;New Mexico;West
36,67279;-105,40523;Red River;NM;New Mexico;West
35,22567;-105,50185;Ribera;NM;New Mexico;West
36,61566;-105,61797;San Cristobal;NM;New Mexico;West
36,07242;-106,07185;Ohkay Owingeh;NM;New Mexico;West
35,99401;-106,01872;Santa Cruz;NM;New Mexico;West
35,35026;-105,30509;Serafina;NM;New Mexico;West
36,42507;-105,48523;Taos;NM;New Mexico;West
35,77176;-105,70715;Tererro;NM;New Mexico;West
36,64203;-106,59341;Tierra Amarilla;NM;New Mexico;West
36,63237;-105,97755;Tres Piedras;NM;New Mexico;West
36,04392;-105,78539;Truchas;NM;New Mexico;West
36,12885;-105,56729;Vadito;NM;New Mexico;West
36,55956;-105,57459;Valdez;NM;New Mexico;West
36,51531;-106,16017;Vallecitos;NM;New Mexico;West
36,15323;-106,00246;Velarde;NM;New Mexico;West
35,28221;-105,35226;Villanueva;NM;New Mexico;West
35,53091;-104,94419;Las Vegas;NM;New Mexico;West
36,3729;-105,23873;Angel Fire;NM;New Mexico;West
35,22458;-105,14673;Anton Chico;NM;New Mexico;West
36,1708;-105,36111;Chacon;NM;New Mexico;West
36,59931;-105,24097;Eagle Nest;NM;New Mexico;West
36,12837;-105,24424;Guadalupita;NM;New Mexico;West
36,05883;-105,37556;Holman;NM;New Mexico;West
35,16044;-104,97133;La Loma;NM;New Mexico;West
35,77075;-103,82959;Mosquero;NM;New Mexico;West
36,17323;-105,09363;Ocate;NM;New Mexico;West
36,04867;-105,11978;Ojo Feliz;NM;New Mexico;West
36,76707;-104,37953;Raton;NM;New Mexico;West
35,87161;-105,44427;Rociada;NM;New Mexico;West
35,7877;-105,26635;Sapello;NM;New Mexico;West
35,66271;-104,12715;Solano;NM;New Mexico;West
36,57827;-105,13028;Ute Park;NM;New Mexico;West
35,82498;-104,92704;Valmora;NM;New Mexico;West
36,01339;-104,62763;Wagon Mound;NM;New Mexico;West
35,85796;-104,95477;Watrous;NM;New Mexico;West
34,04824;-106,96668;Socorro;NM;New Mexico;West
33,93515;-108,0929;Datil;NM;New Mexico;West
34,18348;-106,95901;Lemitar;NM;New Mexico;West
33,82708;-108,97731;Luna;NM;New Mexico;West
33,94509;-107,6603;Magdalena;NM;New Mexico;West
34,36366;-108,12546;Pie Town;NM;New Mexico;West
34,20567;-106,92056;Polvadera;NM;New Mexico;West
34,28303;-106,88722;San Acacia;NM;New Mexico;West
33,1753;-107,01908;Truth Or Consequences;NM;New Mexico;West
32,84962;-107,33762;Arrey;NM;New Mexico;West
32,93379;-107,33657;Caballo;NM;New Mexico;West
33,25423;-107,22903;Elephant Butte;NM;New Mexico;West
32,29026;-106,75318;Las Cruces;NM;New Mexico;West
32,38275;-106,45804;White Sands Missile Range;NM;New Mexico;West
31,81867;-106,74188;Santa Teresa;NM;New Mexico;West
31,91248;-108,53627;Playas;NM;New Mexico;West
31,78203;-108,82192;Animas;NM;New Mexico;West
32,80238;-108,18766;Arenas Valley;NM;New Mexico;West
32,06539;-106,61803;Berino;NM;New Mexico;West
32,03625;-106,68143;Chamberino;NM;New Mexico;West
32,95131;-108,67807;Cliff;NM;New Mexico;West
32,19039;-107,72768;Deming;NM;New Mexico;West
32,58114;-107,96764;Faywood;NM;New Mexico;West
33,0722;-108,42625;Gila;NM;New Mexico;West
31,6197;-108,44025;Hachita;NM;New Mexico;West
32,01977;-107,08116;La Mesa;NM;New Mexico;West
32,3298;-108,71057;Lordsburg;NM;New Mexico;West
32,26797;-106,79674;Mesilla;NM;New Mexico;West
32,21444;-106,71556;Mesilla Park;NM;New Mexico;West
33,04814;-108,06782;Mimbres;NM;New Mexico;West
33,01471;-108,94299;Mule Creek;NM;New Mexico;West
32,45034;-106,60186;Organ;NM;New Mexico;West
32,89601;-108,21378;Pinos Altos;NM;New Mexico;West
32,7497;-108,73985;Redrock;NM;New Mexico;West
31,84062;-109,00295;Rodeo;NM;New Mexico;West
31,80715;-106,58259;Sunland Park;NM;New Mexico;West
32,14242;-106,61329;Vado;NM;New Mexico;West
32,24958;-106,28821;Chaparral;NM;New Mexico;West
34,50114;-103,26616;Clovis;NM;New Mexico;West
34,38418;-103,31551;Cannon Afb;NM;New Mexico;West
33,81968;-103,08894;Causey;NM;New Mexico;West
33,51026;-103,43052;Crossroads;NM;New Mexico;West
33,89425;-103,82335;Elida;NM;New Mexico;West
34,34782;-104,40041;Fort Sumner;NM;New Mexico;West
34,67979;-103,97721;House;NM;New Mexico;West
33,67137;-103,24997;Milnesand;NM;New Mexico;West
34,1285;-103,31825;Portales;NM;New Mexico;West
34,37413;-104,00487;Taiban;NM;New Mexico;West
34,25356;-104,83347;Yeso;NM;New Mexico;West
32,16345;-103,39452;Jal;NM;New Mexico;West
32,81091;-103,99923;Loco Hills;NM;New Mexico;West
32,86351;-103,70089;Maljamar;NM;New Mexico;West
32,17632;-104,37939;Whites City;NM;New Mexico;West
33,7494;-105,85191;Carrizozo;NM;New Mexico;West
32,71809;-106,07231;Alamogordo;NM;New Mexico;West
33,10061;-105,86725;Bent;NM;New Mexico;West
33,77306;-105,36895;Capitan;NM;New Mexico;West
32,86081;-105,67442;Cloudcroft;NM;New Mexico;West
33,48534;-105,56488;Fort Stanton;NM;New Mexico;West
32,8529;-105,86027;High Rolls Mountain Park;NM;New Mexico;West
32,87046;-106,09951;Holloman Air Force Base;NM;New Mexico;West
32,99141;-105,89025;La Luz;NM;New Mexico;West
32,9561;-105,32141;Mayhill;NM;New Mexico;West
33,17859;-105,61211;Mescalero;NM;New Mexico;West
33,50811;-105,79161;Nogal;NM;New Mexico;West
32,38926;-106,10469;Orogrande;NM;New Mexico;West
33,35127;-105,67092;Ruidoso;NM;New Mexico;West
33,34814;-105,54073;Ruidoso Downs;NM;New Mexico;West
33,41675;-105,39858;San Patricio;NM;New Mexico;West
32,795;-105,80313;Sunspot;NM;New Mexico;West
32,6031;-105,67669;Timberon;NM;New Mexico;West
33,47154;-105,09777;Tinnie;NM;New Mexico;West
33,18745;-106,00712;Tularosa;NM;New Mexico;West
32,73771;-105,49297;Weed;NM;New Mexico;West
35,08984;-103,80942;Tucumcari;NM;New Mexico;West
35,90263;-103,30767;Amistad;NM;New Mexico;West
35,23488;-103,16248;Bard;NM;New Mexico;West
35,44255;-104,21511;Conchas Dam;NM;New Mexico;West
34,93076;-104,25309;Cuervo;NM;New Mexico;West
35,32691;-104,49731;Garita;NM;New Mexico;West
34,78172;-103,76417;Mcalister;NM;New Mexico;West
35,65348;-103,21357;Nara Visa;NM;New Mexico;West
35,12367;-103,34013;San Jon;NM;New Mexico;West
35,48908;-104,35627;Trementina;NM;New Mexico;West
36,94925;-116,7331;Beatty;NV;Nevada;West
36,04164;-115,41261;Blue Diamond;NV;Nevada;West
36,00875;-114,84805;Boulder City;NV;Nevada;West
36,68605;-114,22915;Bunkerville;NV;Nevada;West
37,26441;-114,50414;Caliente;NV;Nevada;West
37,70485;-115,30344;Hiko;NV;Nevada;West
36,57063;-115,66802;Indian Springs;NV;Nevada;West
35,76949;-115,51606;Jean;NV;Nevada;West
36,56232;-116,42454;Amargosa Valley;NV;Nevada;West
36,6255;-114,47863;Logandale;NV;Nevada;West
36,71387;-114,74777;Moapa;NV;Nevada;West
35,12561;-114,68607;Laughlin;NV;Nevada;West
36,21235;-115,12313;North Las Vegas;NV;Nevada;West
35,26581;-114,8725;Cal Nev Ari;NV;Nevada;West
37,79819;-114,35862;Panaca;NV;Nevada;West
38,30434;-114,39018;Pioche;NV;Nevada;West
35,51207;-114,8338;Searchlight;NV;Nevada;West
37,75776;-117,6386;Silverpeak;NV;Nevada;West
36,16452;-115,98833;Pahrump;NV;Nevada;West
36,2473;-115,00407;Nellis Afb;NV;Nevada;West
38,86222;-115,64186;Duckwater;NV;Nevada;West
38,87915;-115,08418;Lund;NV;Nevada;West
39,43783;-114,8188;McGill;NV;Nevada;West
39,23075;-120,00259;Crystal Bay;NV;Nevada;West
41,80704;-118,88807;Denio;NV;Nevada;West
39,71675;-119,02706;Fernley;NV;Nevada;West
38,83828;-117,98088;Gabbs;NV;Nevada;West
38,78368;-119,54802;Gardnerville;NV;Nevada;West
41,13904;-119,69501;Gerlach;NV;Nevada;West
39,07389;-119,92095;Glenbrook;NV;Nevada;West
40,5669;-118,03851;Imlay;NV;Nevada;West
40,34309;-118,29831;Lovelock;NV;Nevada;West
38,50802;-118,18051;Luning;NV;Nevada;West
42,04485;-117,94724;McDermitt;NV;Nevada;West
38,42008;-118,17911;Mina;NV;Nevada;West
41,65695;-117,88461;Orovada;NV;Nevada;West
38,94556;-118,70553;Schurz;NV;Nevada;West
38,79567;-119,31785;Smith;NV;Nevada;West
40,79671;-117,12004;Valmy;NV;Nevada;West
39,52291;-119,99008;Verdi;NV;Nevada;West
41,06767;-118,02515;Winnemucca;NV;Nevada;West
38,83148;-119,11712;Yerington;NV;Nevada;West
39,00789;-119,92412;Zephyr Cove;NV;Nevada;West
38,96433;-119,90688;Stateline;NV;Nevada;West
39,24135;-119,93832;Incline Village;NV;Nevada;West
39,26789;-119,81712;Washoe Valley;NV;Nevada;West
40,43192;-116,97134;Battle Mountain;NV;Nevada;West
40,55585;-116,41218;Crescent Valley;NV;Nevada;West
40,49237;-116,189;Carlin;NV;Nevada;West
40,96431;-115,22821;Deeth;NV;Nevada;West
41,90422;-114,71103;Jackpot;NV;Nevada;West
41,93262;-115,41386;Jarbidge;NV;Nevada;West
40,77384;-115,36403;Lamoille;NV;Nevada;West
41,98001;-116,19537;Owyhee;NV;Nevada;West
40,4692;-115,34201;Ruby Valley;NV;Nevada;West
40,84711;-114,18217;West Wendover;NV;Nevada;West
33,97365;-118,24904;Los Angeles;CA;California;West
34,09401;-118,38154;West Hollywood;CA;California;West
33,97523;-118,41837;Playa Vista;CA;California;West
33,97113;-118,1709;Bell Gardens;CA;California;West
33,99691;-118,39487;Culver City;CA;California;West
33,91709;-118,40161;El Segundo;CA;California;West
33,89159;-118,29735;Gardena;CA;California;West
33,86532;-118,39616;Hermosa Beach;CA;California;West
33,97697;-118,21725;Huntington Park;CA;California;West
33,92384;-118,20133;Lynwood;CA;California;West
34,03919;-118,70809;Malibu;CA;California;West
33,88968;-118,39705;Manhattan Beach;CA;California;West
34,08066;-118,54459;Pacific Palisades;CA;California;West
33,77732;-118,3684;Palos Verdes Peninsula;CA;California;West
33,7555;-118,36338;Rancho Palos Verdes;CA;California;West
33,83099;-118,38441;Redondo Beach;CA;California;West
33,94453;-118,19256;South Gate;CA;California;West
34,09725;-118,6125;Topanga;CA;California;West
33,97865;-118,44707;Marina Del Rey;CA;California;West
33,95071;-118,43745;Playa Del Rey;CA;California;West
33,95647;-118,35863;Inglewood;CA;California;West
34,01584;-118,49251;Santa Monica;CA;California;West
33,84616;-118,01176;Buena Park;CA;California;West
33,85038;-118,04088;La Palma;CA;California;West
33,94266;-117,95126;La Habra;CA;California;West
33,90236;-118,00907;La Mirada;CA;California;West
33,98868;-118,09111;Pico Rivera;CA;California;West
33,93279;-118,0626;Santa Fe Springs;CA;California;West
33,86797;-118,06874;Cerritos;CA;California;West
33,79806;-118,29918;Harbor City;CA;California;West
33,8305;-118,07295;Hawaiian Gardens;CA;California;West
33,79345;-118,31706;Lomita;CA;California;West
33,79573;-118,06342;Los Alamitos;CA;California;West
33,89768;-118,16508;Paramount;CA;California;West
33,7334;-118,27398;San Pedro;CA;California;West
33,75461;-118,07129;Seal Beach;CA;California;West
33,72963;-118,08594;Surfside;CA;California;West
33,80274;-118,16747;Signal Hill;CA;California;West
34,19522;-118,13866;Altadena;CA;California;West
34,15363;-117,96862;Duarte;CA;California;West
34,21757;-118,20346;La Canada Flintridge;CA;California;West
34,17177;-118,04654;Sierra Madre;CA;California;West
34,11029;-118,15748;South Pasadena;CA;California;West
34,25861;-118,33468;Sunland;CA;California;West
34,30687;-118,25701;Tujunga;CA;California;West
34,2117;-118,24092;Verdugo City;CA;California;West
34,12232;-118,11363;San Marino;CA;California;West
34,23759;-118,24778;La Crescenta;CA;California;West
34,12314;-118,75685;Agoura Hills;CA;California;West
34,12295;-118,67193;Calabasas;CA;California;West
34,19784;-118,6017;Canoga Park;CA;California;West
34,20177;-118,66226;West Hills;CA;California;West
34,17339;-118,94795;Newbury Park;CA;California;West
34,23855;-118,55015;Northridge;CA;California;West
34,28022;-118,5566;Porter Ranch;CA;California;West
34,25602;-118,41939;Pacoima;CA;California;West
34,20107;-118,5407;Reseda;CA;California;West
34,28668;-118,43479;San Fernando;CA;California;West
34,31778;-118,39207;Sylmar;CA;California;West
34,23837;-118,48076;North Hills;CA;California;West
34,28991;-118,5047;Granada Hills;CA;California;West
34,26591;-118,45948;Mission Hills;CA;California;West
34,43028;-118,50283;Santa Clarita;CA;California;West
34,43269;-118,46276;Canyon Country;CA;California;West
34,15504;-118,54757;Tarzana;CA;California;West
34,21475;-118,87735;Thousand Oaks;CA;California;West
34,14016;-118,88398;Westlake Village;CA;California;West
34,1548;-118,59492;Woodland Hills;CA;California;West
34,3753;-118,60744;Stevenson Ranch;CA;California;West
34,51604;-118,67289;Castaic;CA;California;West
34,17801;-118,43183;Van Nuys;CA;California;West
34,22413;-118,4448;Panorama City;CA;California;West
34,14716;-118,46311;Sherman Oaks;CA;California;West
34,16827;-118,37222;North Hollywood;CA;California;West
34,13985;-118,39435;Studio City;CA;California;West
34,16633;-118,39982;Valley Village;CA;California;West
34,13784;-117,60028;Rancho Cucamonga;CA;California;West
34,24129;-117,82614;Azusa;CA;California;West
34,09627;-117,96855;Baldwin Park;CA;California;West
33,95141;-117,64506;Chino;CA;California;West
33,95105;-117,72549;Chino Hills;CA;California;West
34,09731;-117,90612;Covina;CA;California;West
34,07914;-118,04047;El Monte;CA;California;West
34,0454;-118,05314;South El Monte;CA;California;West
34,02914;-117,93735;La Puente;CA;California;West
33,99926;-117,97225;Hacienda Heights;CA;California;West
33,9769;-117,89924;Rowland Heights;CA;California;West
34,14927;-117,76647;La Verne;CA;California;West
33,99575;-117,53399;Mira Loma;CA;California;West
34,051;-118,14451;Monterey Park;CA;California;West
34,2541;-117,69194;Mt Baldy;CA;California;West
33,98725;-117,81473;Diamond Bar;CA;California;West
34,06395;-118,08361;Rosemead;CA;California;West
34,1072;-117,80928;San Dimas;CA;California;West
34,11454;-118,08946;San Gabriel;CA;California;West
34,10152;-118,05584;Temple City;CA;California;West
34,06722;-117,93788;West Covina;CA;California;West
32,67773;-116,30734;Boulevard;CA;California;West
32,63653;-117,06301;Chula Vista;CA;California;West
32,91103;-116,63201;Descanso;CA;California;West
32,6267;-116,71894;Dulzura;CA;California;West
32,83758;-116,58029;Guatay;CA;California;West
32,56923;-117,11798;Imperial Beach;CA;California;West
32,66488;-116,16828;Jacumba;CA;California;West
32,70214;-116,78721;Jamul;CA;California;West
32,73315;-117,03402;Lemon Grove;CA;California;West
32,87509;-116,47076;Mount Laguna;CA;California;West
32,64798;-116,5964;Potrero;CA;California;West
32,58685;-116,61969;Tecate;CA;California;West
33,28701;-117,19977;Bonsall;CA;California;West
33,18481;-116,15688;Borrego Springs;CA;California;West
33,02216;-117,27389;Cardiff By The Sea;CA;California;West
32,96797;-117,24879;Del Mar;CA;California;West
32,77886;-116,87142;El Cajon;CA;California;West
33,05716;-117,25651;Encinitas;CA;California;West
33,08492;-117,02967;Escondido;CA;California;West
33,38613;-117,22658;Fallbrook;CA;California;West
32,85257;-117,25104;La Jolla;CA;California;West
33,38123;-117,42874;Camp Pendleton;CA;California;West
33,38277;-117,05193;Pala;CA;California;West
33,35043;-116,86451;Palomar Mountain;CA;California;West
33,30036;-116,93048;Pauma Valley;CA;California;West
32,98038;-117,01746;Poway;CA;California;West
33,21541;-116,53583;Ranchita;CA;California;West
33,02087;-117,19209;Rancho Santa Fe;CA;California;West
33,18513;-116,74071;Santa Ysabel;CA;California;West
32,99735;-117,25875;Solana Beach;CA;California;West
33,16451;-117,24056;Vista;CA;California;West
33,29718;-116,64176;Warner Springs;CA;California;West
32,67466;-117,16915;Coronado;CA;California;West
33,70804;-116,23502;Indio;CA;California;West
33,76593;-116,33241;Palm Desert;CA;California;West
33,93992;-116,83935;Banning;CA;California;West
32,98677;-115,3341;Brawley;CA;California;West
33,9088;-116,76879;Cabazon;CA;California;West
32,68751;-115,56433;Calexico;CA;California;West
33,14736;-115,50686;Calipatria;CA;California;West
33,81386;-116,46663;Cathedral City;CA;California;West
33,70276;-116,07254;Coachella;CA;California;West
33,87424;-115,24396;Desert Center;CA;California;West
33,95291;-116,5194;Desert Hot Springs;CA;California;West
34,19019;-114,30755;Earp;CA;California;West
32,77285;-115,60065;El Centro;CA;California;West
32,79188;-115,23454;Holtville;CA;California;West
34,14801;-116,28422;Joshua Tree;CA;California;West
33,65562;-116,28785;La Quinta;CA;California;West
34,07207;-116,61761;Morongo Valley;CA;California;West
33,33976;-115,52814;Niland;CA;California;West
33,91791;-116,56002;North Palm Springs;CA;California;West
32,73478;-115,94632;Ocotillo;CA;California;West
33,86287;-116,55736;Palm Springs;CA;California;West
34,29765;-114,20138;Parker Dam;CA;California;West
34,16146;-116,55002;Pioneertown;CA;California;West
33,76399;-116,42705;Rancho Mirage;CA;California;West
32,80798;-115,69592;Seeley;CA;California;West
33,47031;-116,11387;Thermal;CA;California;West
33,20783;-115,88084;Salton City;CA;California;West
33,83234;-116,38648;Thousand Palms;CA;California;West
34,11248;-115,68752;Twentynine Palms;CA;California;West
34,13963;-114,84652;Vidal;CA;California;West
33,05033;-115,61264;Westmorland;CA;California;West
32,83741;-114,79462;Winterhaven;CA;California;West
34,16013;-116,42474;Yucca Valley;CA;California;West
34,33762;-116,51364;Landers;CA;California;West
34,65183;-117,52617;Adelanto;CA;California;West
34,17018;-116,83231;Angelus Oaks;CA;California;West
34,59078;-117,14127;Apple Valley;CA;California;West
35,33443;-116,76306;Fort Irwin;CA;California;West
34,03142;-117,31373;Grand Terrace;CA;California;West
34,2576;-116,80075;Big Bear City;CA;California;West
34,22011;-116,95301;Big Bear Lake;CA;California;West
34,24507;-117,20874;Blue Jay;CA;California;West
33,9874;-117,05024;Calimesa;CA;California;West
34,24748;-117,14694;Cedar Glen;CA;California;West
34,25419;-117,32259;Cedarpines Park;CA;California;West
36,39482;-117,02718;Death Valley;CA;California;West
34,26951;-116,96277;Fawnskin;CA;California;West
34,08189;-116,83838;Forest Falls;CA;California;West
34,24009;-117,06798;Green Valley Lake;CA;California;West
34,76078;-117,33795;Helendale;CA;California;West
34,95003;-117,25802;Hinkley;CA;California;West
34,05296;-117,2617;Loma Linda;CA;California;West
34,26824;-117,18486;Lake Arrowhead;CA;California;West
34,49633;-116,89265;Lucerne Valley;CA;California;West
34,24624;-117,56762;Lytle Creek;CA;California;West
34,70863;-114,57562;Needles;CA;California;West
35,35678;-115,43741;Nipton;CA;California;West
34,88843;-116,54129;Newberry Springs;CA;California;West
34,65508;-117,30893;Oro Grande;CA;California;West
34,43837;-117,54266;Phelan;CA;California;West
34,45097;-117,62859;Pinon Hills;CA;California;West
34,00648;-117,15351;Redlands;CA;California;West
34,11053;-117,37997;Rialto;CA;California;West
34,23206;-117,22483;Rimforest;CA;California;West
34,20604;-117,11276;Running Springs;CA;California;West
34,21345;-117,23057;Skyforest;CA;California;West
35,82902;-116,24813;Tecopa;CA;California;West
34,23958;-117,23665;Twin Peaks;CA;California;West
34,479;-117,40884;Victorville;CA;California;West
34,36212;-117,69136;Wrightwood;CA;California;West
34,97178;-116,83808;Yermo;CA;California;West
34,04469;-117,004;Yucaipa;CA;California;West
34,10586;-117,29188;San Bernardino;CA;California;West
34,00293;-117,44547;Jurupa Valley;CA;California;West
33,89602;-117,27705;March Air Reserve Base;CA;California;West
33,63386;-117,37949;Lake Elsinore;CA;California;West
33,48791;-116,81528;Aguanga;CA;California;West
33,51579;-116,64432;Anza;CA;California;West
33,69867;-116,97916;Hemet;CA;California;West
33,80886;-116,71212;Idyllwild;CA;California;West
33,88148;-117,22521;Moreno Valley;CA;California;West
33,63704;-116,57441;Mountain Center;CA;California;West
33,53579;-117,35098;Murrieta;CA;California;West
33,82378;-117,10305;Nuevo;CA;California;West
33,78377;-117,31737;Perris;CA;California;West
33,80489;-117,01873;San Jacinto;CA;California;West
33,48391;-117,22075;Temecula;CA;California;West
33,61638;-117,26028;Wildomar;CA;California;West
33,68336;-117,65404;Foothill Ranch;CA;California;West
33,46082;-117,66656;Capistrano Beach;CA;California;West
33,60229;-117,86551;Corona Del Mar;CA;California;West
33,67896;-117,90844;Costa Mesa;CA;California;West
33,47678;-117,70459;Dana Point;CA;California;West
33,60796;-117,72799;Laguna Woods;CA;California;West
33,66525;-117,96755;Huntington Beach;CA;California;West
33,56535;-117,77399;Laguna Beach;CA;California;West
33,59276;-117,69994;Laguna Hills;CA;California;West
33,74606;-117,98765;Midway City;CA;California;West
33,57518;-117,73036;Aliso Viejo;CA;California;West
33,59571;-117,83069;Newport Coast;CA;California;West
33,63375;-117,87504;Newport Beach;CA;California;West
33,3825;-117,5403;San Clemente;CA;California;West
33,49977;-117,65366;San Juan Capistrano;CA;California;West
33,75306;-117,63534;Silverado;CA;California;West
33,52777;-117,70523;Laguna Niguel;CA;California;West
33,64627;-117,50662;Trabuco Canyon;CA;California;West
33,61737;-117,61131;Rancho Santa Margarita;CA;California;West
33,61051;-117,66627;Mission Viejo;CA;California;West
33,51502;-117,58065;Ladera Ranch;CA;California;West
33,7486;-117,85877;Santa Ana;CA;California;West
33,71046;-117,95132;Fountain Valley;CA;California;West
33,84441;-117,95175;Anaheim;CA;California;West
33,92997;-117,86986;Brea;CA;California;West
33,88087;-117,85522;Placentia;CA;California;West
33,92096;-117,61052;Eastvale;CA;California;West
33,89517;-117,80154;Yorba Linda;CA;California;West
34,23007;-119,07437;Camarillo;CA;California;West
34,42697;-119,48032;Carpinteria;CA;California;West
34,30417;-118,88274;Moorpark;CA;California;West
34,40324;-119,29836;Oak View;CA;California;West
34,50372;-119,24856;Ojai;CA;California;West
34,2051;-119,1753;Oxnard;CA;California;West
34,59337;-118,93657;Piru;CA;California;West
34,14956;-119,17458;Port Hueneme;CA;California;West
33,4077;-119,43365;Point Mugu Nawc;CA;California;West
34,17001;-119,2026;Port Hueneme Cbc Base;CA;California;West
34,36543;-119,09563;Santa Paula;CA;California;West
34,30922;-118,69041;Simi Valley;CA;California;West
34,24527;-118,69984;Brandeis;CA;California;West
34,28851;-119,02848;Somis;CA;California;West
34,42162;-119,59277;Summerland;CA;California;West
34,41925;-119,70808;Santa Barbara;CA;California;West
34,49102;-120,08201;Goleta;CA;California;West
35,8555;-119,48338;Alpaugh;CA;California;West
36,3187;-119,7076;Armona;CA;California;West
35,12158;-118,8468;Arvin;CA;California;West
35,90819;-120,06776;Avenal;CA;California;West
35,5387;-118,45463;Bodfish;CA;California;West
35,44402;-119,47578;Buttonwillow;CA;California;West
35,88721;-118,63153;California Hot Springs;CA;California;West
36,1298;-118,63982;Camp Nelson;CA;California;West
36,19519;-120,43245;Coalinga;CA;California;West
36,01649;-119,56937;Corcoran;CA;California;West
35,86194;-119,03822;Ducor;CA;California;West
35,87908;-119,28818;Earlimart;CA;California;West
34,89835;-119,25983;Pine Mountain Club;CA;California;West
35,21687;-119,58087;Fellows;CA;California;West
34,78532;-119,04196;Frazier Park;CA;California;West
36,28967;-119,62514;Hanford;CA;California;West
36,47452;-118,90426;Kaweah;CA;California;West
35,82799;-118,47137;Kernville;CA;California;West
36,03293;-119,98645;Kettleman City;CA;California;West
35,62425;-118,4645;Lake Isabella;CA;California;West
36,44115;-119,73024;Laton;CA;California;West
34,84057;-118,81769;Lebec;CA;California;West
36,3908;-118,99733;Lemon Cove;CA;California;West
36,28614;-119,83405;Lemoore;CA;California;West
35,67033;-119,85814;Lost Hills;CA;California;West
35,37059;-119,69735;McKittrick;CA;California;West
34,92498;-119,74834;New Cuyama;CA;California;West
35,68292;-118,0798;Onyx;CA;California;West
35,96805;-119,31251;Pixley;CA;California;West
35,81909;-118,66116;Posey;CA;California;West
35,81147;-119,11673;Richgrove;CA;California;West
36,50256;-118,68109;Sequoia National Park;CA;California;West
35,48722;-119,27835;Shafter;CA;California;West
36,14279;-119,0742;Strathmore;CA;California;West
35,94703;-119,05669;Terra Bella;CA;California;West
35,31756;-119,4092;Tupman;CA;California;West
36,29963;-119,38139;Visalia;CA;California;West
35,72233;-118,50871;Wofford Heights;CA;California;West
35,72387;-118,91958;Woody;CA;California;West
35,23539;-120,61834;San Luis Obispo;CA;California;West
35,29082;-120,8392;Los Osos;CA;California;West
35,16682;-120,46617;Arroyo Grande;CA;California;West
35,4638;-120,69007;Atascadero;CA;California;West
35,20141;-120,78394;Avila Beach;CA;California;West
34,62724;-120,22465;Buellton;CA;California;West
34,86682;-120,53582;Casmalia;CA;California;West
35,49214;-120,92422;Cayucos;CA;California;West
35,12045;-120,61894;Grover Beach;CA;California;West
34,94086;-120,6113;Guadalupe;CA;California;West
34,60888;-120,4002;Lompoc;CA;California;West
34,73296;-120,09721;Los Olivos;CA;California;West
35,4;-120,80495;Morro Bay;CA;California;West
35,03553;-120,50293;Nipomo;CA;California;West
35,03319;-120,62002;Oceano;CA;California;West
35,65861;-120,71888;Paso Robles;CA;California;West
35,15803;-120,6504;Pismo Beach;CA;California;West
36,05791;-120,82894;San Ardo;CA;California;West
35,89398;-120,56733;San Miguel;CA;California;West
35,71078;-121,20396;San Simeon;CA;California;West
35,31339;-120,1655;Santa Margarita;CA;California;West
34,66214;-119,90091;Santa Ynez;CA;California;West
35,63519;-120,26951;Shandon;CA;California;West
34,60688;-120,13495;Solvang;CA;California;West
35,0411;-118,22922;Mojave;CA;California;West
35,15708;-117,90934;California City;CA;California;West
37,18401;-118,17129;Big Pine;CA;California;West
35,0081;-117,64268;Boron;CA;California;West
35,3171;-117,95596;Cantil;CA;California;West
35,80294;-117,98504;Inyokern;CA;California;West
37,7832;-119,1375;June Lake;CA;California;West
36,48458;-117,87201;Keeler;CA;California;West
34,68571;-118,55914;Lake Hughes;CA;California;West
37,99678;-119,01847;Lee Vining;CA;California;West
34,47916;-117,97357;Littlerock;CA;California;West
36,6046;-118,02721;Lone Pine;CA;California;West
37,60573;-118,85219;Mammoth Lakes;CA;California;West
36,27728;-117,96016;Olancha;CA;California;West
34,44515;-117,89611;Pearblossom;CA;California;West
35,36914;-117,75876;Randsburg;CA;California;West
35,33945;-117,58517;Red Mountain;CA;California;West
35,10904;-118,52016;Tehachapi;CA;California;West
35,70667;-117,34263;Trona;CA;California;West
34,38662;-117,83646;Valyermo;CA;California;West
37,39395;-119,73702;Ahwahnee;CA;California;West
37,0644;-119,37484;Auberry;CA;California;West
37,3717;-119,52215;Bass Lake;CA;California;West
36,79871;-120,01625;Biola;CA;California;West
36,5055;-120,3418;Cantua Creek;CA;California;West
36,52616;-119,86388;Caruthers;CA;California;West
37,09047;-120,29036;Chowchilla;CA;California;West
37,21282;-119,72659;Coarsegold;CA;California;West
36,65468;-119,59437;Del Rey;CA;California;West
36,52213;-119,38661;Dinuba;CA;California;West
37,0448;-120,6223;Dos Palos;CA;California;West
36,79283;-120,62434;Firebaugh;CA;California;West
37,47478;-119,66071;Fish Camp;CA;California;West
37,03278;-119,68601;Friant;CA;California;West
36,51568;-120,10635;Helm;CA;California;West
36,71831;-120,12912;Kerman;CA;California;West
36,47653;-119,52131;Kingsburg;CA;California;West
36,72912;-118,95627;Kings Canyon National Pk;CA;California;West
37,016;-120,88294;Los Banos;CA;California;West
36,70481;-119,02167;Miramonte;CA;California;West
37,1641;-119,61824;O'Neals;CA;California;West
36,63218;-119,28938;Orange Cove;CA;California;West
36,58449;-119,17773;Orosi;CA;California;West
36,6206;-119,52062;Parlier;CA;California;West
37,00296;-119,521;Prather;CA;California;West
36,59502;-119,90458;Raisin City;CA;California;West
36,65747;-119,402;Reedley;CA;California;West
36,60932;-120,16514;San Joaquin;CA;California;West
37,05671;-119,17981;Shaver Lake;CA;California;West
36,96334;-120,65034;South Dos Palos;CA;California;West
36,54623;-119,33629;Sultana;CA;California;West
36,96585;-119,31511;Tollhouse;CA;California;West
36,65663;-120,28997;Tranquillity;CA;California;West
37,28334;-119,54297;Wishon;CA;California;West
36,48564;-119,25442;Yettem;CA;California;West
36,45229;-119,48232;Traver;CA;California;West
36,73251;-119,19285;Squaw Valley;CA;California;West
36,03164;-121,52592;Big Sur;CA;California;West
36,55359;-121,92259;Carmel By The Sea;CA;California;West
36,39489;-121,63406;Carmel Valley;CA;California;West
36,60209;-121,42526;Chualar;CA;California;West
36,06484;-121,38102;Jolon;CA;California;West
36,67566;-121,78237;Marina;CA;California;West
36,61899;-121,92575;Pacific Grove;CA;California;West
36,58566;-121,94329;Pebble Beach;CA;California;West
36,16434;-120,92441;San Lucas;CA;California;West
36,62153;-121,79562;Seaside;CA;California;West
36,40489;-121,32121;Soledad;CA;California;West
36,62472;-121,64649;Spreckels;CA;California;West
37,6882;-122,40873;Brisbane;CA;California;West
37,6907;-122,44769;Daly City;CA;California;West
37,50603;-122,47321;El Granada;CA;California;West
37,44826;-122,4023;Half Moon Bay;CA;California;West
37,28473;-122,21969;La Honda;CA;California;West
37,25028;-122,24958;Loma Mar;CA;California;West
37,35534;-122,14494;Los Altos;CA;California;West
37,45087;-122,1829;Menlo Park;CA;California;West
37,45399;-122,20313;Atherton;CA;California;West
37,37492;-122,21136;Portola Valley;CA;California;West
37,59969;-122,40343;Millbrae;CA;California;West
37,55327;-122,49584;Montara;CA;California;West
37,52946;-122,4849;Moss Beach;CA;California;West
37,60544;-122,47993;Pacifica;CA;California;West
37,22297;-122,33572;Pescadero;CA;California;West
37,46136;-122,23731;Redwood City;CA;California;West
37,62539;-122,43229;San Bruno;CA;California;West
37,32817;-122,34164;San Gregorio;CA;California;West
37,65541;-122,42083;South San Francisco;CA;California;West
37,77956;-122,41931;San Francisco;CA;California;West
37,44424;-122,14992;Palo Alto;CA;California;West
37,77525;-122,27493;Alameda;CA;California;West
38,19454;-122,23042;American Canyon;CA;California;West
37,86638;-121,5868;Discovery Bay;CA;California;West
38,57909;-122,44451;Angwin;CA;California;West
38,09756;-122,13189;Benicia;CA;California;West
38,02883;-121,64039;Bethel Island;CA;California;West
38,1263;-121,83793;Birds Landing;CA;California;West
38,62449;-122,62503;Calistoga;CA;California;West
37,84149;-121,95819;Diablo;CA;California;West
37,92076;-122,30068;El Cerrito;CA;California;West
38,27048;-121,93851;Travis Afb;CA;California;West
37,73441;-122,09056;Castro Valley;CA;California;West
38,00637;-122,26117;Hercules;CA;California;West
37,97481;-121,65265;Knightsen;CA;California;West
37,97999;-122,15368;Martinez;CA;California;West
37,83102;-122,10425;Moraga;CA;California;West
38,50846;-122,26497;Napa;CA;California;West
37,88196;-122,19419;Orinda;CA;California;West
37,98896;-122,27018;Pinole;CA;California;West
38,66342;-122,4349;Pope Valley;CA;California;West
38,04411;-122,19201;Port Costa;CA;California;West
37,71595;-122,16615;San Leandro;CA;California;West
37,76357;-121,91469;San Ramon;CA;California;West
38,19061;-121,94216;Suisun City;CA;California;West
37,57327;-121,85472;Sunol;CA;California;West
38,14162;-122,24596;Vallejo;CA;California;West
38,41012;-122,37365;Yountville;CA;California;West
37,83611;-122,28621;Emeryville;CA;California;West
37,95683;-122,28235;El Sobrante;CA;California;West
37,97811;-122,33618;San Pablo;CA;California;West
37,94841;-122,55288;Greenbrae;CA;California;West
37,88732;-122,46549;Belvedere Tiburon;CA;California;West
38,35683;-122,95098;Bodega;CA;California;West
38,33588;-123,02647;Bodega Bay;CA;California;West
37,95411;-122,73171;Bolinas;CA;California;West
37,92386;-122,5132;Corte Madera;CA;California;West
38,3459;-122,6935;Rohnert Park;CA;California;West
38,25444;-122,96243;Dillon Beach;CA;California;West
38,32229;-122,71497;Cotati;CA;California;West
38,01753;-122,68814;Forest Knolls;CA;California;West
38,03024;-122,72953;Lagunitas;CA;California;West
37,92562;-122,60083;Mill Valley;CA;California;West
38,1258;-122,55443;Novato;CA;California;West
38,07176;-122,68785;Nicasio;CA;California;West
38,02122;-122,76187;Olema;CA;California;West
38,32252;-122,64492;Penngrove;CA;California;West
38,23007;-122,76338;Petaluma;CA;California;West
38,0476;-122,81046;Point Reyes Station;CA;California;West
37,99707;-122,57838;San Anselmo;CA;California;West
38,00765;-122,66484;San Geronimo;CA;California;West
37,94235;-122,49244;San Quentin;CA;California;West
37,85263;-122,52699;Sausalito;CA;California;West
37,91694;-122,65553;Stinson Beach;CA;California;West
38,23724;-122,89006;Tomales;CA;California;West
38,33665;-122,93934;Valley Ford;CA;California;West
38,01259;-122,63947;Woodacre;CA;California;West
37,44075;-122,00047;Alviso;CA;California;West
37,0089;-121,87775;Aptos;CA;California;West
36,86818;-121,63237;Aromas;CA;California;West
37,17129;-122,151;Boulder Creek;CA;California;West
37,11019;-122,11434;Brookdale;CA;California;West
36,97721;-121,95466;Capitola;CA;California;West
37,30827;-122,07981;Cupertino;CA;California;West
37,01461;-121,55718;Gilroy;CA;California;West
37,22168;-121,98326;Los Gatos;CA;California;West
37,44319;-121,87632;Milpitas;CA;California;West
37,13213;-121,67886;Morgan Hill;CA;California;West
36,81515;-121,7779;Moss Landing;CA;California;West
36,51652;-120,97677;Paicines;CA;California;West
36,83281;-121,52576;San Juan Bautista;CA;California;West
37,09576;-121,59649;San Martin;CA;California;West
37,0672;-122,01453;Scotts Valley;CA;California;West
37,04068;-121,93174;Soquel;CA;California;West
36,80112;-121,19258;Tres Pinos;CA;California;West
36,94029;-121,75089;Watsonville;CA;California;West
37,3483;-121,64085;Mount Hamilton;CA;California;West
38,19779;-121,23603;Acampo;CA;California;West
38,0724;-120,54852;Altaville;CA;California;West
38,06127;-120,61791;Angels Camp;CA;California;West
38,20399;-120,86488;Burson;CA;California;West
38,23377;-120,86232;Campo Seco;CA;California;West
37,94669;-120,68067;Copperopolis;CA;California;West
38,18622;-120,36859;Hathaway Pines;CA;California;West
38,15953;-121,14845;Lockeford;CA;California;West
38,30189;-120,61975;Mokelumne Hill;CA;California;West
38,23662;-120,49589;Mountain Ranch;CA;California;West
38,14264;-120,44359;Murphys;CA;California;West
38,32433;-120,46051;Rail Road Flat;CA;California;West
38,18986;-120,61784;San Andreas;CA;California;West
38,08024;-120,45769;Vallecito;CA;California;West
38,38068;-120,45255;Wilseyville;CA;California;West
37,4714;-120,67744;Ballico;CA;California;West
37,8306;-120,34821;Big Oak Flat;CA;California;West
37,36015;-120,11581;Catheys Valley;CA;California;West
37,87154;-120,43299;Chinese Camp;CA;California;West
37,42107;-120,65295;Cressey;CA;California;West
37,43511;-121,03769;Crows Landing;CA;California;West
37,54613;-120,69212;Denair;CA;California;West
37,12947;-120,5074;El Nido;CA;California;West
37,66618;-119,8064;El Portal;CA;California;West
37,82453;-121,01545;Escalon;CA;California;West
37,39452;-120,89605;Hilmar;CA;California;West
37,48058;-120,24208;Hornitos;CA;California;West
37,58998;-120,8531;Hughson;CA;California;West
38,11894;-120,09239;Long Barn;CA;California;West
37,83351;-121,1988;Manteca;CA;California;West
37,50911;-119,98659;Mariposa;CA;California;West
37,34128;-120,40658;Merced;CA;California;West
37,58784;-119,96408;Midpines;CA;California;West
38,07045;-120,17291;Mi Wuk Village;CA;California;West
38,22908;-119,79174;Pinecrest;CA;California;West
37,3012;-120,33152;Planada;CA;California;West
37,73089;-120,94669;Riverbank;CA;California;West
37,52435;-120,41301;Snelling;CA;California;West
37,98927;-120,26272;Soulsbyville;CA;California;West
37,31636;-120,85683;Stevinson;CA;California;West
37,96174;-120,21635;Tuolumne;CA;California;West
37,47226;-120,86978;Turlock;CA;California;West
38,09534;-120,22602;Twain Harte;CA;California;West
37,612;-121,24773;Vernalis;CA;California;West
37,55429;-121,2451;Westley;CA;California;West
37,73784;-119,52556;Yosemite National Park;CA;California;West
39,68791;-123,65075;Branscomb;CA;California;West
38,42336;-122,9582;Camp Meeker;CA;California;West
39,35638;-123,76832;Caspar;CA;California;West
38,58276;-123,18037;Cazadero;CA;California;West
38,97829;-122,6423;Clearlake;CA;California;West
39,06749;-122,62753;Clearlake Oaks;CA;California;West
39,25326;-123,56932;Comptche;CA;California;West
39,82489;-123,18126;Covelo;CA;California;West
39,73292;-123,34841;Dos Rios;CA;California;West
38,46279;-123,04476;Duncans Mills;CA;California;West
39,1083;-123,63829;Elk;CA;California;West
39,44535;-123,69402;Fort Bragg;CA;California;West
38,73775;-123,0354;Geyserville;CA;California;West
38,3785;-122,51549;Glen Ellen;CA;California;West
39,05013;-122,73962;Glenhaven;CA;California;West
38,43261;-122,86922;Graton;CA;California;West
38,83762;-123,49404;Gualala;CA;California;West
38,52525;-123,00423;Guerneville;CA;California;West
38,62309;-122,89089;Healdsburg;CA;California;West
38,94331;-123,09653;Hopland;CA;California;West
38,5229;-123,21508;Jenner;CA;California;West
38,9388;-122,80484;Kelseyville;CA;California;West
38,42969;-122,5362;Kenwood;CA;California;West
39,04346;-122,93918;Lakeport;CA;California;West
39,78063;-123,51631;Laytonville;CA;California;West
38,87967;-122,52753;Lower Lake;CA;California;West
39,30386;-123,73737;Mendocino;CA;California;West
38,47263;-123,02064;Monte Rio;CA;California;West
39,18957;-123,58059;Navarro;CA;California;West
39,12736;-122,84733;Nice;CA;California;West
38,40556;-123,01963;Occidental;CA;California;West
38,80453;-122,54948;Hidden Valley Lake;CA;California;West
38,9094;-123,60372;Point Arena;CA;California;West
39,38853;-123,05972;Potter Valley;CA;California;West
39,30019;-123,22984;Redwood Valley;CA;California;West
38,53218;-122,97362;Rio Nido;CA;California;West
38,25531;-122,46055;Sonoma;CA;California;West
38,68463;-123,36802;Stewarts Point;CA;California;West
39,1618;-123,23925;Ukiah;CA;California;West
39,20828;-122,9259;Upper Lake;CA;California;West
38,4741;-123,02403;Villa Grande;CA;California;West
39,4883;-123,34725;Willits;CA;California;West
39,20241;-122,97948;Witter Springs;CA;California;West
38,71976;-123,45601;The Sea Ranch;CA;California;West
40,16975;-123,59539;Alderpoint;CA;California;West
40,29151;-123,67119;Blocksburg;CA;California;West
40,95833;-124,04983;Mckinleyville;CA;California;West
40,84586;-124,04745;Arcata;CA;California;West
40,94845;-123,82629;Blue Lake;CA;California;West
40,93593;-123,41966;Burnt Ranch;CA;California;West
40,4936;-123,92393;Carlotta;CA;California;West
40,745;-124,21472;Fields Landing;CA;California;West
41,86833;-124,15433;Fort Dick;CA;California;West
40,08074;-123,77369;Garberville;CA;California;West
41,88847;-123,80238;Gasquet;CA;California;West
40,26159;-124,08599;Honeydew;CA;California;West
41,18777;-123,74535;Hoopa;CA;California;West
40,56952;-124,07751;Hydesville;CA;California;West
41,58633;-124,05859;Klamath;CA;California;West
40,65838;-123,89485;Kneeland;CA;California;West
40,77695;-123,82951;Korbel;CA;California;West
40,66977;-124,21961;Loleta;CA;California;West
40,34899;-123,42248;Mad River;CA;California;West
40,22981;-123,87133;Miranda;CA;California;West
40,27573;-123,78414;Myers Flat;CA;California;West
41,29519;-123,97774;Orick;CA;California;West
40,18977;-123,7512;Phillipsville;CA;California;West
40,14606;-123,83816;Redway;CA;California;West
40,45808;-124,1072;Rio Dell;CA;California;West
40,84248;-123,51225;Salyer;CA;California;West
40,79023;-124,20312;Samoa;CA;California;West
41,9498;-124,1118;Smith River;CA;California;West
41,48454;-123,48543;Somes Bar;CA;California;West
40,36078;-123,85818;Redcrest;CA;California;West
40,36495;-123,94157;Weott;CA;California;West
39,96969;-123,75537;Piercy;CA;California;West
40,07927;-123,98596;Whitethorn;CA;California;West
40,11074;-123,26642;Zenia;CA;California;West
38,42713;-120,82997;Amador City;CA;California;West
38,59289;-121,53929;West Sacramento;CA;California;West
38,7899;-122,12585;Capay;CA;California;West
38,62611;-121,32886;Carmichael;CA;California;West
38,69494;-121,27219;Citrus Heights;CA;California;West
38,88649;-120,98896;Cool;CA;California;West
38,68218;-120,81401;Diamond Springs;CA;California;West
38,43203;-121,30506;Elk Grove;CA;California;West
38,73378;-121,48898;Elverta;CA;California;West
38,72936;-122,00959;Esparto;CA;California;West
38,51277;-120,6875;Fiddletown;CA;California;West
39,05453;-120,75365;Foresthill;CA;California;West
38,6274;-120,51852;Grizzly Flats;CA;California;West
38,85283;-122,2729;Guinda;CA;California;West
38,33969;-121,11481;Herald;CA;California;West
38,33922;-120,94024;Ione;CA;California;West
38,15046;-121,60271;Isleton;CA;California;West
38,89025;-121,79992;Knights Landing;CA;California;West
38,82088;-120,93515;Lotus;CA;California;West
38,66265;-121,40079;Mcclellan;CA;California;West
38,84594;-121,57679;Nicolaus;CA;California;West
38,67883;-121,3805;North Highlands;CA;California;West
38,68917;-121,21988;Orangevale;CA;California;West
38,85739;-121,18251;Penryn;CA;California;West
38,79755;-121,05136;Pilot Hill;CA;California;West
38,60461;-121,27963;Rancho Cordova;CA;California;West
38,69529;-121,15671;Represa;CA;California;West
38,72664;-120,99638;Rescue;CA;California;West
38,69029;-121,46603;Rio Linda;CA;California;West
38,95396;-121,48187;Rio Oso;CA;California;West
38,54548;-120,74277;River Pines;CA;California;West
38,79298;-121,23133;Rocklin;CA;California;West
38,24142;-121,57816;Ryde;CA;California;West
38,60537;-120,96175;Shingle Springs;CA;California;West
38,51018;-121,09894;Sloughhouse;CA;California;West
38,42716;-120,76698;Sutter Creek;CA;California;West
38,3344;-121,91765;Vacaville;CA;California;West
38,47088;-120,61566;Volcano;CA;California;West
38,73284;-121,80701;Yolo;CA;California;West
38,8187;-121,91012;Zamora;CA;California;West
38,44074;-120,85702;Drytown;CA;California;West
38,74886;-120,68134;Camino;CA;California;West
39,2013;-120,83677;Dutch Flat;CA;California;West
39,27495;-120,64388;Emigrant Gap;CA;California;West
39,14258;-120,84268;Gold Run;CA;California;West
38,84536;-120,26021;Kyburz;CA;California;West
38,82341;-120,09379;Echo Lake;CA;California;West
39,00467;-121,02891;Meadow Vista;CA;California;West
38,75418;-120,41989;Pollock Pines;CA;California;West
38,75009;-121,16712;Granite Bay;CA;California;West
38,67694;-121,05755;El Dorado Hills;CA;California;West
39,11337;-121,37192;Beale Afb;CA;California;West
39,46742;-120,83158;Alleghany;CA;California;West
39,0016;-122,07462;Arbuckle;CA;California;West
39,62899;-122,19215;Artois;CA;California;West
39,65945;-121,37375;Berry Creek;CA;California;West
39,42392;-121,77178;Biggs;CA;California;West
39,46071;-121,93702;Butte City;CA;California;West
39,47033;-121,07736;Camptonville;CA;California;West
40,18385;-121,13672;Canyon Dam;CA;California;West
39,46798;-121,18006;Challenge;CA;California;West
39,54679;-121,1606;Clipper Mills;CA;California;West
39,26839;-122,00426;Colusa;CA;California;West
40,07463;-120,93108;Crescent Mills;CA;California;West
39,37369;-121,19615;Dobbins;CA;California;West
39,56336;-120,79279;Downieville;CA;California;West
38,88403;-121,99847;Dunnigan;CA;California;West
39,5588;-121,24157;Forbestown;CA;California;West
39,98954;-121,58872;Forest Ranch;CA;California;West
39,57692;-122,0367;Glenn;CA;California;West
39,53482;-120,86159;Goodyears Bar;CA;California;West
39,19426;-120,98199;Grass Valley;CA;California;West
39,21052;-121,20467;Penn Valley;CA;California;West
39,71473;-122,00197;Hamilton City;CA;California;West
39,94916;-121,54088;Magalia;CA;California;West
39,8751;-121,12209;Meadow Valley;CA;California;West
39,34509;-120,86797;Nevada City;CA;California;West
39,39121;-121,0583;North San Juan;CA;California;West
39,03343;-121,55754;Olivehurst;CA;California;West
39,32669;-121,26876;Oregon House;CA;California;West
39,59169;-121,59034;Oroville;CA;California;West
39,42955;-121,33624;Rackerby;CA;California;West
39,4973;-121,75569;Richvale;CA;California;West
39,22436;-121,15367;Rough And Ready;CA;California;West
39,17967;-121,29007;Smartsville;CA;California;West
39,90826;-121,52941;Stirling City;CA;California;West
39,29771;-122,47913;Stonyford;CA;California;West
39,65237;-121,03447;Strawberry Valley;CA;California;West
39,99654;-121,11951;Twain;CA;California;West
39,49825;-122,28698;Willows;CA;California;West
39,02205;-121,61317;Yuba City;CA;California;West
41,15575;-120,83952;Adin;CA;California;West
41,06183;-121,04434;Bieber;CA;California;West
40,89735;-123,24365;Big Bar;CA;California;West
40,97495;-121,68316;Burney;CA;California;West
40,90675;-121,52032;Cassel;CA;California;West
41,10776;-122,30751;Castella;CA;California;West
40,68729;-122,39927;Shasta Lake;CA;California;West
41,92108;-121,97592;Dorris;CA;California;West
40,58767;-122,90143;Douglas City;CA;California;West
41,20409;-122,32523;Dunsmuir;CA;California;West
41,00761;-121,45731;Fall River Mills;CA;California;West
39,94003;-122,48743;Flournoy;CA;California;West
41,17262;-123,18029;Forks Of Salmon;CA;California;West
41,58503;-122,98291;Fort Jones;CA;California;West
40,75076;-122,60004;French Gulch;CA;California;West
41,44177;-122,60772;Gazelle;CA;California;West
40,04168;-122,18254;Gerber;CA;California;West
41,66376;-123,37711;Happy Camp;CA;California;West
40,79393;-121,47397;Hat Creek;CA;California;West
40,52059;-123,19991;Hayfork;CA;California;West
41,95384;-122,64853;Hornbrook;CA;California;West
40,61118;-123,43151;Hyampom;CA;California;West
40,47695;-122,69889;Igo;CA;California;West
41,85389;-122,95689;Klamath River;CA;California;West
40,90112;-122,35664;Lakehead;CA;California;West
40,10249;-122,03213;Los Molinos;CA;California;West
41,26144;-122,0118;Mccloud;CA;California;West
41,74536;-121,9337;Macdoel;CA;California;West
40,88056;-121,95433;Montgomery Creek;CA;California;West
41,31664;-122,31736;Mount Shasta;CA;California;West
41,10525;-121,20455;Nubieber;CA;California;West
40,68226;-122,02341;Oak Run;CA;California;West
40,68134;-121,45275;Old Station;CA;California;West
40,59047;-122,20537;Palo Cedro;CA;California;West
39,87196;-122,58599;Paskenta;CA;California;West
40,35582;-121,87196;Paynes Creek;CA;California;West
40,37547;-122,92996;Platina;CA;California;West
40,08245;-122,17607;Proberta;CA;California;West
40,16386;-122,39171;Red Bluff;CA;California;West
41,73245;-123,05145;Scott Bar;CA;California;West
41,87407;-123,23012;Seiad Valley;CA;California;West
40,63296;-122,58067;Shasta;CA;California;West
40,50983;-121,88848;Shingletown;CA;California;West
40,00681;-122,12142;Tehama;CA;California;West
41,04567;-122,78053;Trinity Center;CA;California;West
40,63738;-121,87552;Whitmore;CA;California;West
41,76234;-122,65921;Yreka;CA;California;West
41,45803;-120,5043;Alturas;CA;California;West
39,78446;-120,66969;Blairsden Graeagle;CA;California;West
39,82478;-120,1821;Chilcoot;CA;California;West
38,45215;-119,51421;Coleville;CA;California;West
41,77687;-120,42351;Davis Creek;CA;California;West
39,41571;-120,01648;Floriston;CA;California;West
41,8372;-120,09403;Fort Bidwell;CA;California;West
40,18577;-120,14609;Herlong;CA;California;West
41,2603;-120,44841;Likely;CA;California;West
39,64823;-120,25392;Loyalton;CA;California;West
41,03353;-120,55264;Madeline;CA;California;West
38,745;-119,82485;Markleeville;CA;California;West
39,82082;-120,47652;Portola;CA;California;West
40,80392;-120,30799;Ravendale;CA;California;West
39,63918;-120,46194;Calpine;CA;California;West
39,61526;-120,60493;Sierra City;CA;California;West
39,54764;-120,38999;Sierraville;CA;California;West
39,81848;-120,35346;Beckwourth;CA;California;West
40,54992;-120,63064;Susanville;CA;California;West
40,89371;-120,5389;Termo;CA;California;West
38,63181;-119,50423;Topaz;CA;California;West
41,8444;-121,41231;Tulelake;CA;California;West
39,23244;-120,10364;Carnelian Bay;CA;California;West
39,0138;-120,09592;Tahoma;CA;California;West
39,26174;-120,02817;Kings Beach;CA;California;West
39,18203;-120,15143;Tahoe City;CA;California;West
39,22556;-120,23681;Olympic Valley;CA;California;West
39,24978;-120,05767;Tahoe Vista;CA;California;West
38,88971;-120,04409;South Lake Tahoe;CA;California;West
39,34848;-120,22603;Truckee;CA;California;West
21,40368;-157,89875;Aiea;HI;Hawaii;West
22,1349;-159,37152;Anahola;HI;Hawaii;West
19,30612;-155,83884;Captain Cook;HI;Hawaii;West
21,89973;-159,56252;Eleele;HI;Hawaii;West
21,34033;-158,01704;Ewa Beach;HI;Hawaii;West
21,36455;-158,08141;Kapolei;HI;Hawaii;West
20,88083;-156,23763;Haiku;HI;Hawaii;West
19,85516;-155,21784;Hakalau;HI;Hawaii;West
21,626;-158,03534;Haleiwa;HI;Hawaii;West
20,73684;-156,1159;Hana;HI;Hawaii;West
22,15734;-159,54472;Hanalei;HI;Hawaii;West
21,91167;-159,60134;Hanapepe;HI;Hawaii;West
21,55556;-157,89605;Hauula;HI;Hawaii;West
20,24005;-155,83344;Hawi;HI;Hawaii;West
19,67022;-155,21718;Hilo;HI;Hawaii;West
19,61243;-155,8824;Holualoa;HI;Hawaii;West
19,42147;-155,81094;Honaunau;HI;Hawaii;West
20,00803;-155,54842;Honokaa;HI;Hawaii;West
19,85991;-155,13339;Honomu;HI;Hawaii;West
21,17214;-157,11722;Hoolehua;HI;Hawaii;West
21,54615;-157,85112;Kaaawa;HI;Hawaii;West
21,68488;-157,96999;Kahuku;HI;Hawaii;West
20,87593;-156,46092;Kahului;HI;Hawaii;West
21,39002;-157,75387;Kailua;HI;Hawaii;West
19,90341;-155,79392;Waikoloa;HI;Hawaii;West
19,74422;-155,89951;Kailua Kona;HI;Hawaii;West
21,94986;-159,51847;Kalaheo;HI;Hawaii;West
21,17089;-156,94753;Kalaupapa;HI;Hawaii;West
20,02619;-155,72266;Kamuela;HI;Hawaii;West
21,4427;-157,83328;Kaneohe;HI;Hawaii;West
22,09167;-159,34951;Kapaa;HI;Hawaii;West
21,9169;-159,62788;Kaumakani;HI;Hawaii;West
21,1138;-156,8794;Kaunakakai;HI;Hawaii;West
19,61031;-155,00281;Keaau;HI;Hawaii;West
19,52404;-155,91463;Kealakekua;HI;Hawaii;West
22,10668;-159,30516;Kealia;HI;Hawaii;West
22,07823;-159,72077;Kekaha;HI;Hawaii;West
20,7317;-156,43606;Kihei;HI;Hawaii;West
22,18537;-159,40246;Kilauea;HI;Hawaii;West
20,19602;-155,78158;Kapaau;HI;Hawaii;West
21,9085;-159,45368;Koloa;HI;Hawaii;West
21,15536;-156,99513;Kualapuu;HI;Hawaii;West
21,46015;-158,05995;Kunia;HI;Hawaii;West
19,55234;-155,05483;Kurtistown;HI;Hawaii;West
20,90961;-156,62226;Lahaina;HI;Hawaii;West
21,62468;-157,94201;Laie;HI;Hawaii;West
20,83512;-156,92717;Lanai City;HI;Hawaii;West
19,97766;-155,23985;Laupahoehoe;HI;Hawaii;West
21,92608;-159,49831;Lawai;HI;Hawaii;West
22,00556;-159,41931;Lihue;HI;Hawaii;West
20,83231;-156,29787;Makawao;HI;Hawaii;West
21,95501;-159,61655;Makaweli;HI;Hawaii;West
21,13465;-157,20354;Maunaloa;HI;Hawaii;West
19,0683;-155,66077;Naalehu;HI;Hawaii;West
19,90677;-155,25218;Ninole;HI;Hawaii;West
19,96871;-155,31503;Ookala;HI;Hawaii;West
20,00156;-155,38777;Paauilo;HI;Hawaii;West
19,23137;-155,4705;Pahala;HI;Hawaii;West
19,45221;-154,98624;Pahoa;HI;Hawaii;West
20,90534;-156,38208;Paia;HI;Hawaii;West
19,96592;-155,225;Papaaloa;HI;Hawaii;West
19,80066;-155,18194;Papaikou;HI;Hawaii;West
19,84293;-155,1074;Pepeekeo;HI;Hawaii;West
21,53733;-158,02331;Wahiawa;HI;Hawaii;West
21,47823;-157,97264;Mililani;HI;Hawaii;West
20,6975;-156,31121;Kula;HI;Hawaii;West
21,55072;-158,15857;Waialua;HI;Hawaii;West
21,46311;-158,16418;Waianae;HI;Hawaii;West
20,88998;-156,53215;Wailuku;HI;Hawaii;West
21,33934;-157,71643;Waimanalo;HI;Hawaii;West
21,96512;-159,66793;Waimea;HI;Hawaii;West
21,40734;-158,01658;Waipahu;HI;Hawaii;West
-14,21984;-170,37005;Pago Pago;AS;American Samoa;Pacific (Territory)
21,31628;-157,84359;Honolulu;HI;Hawaii;West
21,335;-157,94032;Jbphh;HI;Hawaii;West
21,48798;-158,05293;Schofield Barracks;HI;Hawaii;West
21,34459;-157,88342;Fort Shafter;HI;Hawaii;West
21,35987;-157,88985;Tripler Army Medical Center;HI;Hawaii;West
21,4351;-157,75002;Mcbh Kaneohe Bay;HI;Hawaii;West
13,45472;144,75128;Hagatna;GU;Guam;Pacific (Territory)
13,47825;144,81519;Barrigada;GU;Guam;Pacific (Territory)
13,37526;144,70714;Santa Rita;GU;Guam;Pacific (Territory)
13,26593;144,68915;Merizo;GU;Guam;Pacific (Territory)
13,28469;144,73991;Inarajan;GU;Guam;Pacific (Territory)
13,35626;144,65731;Agat;GU;Guam;Pacific (Territory)
13,56521;144,87637;Yigo;GU;Guam;Pacific (Territory)
15,18888;145,75349;Saipan;MP;Northern Mariana Islands;Pacific (Territory)
14,15733;145,2145;Rota;MP;Northern Mariana Islands;Pacific (Territory)
15,01311;145,63149;Tinian;MP;Northern Mariana Islands;Pacific (Territory)
45,25068;-122,45399;Beavercreek;OR;Oregon;West
45,42409;-122,33962;Boring;OR;Oregon;West
45,61354;-121,87405;Cascade Locks;OR;Oregon;West
45,41477;-122,53767;Clackamas;OR;Oregon;West
46,05573;-123,27032;Clatskanie;OR;Oregon;West
45,494;-122,18885;Corbett;OR;Oregon;West
45,22267;-122,83887;Donald;OR;Oregon;West
45,39048;-121,13425;Dufur;OR;Oregon;West
45,34562;-122,3306;Eagle Creek;OR;Oregon;West
45,19147;-122,20501;Estacada;OR;Oregon;West
45,10409;-122,94251;Gervais;OR;Oregon;West
45,28225;-121,75274;Government Camp;OR;Oregon;West
45,61193;-121,61094;Hood River;OR;Oregon;West
45,4095;-122,68467;Lake Oswego;OR;Oregon;West
45,06567;-121,03141;Maupin;OR;Oregon;West
45,08575;-122,55288;Molalla;OR;Oregon;West
45,62648;-121,38476;Mosier;OR;Oregon;West
45,41655;-121,59617;Mount Hood Parkdale;OR;Oregon;West
45,20679;-122,53247;Mulino;OR;Oregon;West
45,32834;-122,53058;Oregon City;OR;Oregon;West
46,03905;-122,99483;Rainier;OR;Oregon;West
45,35931;-121,86829;Rhododendron;OR;Oregon;West
45,68256;-120,7727;Rufus;OR;Oregon;West
45,88902;-122,92011;Saint Helens;OR;Oregon;West
45,95406;-122,92995;Deer Island;OR;Oregon;West
45,78935;-122,96941;Scappoose;OR;Oregon;West
45,00422;-120,7516;Shaniko;OR;Oregon;West
45,54239;-121,15447;The Dalles;OR;Oregon;West
45,36821;-122,76169;Tualatin;OR;Oregon;West
45,22319;-121,28306;Tygh Valley;OR;Oregon;West
45,87276;-123,2309;Vernonia;OR;Oregon;West
45,31302;-121,97733;Welches;OR;Oregon;West
45,35195;-122,66876;West Linn;OR;Oregon;West
45,44531;-122,52793;Happy Valley;OR;Oregon;West
45,7934;-123,94793;Arch Cape;OR;Oregon;West
45,89186;-123,95128;Cannon Beach;OR;Oregon;West
45,62189;-123,31132;Gales Creek;OR;Oregon;West
45,55697;-123,91619;Garibaldi;OR;Oregon;West
45,17331;-123,8164;Hebo;OR;Oregon;West
45,71592;-123,93318;Manzanita;OR;Oregon;West
45,71495;-123,8107;Nehalem;OR;Oregon;West
45,32272;-122,98854;Newberg;OR;Oregon;West
45,68719;-123,02861;North Plains;OR;Oregon;West
45,18749;-123,95494;Pacific City;OR;Oregon;West
45,47142;-123,73791;Tillamook;OR;Oregon;West
45,74349;-123,30305;Timber;OR;Oregon;West
45,84357;-123,9516;Tolovana Park;OR;Oregon;West
45,35988;-123,26553;Yamhill;OR;Oregon;West
45,09957;-123,94455;Neskowin;OR;Oregon;West
44,34345;-123,63042;Alsea;OR;Oregon;West
44,83141;-122,85195;Aumsville;OR;Oregon;West
44,3956;-122,33698;Cascadia;OR;Oregon;West
44,81525;-124,04513;Depoe Bay;OR;Oregon;West
45,07836;-123,65943;Grand Ronde;OR;Oregon;West
44,64786;-121,96146;Idanha;OR;Oregon;West
44,73934;-123,81592;Logsden;OR;Oregon;West
44,7515;-122,48529;Mill City;OR;Oregon;West
45,06903;-122,7692;Mount Angel;OR;Oregon;West
44,99889;-123,98703;Neotsu;OR;Oregon;West
44,58288;-124,04748;South Beach;OR;Oregon;West
44,76015;-124,05676;Otter Rock;OR;Oregon;West
44,57901;-123,46907;Philomath;OR;Oregon;West
44,98985;-123,1994;Rickreall;OR;Oregon;West
44,97922;-122,6021;Scotts Mills;OR;Oregon;West
44,50854;-123,9768;Seal Rock;OR;Oregon;West
44,46403;-123,10156;Shedd;OR;Oregon;West
44,77268;-123,94202;Siletz;OR;Oregon;West
44,80014;-122,71836;Stayton;OR;Oregon;West
44,79109;-122,62007;Mehama;OR;Oregon;West
44,86633;-122,72924;Sublimity;OR;Oregon;West
44,87418;-124,01169;Gleneden Beach;OR;Oregon;West
44,53269;-123,09028;Tangent;OR;Oregon;West
44,33781;-123,85717;Tidewater;OR;Oregon;West
44,40607;-124,00258;Waldport;OR;Oregon;West
45,11528;-123,5275;Willamina;OR;Oregon;West
42,62638;-123,99867;Agness;OR;Oregon;West
42,80159;-123,11931;Azalea;OR;Oregon;West
43,07557;-124,3624;Bandon;OR;Oregon;West
44,19625;-123,56106;Blachly;OR;Oregon;West
42,96653;-124,15026;Broadbent;OR;Oregon;West
43,03524;-123,69123;Camas Valley;OR;Oregon;West
42,94014;-123,21802;Canyonville;OR;Oregon;West
43,34839;-124,10825;Coos Bay;OR;Oregon;West
43,19137;-124,17177;Coquille;OR;Oregon;West
42,96778;-123,05442;Days Creek;OR;Oregon;West
43,66553;-122,78211;Dorena;OR;Oregon;West
43,7016;-123,33839;Drain;OR;Oregon;West
43,25014;-123,00255;Glide;OR;Oregon;West
42,44453;-124,33223;Gold Beach;OR;Oregon;West
43,28409;-122,49807;Idleyld Park;OR;Oregon;West
42,91026;-124,37398;Langlois;OR;Oregon;West
43,83998;-123,31383;Lorane;OR;Oregon;West
44,21806;-122,8191;Marcola;OR;Oregon;West
43,05484;-123,2229;Myrtle Creek;OR;Oregon;West
43,06372;-124,01287;Myrtle Point;OR;Oregon;West
44,09789;-123,48993;Noti;OR;Oregon;West
43,73951;-122,40591;Oakridge;OR;Oregon;West
42,7376;-124,3795;Port Orford;OR;Oregon;West
43,73557;-123,90442;Reedsport;OR;Oregon;West
42,91994;-123,41459;Riddle;OR;Oregon;West
43,23288;-123,23111;Roseburg;OR;Oregon;West
42,84075;-124,43806;Sixes;OR;Oregon;West
44,1303;-123,83213;Swisshome;OR;Oregon;West
43,11376;-123,55237;Tenmile;OR;Oregon;West
42,93373;-122,84585;Tiller;OR;Oregon;West
43,37778;-123,5351;Umpqua;OR;Oregon;West
43,99441;-123,39303;Veneta;OR;Oregon;West
44,10986;-122,61962;Walterville;OR;Oregon;West
43,77168;-122,49868;Westfir;OR;Oregon;West
43,33059;-123,32779;Wilbur;OR;Oregon;West
44,27728;-124,01901;Yachats;OR;Oregon;West
43,59495;-123,23356;Yoncalla;OR;Oregon;West
42,40927;-122,94718;Central Point;OR;Oregon;West
42,56594;-122,46886;Butte Falls;OR;Oregon;West
42,11349;-123,62961;Cave Junction;OR;Oregon;West
42,46271;-122,66327;Eagle Point;OR;Oregon;West
42,51275;-123,33964;Grants Pass;OR;Oregon;West
42,20739;-123,64391;Kerby;OR;Oregon;West
42,56142;-123,58586;Merlin;OR;Oregon;West
42,55041;-123,13357;Rogue River;OR;Oregon;West
42,59999;-122,79024;Shady Cove;OR;Oregon;West
42,18615;-122,80027;Talent;OR;Oregon;West
42,37724;-123,56031;Wilderville;OR;Oregon;West
42,44404;-122,06741;Klamath Falls;OR;Oregon;West
42,97778;-122,20674;Crater Lake;OR;Oregon;West
42,39667;-121,01032;Bly;OR;Oregon;West
42,72121;-121,69415;Chiloquin;OR;Oregon;West
42,31507;-121,58402;Dairy;OR;Oregon;West
42,72488;-122,02011;Fort Klamath;OR;Oregon;West
42,08036;-122,05796;Keno;OR;Oregon;West
42,04175;-121,40597;Malin;OR;Oregon;West
41,93173;-120,29974;New Pine Creek;OR;Oregon;West
42,46142;-119,92486;Plush;OR;Oregon;West
42,43435;-121,49845;Sprague River;OR;Oregon;West
42,90742;-120,65381;Summer Lake;OR;Oregon;West
43,28742;-120,53809;Christmas Valley;OR;Oregon;West
42,15095;-118,53902;Fields;OR;Oregon;West
44,7239;-120,63489;Ashwood;OR;Oregon;West
43,77825;-120,42866;Brothers;OR;Oregon;West
44,52265;-121,64535;Camp Sherman;OR;Oregon;West
43,1315;-121,92089;Chemult;OR;Oregon;West
43,39014;-120,99224;Fort Rock;OR;Oregon;West
42,66655;-118,92058;Frenchglen;OR;Oregon;West
43,67259;-121,48693;La Pine;OR;Oregon;West
44,65771;-121,04291;Madras;OR;Oregon;West
44,22625;-120,99996;Powell Butte;OR;Oregon;West
44,13577;-120,52848;Prineville;OR;Oregon;West
44,44428;-121,76823;Sisters;OR;Oregon;West
44,38662;-121,23323;Terrebonne;OR;Oregon;West
45,85305;-118,52802;Athena;OR;Oregon;West
44,80075;-117,77034;Baker City;OR;Oregon;West
44,6555;-118,60816;Bates;OR;Oregon;West
45,7567;-119,78444;Boardman;OR;Oregon;West
44,16327;-119,21436;Canyon City;OR;Oregon;West
44,9779;-120,17165;Fossil;OR;Oregon;West
44,93471;-118,05951;Haines;OR;Oregon;West
44,97251;-117,20509;Halfway;OR;Oregon;West
45,8992;-118,772;Helix;OR;Oregon;West
45,29166;-119,50144;Heppner;OR;Oregon;West
45,85266;-119,28878;Hermiston;OR;Oregon;West
45,46823;-117,94035;Imbler;OR;Oregon;West
45,57223;-116,82384;Imnaha;OR;Oregon;West
45,87867;-119,54676;Irrigon;OR;Oregon;West
44,41445;-118,90372;John Day;OR;Oregon;West
45,30689;-118,13265;La Grande;OR;Oregon;West
45,37273;-117,50418;Lostine;OR;Oregon;West
45,5258;-118,43209;Meacham;OR;Oregon;West
45,92712;-118,31797;Milton Freewater;OR;Oregon;West
45,0627;-117,997;North Powder;OR;Oregon;West
45,40815;-118,86964;Pilot Rock;OR;Oregon;West
44,75783;-119,84828;Spray;OR;Oregon;West
44,80662;-118,38766;Sumpter;OR;Oregon;West
45,65073;-117,50972;Wallowa;OR;Oregon;West
42,91332;-117,49412;Arock;OR;Oregon;West
44,27772;-117,59775;Brogan;OR;Oregon;West
43,89136;-118,50581;Drewsey;OR;Oregon;West
44,58183;-117,4654;Durkee;OR;Oregon;West
44,25679;-117,94828;Ironside;OR;Oregon;West
44,21096;-117,37909;Jamieson;OR;Oregon;West
42,85733;-117,50909;Jordan Valley;OR;Oregon;West
43,85547;-118,02605;Juntura;OR;Oregon;West
43,64688;-117,28131;Nyssa;OR;Oregon;West
44,06595;-117,75997;Westfall;OR;Oregon;West
47,30596;-122,31465;Federal Way;WA;Washington;West
47,31173;-122,00326;Black Diamond;WA;Washington;West
47,75736;-122,19871;Bothell;WA;Washington;West
47,69664;-121,84024;Carnation;WA;Washington;West
47,74083;-121,93494;Duvall;WA;Washington;West
47,80015;-122,37267;Edmonds;WA;Washington;West
47,1714;-121,67958;Enumclaw;WA;Washington;West
47,57301;-121,90219;Fall City;WA;Washington;West
47,50387;-122,00176;Issaquah;WA;Washington;West
47,75162;-122,24892;Kenmore;WA;Washington;West
47,81094;-122,28155;Lynnwood;WA;Washington;West
47,41861;-121,95589;Maple Valley;WA;Washington;West
47,56611;-122,232;Mercer Island;WA;Washington;West
47,7921;-122,30758;Mountlake Terrace;WA;Washington;West
47,3396;-121,89049;Ravensdale;WA;Washington;West
47,44775;-122,20205;Renton;WA;Washington;West
47,59234;-121,78931;Snoqualmie;WA;Washington;West
47,45154;-121,35795;Snoqualmie Pass;WA;Washington;West
47,41219;-122,4726;Vashon;WA;Washington;West
47,76151;-122,13153;Woodinville;WA;Washington;West
47,62206;-122,04437;Sammamish;WA;Washington;West
47,61119;-122,33454;Seattle;WA;Washington;West
47,64389;-122,54335;Bainbridge Island;WA;Washington;West
48,50401;-122,65435;Anacortes;WA;Washington;West
48,56085;-122,80263;Blakely Island;WA;Washington;West
48,53272;-121,69748;Concrete;WA;Washington;West
48,18926;-122,65756;Coupeville;WA;Washington;West
48,21425;-121,33219;Darrington;WA;Washington;West
48,61512;-122,99882;Deer Harbor;WA;Washington;West
48,66241;-122,91616;Eastsound;WA;Washington;West
48,55264;-123,09631;Friday Harbor;WA;Washington;West
47,89812;-121,55752;Gold Bar;WA;Washington;West
48,079;-122,57568;Greenbank;WA;Washington;West
47,82883;-121,41464;Index;WA;Washington;West
48,415;-122,50879;La Conner;WA;Washington;West
48,03252;-122,07762;Lake Stevens;WA;Washington;West
48,48381;-122,88302;Lopez Island;WA;Washington;West
48,69317;-122,66406;Lummi Island;WA;Washington;West
48,94972;-122,45672;Lynden;WA;Washington;West
48,9576;-122,06189;Maple Falls;WA;Washington;West
48,43756;-121,30841;Marblemount;WA;Washington;West
47,90994;-122,30113;Mukilteo;WA;Washington;West
48,92765;-122,32096;Nooksack;WA;Washington;West
48,64474;-122,80602;Olga;WA;Washington;West
48,60866;-122,90554;Orcas;WA;Washington;West
48,98817;-123,05767;Point Roberts;WA;Washington;West
48,18719;-122,46966;Camano Island;WA;Washington;West
48,55211;-122,11763;Sedro Woolley;WA;Washington;West
48,57262;-122,95712;Shaw Island;WA;Washington;West
47,65204;-121,3574;Skykomish;WA;Washington;West
47,95141;-121,98421;Snohomish;WA;Washington;West
47,84431;-121,75822;Sultan;WA;Washington;West
48,97163;-122,2213;Sumas;WA;Washington;West
47,15783;-122,70387;Anderson Island;WA;Washington;West
47,58939;-122,6175;Bremerton;WA;Washington;West
47,69861;-123,01742;Brinnon;WA;Washington;West
46,98059;-122,006;Carbonado;WA;Washington;West
47,96093;-122,77911;Chimacum;WA;Washington;West
48,17364;-124,45278;Clallam Bay;WA;Washington;West
46,86055;-122,17227;Eatonville;WA;Washington;West
47,37731;-122,72523;Gig Harbor;WA;Washington;West
46,75874;-122,15894;Elbe;WA;Washington;West
47,77292;-124,1273;Forks;WA;Washington;West
47,24771;-122,62561;Fox Island;WA;Washington;West
46,56382;-122,10939;Glenoma;WA;Washington;West
48,02991;-122,74364;Port Hadlock;WA;Washington;West
47,90622;-122,56406;Hansville;WA;Washington;West
47,26583;-122,77366;Lakebay;WA;Washington;West
47,90683;-124,62509;La Push;WA;Washington;West
47,20353;-122,76773;Longbranch;WA;Washington;West
48,33188;-124,62816;Neah Bay;WA;Washington;West
48,05796;-122,70008;Nordland;WA;Washington;West
47,43047;-122,57631;Olalla;WA;Washington;West
47,03246;-122,1575;Orting;WA;Washington;West
48,01639;-123,31951;Port Angeles;WA;Washington;West
47,85455;-122,58638;Port Gamble;WA;Washington;West
47,89545;-122,70271;Port Ludlow;WA;Washington;West
47,53732;-122,58647;Port Orchard;WA;Washington;West
48,03879;-122,84406;Port Townsend;WA;Washington;West
47,75114;-122,62373;Poulsbo;WA;Washington;West
47,19957;-122,32191;Puyallup;WA;Washington;West
47,8455;-122,85916;Quilcene;WA;Washington;West
46,50586;-121,81912;Randle;WA;Washington;West
47,5743;-122,90287;Seabeck;WA;Washington;West
48,28863;-124,45681;Sekiu;WA;Washington;West
48,0131;-123,07437;Sequim;WA;Washington;West
47,13791;-122,09469;South Prairie;WA;Washington;West
47,0562;-122,39111;Spanaway;WA;Washington;West
47,19892;-122,66268;Steilacoom;WA;Washington;West
47,17654;-122,17362;Bonney Lake;WA;Washington;West
47,73425;-122,5631;Suquamish;WA;Washington;West
47,10669;-122,01052;Wilkeson;WA;Washington;West
47,25021;-122,44056;Tacoma;WA;Washington;West
47,2343;-122,3523;Fife;WA;Washington;West
47,11733;-122,56896;Camp Murray;WA;Washington;West
47,13514;-122,49211;Mcchord Afb;WA;Washington;West
47,2038;-122,5447;University Place;WA;Washington;West
47,02528;-122,799;Lacey;WA;Washington;West
47,36703;-122,84548;Allyn;WA;Washington;West
47,47749;-123,99227;Amanda Park;WA;Washington;West
46,58917;-123,90939;Bay Center;WA;Washington;West
47,44605;-122,89618;Belfair;WA;Washington;West
46,80519;-122,86804;Bucoda;WA;Washington;West
46,63628;-123,03444;Chehalis;WA;Washington;West
46,67304;-122,43115;Cinebar;WA;Washington;West
47,0994;-124,11973;Copalis Beach;WA;Washington;West
47,18939;-124,111;Copalis Crossing;WA;Washington;West
46,81719;-123,59768;Cosmopolis;WA;Washington;West
46,63772;-123,27315;Doty;WA;Washington;West
46,73912;-123,02712;Galvin;WA;Washington;West
47,32439;-122,92362;Grapeview;WA;Washington;West
46,78622;-124,01956;Grayland;WA;Washington;West
47,47064;-123,29273;Hoodsport;WA;Washington;West
47,14081;-123,90122;Hoquiam;WA;Washington;West
47,3136;-123,9444;Humptulips;WA;Washington;West
47,54634;-123,06369;Lilliwaup;WA;Washington;West
47,04332;-123,2681;Mccleary;WA;Washington;West
46,93579;-122,55998;Mckenna;WA;Washington;West
47,23877;-124,20336;Moclips;WA;Washington;West
47,2064;-123,60824;Montesano;WA;Washington;West
46,45666;-122,43627;Mossyrock;WA;Washington;West
46,57838;-122,90693;Napavine;WA;Washington;West
47,39616;-123,95976;Neilton;WA;Washington;West
47,00206;-124,15479;Ocean Shores;WA;Washington;West
47,20356;-124,19532;Pacific Beach;WA;Washington;West
46,55256;-123,32429;Pe Ell;WA;Washington;West
47,43607;-123,79848;Quinault;WA;Washington;West
46,35875;-123,06865;Ryderwood;WA;Washington;West
46,51686;-122,62693;Salkum;WA;Washington;West
47,00122;-123,4875;Satsop;WA;Washington;West
47,32039;-124,1562;Taholah;WA;Washington;West
47,43555;-123,02261;Tahuya;WA;Washington;West
46,84133;-122,82087;Tenino;WA;Washington;West
46,71882;-124,00272;Tokeland;WA;Washington;West
46,40767;-123,00807;Vader;WA;Washington;West
46,49556;-122,95364;Winlock;WA;Washington;West
46,85241;-122,49212;Yelm;WA;Washington;West
46,04223;-122,42001;Ariel;WA;Washington;West
45,77846;-121,6393;Bingen;WA;Washington;West
45,72921;-122,45615;Brush Prairie;WA;Washington;West
45,64395;-122,38242;Camas;WA;Washington;West
46,0717;-122,86569;Carrolls;WA;Washington;West
46,23462;-123,31194;Cathlamet;WA;Washington;West
46,06227;-122,14599;Cougar;WA;Washington;West
45,64283;-121,14229;Dallesport;WA;Washington;West
45,87096;-120,77846;Goldendale;WA;Washington;West
46,4006;-123,54428;Grays River;WA;Washington;West
45,79956;-121,49347;Husum;WA;Washington;West
46,3578;-123,94094;Ilwaco;WA;Washington;West
46,10871;-122,56093;Kalama;WA;Washington;West
45,85015;-121,09887;Klickitat;WA;Washington;West
46,4047;-123,73588;Naselle;WA;Washington;West
45,64364;-121,96288;North Bonneville;WA;Washington;West
46,56484;-124,03932;Oysterville;WA;Washington;West
46,30326;-123,62117;Rosburg;WA;Washington;West
46,32861;-124,04009;Seaview;WA;Washington;West
46,32509;-122,77993;Silverlake;WA;Washington;West
46,32137;-123,4354;Skamokawa;WA;Washington;West
46,31504;-122,53415;Toutle;WA;Washington;West
45,6866;-122,73152;Vancouver;WA;Washington;West
45,86372;-121,14599;Wahkiacus;WA;Washington;West
45,61143;-122,24955;Washougal;WA;Washington;West
45,81269;-121,47393;White Salmon;WA;Washington;West
45,67367;-120,98129;Wishram;WA;Washington;West
45,86349;-122,33104;Yacolt;WA;Washington;West
47,43183;-120,34356;Wenatchee;WA;Washington;West
47,49308;-120,16493;East Wenatchee;WA;Washington;West
47,73425;-120,37379;Ardenvoir;WA;Washington;West
47,52893;-120,48459;Cashmere;WA;Washington;West
48,0229;-120,34361;Chelan;WA;Washington;West
47,79049;-119,99588;Chelan Falls;WA;Washington;West
48,59797;-119,82327;Conconully;WA;Washington;West
47,86509;-120,47694;Entiat;WA;Washington;West
48,31103;-119,80822;Malott;WA;Washington;West
48,77199;-120,49447;Mazama;WA;Washington;West
48,11712;-120,08935;Methow;WA;Washington;West
47,47615;-120,42909;Monitor;WA;Washington;West
47,14809;-119,3163;Moses Lake;WA;Washington;West
48,27395;-119,51838;Okanogan;WA;Washington;West
48,37602;-119,29817;Omak;WA;Washington;West
47,73688;-120,08618;Orondo;WA;Washington;West
48,03481;-119,97528;Pateros;WA;Washington;West
47,42236;-120,62152;Peshastin;WA;Washington;West
47,42002;-119,43462;Soap Lake;WA;Washington;West
48,32169;-120,63881;Stehekin;WA;Washington;West
48,67641;-119,25634;Tonasket;WA;Washington;West
48,37065;-120,22762;Twisp;WA;Washington;West
46,98656;-119,03698;Warden;WA;Washington;West
47,46899;-119,12391;Wilson Creek;WA;Washington;West
46,66935;-120,33816;Yakima;WA;Washington;West
47,25056;-120,8821;Cle Elum;WA;Washington;West
46,66608;-120,71723;Cowiche;WA;Washington;West
46,99054;-120,34902;Ellensburg;WA;Washington;West
46,98067;-120,41941;Kittitas;WA;Washington;West
46,13417;-120,06877;Mabton;WA;Washington;West
46,53597;-120,15391;Moxee;WA;Washington;West
46,77523;-121,17808;Naches;WA;Washington;West
47,39682;-121,06683;Ronald;WA;Washington;West
46,80322;-120,67454;Selah;WA;Washington;West
47,18461;-120,96089;South Cle Elum;WA;Washington;West
46,68759;-120,80916;Tieton;WA;Washington;West
46,23067;-120,37168;Toppenish;WA;Washington;West
46,84642;-119,9877;Vantage;WA;Washington;West
46,46046;-120,51551;Wapato;WA;Washington;West
46,34991;-120,81561;White Swan;WA;Washington;West
46,44149;-120,23284;Zillah;WA;Washington;West
47,63874;-117,58582;Airway Heights;WA;Washington;West
47,50449;-117,93533;Edwall;WA;Washington;West
47,61867;-117,64839;Fairchild Air Force Base;WA;Washington;West
47,56111;-117,59666;Four Lakes;WA;Washington;West
47,6217;-117,14623;Greenacres;WA;Washington;West
47,2917;-117,15212;Latah;WA;Washington;West
47,64222;-117,07688;Liberty Lake;WA;Washington;West
47,60084;-117,70869;Medical Lake;WA;Washington;West
47,56474;-117,14466;Mica;WA;Washington;West
47,78963;-117,08751;Newman Lake;WA;Washington;West
47,80375;-117,625;Nine Mile Falls;WA;Washington;West
47,71107;-117,12795;Otis Orchards;WA;Washington;West
47,70639;-117,82406;Reardan;WA;Washington;West
47,41973;-117,35991;Spangle;WA;Washington;West
47,23061;-117,09782;Tekoa;WA;Washington;West
47,8862;-117,76245;Tumtum;WA;Washington;West
47,52005;-117,27197;Valleyford;WA;Washington;West
47,63734;-117,19756;Veradale;WA;Washington;West
47,90355;-117,99885;Wellpinit;WA;Washington;West
48,31889;-117,9483;Addy;WA;Washington;West
47,73041;-118,93171;Almira;WA;Washington;West
46,9213;-118,08264;Benge;WA;Washington;West
48,29787;-117,69852;Chewelah;WA;Washington;West
48,66067;-117,74333;Colville;WA;Washington;West
47,67326;-119,38965;Coulee City;WA;Washington;West
48,01429;-118,93063;Coulee Dam;WA;Washington;West
48,50946;-117,29994;Cusick;WA;Washington;West
47,89738;-119,04017;Electric City;WA;Washington;West
48,00284;-118,95243;Elmer City;WA;Washington;West
48,0067;-119,10613;Grand Coulee;WA;Washington;West
47,65658;-119,09608;Hartline;WA;Washington;West
46,6747;-117,94889;Hay;WA;Washington;West
48,1659;-118,09992;Hunters;WA;Washington;West
48,23093;-118,38876;Inchelium;WA;Washington;West
48,72571;-118,17509;Kettle Falls;WA;Washington;West
46,74627;-117,85869;Lacrosse;WA;Washington;West
47,3681;-118,49041;Lamona;WA;Washington;West
48,95766;-118,29768;Laurier;WA;Washington;West
48,10874;-117,57514;Loon Lake;WA;Washington;West
48,80622;-118,61071;Malo;WA;Washington;West
48,85066;-117,39748;Metaline;WA;Washington;West
48,90951;-117,25229;Metaline Falls;WA;Washington;West
47,39132;-118,35576;Mohler;WA;Washington;West
48,27737;-118,9618;Nespelem;WA;Washington;West
47,13305;-117,24008;Oakesdale;WA;Washington;West
46,89496;-117,13169;Palouse;WA;Washington;West
47,11875;-118,37424;Ritzville;WA;Washington;West
47,00719;-117,35682;Steptoe;WA;Washington;West
48,30925;-117,30663;Usk;WA;Washington;West
46,39184;-118,93509;Pasco;WA;Washington;West
45,93176;-120,14083;Bickleton;WA;Washington;West
46,04376;-118,38542;College Place;WA;Washington;West
46,66705;-118,83769;Connell;WA;Washington;West
46,49447;-119,03021;Eltopia;WA;Washington;West
46,65544;-118,47686;Kahlotus;WA;Washington;West
46,21302;-119,17954;Kennewick;WA;Washington;West
46,90663;-118,64224;Lind;WA;Washington;West
46,82223;-119,17221;Othello;WA;Washington;West
46,73078;-119,6996;Mattawa;WA;Washington;West
46,14477;-119,70944;Prosser;WA;Washington;West
46,31747;-119,37942;West Richland;WA;Washington;West
46,89295;-119,67902;Royal City;WA;Washington;West
46,09044;-118,66745;Touchet;WA;Washington;West
46,23691;-118,14333;Waitsburg;WA;Washington;West
46,08727;-118,31269;Walla Walla;WA;Washington;West
46,04821;-118,89575;Wallula;WA;Washington;West
46,79144;-118,30614;Washtucna;WA;Washington;West
46,09041;-117,27336;Anatone;WA;Washington;West
46,1868;-117,14922;Asotin;WA;Washington;West
61,22005;-149,85872;Anchorage;AK;Alaska;West
61,27512;-149,65197;Jber;AK;Alaska;West
61,01464;-149,36859;Indian;AK;Alaska;West
51,88145;-176,62962;Adak;AK;Alaska;West
52,22888;-174,20613;Atka;AK;Alaska;West
56,25468;-158,76004;Chignik Lake;AK;Alaska;West
56,94253;-158,60474;Port Heiden;AK;Alaska;West
57,8758;-152,8737;Port Lions;AK;Alaska;West
60,92101;-161,40212;Akiachak;AK;Alaska;West
60,90614;-161,21223;Akiak;AK;Alaska;West
54,1475;-165,83687;Akutan;AK;Alaska;West
62,69018;-164,63054;Alakanuk;AK;Alaska;West
59,28859;-158,67996;Aleknagik;AK;Alaska;West
59,82955;-151,64298;Anchor Point;AK;Alaska;West
61,44142;-155,90217;Aniak;AK;Alaska;West
62,65411;-160,21396;Anvik;AK;Alaska;West
60,15504;-164,25495;Chefornak;AK;Alaska;West
61,55009;-165,35813;Chevak;AK;Alaska;West
56,30032;-158,41315;Chignik;AK;Alaska;West
56,30415;-158,50039;Chignik Lagoon;AK;Alaska;West
61,28176;-142,79338;Chitina;AK;Alaska;West
61,26625;-148,86933;Chugiak;AK;Alaska;West
60,24952;-150,38501;Clam Gulch;AK;Alaska;West
58,81714;-158,52914;Clarks Point;AK;Alaska;West
55,29661;-162,58634;Cold Bay;AK;Alaska;West
60,49348;-150,0567;Cooper Landing;AK;Alaska;West
61,60036;-145,92446;Copper Center;AK;Alaska;West
61,84391;-158,10825;Crooked Creek;AK;Alaska;West
59,77339;-158,69309;Dillingham;AK;Alaska;West
60,21644;-162,03311;Eek;AK;Alaska;West
58,21813;-157,40364;Egegik;AK;Alaska;West
59,34619;-157,48607;Ekwok;AK;Alaska;West
62,82476;-164,68692;Emmonak;AK;Alaska;West
54,84305;-163,39945;False Pass;AK;Alaska;West
62,67463;-144,13884;Gakona;AK;Alaska;West
60,9103;-148,84466;Girdwood;AK;Alaska;West
62,42192;-146,4813;Glennallen;AK;Alaska;West
59,21186;-161,70123;Goodnews Bay;AK;Alaska;West
56,58075;-169,61599;Saint George Island;AK;Alaska;West
61,52613;-166,11458;Hooper Bay;AK;Alaska;West
59,66803;-154,83362;Iliamna;AK;Alaska;West
61,5416;-160,3337;Kalskag;AK;Alaska;West
57,58454;-154,32545;Karluk;AK;Alaska;West
60,87848;-162,52725;Kasigluk;AK;Alaska;West
60,29172;-151,27167;Kasilof;AK;Alaska;West
60,74777;-150,89;Kenai;AK;Alaska;West
55,08587;-162,2978;King Cove;AK;Alaska;West
59,13496;-155,42696;King Salmon;AK;Alaska;West
59,9373;-164,06158;Kipnuk;AK;Alaska;West
57,57705;-153,39119;Kodiak;AK;Alaska;West
63,03047;-163,553;Kotlik;AK;Alaska;West
60,79781;-161,41469;Kwethluk;AK;Alaska;West
59,87667;-163,17154;Kwigillingok;AK;Alaska;West
61,42919;-149,91226;Wasilla;AK;Alaska;West
57,44866;-153,85811;Larsen Bay;AK;Alaska;West
59,0683;-156,90093;Levelock;AK;Alaska;West
61,51633;-160,35564;Lower Kalskag;AK;Alaska;West
58,9033;-158,90867;Manokotak;AK;Alaska;West
60,37041;-166,2672;Mekoryuk;AK;Alaska;West
60,60673;-149,58071;Moose Pass;AK;Alaska;West
62,11232;-163,66455;Mountain Village;AK;Alaska;West
58,78297;-156,8984;Naknek;AK;Alaska;West
60,68682;-162,00737;Napakiak;AK;Alaska;West
60,8062;-152,67734;Nikiski;AK;Alaska;West
59,47618;-157,27099;New Stuyahok;AK;Alaska;West
60,5333;-165,1557;Toksook Bay;AK;Alaska;West
53,01329;-168,75359;Nikolski;AK;Alaska;West
59,99602;-151,36177;Ninilchik;AK;Alaska;West
60,29813;-155,40518;Nondalton;AK;Alaska;West
60,87722;-162,46152;Nunapitchuk;AK;Alaska;West
57,21669;-153,32658;Old Harbor;AK;Alaska;West
57,92512;-152,4231;Ouzinkie;AK;Alaska;West
59,86411;-154,01511;Pedro Bay;AK;Alaska;West
61,94255;-162,88467;Pilot Station;AK;Alaska;West
58,97803;-161,71853;Platinum;AK;Alaska;West
60,16884;-154,32328;Port Alsworth;AK;Alaska;West
59,74903;-161,89437;Quinhagak;AK;Alaska;West
61,86309;-157,41759;Red Devil;AK;Alaska;West
61,78916;-161,42698;Russian Mission;AK;Alaska;West
57,17993;-170,27914;Saint Paul Island;AK;Alaska;West
55,27131;-160,67431;Sand Point;AK;Alaska;West
61,84197;-165,58329;Scammon Bay;AK;Alaska;West
59,39488;-151,62729;Seldovia;AK;Alaska;West
62,66843;-159,56298;Shageluk;AK;Alaska;West
62,45498;-165,09492;Nunam Iqua;AK;Alaska;West
61,85447;-151,82056;Skwentna;AK;Alaska;West
61,65158;-157,12508;Sleetmute;AK;Alaska;West
60,41497;-151,00207;Soldotna;AK;Alaska;West
58,66541;-156,98831;South Naknek;AK;Alaska;West
63,47048;-162,25993;Stebbins;AK;Alaska;West
62,98268;-156,08383;Takotna;AK;Alaska;West
62,49792;-149,65848;Talkeetna;AK;Alaska;West
60,89217;-146,67249;Tatitlek;AK;Alaska;West
59,20738;-160,52622;Togiak;AK;Alaska;West
61,10509;-160,94865;Tuluksak;AK;Alaska;West
60,34447;-162,66367;Tuntutuliak;AK;Alaska;West
60,57902;-165,20767;Tununak;AK;Alaska;West
61,17145;-151,16797;Tyonek;AK;Alaska;West
62,45165;-150,425;Trapper Creek;AK;Alaska;West
64,09938;-160,32776;Unalakleet;AK;Alaska;West
53,87869;-166,47125;Unalaska;AK;Alaska;West
59,51819;-139,4869;Yakutat;AK;Alaska;West
60,48738;-164,81953;Nightmute;AK;Alaska;West
62,74385;-153,84293;Nikolai;AK;Alaska;West
53,88393;-166,54498;Dutch Harbor;AK;Alaska;West
64,64835;-147,03879;Eielson Afb;AK;Alaska;West
64,83542;-147,62612;Fort Wainwright;AK;Alaska;West
64,29023;-149,20423;Clear;AK;Alaska;West
64,77356;-147,27055;North Pole;AK;Alaska;West
64,4368;-146,69689;Salcha;AK;Alaska;West
66,56395;-152,76395;Allakaket;AK;Alaska;West
68,14999;-151,71616;Anaktuvuk Pass;AK;Alaska;West
68,14208;-145,49557;Arctic Village;AK;Alaska;West
71,27434;-156,75394;Barrow;AK;Alaska;West
64,8612;-148,02387;Ester;AK;Alaska;West
66,73615;-151,47757;Bettles Field;AK;Alaska;West
63,22686;-148,10122;Cantwell;AK;Alaska;West
64,07945;-141,97039;Chicken;AK;Alaska;West
70,36201;-149,0021;Prudhoe Bay;AK;Alaska;West
63,62717;-145,07539;Delta Junction;AK;Alaska;West
64,97626;-162,8397;Elim;AK;Alaska;West
67,70759;-143,95132;Fort Yukon;AK;Alaska;West
63,75375;-171,68811;Gambell;AK;Alaska;West
65,70013;-156,33856;Huslia;AK;Alaska;West
70,11882;-143,67029;Kaktovik;AK;Alaska;West
64,32229;-158,74356;Kaltag;AK;Alaska;West
66,9786;-160,43178;Kiana;AK;Alaska;West
67,73299;-164,52122;Kivalina;AK;Alaska;West
66,93103;-156,89386;Kobuk;AK;Alaska;West
67,29316;-161,91744;Kotzebue;AK;Alaska;West
64,94112;-161,14536;Koyuk;AK;Alaska;West
64,9008;-157,69462;Koyukuk;AK;Alaska;West
63,68849;-148,88742;Denali National Park;AK;Alaska;West
64,93645;-150,66654;Manley Hot Springs;AK;Alaska;West
63,83208;-152,49481;Lake Minchumina;AK;Alaska;West
69,73723;-162,83741;Point Lay;AK;Alaska;West
64,37035;-149,17513;Nenana;AK;Alaska;West
67,6004;-163,03459;Noatak;AK;Alaska;West
66,82801;-161,03735;Noorvik;AK;Alaska;West
62,76664;-141,67447;Northway;AK;Alaska;West
64,73066;-158,13108;Nulato;AK;Alaska;West
68,29104;-166,04257;Point Hope;AK;Alaska;West
65,49664;-150,14393;Rampart;AK;Alaska;West
63,67965;-170,48309;Savoonga;AK;Alaska;West
66,60708;-160,07136;Selawik;AK;Alaska;West
64,35764;-161,1989;Shaktoolik;AK;Alaska;West
65,94811;-165,80122;Shishmaref;AK;Alaska;West
66,88053;-157,14993;Shungnak;AK;Alaska;West
66,0232;-149,07982;Stevens Village;AK;Alaska;West
63,35232;-143,43181;Tanacross;AK;Alaska;West
65,18392;-152,06673;Tanana;AK;Alaska;West
65,25309;-166,342;Teller;AK;Alaska;West
63,46295;-142,1701;Tok;AK;Alaska;West
67,32073;-145,98835;Venetie;AK;Alaska;West
64,682;-163,4067;White Mountain;AK;Alaska;West
65,34151;-166,4942;Brevig Mission;AK;Alaska;West
66,64629;-143,78137;Chalkyitsik;AK;Alaska;West
70,21348;-150,98966;Nuiqsut;AK;Alaska;West
70,48101;-157,3835;Atqasuk;AK;Alaska;West
57,43552;-134,28926;Angoon;AK;Alaska;West
58,12864;-136,19507;Elfin Cove;AK;Alaska;West
58,39816;-135,83456;Gustavus;AK;Alaska;West
58,03502;-135,33856;Hoonah;AK;Alaska;West
56,78305;-134,16688;Kake;AK;Alaska;West
56,23558;-134,65333;Port Alexander;AK;Alaska;West
59,56297;-135,33626;Skagway;AK;Alaska;West
58,00866;-135,57397;Tenakee Springs;AK;Alaska;West
55,6227;-131,67157;Ketchikan;AK;Alaska;West
55,73414;-132,10669;Meyers Chuck;AK;Alaska;West
55,94605;-132,74233;Coffman Cove;AK;Alaska;West
55,64983;-132,50337;Thorne Bay;AK;Alaska;West
55,30218;-133,03264;Hydaburg;AK;Alaska;West
55,98043;-130,03803;Hyder;AK;Alaska;West
55,55398;-132,96276;Klawock;AK;Alaska;West
55,12617;-131,48928;Metlakatla;AK;Alaska;West
56,33305;-133,60044;Point Baker;AK;Alaska;West
56,36089;-132,00635;Wrangell;AK;Alaska;West
